company,source,statement,unit,page,section,item_raw,item_used,concept,concept_eq,match_score,con_cur,con_prev,sep_cur,sep_prev
KBANK,1Q26_KBank_unreviewed-T.pdf,BS,thousand,2,,เงินสด,เงินสด,BANK_CASH,BANK_CASH,1.0,53524540.0,54048688.0,53288819.0,53728239.0
KBANK,1Q26_KBank_unreviewed-T.pdf,BS,thousand,2,,รายการระหว่างธนาคารและตลาดเงินสุทธิ,รายการระหว่างธนาคารและตลาดเงินสุทธิ,INTERBANK_ASSETS,INTERBANK_ASSETS,1.0,493518672.0,559860991.0,480394035.0,545803994.0
KBANK,1Q26_KBank_unreviewed-T.pdf,BS,thousand,2,,สิ นทรัพย์ทางการเงินทีวัดมูลค่าด้วยมูลค่ายุติธรรมผ่านกําไรหรื อขาดทุน,สิ นทรัพย์ทางการเงินทีวัดมูลค่าด้วยมูลค่ายุติธรรมผ่านกําไรหรื อขาดทุน,FVTPL_ASSETS,FVTPL_ASSETS,1.0,46459812.0,53146464.0,13218412.0,19509013.0
KBANK,1Q26_KBank_unreviewed-T.pdf,BS,thousand,2,,สิ นทรัพย์อนุพนั ธ์,สิ นทรัพย์อนุพนั ธ์,DERIVATIVE_ASSETS,DERIVATIVE_ASSETS,1.0,63918022.0,59449766.0,57668025.0,51807016.0
KBANK,1Q26_KBank_unreviewed-T.pdf,BS,thousand,2,,เงินลงทุนสุทธิ,เงินลงทุนสุทธิ,INVESTMENTS_NET,INVESTMENTS_NET,1.0,1305652344.0,1248260347.0,680199939.0,572139718.0
KBANK,1Q26_KBank_unreviewed-T.pdf,BS,thousand,2,,เงินลงทุนในบริ ษทั ย่อย บริ ษทั ร่ วมและการร่ วมค้าสุ ทธิ,เงินลงทุนในบริ ษทั ย่อย บริ ษทั ร่ วมและการร่ วมค้าสุ ทธิ,INVEST_SUB_ASSOC_JV,INVEST_SUB_ASSOC_JV,1.0,15330880.0,15001201.0,101900703.0,100316205.0
KBANK,1Q26_KBank_unreviewed-T.pdf,BS,thousand,2,,เงินให้สินเชื อแก่ลูกหนีและดอกเบียค้างรับสุ ทธิ,เงินให้สินเชื อแก่ลูกหนีและดอกเบียค้างรับสุ ทธิ,LOANS_NET,LOANS_NET,1.0,2322085157.0,2352770246.0,2221864980.0,2250652161.0
KBANK,1Q26_KBank_unreviewed-T.pdf,BS,thousand,2,,ทรัพย์สินรอการขายสุทธิ,ทรัพย์สินรอการขายสุทธิ,FORECLOSED_ASSETS,FORECLOSED_ASSETS,1.0,57707724.0,58177447.0,56218242.0,56608769.0
KBANK,1Q26_KBank_unreviewed-T.pdf,BS,thousand,2,,ทีดิน อาคารและอุปกรณ์สุทธิ,ทีดิน อาคารและอุปกรณ์สุทธิ,PPE,PPE,1.0,58467602.0,59234695.0,44082508.0,44878478.0
KBANK,1Q26_KBank_unreviewed-T.pdf,BS,thousand,2,,ค่าความนิ ยมและสิ นทรัพย์ไม่มีตวั ตนอืนสุทธิ,ค่าความนิ ยมและสิ นทรัพย์ไม่มีตวั ตนอืนสุทธิ,GOODWILL_INTANGIBLES,GOODWILL_INTANGIBLES,1.0,31413588.0,31514366.0,19322125.0,19519140.0
KBANK,1Q26_KBank_unreviewed-T.pdf,BS,thousand,2,,สิ นทรัพย์ภาษีเงินได้รอการตัดบัญชี,สิ นทรัพย์ภาษีเงินได้รอการตัดบัญชี,DEFERRED_TAX_ASSETS,DEFERRED_TAX_ASSETS,1.0,7332816.0,7204578.0,4752975.0,4691243.0
KBANK,1Q26_KBank_unreviewed-T.pdf,BS,thousand,2,,หลักประกันลูกหนีตามสัญญาเครดิตซัพพอร์ ทแอนเน็กซ์,หลักประกันลูกหนีตามสัญญาเครดิตซัพพอร์ ทแอนเน็กซ์,CSA_COLLATERAL,CSA_COLLATERAL,1.0,21121144.0,1409862.0,22669144.0,2957862.0
KBANK,1Q26_KBank_unreviewed-T.pdf,BS,thousand,2,,สิ นทรัพย์อืนสุทธิ,สิ นทรัพย์อืนสุทธิ,OTHER_ASSETS_NET,OTHER_ASSETS_NET,1.0,63426193.0,58539423.0,36992040.0,36501594.0
KBANK,1Q26_KBank_unreviewed-T.pdf,BS,thousand,2,,รวมสิ นทรัพย์,รวมสิ นทรัพย์,TOTAL_ASSETS,TOTAL_ASSETS,1.0,4539958494.0,4558618074.0,3792571947.0,3759113432.0
KBANK,1Q26_KBank_unreviewed-T.pdf,BS,thousand,2,,เงินรับฝาก,เงินรับฝาก,DEPOSITS,DEPOSITS,1.0,2899400888.0,2850386698.0,2858877852.0,2808793133.0
KBANK,1Q26_KBank_unreviewed-T.pdf,BS,thousand,2,,รายการระหว่างธนาคารและตลาดเงิน,รายการระหว่างธนาคารและตลาดเงิน,INTERBANK_LIAB,INTERBANK_LIAB,1.0,201344712.0,207481928.0,182879472.0,188293589.0
KBANK,1Q26_KBank_unreviewed-T.pdf,BS,thousand,2,,หนี สิ นจ่ายคืนเมือทวงถาม,หนี สิ นจ่ายคืนเมือทวงถาม,PAYABLE_ON_DEMAND,PAYABLE_ON_DEMAND,1.0,27524312.0,33877764.0,27534281.0,34232869.0
KBANK,1Q26_KBank_unreviewed-T.pdf,BS,thousand,2,,หนี สิ นทางการเงินทีวัดมูลค่าด้วยมูลค่ายุติธรรมผ่านกําไรหรื อขาดทุน,หนี สิ นทางการเงินทีวัดมูลค่าด้วยมูลค่ายุติธรรมผ่านกําไรหรื อขาดทุน,FVTPL_LIAB,FVTPL_LIAB,1.0,1549981.0,1171985.0,9800.0,
KBANK,1Q26_KBank_unreviewed-T.pdf,BS,thousand,2,,หนี สิ นอนุพนั ธ์,หนี สิ นอนุพนั ธ์,DERIVATIVE_LIAB,DERIVATIVE_LIAB,1.0,49637910.0,38744967.0,50590369.0,39992283.0
KBANK,1Q26_KBank_unreviewed-T.pdf,BS,thousand,2,,ตราสารหนี ทีออกและเงินกูย้ ืม,ตราสารหนี ทีออกและเงินกูย้ ืม,DEBT_ISSUED_BORROWINGS,DEBT_ISSUED_BORROWINGS,1.0,67337253.0,64477787.0,56174810.0,54052069.0
KBANK,1Q26_KBank_unreviewed-T.pdf,BS,thousand,2,,ประมาณการหนีสิ น,ประมาณการหนีสิ น,PROVISIONS,PROVISIONS,1.0,32643361.0,34316841.0,28859315.0,30625287.0
KBANK,1Q26_KBank_unreviewed-T.pdf,BS,thousand,2,,หนี สิ นภาษีเงินได้รอการตัดบัญชี,หนี สิ นภาษีเงินได้รอการตัดบัญชี,DEFERRED_TAX_LIAB,DEFERRED_TAX_LIAB,1.0,6676117.0,9381118.0,,
KBANK,1Q26_KBank_unreviewed-T.pdf,BS,thousand,2,,หนี สิ นจากสัญญาประกันภัย,หนี สิ นจากสัญญาประกันภัย,INSURANCE_CONTRACT_LIAB,INSURANCE_CONTRACT_LIAB,1.0,468984369.0,515895583.0,,
KBANK,1Q26_KBank_unreviewed-T.pdf,BS,thousand,2,,หนี สิ นอืน,หนี สิ นอืน,OTHER_LIAB,OTHER_LIAB,1.0,109528726.0,129115315.0,69050944.0,91208650.0
KBANK,1Q26_KBank_unreviewed-T.pdf,BS,thousand,2,,รวมหนีสิ น,รวมหนีสิ น,TOTAL_LIABILITIES,TOTAL_LIABILITIES,1.0,3864627629.0,3884849986.0,3273976843.0,3247197880.0
KBANK,1Q26_KBank_unreviewed-T.pdf,BS,thousand,2,ทุนจดทะเบียน,"หุน้ สามัญ 3,024,682,097 หุน้ มูลค่าหุน้ ละ 10 บาท","หุน้ สามัญ 3,024,682,097 หุน้ มูลค่าหุน้ ละ 10 บาท",REGISTERED_CAPITAL_DESC,REGISTERED_CAPITAL_DESC,1.0,30246821.0,30246821.0,30246821.0,30246821.0
KBANK,1Q26_KBank_unreviewed-T.pdf,BS,thousand,2,ทุนที่ออกและชำระแล้ว,"หุน้ สามัญ 2,369,327,593 หุน้ มูลค่าหุน้ ละ 10 บาท","ทุนที่ออกและชำระแล้ว หุน้ สามัญ 2,369,327,593 หุน้ มูลค่าหุน้ ละ 10 บาท",SHARE_CAPITAL_DESC,SHARE_CAPITAL_DESC,1.0,23693276.0,23693276.0,23693276.0,23693276.0
KBANK,1Q26_KBank_unreviewed-T.pdf,BS,thousand,2,ทุนที่ออกและชำระแล้ว,ส่วนเกินมูลค่าหุน้ สามัญ,ส่วนเกินมูลค่าหุน้ สามัญ,SHARE_PREMIUM,SHARE_PREMIUM,1.0,18103110.0,18103110.0,18103110.0,18103110.0
KBANK,1Q26_KBank_unreviewed-T.pdf,BS,thousand,2,ทุนที่ออกและชำระแล้ว,ส่วนเกินจากการเปลียนแปลงสัดส่ วนการลงทุน/ส่วนได้เสี ยในบริ ษทั ย่อย,ส่วนเกินจากการเปลียนแปลงสัดส่ วนการลงทุน/ส่วนได้เสี ยในบริ ษทั ย่อย,OWNERSHIP_CHANGE_RESERVE,OWNERSHIP_CHANGE_RESERVE,1.0,107740.0,107740.0,,
KBANK,1Q26_KBank_unreviewed-T.pdf,BS,thousand,2,ทุนที่ออกและชำระแล้ว,องค์ประกอบอืนของส่วนของเจ้าของ,องค์ประกอบอืนของส่วนของเจ้าของ,OTHER_EQUITY_COMPONENTS,OTHER_EQUITY_COMPONENTS,1.0,26889654.0,36801119.0,21788989.0,27860355.0
KBANK,1Q26_KBank_unreviewed-T.pdf,BS,thousand,2,ทุนที่ออกและชำระแล้ว,ทุนสํารองตามกฎหมาย,ทุนสํารองตามกฎหมาย,LEGAL_RESERVE,LEGAL_RESERVE,1.0,3050000.0,3050000.0,3050000.0,3050000.0
KBANK,1Q26_KBank_unreviewed-T.pdf,BS,thousand,2,ทุนที่ออกและชำระแล้ว,สํารองหุน้ ทุนซื อคืน,สํารองหุน้ ทุนซื อคืน,TREASURY_SHARE_RESERVE,TREASURY_SHARE_RESERVE,1.0,3479843.0,2554778.0,3479843.0,2554778.0
KBANK,1Q26_KBank_unreviewed-T.pdf,BS,thousand,2,ทุนที่ออกและชำระแล้ว,ยังไม่ได้จดั สรร,ยังไม่ได้จดั สรร,RETAINED_EARNINGS,RETAINED_EARNINGS,1.0,515080756.0,499391063.0,451959729.0,439208811.0
KBANK,1Q26_KBank_unreviewed-T.pdf,BS,thousand,2,ทุนที่ออกและชำระแล้ว,หัก หุน้ ทุนซือคืน,หัก หุน้ ทุนซือคืน,TREASURY_STOCK,TREASURY_STOCK,1.0,-3479843.0,-2554778.0,-3479843.0,-2554778.0
KBANK,1Q26_KBank_unreviewed-T.pdf,BS,thousand,2,ทุนที่ออกและชำระแล้ว,รวมส่ วนของธนาคาร,รวมส่ วนของธนาคาร,EQUITY_PARENT,EQUITY_PARENT,1.0,586924536.0,581146308.0,518595104.0,511915552.0
KBANK,1Q26_KBank_unreviewed-T.pdf,BS,thousand,2,ทุนที่ออกและชำระแล้ว,ส่วนได้เสี ยทีไม่มีอาํ นาจควบคุม,ส่วนได้เสี ยทีไม่มีอาํ นาจควบคุม,NCI,NCI,1.0,88406329.0,92621780.0,,
KBANK,1Q26_KBank_unreviewed-T.pdf,BS,thousand,2,ทุนที่ออกและชำระแล้ว,รวมส่ วนของเจ้าของ,รวมส่ วนของเจ้าของ,TOTAL_EQUITY,TOTAL_EQUITY,1.0,675330865.0,673768088.0,518595104.0,511915552.0
KBANK,1Q26_KBank_unreviewed-T.pdf,BS,thousand,2,ทุนที่ออกและชำระแล้ว,รวมหนีสิ นและส่วนของเจ้าของ,รวมหนีสิ นและส่วนของเจ้าของ,TOTAL_LIAB_EQUITY,TOTAL_LIAB_EQUITY,1.0,4539958494.0,4558618074.0,3792571947.0,3759113432.0
KBANK,1Q26_KBank_unreviewed-T.pdf,BS,thousand,2,ทุนที่ออกและชำระแล้ว,หน้า,ทุนที่ออกและชำระแล้ว หน้า,SHARE_CAPITAL,SHARE_CAPITAL,0.917,1.0,,,
KBANK,1Q26_KBank_unreviewed-T.pdf,IS,thousand,3,,ไตรมาส,ไตรมาส,,,0.545,69.0,68.0,69.0,68.0
KBANK,1Q26_KBank_unreviewed-T.pdf,IS,thousand,3,,รายได้ดอกเบีย,รายได้ดอกเบีย,FINANCE_INCOME,FINANCE_INCOME,1.0,40457787.0,44962716.0,32917671.0,37676883.0
KBANK,1Q26_KBank_unreviewed-T.pdf,IS,thousand,3,,ค่าใช้จ่ายดอกเบีย,ค่าใช้จ่ายดอกเบีย,INTEREST_EXPENSE,INTEREST_EXPENSE,1.0,8500152.0,9537302.0,7909219.0,8797054.0
KBANK,1Q26_KBank_unreviewed-T.pdf,IS,thousand,3,,รายได้ดอกเบียสุ ทธิ,รายได้ดอกเบียสุ ทธิ,NET_INTEREST_INCOME,NET_INTEREST_INCOME,1.0,31957635.0,35425414.0,25008452.0,28879829.0
KBANK,1Q26_KBank_unreviewed-T.pdf,IS,thousand,3,,รายได้ค่าธรรมเนี ยมและบริ การ,รายได้ค่าธรรมเนี ยมและบริ การ,FEE_INCOME,FEE_INCOME,1.0,15893540.0,13498712.0,14414991.0,12516293.0
KBANK,1Q26_KBank_unreviewed-T.pdf,IS,thousand,3,,ค่าใช้จ่ายค่าธรรมเนี ยมและบริ การ,ค่าใช้จ่ายค่าธรรมเนี ยมและบริ การ,FEE_EXPENSE,FEE_EXPENSE,1.0,5906959.0,5065919.0,5789091.0,4962489.0
KBANK,1Q26_KBank_unreviewed-T.pdf,IS,thousand,3,,รายได้ค่าธรรมเนี ยมและบริ การสุ ทธิ,รายได้ค่าธรรมเนี ยมและบริ การสุ ทธิ,NET_FEE_INCOME,NET_FEE_INCOME,1.0,9986581.0,8432793.0,8625900.0,7553804.0
KBANK,1Q26_KBank_unreviewed-T.pdf,IS,thousand,3,,ผ่านกําไรหรื อขาดทุน,กําไรสุ ทธิ จากเครื องมือทางการเงินทีวัดมูลค่าด้วยมูลค่ายุติธรรม ผ่านกําไรหรื อขาดทุน,FVTPL_GAIN,FVTPL_GAIN,1.0,3131309.0,4150357.0,3424690.0,3082009.0
KBANK,1Q26_KBank_unreviewed-T.pdf,IS,thousand,3,,กําไรสุ ทธิ จากเงินลงทุน,กําไรสุ ทธิ จากเงินลงทุน,INVESTMENT_GAIN,INVESTMENT_GAIN,1.0,461561.0,210458.0,236687.0,218991.0
KBANK,1Q26_KBank_unreviewed-T.pdf,IS,thousand,3,,ส่ วนแบ่งกําไรจากเงินลงทุนตามวิธีส่วนได้เสี ย,ส่ วนแบ่งกําไรจากเงินลงทุนตามวิธีส่วนได้เสี ย,SHARE_OF_PROFIT_ASSOCIATE,SHARE_OF_PROFIT_ASSOCIATE,1.0,316334.0,175648.0,,
KBANK,1Q26_KBank_unreviewed-T.pdf,IS,thousand,3,,รายได้เงินปั นผล,รายได้เงินปั นผล,DIVIDEND_INCOME,DIVIDEND_INCOME,1.0,1096762.0,972586.0,1437029.0,1240875.0
KBANK,1Q26_KBank_unreviewed-T.pdf,IS,thousand,3,,ผลการดําเนิ นงานการบริ การประกันภัย,ผลการดําเนิ นงานการบริ การประกันภัย,INSURANCE_SERVICE_RESULT,INSURANCE_SERVICE_RESULT,1.0,3927387.0,3116538.0,,
KBANK,1Q26_KBank_unreviewed-T.pdf,IS,thousand,3,,รายได้จากค่าชดเชยมูลค่าเงินลงทุน,รายได้จากค่าชดเชยมูลค่าเงินลงทุน,INVESTMENT_COMPENSATION_INCOME,INVESTMENT_COMPENSATION_INCOME,1.0,1455404.0,,,
KBANK,1Q26_KBank_unreviewed-T.pdf,IS,thousand,3,,รายได้จากการดําเนิ นงานอืน ๆ,รายได้จากการดําเนิ นงานอืน ๆ,,,0.828,840838.0,574267.0,1248469.0,930989.0
KBANK,1Q26_KBank_unreviewed-T.pdf,IS,thousand,3,,รวมรายได้จากการดําเนิ นงาน,รวมรายได้จากการดําเนิ นงาน,TOTAL_OPERATING_INCOME,TOTAL_OPERATING_INCOME,1.0,53173811.0,53058061.0,39981227.0,41906497.0
KBANK,1Q26_KBank_unreviewed-T.pdf,IS,thousand,3,,ค่าใช้จ่ายทางการเงินจากการประกันภัยสุ ทธิ,ค่าใช้จ่ายทางการเงินจากการประกันภัยสุ ทธิ,INSURANCE_FINANCE_EXPENSE,INSURANCE_FINANCE_EXPENSE,1.0,3652310.0,3955332.0,,
KBANK,1Q26_KBank_unreviewed-T.pdf,IS,thousand,3,,รวมรายได้จากการดําเนิ นงานสุ ทธิ,รวมรายได้จากการดําเนิ นงานสุ ทธิ,TOTAL_OPERATING_INCOME_NET,TOTAL_OPERATING_INCOME_NET,1.0,49521501.0,49102729.0,39981227.0,41906497.0
KBANK,1Q26_KBank_unreviewed-T.pdf,IS,thousand,3,,ค่าใช้จ่ายเกียวกับพนักงาน,ค่าใช้จ่ายเกียวกับพนักงาน,EMPLOYEE_EXPENSE,EMPLOYEE_EXPENSE,1.0,9746365.0,10540897.0,6467431.0,7127994.0
KBANK,1Q26_KBank_unreviewed-T.pdf,IS,thousand,3,,ค่าตอบแทนกรรมการ,ค่าตอบแทนกรรมการ,DIRECTOR_REMUNERATION,DIRECTOR_REMUNERATION,1.0,26706.0,27105.0,13550.0,12890.0
KBANK,1Q26_KBank_unreviewed-T.pdf,IS,thousand,3,,ค่าใช้จ่ายเกียวกับอาคาร สถานทีและอุปกรณ์,ค่าใช้จ่ายเกียวกับอาคาร สถานทีและอุปกรณ์,PREMISES_EQUIPMENT_EXPENSE,PREMISES_EQUIPMENT_EXPENSE,1.0,2718772.0,2781956.0,3158548.0,3207160.0
KBANK,1Q26_KBank_unreviewed-T.pdf,IS,thousand,3,,ค่าภาษีอากร,ค่าภาษีอากร,,,0.545,1336322.0,1477708.0,1264578.0,1416191.0
KBANK,1Q26_KBank_unreviewed-T.pdf,IS,thousand,3,,รวมค่าใช้จ่ายจากการดําเนิ นงานอืน ๆ,รวมค่าใช้จ่ายจากการดําเนิ นงานอืน ๆ,TOTAL_OTHER_OPERATING_EXPENSES,TOTAL_OTHER_OPERATING_EXPENSES,1.0,19279145.0,20051890.0,16009084.0,16865468.0
KBANK,1Q26_KBank_unreviewed-T.pdf,IS,thousand,3,,ผลขาดทุนด้านเครดิตทีคาดว่าจะเกิดขึน,ผลขาดทุนด้านเครดิตทีคาดว่าจะเกิดขึน,ECL,ECL,1.0,9823108.0,9818186.0,9391333.0,9246258.0
KBANK,1Q26_KBank_unreviewed-T.pdf,IS,thousand,3,,กําไรจากการดําเนิ นงานก่อนภาษีเงินได้,กําไรจากการดําเนิ นงานก่อนภาษีเงินได้,,,0.733,20419248.0,19232653.0,14580810.0,15794771.0
KBANK,1Q26_KBank_unreviewed-T.pdf,IS,thousand,3,,ภาษีเงินได้,ภาษีเงินได้,,,0.714,3918032.0,3976533.0,2659727.0,2950061.0
KBANK,1Q26_KBank_unreviewed-T.pdf,IS,thousand,3,,กําไรสุ ทธิ,กําไรสุ ทธิ,NET_PROFIT,NET_PROFIT,1.0,16501216.0,15256120.0,11921083.0,12844710.0
KBANK,1Q26_KBank_unreviewed-T.pdf,IS,thousand,3,กำไรขาดทุนเบ็ดเสร็จอื่น,ด้วยมูลค่ายุติธรรมผ่านกําไรขาดทุนเบ็ดเสร็ จอืน,กําไร (ขาดทุน) จากการวัดมูลค่าเงินลงทุนในตราสารหนี ด้วยมูลค่ายุติธรรมผ่านกําไรขาดทุนเบ็ดเสร็ จอืน,OCI_FVOCI_DEBT,OCI_FVOCI_DEBT,1.0,-55848053.0,12998347.0,-7290161.0,3307461.0
KBANK,1Q26_KBank_unreviewed-T.pdf,IS,thousand,3,กำไรขาดทุนเบ็ดเสร็จอื่น,การป้ องกันความเสี ยงในกระแสเงินสด,กําไร (ขาดทุน) จากการวัดมูลค่ายุติธรรมเครื องมือทีใช้สาํ หรับ การป้ องกันความเสี ยงในกระแสเงินสด,OCI_CASHFLOW_HEDGE,OCI_CASHFLOW_HEDGE,1.0,-1025082.0,-413988.0,62032.0,-845347.0
KBANK,1Q26_KBank_unreviewed-T.pdf,IS,thousand,3,กำไรขาดทุนเบ็ดเสร็จอื่น,กําไร (ขาดทุน) จากการแปลงค่างบการเงินจากการดําเนิ นงานในต่างประเทศ,กําไร (ขาดทุน) จากการแปลงค่างบการเงินจากการดําเนิ นงานในต่างประเทศ,OCI_FX_TRANSLATION,OCI_FX_TRANSLATION,1.0,98059.0,-181601.0,25034.0,-39974.0
KBANK,1Q26_KBank_unreviewed-T.pdf,IS,thousand,3,กำไรขาดทุนเบ็ดเสร็จอื่น,รายได้ (ค่าใช้จ่าย) ทางการเงินจากสัญญาประกันภัย,รายได้ (ค่าใช้จ่าย) ทางการเงินจากสัญญาประกันภัย,,,0.766,34413535.0,-9101400.0,,
KBANK,1Q26_KBank_unreviewed-T.pdf,IS,thousand,3,กำไรขาดทุนเบ็ดเสร็จอื่น,ภาษีเงินได้เกียวกับองค์ประกอบของกําไรขาดทุนเบ็ดเสร็ จอืน,ภาษีเงินได้เกียวกับองค์ประกอบของกําไรขาดทุนเบ็ดเสร็ จอืน,,,0.63,4512949.0,-739026.0,1440619.0,-484428.0
KBANK,1Q26_KBank_unreviewed-T.pdf,IS,thousand,3,กำไรขาดทุนเบ็ดเสร็จอื่น,การเปลียนแปลงในส่ วนเกินทุนจากการตีราคาสิ นทรัพย์,การเปลียนแปลงในส่ วนเกินทุนจากการตีราคาสิ นทรัพย์,,,0.636,,2639705.0,,2639705.0
KBANK,1Q26_KBank_unreviewed-T.pdf,IS,thousand,3,กำไรขาดทุนเบ็ดเสร็จอื่น,มูลค่ายุติธรรมผ่านกําไรขาดทุนเบ็ดเสร็ จอืน,กําไร (ขาดทุน) จากเงินลงทุนในตราสารทุนทีกําหนดให้วดั มูลค่าด้วย มูลค่ายุติธรรมผ่านกําไรขาดทุนเบ็ดเสร็ จอืน,OCI_FVOCI_EQUITY,OCI_FVOCI_EQUITY,1.0,1959855.0,-5004940.0,-301752.0,44273.0
KBANK,1Q26_KBank_unreviewed-T.pdf,IS,thousand,3,กำไรขาดทุนเบ็ดเสร็จอื่น,สําหรับโครงการผลประโยชน์ของพนักงาน,กําไร (ขาดทุน) จากการประมาณการตามหลักคณิ ตศาสตร์ ประกันภัย สําหรับโครงการผลประโยชน์ของพนักงาน,ACTUARIAL_GAIN,ACTUARIAL_GAIN,1.0,2052716.0,-646310.0,2053782.0,-638878.0
KBANK,1Q26_KBank_unreviewed-T.pdf,IS,thousand,3,กำไรขาดทุนเบ็ดเสร็จอื่น,ภาษีเงินได้เกียวกับองค์ประกอบของกําไรขาดทุนเบ็ดเสร็ จอืน,ภาษีเงินได้เกียวกับองค์ประกอบของกําไรขาดทุนเบ็ดเสร็ จอืน,,,0.63,-806530.0,468479.0,-350406.0,-409020.0
KBANK,1Q26_KBank_unreviewed-T.pdf,IS,thousand,3,กำไรขาดทุนเบ็ดเสร็จอื่น,รวมกําไรขาดทุนเบ็ดเสร็ จอืนสุ ทธิ,รวมกําไรขาดทุนเบ็ดเสร็ จอืนสุ ทธิ,OCI_TOTAL,OCI_TOTAL,1.0,-14642551.0,19266.0,-4360852.0,3573792.0
KBANK,1Q26_KBank_unreviewed-T.pdf,IS,thousand,3,กำไรขาดทุนเบ็ดเสร็จอื่น,กําไรขาดทุนเบ็ดเสร็ จรวม,กําไรขาดทุนเบ็ดเสร็ จรวม,TOTAL_COMPREHENSIVE_INCOME,TOTAL_COMPREHENSIVE_INCOME,1.0,1858665.0,15275386.0,7560231.0,16418502.0
KBANK,1Q26_KBank_unreviewed-T.pdf,IS,thousand,3,กำไรขาดทุนเบ็ดเสร็จอื่น,ส่ วนทีเป็ นของธนาคาร,ส่ วนทีเป็ นของธนาคาร,,,0.769,14667406.0,13791451.0,11921083.0,12844710.0
KBANK,1Q26_KBank_unreviewed-T.pdf,IS,thousand,3,กำไรขาดทุนเบ็ดเสร็จอื่น,ส่ วนทีเป็ นของส่ วนได้เสี ยทีไม่มีอาํ นาจควบคุม,กำไรขาดทุนเบ็ดเสร็จอื่น ส่ วนทีเป็ นของส่ วนได้เสี ยทีไม่มีอาํ นาจควบคุม,TCI_ATTRIB_NCI,TCI_ATTRIB_NCI,0.902,1833810.0,1464669.0,,
KBANK,1Q26_KBank_unreviewed-T.pdf,IS,thousand,3,การแบ่งปันกำไร (ขาดทุน) เบ็ดเสร็จรวม,ส่ วนทีเป็ นของธนาคาร,ส่ วนทีเป็ นของธนาคาร,,,0.882,6474405.0,15321312.0,7560231.0,16418502.0
KBANK,1Q26_KBank_unreviewed-T.pdf,IS,thousand,3,การแบ่งปันกำไร (ขาดทุน) เบ็ดเสร็จรวม,ส่ วนทีเป็ นของส่ วนได้เสี ยทีไม่มีอาํ นาจควบคุม,การแบ่งปันกำไร (ขาดทุน) เบ็ดเสร็จรวม ส่ วนทีเป็ นของส่ วนได้เสี ยทีไม่มีอาํ นาจควบคุม,TCI_ATTRIB_NCI,TCI_ATTRIB_NCI,1.0,-4615740.0,-45926.0,,
KBANK,1Q26_KBank_unreviewed-T.pdf,IS,thousand,3,การแบ่งปันกำไร (ขาดทุน) เบ็ดเสร็จรวม,กําไรต่อหุ ้นขันพืนฐาน (บาท),กําไรต่อหุ ้นขันพืนฐาน (บาท),EPS,EPS,1.0,6.24,5.67,5.07,5.27
KBANK,1Q26_KBank_unreviewed-T.pdf,IS,thousand,3,การแบ่งปันกำไร (ขาดทุน) เบ็ดเสร็จรวม,จํานวนหุ ้นสามัญถัวเฉลียถ่วงนําหนัก (พันหุ ้น),จํานวนหุ ้นสามัญถัวเฉลียถ่วงนําหนัก (พันหุ ้น),WEIGHTED_AVG_SHARES,WEIGHTED_AVG_SHARES,0.958,2352196.0,2369328.0,2352196.0,2369328.0
SCB,1q26-financial-statement-note-th_SCB.pdf,SE,thousand,"9,10,11,12",งบรวม+งบเฉพาะกิจการ,ยอดคงเหลือ ณ วันที่ 1 มกราคม 2569,ยอดคงเหลือ ณ วันที่ 1 มกราคม,SE_OPENING,SE_OPENING,1.0,445766212.0,438207512.0,444000714.0,435718364.0
SCB,1q26-financial-statement-note-th_SCB.pdf,SE,thousand,"9,10,11,12",งบรวม+งบเฉพาะกิจการ,เงินปันผลจ่าย 12,เงินปันผลจ่าย 12,SE_DIVIDEND,SE_DIVIDEND,1.0,-30014867.0,-32190350.0,-30014867.0,-32190350.0
SCB,1q26-financial-statement-note-th_SCB.pdf,SE,thousand,"9,10,11,12",งบรวม+งบเฉพาะกิจการ,รวมรายการกับผู้ถือหุ้นที่บันทึกโดยตรงเข้ าส่ วนของเจ้ าของ,รวมรายการกับผู้ถือหุ้นที่บันทึกโดยตรงเข้ าส่ วนของเจ้ าของ,SE_SHAREHOLDER_TXN_TOTAL,SE_SHAREHOLDER_TXN_TOTAL,1.0,-30014867.0,-32190350.0,-30014867.0,-32190350.0
SCB,1q26-financial-statement-note-th_SCB.pdf,SE,thousand,"9,10,11,12",งบรวม+งบเฉพาะกิจการ,กาไรสุทธิ,กาไรสุทธิ,NET_PROFIT,NET_PROFIT,1.0,10870703.0,12263524.0,10125326.0,11631724.0
SCB,1q26-financial-statement-note-th_SCB.pdf,SE,thousand,"9,10,11,12",งบรวม+งบเฉพาะกิจการ,กาไรขาดทุนเบ็ดเสร็ จอื่น,กาไรขาดทุนเบ็ดเสร็ จอื่น,SE_OCI,SE_OCI,1.0,-3801911.0,1011918.0,-4237636.0,1026138.0
SCB,1q26-financial-statement-note-th_SCB.pdf,SE,thousand,"9,10,11,12",งบรวม+งบเฉพาะกิจการ,รวมกาไรขาดทุนเบ็ดเสร็จสาหรับงวด,รวมกาไรขาดทุนเบ็ดเสร็จสาหรับงวด,SE_TCI,SE_TCI,1.0,7068792.0,13275442.0,5887690.0,12657862.0
SCB,1q26-financial-statement-note-th_SCB.pdf,SE,thousand,"9,10,11,12",งบรวม+งบเฉพาะกิจการ,ยอดคงเหลือ ณ วันที่ 31 มีนาคม 2569,ยอดคงเหลือ ณ วันที่ 31 มีนาคม,SE_CLOSING,SE_CLOSING,1.0,422820137.0,419292604.0,419873537.0,416185876.0
SCB,1q26-financial-statement-note-th_SCB.pdf,BS,thousand,4,,เงินสด,เงินสด,BANK_CASH,BANK_CASH,1.0,39359592.0,43835775.0,39208953.0,43676709.0
SCB,1q26-financial-statement-note-th_SCB.pdf,BS,thousand,4,,รายการระหว่างธนาคารและตลาดเงินสุทธิ,รายการระหว่างธนาคารและตลาดเงินสุทธิ,INTERBANK_ASSETS,INTERBANK_ASSETS,1.0,597636458.0,621783713.0,588773931.0,614096669.0
SCB,1q26-financial-statement-note-th_SCB.pdf,BS,thousand,4,,"ผ่านกาไรหรื อขาดทุน 4, 11","สิ นทรัพย์ทางการเงินที่วดั มูลค่าด้วยมูลค่ายุติธรรม ผ่านกาไรหรื อขาดทุน 4, 11",FVTPL_ASSETS,FVTPL_ASSETS,1.0,122567124.0,106646110.0,122567124.0,106646110.0
SCB,1q26-financial-statement-note-th_SCB.pdf,BS,thousand,4,,สิ นทรัพย์อนุพนั ธ์ 11,สิ นทรัพย์อนุพนั ธ์ 11,DERIVATIVE_ASSETS,DERIVATIVE_ASSETS,1.0,51697961.0,46732790.0,51696978.0,46732790.0
SCB,1q26-financial-statement-note-th_SCB.pdf,BS,thousand,4,,"เงินลงทุนสุ ทธิ 5, 11","เงินลงทุนสุ ทธิ 5, 11",INVESTMENTS_NET,INVESTMENTS_NET,1.0,451862818.0,425669284.0,451845082.0,425628963.0
SCB,1q26-financial-statement-note-th_SCB.pdf,BS,thousand,4,,เงินลงทุนในบริ ษทั ย่อยและบริ ษทั ร่ วมสุทธิ 6,เงินลงทุนในบริ ษทั ย่อยและบริ ษทั ร่ วมสุทธิ 6,INVEST_SUB_ASSOC_JV,INVEST_SUB_ASSOC_JV,1.0,1240832.0,1137945.0,10027493.0,10108435.0
SCB,1q26-financial-statement-note-th_SCB.pdf,BS,thousand,4,,"เงินให้สินเชื่ อแก่ลูกหนี้และดอกเบี้ยค้างรับสุทธิ 7, 8, 9","เงินให้สินเชื่ อแก่ลูกหนี้และดอกเบี้ยค้างรับสุทธิ 7, 8, 9",LOANS_NET,LOANS_NET,1.0,2195845107.0,2139168050.0,2194477377.0,2137542800.0
SCB,1q26-financial-statement-note-th_SCB.pdf,BS,thousand,4,,ทรัพย์สินรอการขายสุ ทธิ,ทรัพย์สินรอการขายสุ ทธิ,FORECLOSED_ASSETS,FORECLOSED_ASSETS,1.0,32947047.0,31662872.0,32723869.0,31439694.0
SCB,1q26-financial-statement-note-th_SCB.pdf,BS,thousand,4,,อสังหาริ มทรัพย์เพื่อการลงทุนสุทธิ,อสังหาริ มทรัพย์เพื่อการลงทุนสุทธิ,INVESTMENT_PROPERTY,INVESTMENT_PROPERTY,0.923,437700.0,403800.0,774000.0,774000.0
SCB,1q26-financial-statement-note-th_SCB.pdf,BS,thousand,4,,ที่ดิน อาคารและอุปกรณ์สุทธิ,ที่ดิน อาคารและอุปกรณ์สุทธิ,PPE,PPE,1.0,39535375.0,40144805.0,37802119.0,38277246.0
SCB,1q26-financial-statement-note-th_SCB.pdf,BS,thousand,4,,ค่าความนิ ยมและสิ นทรัพย์ไม่มีตวั ตนอื่นสุทธิ,ค่าความนิ ยมและสิ นทรัพย์ไม่มีตวั ตนอื่นสุทธิ,GOODWILL_INTANGIBLES,GOODWILL_INTANGIBLES,1.0,15306373.0,15215526.0,15771917.0,15708883.0
SCB,1q26-financial-statement-note-th_SCB.pdf,BS,thousand,4,,สิ นทรัพย์ภาษีเงินได้รอตัดบัญชี,สิ นทรัพย์ภาษีเงินได้รอตัดบัญชี,DEFERRED_TAX_ASSETS,DEFERRED_TAX_ASSETS,1.0,1966543.0,1369742.0,1880344.0,1132550.0
SCB,1q26-financial-statement-note-th_SCB.pdf,BS,thousand,4,,สิ นทรัพย์อื่นสุ ทธิ,สิ นทรัพย์อื่นสุ ทธิ,OTHER_ASSETS_NET,OTHER_ASSETS_NET,1.0,36825866.0,30685944.0,36367506.0,30763427.0
SCB,1q26-financial-statement-note-th_SCB.pdf,BS,thousand,4,,รวมสิ นทรัพย์,รวมสิ นทรัพย์,TOTAL_ASSETS,TOTAL_ASSETS,1.0,3587228796.0,3504456356.0,3583916693.0,3502528276.0
SCB,1q26-financial-statement-note-th_SCB.pdf,BS,thousand,5,,เงินรับฝาก,เงินรับฝาก,DEPOSITS,DEPOSITS,1.0,2653946221.0,2585869668.0,2652660898.0,2585915747.0
SCB,1q26-financial-statement-note-th_SCB.pdf,BS,thousand,5,,รายการระหว่างธนาคารและตลาดเงิน,รายการระหว่างธนาคารและตลาดเงิน,INTERBANK_LIAB,INTERBANK_LIAB,1.0,298260904.0,278536682.0,300831698.0,281172681.0
SCB,1q26-financial-statement-note-th_SCB.pdf,BS,thousand,5,,หนี้สินจ่ายคืนเมื่อทวงถาม,หนี้สินจ่ายคืนเมื่อทวงถาม,PAYABLE_ON_DEMAND,PAYABLE_ON_DEMAND,1.0,10642611.0,10096609.0,10642231.0,10096283.0
SCB,1q26-financial-statement-note-th_SCB.pdf,BS,thousand,5,,หนี้สินอนุพนั ธ์ 11,หนี้สินอนุพนั ธ์ 11,DERIVATIVE_LIAB,DERIVATIVE_LIAB,1.0,51658333.0,45981288.0,51657414.0,45981288.0
SCB,1q26-financial-statement-note-th_SCB.pdf,BS,thousand,5,,ตราสารหนี้ที่ออกและเงินกูย้ ืม 10,ตราสารหนี้ที่ออกและเงินกูย้ ืม 10,DEBT_ISSUED_BORROWINGS,DEBT_ISSUED_BORROWINGS,1.0,32756174.0,23672197.0,32756174.0,23672197.0
SCB,1q26-financial-statement-note-th_SCB.pdf,BS,thousand,5,,ประมาณการหนี้สิน,ประมาณการหนี้สิน,PROVISIONS,PROVISIONS,1.0,18351578.0,18733340.0,17975144.0,18074740.0
SCB,1q26-financial-statement-note-th_SCB.pdf,BS,thousand,5,,หนี้สินภาษีเงินได้รอตัดบัญชี,หนี้สินภาษีเงินได้รอตัดบัญชี,DEFERRED_TAX_LIAB,DEFERRED_TAX_LIAB,1.0,203918.0,204212.0,,
SCB,1q26-financial-statement-note-th_SCB.pdf,BS,thousand,5,,หนี้สินอื่น,หนี้สินอื่น,OTHER_LIAB,OTHER_LIAB,1.0,98588920.0,95596148.0,97519597.0,93614626.0
SCB,1q26-financial-statement-note-th_SCB.pdf,BS,thousand,5,,รวมหนีส้ ิ น,รวมหนีส้ ิ น,TOTAL_LIABILITIES,TOTAL_LIABILITIES,1.0,3164408659.0,3058690144.0,3164043156.0,3058527562.0
SCB,1q26-financial-statement-note-th_SCB.pdf,BS,thousand,6,ทุนจดทะเบียน,"หุ ้นบุริมสิ ทธิ 3,579,765,555 หุ้น มูลค่าหุ้นละ 10 บาท","หุ ้นบุริมสิ ทธิ 3,579,765,555 หุ้น มูลค่าหุ้นละ 10 บาท",PREFERRED_SHARE_DESC,PREFERRED_SHARE_DESC,1.0,35797656.0,35797656.0,35797656.0,35797656.0
SCB,1q26-financial-statement-note-th_SCB.pdf,BS,thousand,6,ทุนจดทะเบียน,"หุ ้นสามัญ 3,420,234,445 หุ้น มูลค่าหุ้นละ 10 บาท","หุ ้นสามัญ 3,420,234,445 หุ้น มูลค่าหุ้นละ 10 บาท",,,0.0,34202344.0,34202344.0,34202344.0,34202344.0
SCB,1q26-financial-statement-note-th_SCB.pdf,BS,thousand,6,ทุนที่ออกและชำระแล้ว,"หุ ้นบุริมสิ ทธิ 641,198 หุ้น มูลค่าหุ้นละ 10 บาท","หุ ้นบุริมสิ ทธิ 641,198 หุ้น มูลค่าหุ้นละ 10 บาท",,,0.55,6412.0,6412.0,6412.0,6412.0
SCB,1q26-financial-statement-note-th_SCB.pdf,BS,thousand,6,ทุนที่ออกและชำระแล้ว,"หุ ้นสามัญ 3,398,551,000 หุ้น มูลค่าหุ้นละ 10 บาท","หุ ้นสามัญ 3,398,551,000 หุ้น มูลค่าหุ้นละ 10 บาท",,,0.0,33985510.0,33985510.0,33985510.0,33985510.0
SCB,1q26-financial-statement-note-th_SCB.pdf,BS,thousand,6,ทุนที่ออกและชำระแล้ว,ส่ วนเกินมูลค่าหุ ้นสามัญ,ส่ วนเกินมูลค่าหุ ้นสามัญ,SHARE_PREMIUM,SHARE_PREMIUM,1.0,11121683.0,11121683.0,11121683.0,11121683.0
SCB,1q26-financial-statement-note-th_SCB.pdf,BS,thousand,6,ทุนที่ออกและชำระแล้ว,องค์ประกอบอื่นของส่ วนของเจ้าของ,องค์ประกอบอื่นของส่ วนของเจ้าของ,OTHER_EQUITY_COMPONENTS,OTHER_EQUITY_COMPONENTS,1.0,18566261.0,22471708.0,17527537.0,21717925.0
SCB,1q26-financial-statement-note-th_SCB.pdf,BS,thousand,6,ทุนที่ออกและชำระแล้ว,ทุนสารองตามกฎหมาย,ทุนสารองตามกฎหมาย,LEGAL_RESERVE,LEGAL_RESERVE,1.0,7000000.0,7000000.0,7000000.0,7000000.0
SCB,1q26-financial-statement-note-th_SCB.pdf,BS,thousand,6,ทุนที่ออกและชำระแล้ว,ยังไม่ได้จดั สรร,ยังไม่ได้จดั สรร,RETAINED_EARNINGS,RETAINED_EARNINGS,1.0,351810144.0,370870744.0,350229887.0,370166676.0
SCB,1q26-financial-statement-note-th_SCB.pdf,BS,thousand,6,ทุนที่ออกและชำระแล้ว,รวมส่ วนของธนาคาร,รวมส่ วนของธนาคาร,EQUITY_PARENT,EQUITY_PARENT,1.0,422492518.0,445458565.0,419873537.0,444000714.0
SCB,1q26-financial-statement-note-th_SCB.pdf,BS,thousand,6,ทุนที่ออกและชำระแล้ว,ส่ วนได้เสี ยที่ไม่มีอานาจควบคุม,ส่ วนได้เสี ยที่ไม่มีอานาจควบคุม,NCI,NCI,1.0,327619.0,307647.0,,
SCB,1q26-financial-statement-note-th_SCB.pdf,BS,thousand,6,ทุนที่ออกและชำระแล้ว,รวมส่ วนของเจ้ าของ,รวมส่ วนของเจ้ าของ,TOTAL_EQUITY,TOTAL_EQUITY,1.0,422820137.0,445766212.0,419873537.0,444000714.0
SCB,1q26-financial-statement-note-th_SCB.pdf,BS,thousand,6,ทุนที่ออกและชำระแล้ว,รวมหนีส้ ิ นและส่ วนของเจ้ าของ,รวมหนีส้ ิ นและส่ วนของเจ้ าของ,TOTAL_LIAB_EQUITY,TOTAL_LIAB_EQUITY,1.0,3587228796.0,3504456356.0,3583916693.0,3502528276.0
SCB,1q26-financial-statement-note-th_SCB.pdf,IS,thousand,7,,วันที่,วันที่,,,0.5,31.0,,31.0,
SCB,1q26-financial-statement-note-th_SCB.pdf,IS,thousand,7,,รายได้ดอกเบี้ย,รายได้ดอกเบี้ย,FINANCE_INCOME,FINANCE_INCOME,1.0,28481905.0,33603838.0,28427003.0,33507420.0
SCB,1q26-financial-statement-note-th_SCB.pdf,IS,thousand,7,,ค่าใช้จ่ายดอกเบี้ย,ค่าใช้จ่ายดอกเบี้ย,INTEREST_EXPENSE,INTEREST_EXPENSE,1.0,7733841.0,8766506.0,7741170.0,8761371.0
SCB,1q26-financial-statement-note-th_SCB.pdf,IS,thousand,7,,รายได้ดอกเบี้ยสุ ทธิ,รายได้ดอกเบี้ยสุ ทธิ,NET_INTEREST_INCOME,NET_INTEREST_INCOME,1.0,20748064.0,24837332.0,20685833.0,24746049.0
SCB,1q26-financial-statement-note-th_SCB.pdf,IS,thousand,7,,รายได้ค่าธรรมเนี ยมและบริ การ,รายได้ค่าธรรมเนี ยมและบริ การ,FEE_INCOME,FEE_INCOME,1.0,9872005.0,9578034.0,8502880.0,8206047.0
SCB,1q26-financial-statement-note-th_SCB.pdf,IS,thousand,7,,ค่าใช้จ่ายค่าธรรมเนี ยมและบริ การ,ค่าใช้จ่ายค่าธรรมเนี ยมและบริ การ,FEE_EXPENSE,FEE_EXPENSE,1.0,2660180.0,2988791.0,2377499.0,2601040.0
SCB,1q26-financial-statement-note-th_SCB.pdf,IS,thousand,7,,รายได้ค่าธรรมเนี ยมและบริ การสุทธิ,รายได้ค่าธรรมเนี ยมและบริ การสุทธิ,NET_FEE_INCOME,NET_FEE_INCOME,1.0,7211825.0,6589243.0,6125381.0,5605007.0
SCB,1q26-financial-statement-note-th_SCB.pdf,IS,thousand,7,,กาไรสุ ทธิ จากเครื่ องมือทางการเงินที่วดั มูลค่าด้วยมูลค่ายุติธรรมผ่านกาไรหรื อขาดทุน,กาไรสุ ทธิ จากเครื่ องมือทางการเงินที่วดั มูลค่าด้วยมูลค่ายุติธรรมผ่านกาไรหรื อขาดทุน,FVTPL_GAIN,FVTPL_GAIN,1.0,2973666.0,3084903.0,2929706.0,3090931.0
SCB,1q26-financial-statement-note-th_SCB.pdf,IS,thousand,7,,กาไรสุ ทธิ จากเงินลงทุน,กาไรสุ ทธิ จากเงินลงทุน,INVESTMENT_GAIN,INVESTMENT_GAIN,1.0,123782.0,93361.0,42840.0,93361.0
SCB,1q26-financial-statement-note-th_SCB.pdf,IS,thousand,7,,ส่ วนแบ่งกาไรจากเงินลงทุนในบริ ษทั ร่ วม,ส่ วนแบ่งกาไรจากเงินลงทุนในบริ ษทั ร่ วม,SHARE_OF_PROFIT_ASSOCIATE,SHARE_OF_PROFIT_ASSOCIATE,1.0,102887.0,82068.0,,
SCB,1q26-financial-statement-note-th_SCB.pdf,IS,thousand,7,,รายได้เงินปั นผล,รายได้เงินปั นผล,DIVIDEND_INCOME,DIVIDEND_INCOME,1.0,10996.0,11200.0,10996.0,11200.0
SCB,1q26-financial-statement-note-th_SCB.pdf,IS,thousand,7,,รายได้จากการดาเนิ นงานอื่น ๆ,รายได้จากการดาเนิ นงานอื่น ๆ,,,0.828,980017.0,625732.0,753138.0,466719.0
SCB,1q26-financial-statement-note-th_SCB.pdf,IS,thousand,7,,รวมรายได้จากการดาเนิ นงาน,รวมรายได้จากการดาเนิ นงาน,TOTAL_OPERATING_INCOME,TOTAL_OPERATING_INCOME,1.0,32151237.0,35323839.0,30547894.0,34013267.0
SCB,1q26-financial-statement-note-th_SCB.pdf,IS,thousand,7,,ค่าใช้จ่ายเกี่ยวกับพนักงาน,ค่าใช้จ่ายเกี่ยวกับพนักงาน,EMPLOYEE_EXPENSE,EMPLOYEE_EXPENSE,1.0,6420881.0,6950561.0,6007910.0,6211020.0
SCB,1q26-financial-statement-note-th_SCB.pdf,IS,thousand,7,,ค่าตอบแทนกรรมการ,ค่าตอบแทนกรรมการ,DIRECTOR_REMUNERATION,DIRECTOR_REMUNERATION,1.0,19544.0,17576.0,18871.0,16370.0
SCB,1q26-financial-statement-note-th_SCB.pdf,IS,thousand,7,,ค่าใช้จ่ายเกี่ยวกับอาคารสถานที่และอุปกรณ์,ค่าใช้จ่ายเกี่ยวกับอาคารสถานที่และอุปกรณ์,PREMISES_EQUIPMENT_EXPENSE,PREMISES_EQUIPMENT_EXPENSE,1.0,2184384.0,2308720.0,2094845.0,2166442.0
SCB,1q26-financial-statement-note-th_SCB.pdf,IS,thousand,7,,ค่าภาษีอากร,ค่าภาษีอากร,,,0.545,935159.0,1047644.0,934943.0,1046995.0
SCB,1q26-financial-statement-note-th_SCB.pdf,IS,thousand,7,,ค่าใช้จ่ายอื่น ๆ,ค่าใช้จ่ายอื่น ๆ,OTHER_EXPENSES,OTHER_EXPENSES,1.0,3273383.0,3089951.0,3229209.0,3449038.0
SCB,1q26-financial-statement-note-th_SCB.pdf,IS,thousand,7,,รวมค่าใช้จ่ายจากการดาเนินงานอื่น ๆ,รวมค่าใช้จ่ายจากการดาเนินงานอื่น ๆ,TOTAL_OTHER_OPERATING_EXPENSES,TOTAL_OTHER_OPERATING_EXPENSES,1.0,12833351.0,13414452.0,12285778.0,12889865.0
SCB,1q26-financial-statement-note-th_SCB.pdf,IS,thousand,7,,ผลขาดทุนด้านเครดิตที่คาดว่าจะเกิดขึ้น,ผลขาดทุนด้านเครดิตที่คาดว่าจะเกิดขึ้น,ECL,ECL,1.0,5740942.0,6575175.0,5628419.0,6559945.0
SCB,1q26-financial-statement-note-th_SCB.pdf,IS,thousand,7,,กาไรจากการดาเนิ นงานก่อนภาษีเงินได้,กาไรจากการดาเนิ นงานก่อนภาษีเงินได้,,,0.733,13576944.0,15334212.0,12633697.0,14563457.0
SCB,1q26-financial-statement-note-th_SCB.pdf,IS,thousand,7,,ภาษีเงินได้,ภาษีเงินได้,,,0.714,2706241.0,3070688.0,2508371.0,2931733.0
SCB,1q26-financial-statement-note-th_SCB.pdf,IS,thousand,7,,กาไรสุ ทธิ,กาไรสุ ทธิ,NET_PROFIT,NET_PROFIT,1.0,10870703.0,12263524.0,10125326.0,11631724.0
SCB,1q26-financial-statement-note-th_SCB.pdf,IS,thousand,8,,วันที่,วันที่,,,0.5,31.0,,31.0,
SCB,1q26-financial-statement-note-th_SCB.pdf,IS,thousand,8,กำไรขาดทุนเบ็ดเสร็จอื่น,ผ่านกาไรขาดทุนเบ็ดเสร็ จอื่น,กาไร (ขาดทุน) จากการวัดมูลค่าเงินลงทุนในตราสารหนี้ดว้ ยมูลค่ายุติธรรม ผ่านกาไรขาดทุนเบ็ดเสร็ จอื่น,OCI_FVOCI_DEBT,OCI_FVOCI_DEBT,1.0,-4700383.0,1231382.0,-4700383.0,1231382.0
SCB,1q26-financial-statement-note-th_SCB.pdf,IS,thousand,8,กำไรขาดทุนเบ็ดเสร็จอื่น,กาไร (ขาดทุน) จากการแปลงค่างบการเงินจากการดาเนิ นงานในต่างประเทศ,กาไร (ขาดทุน) จากการแปลงค่างบการเงินจากการดาเนิ นงานในต่างประเทศ,OCI_FX_TRANSLATION,OCI_FX_TRANSLATION,1.0,-71736.0,7523.0,-357860.0,21743.0
SCB,1q26-financial-statement-note-th_SCB.pdf,IS,thousand,8,กำไรขาดทุนเบ็ดเสร็จอื่น,รายการที่จดั ประเภทรายการใหม่เข้าไปไว้ในกาไรหรื อขาดทุนในภายหลัง,ภาษีเงินได้เกี่ยวกับองค์ประกอบของกาไรขาดทุนเบ็ดเสร็ จอื่นสาหรับ รายการที่จดั ประเภทรายการใหม่เข้าไปไว้ในกาไรหรื อขาดทุนในภายหลัง,OCI_TAX,OCI_TAX,1.0,940077.0,-246276.0,940077.0,-246276.0
SCB,1q26-financial-statement-note-th_SCB.pdf,IS,thousand,8,กำไรขาดทุนเบ็ดเสร็จอื่น,ผ่านกาไรขาดทุนเบ็ดเสร็ จอื่น,กาไรจากเงินลงทุนในตราสารทุนที่กาหนดให้วดั มูลค่าด้วยมูลค่ายุติธรรม ผ่านกาไรขาดทุนเบ็ดเสร็ จอื่น,OCI_FVOCI_EQUITY,OCI_FVOCI_EQUITY,1.0,1127.0,24112.0,1127.0,24112.0
SCB,1q26-financial-statement-note-th_SCB.pdf,IS,thousand,8,กำไรขาดทุนเบ็ดเสร็จอื่น,โครงการผลประโยชน์ของพนักงาน,กาไร (ขาดทุน) จากการประมาณการตามหลักคณิ ตศาสตร์ประกันภัยสาหรับ โครงการผลประโยชน์ของพนักงาน,ACTUARIAL_GAIN,ACTUARIAL_GAIN,1.0,36536.0,,-150464.0,
SCB,1q26-financial-statement-note-th_SCB.pdf,IS,thousand,8,กำไรขาดทุนเบ็ดเสร็จอื่น,รายการที่ไม่จดั ประเภทรายการใหม่เข้าไปไว้ในกาไรหรื อขาดทุนในภายหลัง,ภาษีเงินได้เกี่ยวกับองค์ประกอบของกาไรขาดทุนเบ็ดเสร็ จอื่นสาหรับ รายการที่ไม่จดั ประเภทรายการใหม่เข้าไปไว้ในกาไรหรื อขาดทุนในภายหลัง,OCI_TAX,OCI_TAX,0.993,-7532.0,-4823.0,29867.0,-4823.0
SCB,1q26-financial-statement-note-th_SCB.pdf,IS,thousand,8,กำไรขาดทุนเบ็ดเสร็จอื่น,รวมกาไรขาดทุนเบ็ดเสร็ จอื่นสุทธิ จากภาษี,รวมกาไรขาดทุนเบ็ดเสร็ จอื่นสุทธิ จากภาษี,OCI_TOTAL,OCI_TOTAL,1.0,-3801911.0,1011918.0,-4237636.0,1026138.0
SCB,1q26-financial-statement-note-th_SCB.pdf,IS,thousand,8,กำไรขาดทุนเบ็ดเสร็จอื่น,กาไรขาดทุนเบ็ดเสร็ จรวม,กาไรขาดทุนเบ็ดเสร็ จรวม,TOTAL_COMPREHENSIVE_INCOME,TOTAL_COMPREHENSIVE_INCOME,1.0,7068792.0,13275442.0,5887690.0,12657862.0
SCB,1q26-financial-statement-note-th_SCB.pdf,IS,thousand,8,กำไรขาดทุนเบ็ดเสร็จอื่น,ส่ วนที่เป็ นของธนาคาร,ส่ วนที่เป็ นของธนาคาร,,,0.769,10850731.0,12249150.0,10125326.0,11631724.0
SCB,1q26-financial-statement-note-th_SCB.pdf,IS,thousand,8,กำไรขาดทุนเบ็ดเสร็จอื่น,ส่ วนที่เป็ นของส่ วนได้เสี ยที่ไม่มีอานาจควบคุม,กำไรขาดทุนเบ็ดเสร็จอื่น ส่ วนที่เป็ นของส่ วนได้เสี ยที่ไม่มีอานาจควบคุม,TCI_ATTRIB_NCI,TCI_ATTRIB_NCI,0.902,19972.0,14374.0,,
SCB,1q26-financial-statement-note-th_SCB.pdf,IS,thousand,8,การแบ่งปันกำไร (ขาดทุน) เบ็ดเสร็จรวม,ส่ วนที่เป็ นของธนาคาร,ส่ วนที่เป็ นของธนาคาร,,,0.882,7048820.0,13261068.0,5887690.0,12657862.0
SCB,1q26-financial-statement-note-th_SCB.pdf,IS,thousand,8,การแบ่งปันกำไร (ขาดทุน) เบ็ดเสร็จรวม,ส่ วนที่เป็ นของส่ วนได้เสี ยที่ไม่มีอานาจควบคุม,การแบ่งปันกำไร (ขาดทุน) เบ็ดเสร็จรวม ส่ วนที่เป็ นของส่ วนได้เสี ยที่ไม่มีอานาจควบคุม,TCI_ATTRIB_NCI,TCI_ATTRIB_NCI,1.0,19972.0,14374.0,,
SCB,1q26-financial-statement-note-th_SCB.pdf,IS,thousand,8,การแบ่งปันกำไร (ขาดทุน) เบ็ดเสร็จรวม,กาไรต่อหุน้ ขั้นพื้นฐาน (บาท),กาไรต่อหุน้ ขั้นพื้นฐาน (บาท),EPS,EPS,1.0,3.19,3.6,2.98,3.42
SCB,1q26-financial-statement-note-th_SCB.pdf,CF,thousand,13,,วันที่,วันที่,,,0.5,31.0,,31.0,
SCB,1q26-financial-statement-note-th_SCB.pdf,CF,thousand,13,กระแสเงินสดจากกิจกรรมดำเนินงาน,กาไรจากการดาเนิ นงานก่อนภาษีเงินได้,กาไรจากการดาเนิ นงานก่อนภาษีเงินได้,,,0.733,13576944.0,15334212.0,12633697.0,14563457.0
SCB,1q26-financial-statement-note-th_SCB.pdf,CF,thousand,13,กระแสเงินสดจากกิจกรรมดำเนินงาน,ค่าเสื่ อมราคาและรายจ่ายตัดบัญชี,ค่าเสื่ อมราคาและรายจ่ายตัดบัญชี,,,0.667,1132353.0,1619475.0,1127210.0,1600905.0
SCB,1q26-financial-statement-note-th_SCB.pdf,CF,thousand,13,กระแสเงินสดจากกิจกรรมดำเนินงาน,ผลขาดทุนด้านเครดิตที่คาดว่าจะเกิดขึ้น,ผลขาดทุนด้านเครดิตที่คาดว่าจะเกิดขึ้น,ECL,ECL,1.0,6544764.0,7101710.0,6432242.0,7086480.0
SCB,1q26-financial-statement-note-th_SCB.pdf,CF,thousand,13,กระแสเงินสดจากกิจกรรมดำเนินงาน,กลับรายการขาดทุนจากการด้อยค่าของอาคารและอุปกรณ์,กลับรายการขาดทุนจากการด้อยค่าของอาคารและอุปกรณ์,,,0.567,-2279.0,,-1454.0,
SCB,1q26-financial-statement-note-th_SCB.pdf,CF,thousand,13,กระแสเงินสดจากกิจกรรมดำเนินงาน,ขาดทุนจากการด้อยค่าของทรัพย์สินรอการขาย,ขาดทุนจากการด้อยค่าของทรัพย์สินรอการขาย,,,0.623,50156.0,70269.0,50156.0,70269.0
SCB,1q26-financial-statement-note-th_SCB.pdf,CF,thousand,13,กระแสเงินสดจากกิจกรรมดำเนินงาน,ประมาณการหนี้ สิน,ประมาณการหนี้ สิน,PROVISIONS,PROVISIONS,1.0,871187.0,310375.0,67627.0,283378.0
SCB,1q26-financial-statement-note-th_SCB.pdf,CF,thousand,13,กระแสเงินสดจากกิจกรรมดำเนินงาน,กาไรจากการขายอาคารและอุปกรณ์,กาไรจากการขายอาคารและอุปกรณ์,,,0.706,-2570.0,-315.0,-167.0,-315.0
SCB,1q26-financial-statement-note-th_SCB.pdf,CF,thousand,13,กระแสเงินสดจากกิจกรรมดำเนินงาน,ขาดทุนจากการตัดจาหน่ายอาคารและอุปกรณ์,ขาดทุนจากการตัดจาหน่ายอาคารและอุปกรณ์,,,0.667,1903.0,766.0,1901.0,766.0
SCB,1q26-financial-statement-note-th_SCB.pdf,CF,thousand,13,กระแสเงินสดจากกิจกรรมดำเนินงาน,ขาดทุนจากการตัดจาหน่ายสิ นทรัพย์ไม่มีตวั ตน,ขาดทุนจากการตัดจาหน่ายสิ นทรัพย์ไม่มีตวั ตน,,,0.656,4.0,,,
SCB,1q26-financial-statement-note-th_SCB.pdf,CF,thousand,13,กระแสเงินสดจากกิจกรรมดำเนินงาน,กาไรจากการขายทรัพย์สินรอการขาย,กาไรจากการขายทรัพย์สินรอการขาย,,,0.686,-205531.0,-304666.0,-205531.0,-304666.0
SCB,1q26-financial-statement-note-th_SCB.pdf,CF,thousand,13,กระแสเงินสดจากกิจกรรมดำเนินงาน,(กาไร) ขาดทุนสุทธิ จากเครื่ องมือทางการเงิน,(กาไร) ขาดทุนสุทธิ จากเครื่ องมือทางการเงิน,,,0.667,799080.0,-100868.0,821844.0,-105986.0
SCB,1q26-financial-statement-note-th_SCB.pdf,CF,thousand,13,กระแสเงินสดจากกิจกรรมดำเนินงาน,กาไรสุทธิ จากเงินลงทุน,กาไรสุทธิ จากเงินลงทุน,INVESTMENT_GAIN,INVESTMENT_GAIN,1.0,-123782.0,-93361.0,-42840.0,-93361.0
SCB,1q26-financial-statement-note-th_SCB.pdf,CF,thousand,13,กระแสเงินสดจากกิจกรรมดำเนินงาน,ส่วนแบ่งกาไรจากเงินลงทุนในบริ ษทั ร่ วม,ส่วนแบ่งกาไรจากเงินลงทุนในบริ ษทั ร่ วม,SHARE_OF_PROFIT_ASSOCIATE,SHARE_OF_PROFIT_ASSOCIATE,1.0,-102887.0,-82068.0,,
SCB,1q26-financial-statement-note-th_SCB.pdf,CF,thousand,13,กระแสเงินสดจากกิจกรรมดำเนินงาน,รายได้ดอกเบี้ยสุทธิ,รายได้ดอกเบี้ยสุทธิ,NET_INTEREST_INCOME,NET_INTEREST_INCOME,1.0,-20748064.0,-24837332.0,-20685833.0,-24746049.0
SCB,1q26-financial-statement-note-th_SCB.pdf,CF,thousand,13,กระแสเงินสดจากกิจกรรมดำเนินงาน,รายได้เงินปันผล,รายได้เงินปันผล,DIVIDEND_INCOME,DIVIDEND_INCOME,1.0,-10996.0,-11200.0,-10996.0,-11200.0
SCB,1q26-financial-statement-note-th_SCB.pdf,CF,thousand,13,กระแสเงินสดจากกิจกรรมดำเนินงาน,เงินสดรับดอกเบี้ย,เงินสดรับดอกเบี้ย,INTEREST_RECEIVED,INTEREST_RECEIVED,0.917,29725983.0,32018008.0,29668588.0,31909130.0
SCB,1q26-financial-statement-note-th_SCB.pdf,CF,thousand,13,กระแสเงินสดจากกิจกรรมดำเนินงาน,เงินสดจ่ายดอกเบี้ย,เงินสดจ่ายดอกเบี้ย,INTEREST_PAID,INTEREST_PAID,1.0,-7523399.0,-11411118.0,-7534003.0,-11420521.0
SCB,1q26-financial-statement-note-th_SCB.pdf,CF,thousand,13,กระแสเงินสดจากกิจกรรมดำเนินงาน,เงินสดจ่ายภาษีเงินได้,เงินสดจ่ายภาษีเงินได้,INCOME_TAX_PAID,INCOME_TAX_PAID,1.0,-358478.0,-330887.0,-266296.0,-241638.0
SCB,1q26-financial-statement-note-th_SCB.pdf,CF,thousand,13,กระแสเงินสดจากกิจกรรมดำเนินงาน,กาไรจากการดาเนิ นงานก่อนการเปลี่ยนแปลงในสิ นทรัพย์และหนี้ สินดาเนิ นงาน,กาไรจากการดาเนิ นงานก่อนการเปลี่ยนแปลงในสิ นทรัพย์และหนี้ สินดาเนิ นงาน,PROFIT_BEFORE_WC_CHANGE,PROFIT_BEFORE_WC_CHANGE,1.0,23624388.0,19283000.0,22056145.0,18590649.0
SCB,1q26-financial-statement-note-th_SCB.pdf,CF,thousand,13,กระแสเงินสดจากกิจกรรมดำเนินงาน,รายการระหว่างธนาคารและตลาดเงิน,รายการระหว่างธนาคารและตลาดเงิน,INTERBANK_LIAB,INTERBANK_LIAB,1.0,23985460.0,82472330.0,25165031.0,82909921.0
SCB,1q26-financial-statement-note-th_SCB.pdf,CF,thousand,13,กระแสเงินสดจากกิจกรรมดำเนินงาน,สิ นทรัพย์อนุพนั ธ์,สิ นทรัพย์อนุพนั ธ์,DERIVATIVE_ASSETS,DERIVATIVE_ASSETS,1.0,-4077029.0,4862800.0,-4069574.0,4867324.0
SCB,1q26-financial-statement-note-th_SCB.pdf,CF,thousand,13,กระแสเงินสดจากกิจกรรมดำเนินงาน,เงินลงทุนในหลักทรัพย์ระยะสั้น,เงินลงทุนในหลักทรัพย์ระยะสั้น,,,0.732,-16720094.0,-32625128.0,-16742858.0,-32620010.0
SCB,1q26-financial-statement-note-th_SCB.pdf,CF,thousand,13,กระแสเงินสดจากกิจกรรมดำเนินงาน,เงินให้สินเชื่อแก่ลูกหนี้,เงินให้สินเชื่อแก่ลูกหนี้,,,0.702,-66828396.0,-35871119.0,-66997605.0,-36276630.0
SCB,1q26-financial-statement-note-th_SCB.pdf,CF,thousand,13,กระแสเงินสดจากกิจกรรมดำเนินงาน,ทรัพย์สินรอการขาย,ทรัพย์สินรอการขาย,,,0.889,1640573.0,3238304.0,1640573.0,3238304.0
SCB,1q26-financial-statement-note-th_SCB.pdf,CF,thousand,13,กระแสเงินสดจากกิจกรรมดำเนินงาน,สิ นทรัพย์อื่น,สิ นทรัพย์อื่น,,,0.842,-5980601.0,27157.0,-5410875.0,70278.0
SCB,1q26-financial-statement-note-th_SCB.pdf,CF,thousand,14,,วันที่,วันที่,,,0.5,31.0,,,
SCB,1q26-financial-statement-note-th_SCB.pdf,CF,thousand,14,,เงินรับฝาก,เงินรับฝาก,DEPOSITS,DEPOSITS,1.0,68076553.0,-1627254.0,66745151.0,-1802366.0
SCB,1q26-financial-statement-note-th_SCB.pdf,CF,thousand,14,,รายการระหว่างธนาคารและตลาดเงิน,รายการระหว่างธนาคารและตลาดเงิน,INTERBANK_LIAB,INTERBANK_LIAB,1.0,19724222.0,-6805474.0,19659017.0,-6915805.0
SCB,1q26-financial-statement-note-th_SCB.pdf,CF,thousand,14,,หนี้ สินจ่ายคืนเมื่อทวงถาม,หนี้ สินจ่ายคืนเมื่อทวงถาม,PAYABLE_ON_DEMAND,PAYABLE_ON_DEMAND,1.0,546002.0,1394240.0,545948.0,1394258.0
SCB,1q26-financial-statement-note-th_SCB.pdf,CF,thousand,14,,หนี้ สินอนุพนั ธ์,หนี้ สินอนุพนั ธ์,DERIVATIVE_LIAB,DERIVATIVE_LIAB,1.0,5677045.0,-5092978.0,5676127.0,-5093164.0
SCB,1q26-financial-statement-note-th_SCB.pdf,CF,thousand,14,,ตราสารหนี้ ที่ออกและเงินกูย้ ืมระยะสั้น,ตราสารหนี้ ที่ออกและเงินกูย้ ืมระยะสั้น,,,0.889,-7189542.0,1699689.0,-7189542.0,1699689.0
SCB,1q26-financial-statement-note-th_SCB.pdf,CF,thousand,14,,หนี้ สินอื่น,หนี้ สินอื่น,OTHER_LIAB,OTHER_LIAB,1.0,-30312395.0,-20951914.0,-28600105.0,-20213907.0
SCB,1q26-financial-statement-note-th_SCB.pdf,CF,thousand,14,,เงินสดสุทธิได้ มาจากกิจกรรมดาเนินงาน,เงินสดสุทธิได้ มาจากกิจกรรมดาเนินงาน,CF_OPERATING,CF_OPERATING,1.0,12166186.0,10003653.0,12477433.0,9848541.0
SCB,1q26-financial-statement-note-th_SCB.pdf,CF,thousand,14,กระแสเงินสดจากกิจกรรมลงทุน,เงินสดจ่ายในการซื้ อหลักทรัพย์ที่วดั มูลค่ายุติธรรมผ่านกาไรขาดทุนเบ็ดเสร็ จอื่น,เงินสดจ่ายในการซื้ อหลักทรัพย์ที่วดั มูลค่ายุติธรรมผ่านกาไรขาดทุนเบ็ดเสร็ จอื่น,,,0.711,-64085516.0,-28466101.0,-64085516.0,-28466101.0
SCB,1q26-financial-statement-note-th_SCB.pdf,CF,thousand,14,กระแสเงินสดจากกิจกรรมลงทุน,เงินสดรับจากการขายหลักทรัพย์ที่วดั มูลค่ายุติธรรมผ่านกาไรขาดทุนเบ็ดเสร็ จอื่น,เงินสดรับจากการขายหลักทรัพย์ที่วดั มูลค่ายุติธรรมผ่านกาไรขาดทุนเบ็ดเสร็ จอื่น,,,0.703,32577752.0,12612670.0,32577752.0,12612670.0
SCB,1q26-financial-statement-note-th_SCB.pdf,CF,thousand,14,กระแสเงินสดจากกิจกรรมลงทุน,เงินสดจ่ายในการซื้ อหลักทรัพย์ที่วดั มูลค่าด้วยราคาทุนตัดจาหน่าย,เงินสดจ่ายในการซื้ อหลักทรัพย์ที่วดั มูลค่าด้วยราคาทุนตัดจาหน่าย,,,0.667,-199175.0,-83200.0,-199175.0,
SCB,1q26-financial-statement-note-th_SCB.pdf,CF,thousand,14,กระแสเงินสดจากกิจกรรมลงทุน,เงินสดรับจากการไถ่ถอนหลักทรัพย์ที่วดั มูลค่าด้วยราคาทุนตัดจาหน่าย,เงินสดรับจากการไถ่ถอนหลักทรัพย์ที่วดั มูลค่าด้วยราคาทุนตัดจาหน่าย,,,0.64,232100.0,,197031.0,
SCB,1q26-financial-statement-note-th_SCB.pdf,CF,thousand,14,กระแสเงินสดจากกิจกรรมลงทุน,เงินสดจ่ายในการซื้ อที่ดิน อาคารและอุปกรณ์,เงินสดจ่ายในการซื้ อที่ดิน อาคารและอุปกรณ์,,,0.72,-1220.0,-27.0,,
SCB,1q26-financial-statement-note-th_SCB.pdf,CF,thousand,14,กระแสเงินสดจากกิจกรรมลงทุน,เงินสดรับจากการขายที่ดิน อาคารและอุปกรณ์,เงินสดรับจากการขายที่ดิน อาคารและอุปกรณ์,,,0.829,3314.0,304.0,113.0,297.0
SCB,1q26-financial-statement-note-th_SCB.pdf,CF,thousand,14,กระแสเงินสดจากกิจกรรมลงทุน,เงินสดจ่ายในการซื้ อสิ นทรัพย์ไม่มีตวั ตน,เงินสดจ่ายในการซื้ อสิ นทรัพย์ไม่มีตวั ตน,,,0.693,-615454.0,-826242.0,-616975.0,-820187.0
SCB,1q26-financial-statement-note-th_SCB.pdf,CF,thousand,14,กระแสเงินสดจากกิจกรรมลงทุน,เงินสดรับจากการขายสิ นทรัพย์ไม่มีตวั ตน,เงินสดรับจากการขายสิ นทรัพย์ไม่มีตวั ตน,,,0.763,,144000.0,,144000.0
SCB,1q26-financial-statement-note-th_SCB.pdf,CF,thousand,14,กระแสเงินสดจากกิจกรรมลงทุน,เงินสดสุทธิใช้ ไปในกิจกรรมลงทุน,เงินสดสุทธิใช้ ไปในกิจกรรมลงทุน,CF_INVESTING,CF_INVESTING,1.0,-32088199.0,-16618596.0,-32126770.0,-16529321.0
SCB,1q26-financial-statement-note-th_SCB.pdf,CF,thousand,14,กระแสเงินสดจากกิจกรรมจัดหาเงิน,เงินสดรับจากการออกตราสารหนี้ ระยะยาว,เงินสดรับจากการออกตราสารหนี้ ระยะยาว,,,0.737,15652461.0,141163.0,15652461.0,141163.0
SCB,1q26-financial-statement-note-th_SCB.pdf,CF,thousand,14,กระแสเงินสดจากกิจกรรมจัดหาเงิน,เงินสดจ่ายชาระคืนเงินกูย้ ืมระยะยาว,เงินสดจ่ายชาระคืนเงินกูย้ ืมระยะยาว,,,0.667,-663.0,-652.0,-663.0,-652.0
SCB,1q26-financial-statement-note-th_SCB.pdf,CF,thousand,14,กระแสเงินสดจากกิจกรรมจัดหาเงิน,เงินสดจ่ายชาระหนี้ สินตามสัญญาเช่า,เงินสดจ่ายชาระหนี้ สินตามสัญญาเช่า,,,0.714,-134232.0,-205176.0,-112357.0,-171187.0
SCB,1q26-financial-statement-note-th_SCB.pdf,CF,thousand,14,กระแสเงินสดจากกิจกรรมจัดหาเงิน,เงินสดสุทธิได้ มาจาก (ใช้ ไปใน) กิจกรรมจัดหาเงิน,เงินสดสุทธิได้ มาจาก (ใช้ ไปใน) กิจกรรมจัดหาเงิน,CF_FINANCING,CF_FINANCING,1.0,15517566.0,-64665.0,15539441.0,-30676.0
SCB,1q26-financial-statement-note-th_SCB.pdf,CF,thousand,14,กระแสเงินสดจากกิจกรรมจัดหาเงิน,กาไร (ขาดทุน) จากการแปลงค่างบการเงินจากการดาเนิ นงานในต่างประเทศ,กาไร (ขาดทุน) จากการแปลงค่างบการเงินจากการดาเนิ นงานในต่างประเทศ,OCI_FX_TRANSLATION,OCI_FX_TRANSLATION,1.0,-71736.0,7522.0,-357860.0,21743.0
SCB,1q26-financial-statement-note-th_SCB.pdf,CF,thousand,14,กระแสเงินสดจากกิจกรรมจัดหาเงิน,เงินสดลดลงสุทธิ,เงินสดลดลงสุทธิ,,,0.714,-4476183.0,-6672086.0,-4467756.0,-6689713.0
SCB,1q26-financial-statement-note-th_SCB.pdf,CF,thousand,14,กระแสเงินสดจากกิจกรรมจัดหาเงิน,เงินสด ณ วันที่ 1 มกราคม,เงินสด ณ วันที่ 1 มกราคม,,,0.7,43835775.0,43765845.0,43676709.0,43629849.0
SCB,1q26-financial-statement-note-th_SCB.pdf,CF,thousand,14,กระแสเงินสดจากกิจกรรมจัดหาเงิน,เงินสด ณ วันที่ 31 มีนาคม,เงินสด ณ วันที่ 31 มีนาคม,,,0.708,39359592.0,37093759.0,39208953.0,36940136.0
TRUE,20260507-true-FSGroup-1q2026-th.pdf,SE,thousand,"8,9",งบรวม+งบเฉพาะกิจการ,ยอดคงเหลือต้นรอบระยะเวลา วันที 1 มกราคม พ.ศ. 2569,ยอดคงเหลือต้นรอบระยะเวลา วันที 1 มกราคม พ.ศ. 2569,,,0.417,75147452.0,74184687.0,301028598.0,305995927.0
TRUE,20260507-true-FSGroup-1q2026-th.pdf,SE,thousand,"8,9",งบรวม+งบเฉพาะกิจการ,กําไรเบ็ดเสร็จรวมสําหรับรอบระยะเวลา,กําไรเบ็ดเสร็จรวมสําหรับรอบระยะเวลา,,,0.789,7002261.0,,733292.0,
TRUE,20260507-true-FSGroup-1q2026-th.pdf,SE,thousand,"8,9",งบรวม+งบเฉพาะกิจการ,ยอดคงเหลือสิ นรอบระยะเวลา วันที 31 มีนาคม พ.ศ. 2569,ยอดคงเหลือสิ นรอบระยะเวลา วันที 31 มีนาคม พ.ศ. 2569,,,0.426,82149713.0,75457834.0,301761890.0,306629945.0
TRUE,20260507-true-FSGroup-1q2026-th.pdf,SE,thousand,"8,9",งบรวม+งบเฉพาะกิจการ,กําไร(ขาดทุน)เบ็ดเสร็จรวมสําหรับรอบระยะเวลา,กําไร(ขาดทุน)เบ็ดเสร็จรวมสําหรับรอบระยะเวลา,,,0.826,,1273147.0,,634018.0
TRUE,20260507-true-FSGroup-1q2026-th.pdf,BS,thousand,3,สินทรัพย์หมุนเวียน,เงินสดและรายการเทียบเท่าเงินสด,เงินสดและรายการเทียบเท่าเงินสด,CASH,CASH,1.0,17502124.0,17890903.0,2443324.0,4437493.0
TRUE,20260507-true-FSGroup-1q2026-th.pdf,BS,thousand,3,สินทรัพย์หมุนเวียน,เงินฝากธนาคารทีมีภาระผูกพัน,สินทรัพย์หมุนเวียน เงินฝากธนาคารทีมีภาระผูกพัน,RESTRICTED_DEPOSITS_CURRENT,RESTRICTED_DEPOSITS_CURRENT,1.0,48248.0,36531.0,48109.0,36375.0
TRUE,20260507-true-FSGroup-1q2026-th.pdf,BS,thousand,3,สินทรัพย์หมุนเวียน,ผ่านกําไรหรือขาดทุน 5,สินทรัพย์หมุนเวียน สินทรัพย์ทางการเงินทีวัดมูลค่าด้วยมูลค่ายุตธิ รรม ผ่านกําไรหรือขาดทุน 5,FVTPL_ASSETS_CURRENT,FVTPL_ASSETS_CURRENT,1.0,120.0,119.0,,
TRUE,20260507-true-FSGroup-1q2026-th.pdf,BS,thousand,3,สินทรัพย์หมุนเวียน,สินทรัพย์อนุพนั ธ์ทางการเงิน 5,สินทรัพย์หมุนเวียน สินทรัพย์อนุพนั ธ์ทางการเงิน 5,DERIVATIVE_ASSETS_CURRENT,DERIVATIVE_ASSETS_CURRENT,1.0,94328.0,5781.0,,
TRUE,20260507-true-FSGroup-1q2026-th.pdf,BS,thousand,3,สินทรัพย์หมุนเวียน,ลูกหนีการค้าและลูกหนีหมุนเวียนอืน - สุทธิ 8,ลูกหนีการค้าและลูกหนีหมุนเวียนอืน,TRADE_RECEIVABLES,TRADE_RECEIVABLES,1.0,35929439.0,36703877.0,4931105.0,5060513.0
TRUE,20260507-true-FSGroup-1q2026-th.pdf,BS,thousand,3,สินทรัพย์หมุนเวียน,เงินให้กยู้ มื ระยะสันแก่กจิ การทีเกียวข้องกัน 21,เงินให้กยู้ มื ระยะสันแก่กจิ การทีเกียวข้องกัน 21,SHORT_TERM_LOANS_RELATED,SHORT_TERM_LOANS_RELATED,1.0,2000.0,2000.0,1560577.0,1361326.0
TRUE,20260507-true-FSGroup-1q2026-th.pdf,BS,thousand,3,สินทรัพย์หมุนเวียน,สินค้าคงเหลือ,สินค้าคงเหลือ,INVENTORY,INVENTORY,1.0,1747990.0,1863659.0,533.0,569.0
TRUE,20260507-true-FSGroup-1q2026-th.pdf,BS,thousand,3,สินทรัพย์หมุนเวียน,ภาษีถกู หัก ณ ทีจ่าย,ภาษีถกู หัก ณ ทีจ่าย,WHT_ASSETS,WHT_ASSETS,1.0,6564654.0,6376588.0,971516.0,877896.0
TRUE,20260507-true-FSGroup-1q2026-th.pdf,BS,thousand,3,สินทรัพย์หมุนเวียน,ภาษีมลู ค่าเพิม,ภาษีมลู ค่าเพิม,VAT_RECEIVABLE,VAT_RECEIVABLE,1.0,4118365.0,4113479.0,16883.0,15481.0
TRUE,20260507-true-FSGroup-1q2026-th.pdf,BS,thousand,3,สินทรัพย์หมุนเวียน,สินทรัพย์หมุนเวียนอืน,สินทรัพย์หมุนเวียนอืน,OTHER_CURRENT_ASSETS,OTHER_CURRENT_ASSETS,1.0,4597579.0,4947561.0,40100.0,45034.0
TRUE,20260507-true-FSGroup-1q2026-th.pdf,BS,thousand,3,สินทรัพย์หมุนเวียน,รวมสิ นทรัพย์หมุนเวียน,รวมสิ นทรัพย์หมุนเวียน,TOTAL_CURRENT_ASSETS,TOTAL_CURRENT_ASSETS,1.0,70604847.0,71940498.0,10012147.0,11834687.0
TRUE,20260507-true-FSGroup-1q2026-th.pdf,BS,thousand,3,สินทรัพย์ไม่หมุนเวียน,เงินฝากธนาคารทีมีภาระผูกพัน,สินทรัพย์ไม่หมุนเวียน เงินฝากธนาคารทีมีภาระผูกพัน,RESTRICTED_DEPOSITS,RESTRICTED_DEPOSITS,1.0,20623.0,19907.0,,
TRUE,20260507-true-FSGroup-1q2026-th.pdf,BS,thousand,3,สินทรัพย์ไม่หมุนเวียน,เงินให้กยู้ มื ระยะยาวแก่กจิ การทีเกียวข้องกัน 21 - -,เงินให้กยู้ มื ระยะยาวแก่กจิ การทีเกียวข้องกัน 21 - -,LONG_TERM_LOANS_RELATED,LONG_TERM_LOANS_RELATED,1.0,,,234775800.0,228025800.0
TRUE,20260507-true-FSGroup-1q2026-th.pdf,BS,thousand,3,สินทรัพย์ไม่หมุนเวียน,ผ่านกําไรหรือขาดทุน 5,สินทรัพย์ไม่หมุนเวียน สินทรัพย์ทางการเงินทีวัดมูลค่าด้วยมูลค่ายุตธิ รรม ผ่านกําไรหรือขาดทุน 5,FVTPL_ASSETS_NONCURRENT,FVTPL_ASSETS_NONCURRENT,1.0,1619823.0,1620310.0,1600.0,1600.0
TRUE,20260507-true-FSGroup-1q2026-th.pdf,BS,thousand,3,สินทรัพย์ไม่หมุนเวียน,ผ่านกําไรขาดทุนเบ็ดเสร็จอืน 5,สินทรัพย์ทางการเงินทีวัดมูลค่าด้วยมูลค่ายุตธิ รรม ผ่านกําไรขาดทุนเบ็ดเสร็จอืน 5,FVOCI_ASSETS,FVOCI_ASSETS,1.0,61042.0,61042.0,1200.0,1200.0
TRUE,20260507-true-FSGroup-1q2026-th.pdf,BS,thousand,3,สินทรัพย์ไม่หมุนเวียน,สินทรัพย์อนุพนั ธ์ทางการเงิน 5,สินทรัพย์ไม่หมุนเวียน สินทรัพย์อนุพนั ธ์ทางการเงิน 5,DERIVATIVE_ASSETS_NONCURRENT,DERIVATIVE_ASSETS_NONCURRENT,1.0,208038.0,11617.0,96084.0,
TRUE,20260507-true-FSGroup-1q2026-th.pdf,BS,thousand,3,สินทรัพย์ไม่หมุนเวียน,เงินลงทุนในบริษทั ย่อย 9 - -,เงินลงทุนในบริษทั ย่อย 9 - -,INVEST_SUBSIDIARY,INVEST_SUBSIDIARY,1.0,,,307551691.0,307551691.0
TRUE,20260507-true-FSGroup-1q2026-th.pdf,BS,thousand,3,สินทรัพย์ไม่หมุนเวียน,เงินลงทุนในบริษทั ร่วมและการร่วมค้า 9,เงินลงทุนในบริษทั ร่วมและการร่วมค้า 9,INVEST_ASSOCIATE,INVEST_ASSOCIATE,1.0,21534809.0,21291725.0,27055406.0,27055406.0
TRUE,20260507-true-FSGroup-1q2026-th.pdf,BS,thousand,3,สินทรัพย์ไม่หมุนเวียน,อสังหาริมทรัพย์เพือการลงทุน,อสังหาริมทรัพย์เพือการลงทุน,INVESTMENT_PROPERTY,INVESTMENT_PROPERTY,1.0,904300.0,935892.0,,
TRUE,20260507-true-FSGroup-1q2026-th.pdf,BS,thousand,3,สินทรัพย์ไม่หมุนเวียน,ทีดิน อาคารและอุปกรณ์ 10,ทีดิน อาคารและอุปกรณ์ 10,PPE,PPE,1.0,191910982.0,195850393.0,2157534.0,2233900.0
TRUE,20260507-true-FSGroup-1q2026-th.pdf,BS,thousand,3,สินทรัพย์ไม่หมุนเวียน,สินทรัพย์สทิ ธิการใช้ 11,สินทรัพย์สทิ ธิการใช้ 11,RIGHT_OF_USE,RIGHT_OF_USE,1.0,95055596.0,96365011.0,567512.0,271451.0
TRUE,20260507-true-FSGroup-1q2026-th.pdf,BS,thousand,3,สินทรัพย์ไม่หมุนเวียน,สินทรัพย์ไม่มตี วั ตน 12,สินทรัพย์ไม่มตี วั ตน 12,INTANGIBLES,INTANGIBLES,1.0,133556205.0,137173594.0,299867.0,338418.0
TRUE,20260507-true-FSGroup-1q2026-th.pdf,BS,thousand,3,สินทรัพย์ไม่หมุนเวียน,ค่าความนิยม,ค่าความนิยม,GOODWILL,GOODWILL,1.0,121140615.0,121140615.0,34957698.0,34957698.0
TRUE,20260507-true-FSGroup-1q2026-th.pdf,BS,thousand,3,สินทรัพย์ไม่หมุนเวียน,สินทรัพย์ภาษีเงินได้รอการตัดบัญชี,สินทรัพย์ภาษีเงินได้รอการตัดบัญชี,DEFERRED_TAX_ASSETS,DEFERRED_TAX_ASSETS,1.0,13726127.0,14215361.0,24953.0,247821.0
TRUE,20260507-true-FSGroup-1q2026-th.pdf,BS,thousand,3,สินทรัพย์ไม่หมุนเวียน,สินทรัพย์ไม่หมุนเวียนอืน,สินทรัพย์ไม่หมุนเวียนอืน,OTHER_NONCURRENT_ASSETS,OTHER_NONCURRENT_ASSETS,1.0,3580808.0,3604132.0,138872.0,140646.0
TRUE,20260507-true-FSGroup-1q2026-th.pdf,BS,thousand,3,สินทรัพย์ไม่หมุนเวียน,รวมสิ นทรัพย์ไม่หมุนเวียน,รวมสิ นทรัพย์ไม่หมุนเวียน,TOTAL_NONCURRENT_ASSETS,TOTAL_NONCURRENT_ASSETS,1.0,583318968.0,592289599.0,607628217.0,600825631.0
TRUE,20260507-true-FSGroup-1q2026-th.pdf,BS,thousand,3,สินทรัพย์ไม่หมุนเวียน,รวมสิ นทรัพย์,รวมสิ นทรัพย์,TOTAL_ASSETS,TOTAL_ASSETS,1.0,653923815.0,664230097.0,617640364.0,612660318.0
TRUE,20260507-true-FSGroup-1q2026-th.pdf,BS,thousand,3,สินทรัพย์ไม่หมุนเวียน,,สินทรัพย์ไม่หมุนเวียน,OTHER_NONCURRENT_ASSETS,OTHER_NONCURRENT_ASSETS,0.929,,,,2.0
TRUE,20260507-true-FSGroup-1q2026-th.pdf,BS,thousand,4,หนี้สินหมุนเวียน,เงินกูย้ มื ระยะสัน,เงินกูย้ มื ระยะสัน,SHORT_TERM_BORROWINGS,SHORT_TERM_BORROWINGS,1.0,3993356.0,1600000.0,3993356.0,1600000.0
TRUE,20260507-true-FSGroup-1q2026-th.pdf,BS,thousand,4,หนี้สินหมุนเวียน,หนีสินอนุพนั ธ์ทางการเงิน 5,หนี้สินหมุนเวียน หนีสินอนุพนั ธ์ทางการเงิน 5,DERIVATIVE_LIAB_CURRENT,DERIVATIVE_LIAB_CURRENT,1.0,201908.0,397717.0,5701.0,7549.0
TRUE,20260507-true-FSGroup-1q2026-th.pdf,BS,thousand,4,หนี้สินหมุนเวียน,เจ้าหนีการค้าและเจ้าหนีหมุนเวียนอืน 13,เจ้าหนีการค้าและเจ้าหนีหมุนเวียนอืน 13,TRADE_PAYABLES,TRADE_PAYABLES,1.0,75810890.0,82509158.0,10240511.0,10437081.0
TRUE,20260507-true-FSGroup-1q2026-th.pdf,BS,thousand,4,หนี้สินหมุนเวียน,ส่วนของหนีสินระยะยาวทีถึงกําหนดชําระภายในหนึงปี 14,ส่วนของหนีสินระยะยาวทีถึงกําหนดชําระภายในหนึงปี 14,CURRENT_PORTION_LT_BORROWINGS,CURRENT_PORTION_LT_BORROWINGS,1.0,58915538.0,65511378.0,55501621.0,53393745.0
TRUE,20260507-true-FSGroup-1q2026-th.pdf,BS,thousand,4,หนี้สินหมุนเวียน,หนีสินตามสัญญาเช่าส่วนทีถึงกําหนดชําระภายในหนึงปี 15,หนีสินตามสัญญาเช่าส่วนทีถึงกําหนดชําระภายในหนึงปี 15,CURRENT_LEASE_LIABILITIES,CURRENT_LEASE_LIABILITIES,1.0,18072360.0,17435729.0,165106.0,46299.0
TRUE,20260507-true-FSGroup-1q2026-th.pdf,BS,thousand,4,หนี้สินหมุนเวียน,ภาษีเงินได้นิตบิ ุคคลค้างจ่าย,ภาษีเงินได้นิตบิ ุคคลค้างจ่าย,INCOME_TAX_PAYABLE,INCOME_TAX_PAYABLE,1.0,311559.0,278965.0,,
TRUE,20260507-true-FSGroup-1q2026-th.pdf,BS,thousand,4,หนี้สินหมุนเวียน,หนีสินหมุนเวียนอืน,หนีสินหมุนเวียนอืน,OTHER_CURRENT_LIAB,OTHER_CURRENT_LIAB,1.0,2022414.0,2630487.0,249783.0,754905.0
TRUE,20260507-true-FSGroup-1q2026-th.pdf,BS,thousand,4,หนี้สินหมุนเวียน,รวมหนี สิ นหมุนเวียน,รวมหนี สิ นหมุนเวียน,TOTAL_CURRENT_LIAB,TOTAL_CURRENT_LIAB,1.0,159328025.0,170363434.0,70156078.0,66239579.0
TRUE,20260507-true-FSGroup-1q2026-th.pdf,BS,thousand,4,หนี้สินไม่หมุนเวียน,เงินกูย้ มื ระยะยาว 14,เงินกูย้ มื ระยะยาว 14,LONG_TERM_BORROWINGS,LONG_TERM_BORROWINGS,1.0,260342352.0,259051717.0,236334930.0,235042647.0
TRUE,20260507-true-FSGroup-1q2026-th.pdf,BS,thousand,4,หนี้สินไม่หมุนเวียน,หนีสินอนุพนั ธ์ทางการเงิน 5,หนี้สินไม่หมุนเวียน หนีสินอนุพนั ธ์ทางการเงิน 5,DERIVATIVE_LIAB_NONCURRENT,DERIVATIVE_LIAB_NONCURRENT,1.0,8166919.0,9779281.0,7880659.0,9041703.0
TRUE,20260507-true-FSGroup-1q2026-th.pdf,BS,thousand,4,หนี้สินไม่หมุนเวียน,หนีสินภาษีเงินได้รอการตัดบัญชี,หนีสินภาษีเงินได้รอการตัดบัญชี,DEFERRED_TAX_LIAB,DEFERRED_TAX_LIAB,1.0,3982144.0,4087323.0,,
TRUE,20260507-true-FSGroup-1q2026-th.pdf,BS,thousand,4,หนี้สินไม่หมุนเวียน,หนีสินตามสัญญาเช่า 15,หนีสินตามสัญญาเช่า 15,LEASE_LIABILITIES,LEASE_LIABILITIES,1.0,87935454.0,90052042.0,268364.0,82904.0
TRUE,20260507-true-FSGroup-1q2026-th.pdf,BS,thousand,4,หนี้สินไม่หมุนเวียน,ั ญาและใบอนุญาตให้ดาํ เนินการ 16,หนีสินภายใต้สญ ั ญาและใบอนุญาตให้ดาํ เนินการ 16,CONCESSION_LIABILITIES,CONCESSION_LIABILITIES,1.0,34039948.0,37683370.0,,
TRUE,20260507-true-FSGroup-1q2026-th.pdf,BS,thousand,4,หนี้สินไม่หมุนเวียน,ภาระผูกพันผลประโยชน์พนักงาน,ภาระผูกพันผลประโยชน์พนักงาน,EMPLOYEE_BENEFIT_PROVISION_NONCURRENT,EMPLOYEE_BENEFIT_PROVISION_NONCURRENT,1.0,2767321.0,2721742.0,1156614.0,1143393.0
TRUE,20260507-true-FSGroup-1q2026-th.pdf,BS,thousand,4,หนี้สินไม่หมุนเวียน,ประมาณการหนีสินอืน,ประมาณการหนีสินอืน,OTHER_PROVISIONS,OTHER_PROVISIONS,1.0,8051307.0,8027727.0,81829.0,81494.0
TRUE,20260507-true-FSGroup-1q2026-th.pdf,BS,thousand,4,หนี้สินไม่หมุนเวียน,หนีสินไม่หมุนเวียนอืน,หนีสินไม่หมุนเวียนอืน,OTHER_NONCURRENT_LIAB,OTHER_NONCURRENT_LIAB,1.0,7160632.0,7316009.0,,
TRUE,20260507-true-FSGroup-1q2026-th.pdf,BS,thousand,4,หนี้สินไม่หมุนเวียน,รวมหนี สิ นไม่หมุนเวียน,รวมหนี สิ นไม่หมุนเวียน,TOTAL_NONCURRENT_LIAB,TOTAL_NONCURRENT_LIAB,1.0,412446077.0,418719211.0,245722396.0,245392141.0
TRUE,20260507-true-FSGroup-1q2026-th.pdf,BS,thousand,4,หนี้สินไม่หมุนเวียน,รวมหนี สิ น,รวมหนี สิ น,TOTAL_LIABILITIES,TOTAL_LIABILITIES,1.0,571774102.0,589082645.0,315878474.0,311631720.0
TRUE,20260507-true-FSGroup-1q2026-th.pdf,BS,thousand,4,หนี้สินไม่หมุนเวียน,,หนี้สินไม่หมุนเวียน,OTHER_NONCURRENT_LIAB,OTHER_NONCURRENT_LIAB,0.917,,,,3.0
TRUE,20260507-true-FSGroup-1q2026-th.pdf,BS,thousand,5,ทุนจดทะเบียน,มูลค่าทีตราไว้หนุ้ ละ 4 บาท,"ทุนจดทะเบียน หุน้ สามัญ : 34,552,100,801 หุน้ มูลค่าทีตราไว้หนุ้ ละ 4 บาท",REGISTERED_CAPITAL,REGISTERED_CAPITAL,1.0,138208403.0,138208403.0,138208403.0,138208403.0
TRUE,20260507-true-FSGroup-1q2026-th.pdf,BS,thousand,5,ทุนจดทะเบียน,จ่ายชําระแล้วหุน้ ละ 4 บาท,"ทุนทีออกและชําระเต็มมูลค่าแล้ว หุน้ สามัญ : 34,552,100,801 หุน้ จ่ายชําระแล้วหุน้ ละ 4 บาท",SHARE_CAPITAL,SHARE_CAPITAL,1.0,138208403.0,138208403.0,138208403.0,138208403.0
TRUE,20260507-true-FSGroup-1q2026-th.pdf,BS,thousand,5,ทุนจดทะเบียน,ส่วนเกินมูลค่าหุน้,ส่วนเกินมูลค่าหุน้,SHARE_PREMIUM,SHARE_PREMIUM,1.0,145075526.0,145075526.0,137722481.0,137722481.0
TRUE,20260507-true-FSGroup-1q2026-th.pdf,BS,thousand,5,ทุนจดทะเบียน,ส่วนเกินมูลค่าหุน้ สามัญซือคืน,ส่วนเกินมูลค่าหุน้ สามัญซือคืน,TREASURY_SHARE_PREMIUM,TREASURY_SHARE_PREMIUM,1.0,51060.0,51060.0,51060.0,51060.0
TRUE,20260507-true-FSGroup-1q2026-th.pdf,BS,thousand,5,ทุนจดทะเบียน,ทุนสํารองตามกฎหมาย,ทุนสํารองตามกฎหมาย,LEGAL_RESERVE,LEGAL_RESERVE,1.0,2059976.0,2059976.0,2534392.0,2534392.0
TRUE,20260507-true-FSGroup-1q2026-th.pdf,BS,thousand,5,ทุนจดทะเบียน,กําไรสะสม (ขาดทุนสะสม),กําไรสะสม (ขาดทุนสะสม),RETAINED_EARNINGS,RETAINED_EARNINGS,1.0,-201261804.0,-207850524.0,24497435.0,24166681.0
TRUE,20260507-true-FSGroup-1q2026-th.pdf,BS,thousand,5,ทุนจดทะเบียน,องค์ประกอบอืนของส่วนของเจ้าของ,องค์ประกอบอืนของส่วนของเจ้าของ,OTHER_EQUITY_COMPONENTS,OTHER_EQUITY_COMPONENTS,1.0,-1651335.0,-2056230.0,-1251881.0,-1654419.0
TRUE,20260507-true-FSGroup-1q2026-th.pdf,BS,thousand,5,ทุนจดทะเบียน,รวมส่วนของผูเ้ ป็ นเจ้าของบริษทั,รวมส่วนของผูเ้ ป็ นเจ้าของบริษทั,EQUITY_PARENT,EQUITY_PARENT,1.0,82481826.0,75488211.0,301761890.0,301028598.0
TRUE,20260507-true-FSGroup-1q2026-th.pdf,BS,thousand,5,ทุนจดทะเบียน,ส่วนได้เสียทีไม่มอี าํ นาจควบคุม,ส่วนได้เสียทีไม่มอี าํ นาจควบคุม,NCI,NCI,1.0,-332113.0,-340759.0,,
TRUE,20260507-true-FSGroup-1q2026-th.pdf,BS,thousand,5,ทุนจดทะเบียน,รวมส่วนของเจ้าของ,รวมส่วนของเจ้าของ,TOTAL_EQUITY,TOTAL_EQUITY,1.0,82149713.0,75147452.0,301761890.0,301028598.0
TRUE,20260507-true-FSGroup-1q2026-th.pdf,BS,thousand,5,ทุนจดทะเบียน,รวมหนี สิ นและส่วนของเจ้าของ,รวมหนี สิ นและส่วนของเจ้าของ,TOTAL_LIAB_EQUITY,TOTAL_LIAB_EQUITY,1.0,653923815.0,664230097.0,617640364.0,612660318.0
TRUE,20260507-true-FSGroup-1q2026-th.pdf,BS,thousand,5,ทุนจดทะเบียน,,ทุนจดทะเบียน,REGISTERED_CAPITAL,REGISTERED_CAPITAL,1.0,,,,4.0
TRUE,20260507-true-FSGroup-1q2026-th.pdf,IS,thousand,6,รายได้,รายได้จากการให้บริการโทรศัพท์และบริการอืน,รายได้จากการให้บริการโทรศัพท์และบริการอืน,,,0.667,41475524.0,46408746.0,2513905.0,2930941.0
TRUE,20260507-true-FSGroup-1q2026-th.pdf,IS,thousand,6,รายได้,รายได้จากการขายสินค้า,รายได้จากการขายสินค้า,,,0.75,4917366.0,5026865.0,,
TRUE,20260507-true-FSGroup-1q2026-th.pdf,IS,thousand,6,รายได้,รวมรายได้,รวมรายได้,TOTAL_REVENUE,TOTAL_REVENUE,1.0,46392890.0,51435611.0,2513905.0,2930941.0
TRUE,20260507-true-FSGroup-1q2026-th.pdf,IS,thousand,6,รายได้,ต้นทุนการให้บริการ,ต้นทุนการให้บริการ,COGS_SERVICE,COGS_SERVICE,1.0,23469014.0,30486106.0,1491853.0,1335887.0
TRUE,20260507-true-FSGroup-1q2026-th.pdf,IS,thousand,6,รายได้,ต้นทุนขาย,ต้นทุนขาย,,,0.667,4970516.0,5116087.0,,
TRUE,20260507-true-FSGroup-1q2026-th.pdf,IS,thousand,6,รายได้,รวมต้นทุนขายและการให้บริ การ,รวมต้นทุนขายและการให้บริ การ,COGS,COGS,0.903,28439530.0,35602193.0,1491853.0,1335887.0
TRUE,20260507-true-FSGroup-1q2026-th.pdf,IS,thousand,6,รายได้,กําไรขันต้น,กําไรขันต้น,GROSS_PROFIT,GROSS_PROFIT,1.0,17953360.0,15833418.0,1022052.0,1595054.0
TRUE,20260507-true-FSGroup-1q2026-th.pdf,IS,thousand,6,รายได้,รายได้อนื 17,รายได้อนื 17,OTHER_INCOME,OTHER_INCOME,1.0,478637.0,222215.0,2600401.0,2235066.0
TRUE,20260507-true-FSGroup-1q2026-th.pdf,IS,thousand,6,รายได้,ค่าใช้จ่ายในการขายและต้นทุนในการจัดจําหน่าย,ค่าใช้จ่ายในการขายและต้นทุนในการจัดจําหน่าย,,,0.821,-4810289.0,-4744715.0,-200192.0,-150240.0
TRUE,20260507-true-FSGroup-1q2026-th.pdf,IS,thousand,6,รายได้,ค่าใช้จ่ายในการบริหาร,ค่าใช้จ่ายในการบริหาร,ADMIN_EXPENSES,ADMIN_EXPENSES,1.0,-2445080.0,-2464598.0,-162344.0,-189486.0
TRUE,20260507-true-FSGroup-1q2026-th.pdf,IS,thousand,6,รายได้,ค่าใช้จ่ายอืน,ค่าใช้จ่ายอืน,OTHER_EXPENSES,OTHER_EXPENSES,1.0,-237868.0,-2952688.0,-11536.0,-6846.0
TRUE,20260507-true-FSGroup-1q2026-th.pdf,IS,thousand,6,รายได้,ต้นทุนทางการเงิน 7,ต้นทุนทางการเงิน 7,FINANCE_COST,FINANCE_COST,1.0,-4756527.0,-5162625.0,-2795393.0,-2492427.0
TRUE,20260507-true-FSGroup-1q2026-th.pdf,IS,thousand,6,รายได้,ส่วนแบ่งกําไรจากเงินลงทุน 9,ส่วนแบ่งกําไรจากเงินลงทุน 9,,,0.789,735016.0,744079.0,,
TRUE,20260507-true-FSGroup-1q2026-th.pdf,IS,thousand,6,รายได้,กําไรก่อนภาษี เงิ นได้,กําไรก่อนภาษี เงิ นได้,PROFIT_BEFORE_TAX,PROFIT_BEFORE_TAX,1.0,6917249.0,1475086.0,452988.0,991121.0
TRUE,20260507-true-FSGroup-1q2026-th.pdf,IS,thousand,6,รายได้,ภาษีเงินได้ 18,ภาษีเงินได้ 18,,,0.8,-318389.0,159921.0,-122234.0,3051.0
TRUE,20260507-true-FSGroup-1q2026-th.pdf,IS,thousand,6,รายได้,กําไรสําหรับรอบระยะเวลา,กําไรสําหรับรอบระยะเวลา,,,0.643,6598860.0,1635007.0,330754.0,994172.0
TRUE,20260507-true-FSGroup-1q2026-th.pdf,IS,thousand,6,กำไรขาดทุนเบ็ดเสร็จอื่น,มูลค่ายุตธิ รรมผ่านกําไรขาดทุนเบ็ดเสร็จอืน - สุทธิภาษีเงินได้ -,มูลค่ายุตธิ รรมผ่านกําไรขาดทุนเบ็ดเสร็จอืน - สุทธิภาษีเงินได้ -,,,0.739,,-482.0,,
TRUE,20260507-true-FSGroup-1q2026-th.pdf,IS,thousand,6,กำไรขาดทุนเบ็ดเสร็จอื่น,การป้ องกันความเสียงกระแสเงินสด,การป้ องกันความเสียงกระแสเงินสด,,,0.885,402538.0,-360154.0,402538.0,-360154.0
TRUE,20260507-true-FSGroup-1q2026-th.pdf,IS,thousand,6,กำไรขาดทุนเบ็ดเสร็จอื่น,ผลต่างจากการแปลงค่างบการเงิน,ผลต่างจากการแปลงค่างบการเงิน,,,1.0,863.0,-1224.0,,
TRUE,20260507-true-FSGroup-1q2026-th.pdf,IS,thousand,6,กำไรขาดทุนเบ็ดเสร็จอื่น,กําไรเบ็ดเสร็จรวมสําหรับรอบระยะเวลา,กําไรเบ็ดเสร็จรวมสําหรับรอบระยะเวลา,,,0.789,7002261.0,1273147.0,733292.0,634018.0
TRUE,20260507-true-FSGroup-1q2026-th.pdf,IS,thousand,7,การแบ่งปันกำไร,ส่วนของผูเ้ ป็ นเจ้าของของบริษทั,การแบ่งปันกำไร ส่วนของผูเ้ ป็ นเจ้าของของบริษทั,PROFIT_ATTRIB_PARENT,PROFIT_ATTRIB_PARENT,1.0,6588720.0,1633880.0,330754.0,994172.0
TRUE,20260507-true-FSGroup-1q2026-th.pdf,IS,thousand,7,การแบ่งปันกำไร,ส่วนของส่วนได้เสียทีไม่มอี าํ นาจควบคุม,การแบ่งปันกำไร ส่วนของส่วนได้เสียทีไม่มอี าํ นาจควบคุม,PROFIT_ATTRIB_NCI,PROFIT_ATTRIB_NCI,0.954,10140.0,1127.0,,
TRUE,20260507-true-FSGroup-1q2026-th.pdf,IS,thousand,7,การแบ่งปันกำไรเบ็ดเสร็จรวม,ส่วนของผูเ้ ป็ นเจ้าของของบริษทั,การแบ่งปันกำไรเบ็ดเสร็จรวม ส่วนของผูเ้ ป็ นเจ้าของของบริษทั,TCI_ATTRIB_PARENT,TCI_ATTRIB_PARENT,0.947,6993615.0,1272004.0,733292.0,634018.0
TRUE,20260507-true-FSGroup-1q2026-th.pdf,IS,thousand,7,การแบ่งปันกำไรเบ็ดเสร็จรวม,ส่วนของส่วนได้เสียทีไม่มอี าํ นาจควบคุม,การแบ่งปันกำไรเบ็ดเสร็จรวม ส่วนของส่วนได้เสียทีไม่มอี าํ นาจควบคุม,TCI_ATTRIB_NCI,TCI_ATTRIB_NCI,0.918,8646.0,1143.0,,
TRUE,20260507-true-FSGroup-1q2026-th.pdf,IS,thousand,7,การแบ่งปันกำไรเบ็ดเสร็จรวม,ขันพืนฐาน (บาทต่อหุน้ ),ขันพืนฐาน (บาทต่อหุน้ ),,,0.842,0.19,0.05,0.01,0.03
TRUE,20260507-true-FSGroup-1q2026-th.pdf,CF,thousand,10,กระแสเงินสดจากกิจกรรมดำเนินงาน,กําไรก่อนภาษีเงินได้,กําไรก่อนภาษีเงินได้,PROFIT_BEFORE_TAX,PROFIT_BEFORE_TAX,1.0,6917249.0,1475086.0,452988.0,991121.0
TRUE,20260507-true-FSGroup-1q2026-th.pdf,CF,thousand,10,กระแสเงินสดจากกิจกรรมดำเนินงาน,ค่าเสือมราคาและค่าตัดจําหน่าย,ค่าเสือมราคาและค่าตัดจําหน่าย,DEPRECIATION_AMORTISATION,DEPRECIATION_AMORTISATION,1.0,17748015.0,17376961.0,260194.0,266811.0
TRUE,20260507-true-FSGroup-1q2026-th.pdf,CF,thousand,10,กระแสเงินสดจากกิจกรรมดำเนินงาน,ดอกเบียรับ,ดอกเบียรับ,INTEREST_INCOME_CF,INTEREST_INCOME_CF,1.0,-66228.0,-73765.0,-2111235.0,-1740051.0
TRUE,20260507-true-FSGroup-1q2026-th.pdf,CF,thousand,10,กระแสเงินสดจากกิจกรรมดำเนินงาน,ดอกเบียจ่าย 7,ดอกเบียจ่าย 7,,,0.773,4263134.0,4536849.0,2692065.0,2395743.0
TRUE,20260507-true-FSGroup-1q2026-th.pdf,CF,thousand,10,กระแสเงินสดจากกิจกรรมดำเนินงาน,ต้นทุนทางการเงินทีเกียวข้องกับใบอนุญาต 7,ต้นทุนทางการเงินทีเกียวข้องกับใบอนุญาต 7,,,0.592,381587.0,466436.0,,
TRUE,20260507-true-FSGroup-1q2026-th.pdf,CF,thousand,10,กระแสเงินสดจากกิจกรรมดำเนินงาน,เงินปั นผลรับ 17,เงินปั นผลรับ 17,DIVIDEND_INCOME,DIVIDEND_INCOME,1.0,-5959.0,,-485632.0,-485632.0
TRUE,20260507-true-FSGroup-1q2026-th.pdf,CF,thousand,10,กระแสเงินสดจากกิจกรรมดำเนินงาน,(กําไร)ขาดทุนจากการขายทีดิน อาคารและอุปกรณ์,(กําไร)ขาดทุนจากการขายทีดิน อาคารและอุปกรณ์,,,0.667,-49411.0,145381.0,920.0,-1291.0
TRUE,20260507-true-FSGroup-1q2026-th.pdf,CF,thousand,10,กระแสเงินสดจากกิจกรรมดำเนินงาน,(กําไร)ขาดทุนจากการยกเลิกสินทรัพย์สทิ ธิการใช้,(กําไร)ขาดทุนจากการยกเลิกสินทรัพย์สทิ ธิการใช้,,,0.69,-37852.0,36296.0,-225.0,-5331.0
TRUE,20260507-true-FSGroup-1q2026-th.pdf,CF,thousand,10,กระแสเงินสดจากกิจกรรมดำเนินงาน,ขาดทุนจากการด้อยค่าสินทรัพย์ -,ขาดทุนจากการด้อยค่าสินทรัพย์ -,,,0.679,,2609526.0,,945.0
TRUE,20260507-true-FSGroup-1q2026-th.pdf,CF,thousand,10,กระแสเงินสดจากกิจกรรมดำเนินงาน,ขาดทุนจากมูลค่าลดลงของสินค้าคงเหลือ,ขาดทุนจากมูลค่าลดลงของสินค้าคงเหลือ,,,0.58,75938.0,70211.0,,
TRUE,20260507-true-FSGroup-1q2026-th.pdf,CF,thousand,10,กระแสเงินสดจากกิจกรรมดำเนินงาน,ขาดทุนด้านเครดิตทีคาดว่าจะเกิดขึน(กลับรายการ),ขาดทุนด้านเครดิตทีคาดว่าจะเกิดขึน(กลับรายการ),,,0.809,582598.0,470330.0,,-209.0
TRUE,20260507-true-FSGroup-1q2026-th.pdf,CF,thousand,10,กระแสเงินสดจากกิจกรรมดำเนินงาน,ทีวัดมูลค่าผ่านกําไรหรือขาดทุน 5,ทีวัดมูลค่าผ่านกําไรหรือขาดทุน 5,,,0.782,-964.0,2753.0,,
TRUE,20260507-true-FSGroup-1q2026-th.pdf,CF,thousand,10,กระแสเงินสดจากกิจกรรมดำเนินงาน,ขาดทุนจากภาษีทไม่ ี สามารถขอคืนได้ - -,ขาดทุนจากภาษีทไม่ ี สามารถขอคืนได้ - -,,,0.625,,,38.0,144.0
TRUE,20260507-true-FSGroup-1q2026-th.pdf,CF,thousand,10,กระแสเงินสดจากกิจกรรมดำเนินงาน,ภาระผูกพันผลประโยชน์พนักงานทีเพิมขึน,ภาระผูกพันผลประโยชน์พนักงานทีเพิมขึน,,,0.878,69997.0,68826.0,30783.0,30343.0
TRUE,20260507-true-FSGroup-1q2026-th.pdf,CF,thousand,10,กระแสเงินสดจากกิจกรรมดำเนินงาน,(กําไร)ขาดทุนจากอัตราแลกเปลียนทียังไม่เกิดขึนจริง,(กําไร)ขาดทุนจากอัตราแลกเปลียนทียังไม่เกิดขึนจริง,,,0.767,-86918.0,-35327.0,-111.0,141.0
TRUE,20260507-true-FSGroup-1q2026-th.pdf,CF,thousand,10,กระแสเงินสดจากกิจกรรมดำเนินงาน,ส่วนแบ่งกําไรจากเงินลงทุน 9,ส่วนแบ่งกําไรจากเงินลงทุน 9,,,0.789,-745054.0,-753802.0,,
TRUE,20260507-true-FSGroup-1q2026-th.pdf,CF,thousand,10,กระแสเงินสดจากกิจกรรมดำเนินงาน,ภาระผูกพันผลประโยชน์พนักงาน - จ่ายชําระ,ภาระผูกพันผลประโยชน์พนักงาน - จ่ายชําระ,EMPLOYEE_BENEFIT_PROVISION_NONCURRENT,EMPLOYEE_BENEFIT_PROVISION_NONCURRENT,0.9,-24418.0,-67777.0,-17562.0,-34328.0
TRUE,20260507-true-FSGroup-1q2026-th.pdf,CF,thousand,10,กระแสเงินสดจากกิจกรรมดำเนินงาน,- ลูกหนีการค้าและลูกหนีหมุนเวียนอืน,- ลูกหนีการค้าและลูกหนีหมุนเวียนอืน,TRADE_RECEIVABLES,TRADE_RECEIVABLES,1.0,191840.0,317555.0,-394234.0,948450.0
TRUE,20260507-true-FSGroup-1q2026-th.pdf,CF,thousand,10,กระแสเงินสดจากกิจกรรมดำเนินงาน,- สินค้าคงเหลือ,- สินค้าคงเหลือ,INVENTORY,INVENTORY,1.0,39732.0,525551.0,37.0,-417.0
TRUE,20260507-true-FSGroup-1q2026-th.pdf,CF,thousand,10,กระแสเงินสดจากกิจกรรมดำเนินงาน,- สินทรัพย์หมุนเวียนอืน,- สินทรัพย์หมุนเวียนอืน,OTHER_CURRENT_ASSETS,OTHER_CURRENT_ASSETS,1.0,-697770.0,-1105660.0,3587.0,10566.0
TRUE,20260507-true-FSGroup-1q2026-th.pdf,CF,thousand,10,กระแสเงินสดจากกิจกรรมดำเนินงาน,- เงินลงทุนในค่าสิทธิสาํ หรับรายการภาพยนตร์,- เงินลงทุนในค่าสิทธิสาํ หรับรายการภาพยนตร์,,,0.641,-361590.0,-300994.0,,
TRUE,20260507-true-FSGroup-1q2026-th.pdf,CF,thousand,10,กระแสเงินสดจากกิจกรรมดำเนินงาน,- สินทรัพย์ไม่หมุนเวียนอืน,- สินทรัพย์ไม่หมุนเวียนอืน,OTHER_NONCURRENT_ASSETS,OTHER_NONCURRENT_ASSETS,1.0,14350.0,275687.0,875.0,14446.0
TRUE,20260507-true-FSGroup-1q2026-th.pdf,CF,thousand,10,กระแสเงินสดจากกิจกรรมดำเนินงาน,- เจ้าหนีการค้าและเจ้าหนีหมุนเวียนอืน,- เจ้าหนีการค้าและเจ้าหนีหมุนเวียนอืน,TRADE_PAYABLES,TRADE_PAYABLES,1.0,1087276.0,289362.0,-269282.0,-1456176.0
TRUE,20260507-true-FSGroup-1q2026-th.pdf,CF,thousand,10,กระแสเงินสดจากกิจกรรมดำเนินงาน,- หนีสินหมุนเวียนอืน,- หนีสินหมุนเวียนอืน,OTHER_CURRENT_LIAB,OTHER_CURRENT_LIAB,1.0,-608076.0,-123197.0,-505123.0,-116001.0
TRUE,20260507-true-FSGroup-1q2026-th.pdf,CF,thousand,10,กระแสเงินสดจากกิจกรรมดำเนินงาน,- หนีสินไม่หมุนเวียนอืน,- หนีสินไม่หมุนเวียนอืน,OTHER_NONCURRENT_LIAB,OTHER_NONCURRENT_LIAB,1.0,-1717.0,-80134.0,,-20397.0
TRUE,20260507-true-FSGroup-1q2026-th.pdf,CF,thousand,10,กระแสเงินสดจากกิจกรรมดำเนินงาน,เงินสดได้มาจาก(ใช้ไปใน)การดําเนินงาน,เงินสดได้มาจาก(ใช้ไปใน)การดําเนินงาน,CF_OPERATING_BEFORE_ITEMS,CF_OPERATING_BEFORE_ITEMS,1.0,28685759.0,26126154.0,-341917.0,798877.0
TRUE,20260507-true-FSGroup-1q2026-th.pdf,CF,thousand,10,กระแสเงินสดจากกิจกรรมดำเนินงาน,บวก เงินสดรับ - ดอกเบียรับ,บวก เงินสดรับ - ดอกเบียรับ,,,0.839,38855.0,37446.0,2635683.0,1482692.0
TRUE,20260507-true-FSGroup-1q2026-th.pdf,CF,thousand,10,กระแสเงินสดจากกิจกรรมดำเนินงาน,เงินสดรับ - ภาษีเงินได้,เงินสดรับ - ภาษีเงินได้,,,0.818,245364.0,280611.0,,
TRUE,20260507-true-FSGroup-1q2026-th.pdf,CF,thousand,10,กระแสเงินสดจากกิจกรรมดำเนินงาน,หัก เงินสดจ่าย - ดอกเบียจ่าย,หัก เงินสดจ่าย - ดอกเบียจ่าย,,,0.846,-4242710.0,-4813449.0,-2571444.0,-2571461.0
TRUE,20260507-true-FSGroup-1q2026-th.pdf,CF,thousand,10,กระแสเงินสดจากกิจกรรมดำเนินงาน,เงินสดจ่าย - ภาษีเงินได้,เงินสดจ่าย - ภาษีเงินได้,INCOME_TAX_PAID,INCOME_TAX_PAID,1.0,-435557.0,-471825.0,-93620.0,-49092.0
TRUE,20260507-true-FSGroup-1q2026-th.pdf,CF,thousand,10,กระแสเงินสดจากกิจกรรมดำเนินงาน,เงินสดสุทธิได้มาจาก(ใช้ไปใน)กิจกรรมดําเนินงาน,เงินสดสุทธิได้มาจาก(ใช้ไปใน)กิจกรรมดําเนินงาน,CF_OPERATING,CF_OPERATING,1.0,24291711.0,21158937.0,-371298.0,-338984.0
TRUE,20260507-true-FSGroup-1q2026-th.pdf,CF,thousand,11,กระแสเงินสดจากกิจกรรมลงทุน,เงินสดทีมีภาระผูกพันเพิมขึน,เงินสดทีมีภาระผูกพันเพิมขึน,,,0.735,-12434.0,-7861.0,-11733.0,-8385.0
TRUE,20260507-true-FSGroup-1q2026-th.pdf,CF,thousand,11,กระแสเงินสดจากกิจกรรมลงทุน,เงินให้กยู้ มื แก่กจิ การทีเกียวข้องกัน 21 - -,เงินให้กยู้ มื แก่กจิ การทีเกียวข้องกัน 21 - -,SHORT_TERM_LOANS_RELATED,SHORT_TERM_LOANS_RELATED,0.909,,,-14024371.0,-13841166.0
TRUE,20260507-true-FSGroup-1q2026-th.pdf,CF,thousand,11,กระแสเงินสดจากกิจกรรมลงทุน,เงินสดจ่ายซือทีดิน อาคารและอุปกรณ์,เงินสดจ่ายซือทีดิน อาคารและอุปกรณ์,,,0.75,-9394653.0,-7859815.0,-9903.0,-46.0
TRUE,20260507-true-FSGroup-1q2026-th.pdf,CF,thousand,11,กระแสเงินสดจากกิจกรรมลงทุน,เงินสดจ่ายซือสินทรัพย์ไม่มตี วั ตน,เงินสดจ่ายซือสินทรัพย์ไม่มตี วั ตน,,,0.75,-7451072.0,-14553893.0,-5009.0,
TRUE,20260507-true-FSGroup-1q2026-th.pdf,CF,thousand,11,กระแสเงินสดจากกิจกรรมลงทุน,เงินสดจ่ายซืออสังหาริมทรัพย์เพือการลงทุน,เงินสดจ่ายซืออสังหาริมทรัพย์เพือการลงทุน,,,0.818,-2425.0,-5892.0,,
TRUE,20260507-true-FSGroup-1q2026-th.pdf,CF,thousand,11,กระแสเงินสดจากกิจกรรมลงทุน,มูลค่ายุตธิ รรมผ่านกําไรหรือขาดทุน 5,มูลค่ายุตธิ รรมผ่านกําไรหรือขาดทุน 5,,,0.83,1450.0,8108.0,,
TRUE,20260507-true-FSGroup-1q2026-th.pdf,CF,thousand,11,กระแสเงินสดจากกิจกรรมลงทุน,มูลค่ายุตธิ รรมผ่านกําไรขาดทุนเบ็ดเสร็จอืน -,มูลค่ายุตธิ รรมผ่านกําไรขาดทุนเบ็ดเสร็จอืน -,,,0.843,,47725.0,,
TRUE,20260507-true-FSGroup-1q2026-th.pdf,CF,thousand,11,กระแสเงินสดจากกิจกรรมลงทุน,และสินทรัพย์ไม่มตี วั ตน,และสินทรัพย์ไม่มตี วั ตน,INTANGIBLES,INTANGIBLES,0.96,124793.0,85843.0,407.0,1392.0
TRUE,20260507-true-FSGroup-1q2026-th.pdf,CF,thousand,11,กระแสเงินสดจากกิจกรรมลงทุน,เงินสดรับจากเงินให้กยู้ มื แก่กจิ การทีเกียวข้องกัน 21 -,เงินสดรับจากเงินให้กยู้ มื แก่กจิ การทีเกียวข้องกัน 21 -,,,0.769,,3000.0,7075119.0,10239175.0
TRUE,20260507-true-FSGroup-1q2026-th.pdf,CF,thousand,11,กระแสเงินสดจากกิจกรรมลงทุน,"เงินปั นผลรับ 9, 17","กระแสเงินสดจากกิจกรรมลงทุน เงินปั นผลรับ 9, 17",DIVIDEND_RECEIVED,DIVIDEND_RECEIVED,1.0,507932.0,485632.0,485632.0,485632.0
TRUE,20260507-true-FSGroup-1q2026-th.pdf,CF,thousand,11,กระแสเงินสดจากกิจกรรมลงทุน,เงินสดสุทธิใช้ไปในกิจกรรมลงทุน,เงินสดสุทธิใช้ไปในกิจกรรมลงทุน,CF_INVESTING,CF_INVESTING,1.0,-16226409.0,-21797153.0,-6489858.0,-3123398.0
TRUE,20260507-true-FSGroup-1q2026-th.pdf,CF,thousand,11,กระแสเงินสดจากกิจกรรมจัดหาเงิน,เงินสดรับจากเงินกูย้ มื ระยะสัน,เงินสดรับจากเงินกูย้ มื ระยะสัน,,,0.8,3981977.0,13974903.0,3981977.0,11474903.0
TRUE,20260507-true-FSGroup-1q2026-th.pdf,CF,thousand,11,กระแสเงินสดจากกิจกรรมจัดหาเงิน,เงินสดรับจากเงินกูย้ มื,เงินสดรับจากเงินกูย้ มื,,,0.818,21911211.0,16382500.0,21911211.0,16382500.0
TRUE,20260507-true-FSGroup-1q2026-th.pdf,CF,thousand,11,กระแสเงินสดจากกิจกรรมจัดหาเงิน,เงินสดจ่ายชําระคืนเงินกูย้ มื ระยะสัน,เงินสดจ่ายชําระคืนเงินกูย้ มื ระยะสัน,,,0.694,-1600000.0,-7000882.0,-1600000.0,-7000000.0
TRUE,20260507-true-FSGroup-1q2026-th.pdf,CF,thousand,11,กระแสเงินสดจากกิจกรรมจัดหาเงิน,เงินสดจ่ายชําระคืนเงินกูย้ มื 14,เงินสดจ่ายชําระคืนเงินกูย้ มื 14,,,0.706,-28088600.0,-30892958.0,-19382200.0,-27159100.0
TRUE,20260507-true-FSGroup-1q2026-th.pdf,CF,thousand,11,กระแสเงินสดจากกิจกรรมจัดหาเงิน,เงินสดจ่ายชําระหนีสินตามสัญญาเช่า,เงินสดจ่ายชําระหนีสินตามสัญญาเช่า,,,0.714,-4665664.0,-4412775.0,-44001.0,-36084.0
TRUE,20260507-true-FSGroup-1q2026-th.pdf,CF,thousand,11,กระแสเงินสดจากกิจกรรมจัดหาเงิน,เงินสดสุทธิ(ใช้ไปใน)ได้มาจากกิจกรรมจัดหาเงิน,เงินสดสุทธิ(ใช้ไปใน)ได้มาจากกิจกรรมจัดหาเงิน,CF_FINANCING,CF_FINANCING,0.913,-8461076.0,-11949212.0,4866987.0,-6337781.0
TRUE,20260507-true-FSGroup-1q2026-th.pdf,CF,thousand,11,กระแสเงินสดจากกิจกรรมจัดหาเงิน,เงิ นสดและรายการเทียบเท่าเงิ นสดลดลงสุทธิ,เงิ นสดและรายการเทียบเท่าเงิ นสดลดลงสุทธิ,CASH_NET_CHANGE,CASH_NET_CHANGE,1.0,-395774.0,-12587428.0,-1994169.0,-9800163.0
TRUE,20260507-true-FSGroup-1q2026-th.pdf,CF,thousand,11,กระแสเงินสดจากกิจกรรมจัดหาเงิน,ยอดยกมาต้นรอบระยะเวลา,ยอดยกมาต้นรอบระยะเวลา,,,0.667,17890903.0,26831693.0,4437493.0,12059508.0
TRUE,20260507-true-FSGroup-1q2026-th.pdf,CF,thousand,11,กระแสเงินสดจากกิจกรรมจัดหาเงิน,ผลกระทบจากการเปลียนแปลงของอัตราแลกเปลียน,ผลกระทบจากการเปลียนแปลงของอัตราแลกเปลียน,CASH_FX_EFFECT,CASH_FX_EFFECT_AFTER,0.929,6995.0,4611.0,,
TRUE,20260507-true-FSGroup-1q2026-th.pdf,CF,thousand,11,กระแสเงินสดจากกิจกรรมจัดหาเงิน,ยอดคงเหลือสินรอบระยะเวลา,ยอดคงเหลือสินรอบระยะเวลา,,,0.645,17502124.0,14248876.0,2443324.0,2259345.0
GABLE,20260512-gable-fs-1q2026-th.pdf,SE,thousand,"9,10",งบรวม+งบเฉพาะกิจการ,ยอดคงเหลือ ณ วันที< 1 มกราคม 2569,ยอดคงเหลือ ณ วันที< 1 มกราคม,SE_OPENING,SE_OPENING,1.0,2320886.0,2221711.0,2042169.0,2029425.0
GABLE,20260512-gable-fs-1q2026-th.pdf,SE,thousand,"9,9",งบรวม+งบเฉพาะกิจการ,ก ําไรสําหรับงวด,ก ําไรสําหรับงวด,NET_PROFIT,NET_PROFIT,1.0,82787.0,-7347.0,,
GABLE,20260512-gable-fs-1q2026-th.pdf,SE,thousand,9,งบรวม,ก ําไรขาดทุนเบ็ดเสร็จอืนB สําหรับงวด,ก ําไรขาดทุนเบ็ดเสร็จอืนB สําหรับงวด,OCI_TOTAL,OCI_TOTAL,1.0,118.0,-5.0,,
GABLE,20260512-gable-fs-1q2026-th.pdf,SE,thousand,"9,10",งบรวม+งบเฉพาะกิจการ,ก ําไรขาดทุนเบ็ดเสร็จรวมสําหรับงวด,ก ําไรขาดทุนเบ็ดเสร็จรวมสําหรับงวด,TOTAL_COMPREHENSIVE_INCOME,TOTAL_COMPREHENSIVE_INCOME,1.0,82905.0,-7352.0,181727.0,-19294.0
GABLE,20260512-gable-fs-1q2026-th.pdf,SE,thousand,"9,10",งบรวม+งบเฉพาะกิจการ,การจ่ายโดยใช้หุน้ เป็ นเกณฑ์,การจ่ายโดยใช้หุน้ เป็ นเกณฑ์,SE_SHARE_BASED,SE_SHARE_BASED,1.0,14.0,311.0,,298.0
GABLE,20260512-gable-fs-1q2026-th.pdf,SE,thousand,9,งบรวม,เงินรับล่วงหน้าค ่าหุน้ จากการใช้สิทธิ ใบสําค ัญแสดงสิทธิในบริษทั ย่อย,เงินรับล่วงหน้าค ่าหุน้ จากการใช้สิทธิ ใบสําค ัญแสดงสิทธิในบริษทั ย่อย,SE_SHARE_SUBSCRIPTION,SE_SHARE_SUBSCRIPTION,1.0,4090.0,,,
GABLE,20260512-gable-fs-1q2026-th.pdf,SE,thousand,"9,10",งบรวม+งบเฉพาะกิจการ,ยอดคงเหลือ ณ วันที< 31 มีนาคม 2569,ยอดคงเหลือ ณ วันที< 31 มีนาคม,SE_CLOSING,SE_CLOSING,1.0,2407895.0,2214670.0,2223896.0,2010429.0
GABLE,20260512-gable-fs-1q2026-th.pdf,BS,thousand,3,สินทรัพย์หมุนเวียน,เงินสดและรายการเทียบเท่าเงินสด,เงินสดและรายการเทียบเท่าเงินสด,CASH,CASH,1.0,1341228.0,1687287.0,761584.0,1022940.0
GABLE,20260512-gable-fs-1q2026-th.pdf,BS,thousand,3,สินทรัพย์หมุนเวียน,ลูกหนีก@ ารค ้าและลูกหนีห@ มุนเวียนอืนB 3,ลูกหนีก@ ารค ้าและลูกหนีห@ มุนเวียนอืนB 3,TRADE_RECEIVABLES,TRADE_RECEIVABLES,1.0,704121.0,973329.0,629427.0,825004.0
GABLE,20260512-gable-fs-1q2026-th.pdf,BS,thousand,3,สินทรัพย์หมุนเวียน,รายได้ทยีB งั ไม่เรียกช ําระ 11,รายได้ทยีB งั ไม่เรียกช ําระ 11,UNBILLED_REVENUE,UNBILLED_REVENUE,1.0,905051.0,775952.0,837678.0,700389.0
GABLE,20260512-gable-fs-1q2026-th.pdf,BS,thousand,3,สินทรัพย์หมุนเวียน,เงินให้กยืู้ มระยะสั@นแก ่บริษทั ย่อย 2,เงินให้กยืู้ มระยะสั@นแก ่บริษทั ย่อย 2,SHORT_TERM_LOANS_RELATED,SHORT_TERM_LOANS_RELATED,1.0,,,37500.0,37500.0
GABLE,20260512-gable-fs-1q2026-th.pdf,BS,thousand,3,สินทรัพย์หมุนเวียน,สินค ้าคงเหลือ,สินค ้าคงเหลือ,INVENTORY,INVENTORY,1.0,37379.0,13163.0,37558.0,13194.0
GABLE,20260512-gable-fs-1q2026-th.pdf,BS,thousand,3,สินทรัพย์หมุนเวียน,สินทรัพย์ภาษีเงินได้ของงวดปัจจุบนั,สินทรัพย์ภาษีเงินได้ของงวดปัจจุบนั,CURRENT_TAX_ASSETS,CURRENT_TAX_ASSETS,1.0,15621.0,77774.0,10678.0,58873.0
GABLE,20260512-gable-fs-1q2026-th.pdf,BS,thousand,3,สินทรัพย์หมุนเวียน,ต้นทุนบริการและค ่าใช้จ่ายอืนB จ่ายล่วงหน้า 4,ต้นทุนบริการและค ่าใช้จ่ายอืนB จ่ายล่วงหน้า 4,PREPAID_SERVICE_COST,PREPAID_SERVICE_COST,1.0,2303144.0,2360955.0,2152591.0,2168936.0
GABLE,20260512-gable-fs-1q2026-th.pdf,BS,thousand,3,สินทรัพย์หมุนเวียน,สินทรัพย์ทางการเงินหมุนเวียนอืนB,สินทรัพย์ทางการเงินหมุนเวียนอืนB,OTHER_CURRENT_FIN_ASSETS,OTHER_CURRENT_FIN_ASSETS,1.0,14450.0,10342.0,3539.0,
GABLE,20260512-gable-fs-1q2026-th.pdf,BS,thousand,3,สินทรัพย์หมุนเวียน,สินทรัพย์หมุนเวียนอืนB,สินทรัพย์หมุนเวียนอืนB,OTHER_CURRENT_ASSETS,OTHER_CURRENT_ASSETS,1.0,13142.0,17717.0,7696.0,11984.0
GABLE,20260512-gable-fs-1q2026-th.pdf,BS,thousand,3,สินทรัพย์หมุนเวียน,รวมสินทรัพย์หมุนเวียน,รวมสินทรัพย์หมุนเวียน,TOTAL_CURRENT_ASSETS,TOTAL_CURRENT_ASSETS,1.0,5334136.0,5916519.0,4478251.0,4838820.0
GABLE,20260512-gable-fs-1q2026-th.pdf,BS,thousand,3,สินทรัพย์ไม่หมุนเวียน,@ํ ัน,เงินฝากธนาคารทีมB ีภาระคาประก @ํ ัน,RESTRICTED_DEPOSITS,RESTRICTED_DEPOSITS,1.0,100.0,100.0,,
GABLE,20260512-gable-fs-1q2026-th.pdf,BS,thousand,3,สินทรัพย์ไม่หมุนเวียน,เงินลงทุนในบริษทั ย่อย,เงินลงทุนในบริษทั ย่อย,INVEST_SUBSIDIARY,INVEST_SUBSIDIARY,1.0,,,500671.0,500671.0
GABLE,20260512-gable-fs-1q2026-th.pdf,BS,thousand,3,สินทรัพย์ไม่หมุนเวียน,เงินลงทุนในบริษทั ร่วม 5,เงินลงทุนในบริษทั ร่วม 5,INVEST_ASSOCIATE,INVEST_ASSOCIATE,1.0,39557.0,39626.0,,
GABLE,20260512-gable-fs-1q2026-th.pdf,BS,thousand,3,สินทรัพย์ไม่หมุนเวียน,อุปกรณ์ 6,อุปกรณ์ 6,PPE,PPE,1.0,52526.0,58262.0,46917.0,51999.0
GABLE,20260512-gable-fs-1q2026-th.pdf,BS,thousand,3,สินทรัพย์ไม่หมุนเวียน,สินทรัพย์สิทธิการใช้,สินทรัพย์สิทธิการใช้,RIGHT_OF_USE,RIGHT_OF_USE,1.0,87356.0,90442.0,70028.0,72136.0
GABLE,20260512-gable-fs-1q2026-th.pdf,BS,thousand,3,สินทรัพย์ไม่หมุนเวียน,ค ่าความนิยม,ค ่าความนิยม,GOODWILL,GOODWILL,1.0,309507.0,309507.0,,
GABLE,20260512-gable-fs-1q2026-th.pdf,BS,thousand,3,สินทรัพย์ไม่หมุนเวียน,สินทรัพย์ไ ม่มีตวั ตน 7,สินทรัพย์ไ ม่มีตวั ตน 7,INTANGIBLES,INTANGIBLES,1.0,85943.0,88281.0,53865.0,58225.0
GABLE,20260512-gable-fs-1q2026-th.pdf,BS,thousand,3,สินทรัพย์ไม่หมุนเวียน,ภาษีเงินได้หกั ณ ทีจB ่าย,ภาษีเงินได้หกั ณ ทีจB ่าย,WHT_ASSETS,WHT_ASSETS,1.0,216571.0,138797.0,191247.0,132374.0
GABLE,20260512-gable-fs-1q2026-th.pdf,BS,thousand,3,สินทรัพย์ไม่หมุนเวียน,สินทรัพย์ภาษีเงินได้รอการตัดบัญชี,สินทรัพย์ภาษีเงินได้รอการตัดบัญชี,DEFERRED_TAX_ASSETS,DEFERRED_TAX_ASSETS,1.0,65785.0,65922.0,53489.0,53525.0
GABLE,20260512-gable-fs-1q2026-th.pdf,BS,thousand,3,สินทรัพย์ไม่หมุนเวียน,สินทรัพย์ไ ม่หมุนเวียนอืนB,สินทรัพย์ไ ม่หมุนเวียนอืนB,OTHER_NONCURRENT_ASSETS,OTHER_NONCURRENT_ASSETS,1.0,10265.0,9307.0,9342.0,8474.0
GABLE,20260512-gable-fs-1q2026-th.pdf,BS,thousand,3,สินทรัพย์ไม่หมุนเวียน,รวมสินทรัพย์ไม่หมุนเวียน,รวมสินทรัพย์ไม่หมุนเวียน,TOTAL_NONCURRENT_ASSETS,TOTAL_NONCURRENT_ASSETS,1.0,867610.0,800244.0,925559.0,877404.0
GABLE,20260512-gable-fs-1q2026-th.pdf,BS,thousand,3,สินทรัพย์ไม่หมุนเวียน,รวมสินทรัพย์,รวมสินทรัพย์,TOTAL_ASSETS,TOTAL_ASSETS,1.0,6201746.0,6716763.0,5403810.0,5716224.0
GABLE,20260512-gable-fs-1q2026-th.pdf,BS,thousand,4,หนี้สินหมุนเวียน,เจ้าหนีก@ ารค ้าและเจ้าหนีห@ มุนเวียนอืนB,เจ้าหนีก@ ารค ้าและเจ้าหนีห@ มุนเวียนอืนB,TRADE_PAYABLES,TRADE_PAYABLES,1.0,516548.0,783996.0,465600.0,752596.0
GABLE,20260512-gable-fs-1q2026-th.pdf,BS,thousand,4,หนี้สินหมุนเวียน,ภาษีเงินได้นติ บิ คุ คลค ้างจ่าย,ภาษีเงินได้นติ บิ คุ คลค ้างจ่าย,INCOME_TAX_PAYABLE,INCOME_TAX_PAYABLE,1.0,3638.0,3008.0,,
GABLE,20260512-gable-fs-1q2026-th.pdf,BS,thousand,4,หนี้สินหมุนเวียน,ภายในหนึBงปี,ส่วนของหนีส@ ินตามสัญญาเช่าทีถB งึ ก ําหนดช ําระ ภายในหนึBงปี,CURRENT_LEASE_LIABILITIES,CURRENT_LEASE_LIABILITIES,1.0,18390.0,17953.0,14580.0,14207.0
GABLE,20260512-gable-fs-1q2026-th.pdf,BS,thousand,4,หนี้สินหมุนเวียน,รายได้รับล่วงหน้า,รายได้รับล่วงหน้า,DEFERRED_REVENUE,DEFERRED_REVENUE,1.0,2599255.0,2770275.0,2127559.0,2223904.0
GABLE,20260512-gable-fs-1q2026-th.pdf,BS,thousand,4,หนี้สินหมุนเวียน,ค ่าใช้จ่ายค ้างจ่าย,ค ่าใช้จ่ายค ้างจ่าย,ACCRUED_EXPENSES,ACCRUED_EXPENSES,1.0,241601.0,375314.0,227768.0,323362.0
GABLE,20260512-gable-fs-1q2026-th.pdf,BS,thousand,4,หนี้สินหมุนเวียน,หนีส@ ินทางการเงินหมุนเวียนอืนB,หนีส@ ินทางการเงินหมุนเวียนอืนB,OTHER_CURRENT_FIN_LIAB,OTHER_CURRENT_FIN_LIAB,1.0,,4121.0,,2695.0
GABLE,20260512-gable-fs-1q2026-th.pdf,BS,thousand,4,หนี้สินหมุนเวียน,หนีส@ ินหมุนเวียนอืนB,หนีส@ ินหมุนเวียนอืนB,OTHER_CURRENT_LIAB,OTHER_CURRENT_LIAB,1.0,47382.0,74413.0,38167.0,54384.0
GABLE,20260512-gable-fs-1q2026-th.pdf,BS,thousand,4,หนี้สินหมุนเวียน,รวมหนสิีE นหมุนเวียน,รวมหนสิีE นหมุนเวียน,TOTAL_CURRENT_LIAB,TOTAL_CURRENT_LIAB,1.0,3426814.0,4029080.0,2873674.0,3371148.0
GABLE,20260512-gable-fs-1q2026-th.pdf,BS,thousand,4,หนี้สินไม่หมุนเวียน,ถึงก ําหนดช ําระภายในหนึBงปี,หนีส@ ินตามสัญญาเช่า - สุทธิจากส่วนทีB ถึงก ําหนดช ําระภายในหนึBงปี,LEASE_LIABILITIES,LEASE_LIABILITIES,1.0,78415.0,81757.0,63574.0,65943.0
GABLE,20260512-gable-fs-1q2026-th.pdf,BS,thousand,4,หนี้สินไม่หมุนเวียน,ประมาณการหนีส@ ินสําหรับผลประโยชน์พนักงาน,ประมาณการหนีส@ ินสําหรับผลประโยชน์พนักงาน,EMPLOYEE_BENEFIT_PROVISION,EMPLOYEE_BENEFIT_PROVISION,1.0,281848.0,275122.0,237063.0,231333.0
GABLE,20260512-gable-fs-1q2026-th.pdf,BS,thousand,4,หนี้สินไม่หมุนเวียน,หนีส@ ินไม่หมุนเวียนอืนB,หนีส@ ินไม่หมุนเวียนอืนB,OTHER_NONCURRENT_LIAB,OTHER_NONCURRENT_LIAB,1.0,6774.0,9918.0,5603.0,5631.0
GABLE,20260512-gable-fs-1q2026-th.pdf,BS,thousand,4,หนี้สินไม่หมุนเวียน,รวมหนสิีE นไม่หมุนเวียน,รวมหนสิีE นไม่หมุนเวียน,TOTAL_NONCURRENT_LIAB,TOTAL_NONCURRENT_LIAB,1.0,367037.0,366797.0,306240.0,302907.0
GABLE,20260512-gable-fs-1q2026-th.pdf,BS,thousand,4,หนี้สินไม่หมุนเวียน,รวมหนสิีE น,รวมหนสิีE น,TOTAL_LIABILITIES,TOTAL_LIABILITIES,1.0,3793851.0,4395877.0,3179914.0,3674055.0
GABLE,20260512-gable-fs-1q2026-th.pdf,BS,thousand,5,ทุนจดทะเบียน,"หุน้ สามัญ 707,500,000 หุน้ มูลค ่าหุน้ ละ 1 บาท","หุน้ สามัญ 707,500,000 หุน้ มูลค ่าหุน้ ละ 1 บาท",SHARE_CAPITAL_DESC,SHARE_CAPITAL_DESC,1.0,707500.0,707500.0,707500.0,707500.0
GABLE,20260512-gable-fs-1q2026-th.pdf,BS,thousand,5,ทุนจดทะเบียน,"หุน้ สามัญ 700,021,420 หุน้ มูลค ่าหุน้ ละ 1 บาท","หุน้ สามัญ 700,021,420 หุน้ มูลค ่าหุน้ ละ 1 บาท",ISSUED_CAPITAL_DESC,ISSUED_CAPITAL_DESC,1.0,700021.0,700021.0,700021.0,700021.0
GABLE,20260512-gable-fs-1q2026-th.pdf,BS,thousand,5,ทุนจดทะเบียน,ส่วนเก ินมูลค ่าหุน้ สามัญ,ส่วนเก ินมูลค ่าหุน้ สามัญ,SHARE_PREMIUM,SHARE_PREMIUM,1.0,932329.0,932329.0,932329.0,932329.0
GABLE,20260512-gable-fs-1q2026-th.pdf,BS,thousand,5,ทุนจดทะเบียน,ส่วนเก ินจากการรวมธุรก ิจภายใต้การควบค ุมเดียวก ัน,ส่วนเก ินจากการรวมธุรก ิจภายใต้การควบค ุมเดียวก ัน,BUSINESS_COMBINATION_SURPLUS,BUSINESS_COMBINATION_SURPLUS,1.0,134623.0,134623.0,,
GABLE,20260512-gable-fs-1q2026-th.pdf,BS,thousand,5,ทุนจดทะเบียน,ในบริษทั ย่อย,ส่วนเก ินทุนจากการเปลียB นแปลงสัดส่วนการถือหุน้ ในบริษทั ย่อย,OWNERSHIP_CHANGE_RESERVE,OWNERSHIP_CHANGE_RESERVE,0.972,1658.0,1658.0,,
GABLE,20260512-gable-fs-1q2026-th.pdf,BS,thousand,5,ทุนจดทะเบียน,สํารองส่วนทุนจากการจ่ายโดยใช้หุน้ เป็ นเกณฑ์,สํารองส่วนทุนจากการจ่ายโดยใช้หุน้ เป็ นเกณฑ์,SHARE_BASED_PAYMENT_RESERVE,SHARE_BASED_PAYMENT_RESERVE,1.0,8044.0,8030.0,7969.0,7969.0
GABLE,20260512-gable-fs-1q2026-th.pdf,BS,thousand,5,ทุนจดทะเบียน,จัดสรรแล้ว - สํารองตามกฎหมาย,จัดสรรแล้ว - สํารองตามกฎหมาย,LEGAL_RESERVE,LEGAL_RESERVE,1.0,70750.0,70750.0,70750.0,70750.0
GABLE,20260512-gable-fs-1q2026-th.pdf,BS,thousand,5,ทุนจดทะเบียน,ยังไม่ไ ด้จัดสรร,ยังไม่ไ ด้จัดสรร,RETAINED_EARNINGS,RETAINED_EARNINGS,1.0,523504.0,439553.0,512827.0,331100.0
GABLE,20260512-gable-fs-1q2026-th.pdf,BS,thousand,5,ทุนจดทะเบียน,องค ์ประกอบอืนB ของส่วนของผถ้ ู อื หุน้,องค ์ประกอบอืนB ของส่วนของผถ้ ู อื หุน้,OTHER_EQUITY_COMPONENTS,OTHER_EQUITY_COMPONENTS,1.0,-69.0,-187.0,,
GABLE,20260512-gable-fs-1q2026-th.pdf,BS,thousand,5,ทุนจดทะเบียน,ส่วนของผถ้ ู อื หุน้ ของบริษทั ฯ,ส่วนของผถ้ ู อื หุน้ ของบริษทั ฯ,EQUITY_PARENT,EQUITY_PARENT,1.0,2370860.0,2286777.0,2223896.0,2042169.0
GABLE,20260512-gable-fs-1q2026-th.pdf,BS,thousand,5,ทุนจดทะเบียน,ส่วนของผม้ ู ีส่วนได้เสียทีไB ม่มีอ ํานาจควบค ุมของบริษทั ย่อย,ส่วนของผม้ ู ีส่วนได้เสียทีไB ม่มีอ ํานาจควบค ุมของบริษทั ย่อย,NCI,NCI,1.0,37035.0,34109.0,,
GABLE,20260512-gable-fs-1q2026-th.pdf,BS,thousand,5,ทุนจดทะเบียน,รวมส่ วนของผู้ ถือหุ้น,รวมส่ วนของผู้ ถือหุ้น,TOTAL_EQUITY,TOTAL_EQUITY,1.0,2407895.0,2320886.0,2223896.0,2042169.0
GABLE,20260512-gable-fs-1q2026-th.pdf,BS,thousand,5,ทุนจดทะเบียน,รวมหนสิีE นและส่ วนของผู้ ถือหุ้น,รวมหนสิีE นและส่ วนของผู้ ถือหุ้น,TOTAL_LIAB_EQUITY,TOTAL_LIAB_EQUITY,1.0,6201746.0,6716763.0,5403810.0,5716224.0
GABLE,20260512-gable-fs-1q2026-th.pdf,IS,thousand,6,,รายได้จากการขายและให้บริการ 11,รายได้จากการขายและให้บริการ 11,REVENUE,REVENUE,1.0,1504451.0,1381212.0,1248724.0,1122024.0
GABLE,20260512-gable-fs-1q2026-th.pdf,IS,thousand,6,,ต้นทุนขายและให้บริการ,ต้นทุนขายและให้บริการ,COGS,COGS,1.0,-1214198.0,-1147399.0,-1024146.0,-941316.0
GABLE,20260512-gable-fs-1q2026-th.pdf,IS,thousand,6,,กําไรขัEนต้ น,กําไรขัEนต้ น,GROSS_PROFIT,GROSS_PROFIT,1.0,290253.0,233813.0,224578.0,180708.0
GABLE,20260512-gable-fs-1q2026-th.pdf,IS,thousand,6,,รายได้เงินปันผล 2,รายได้เงินปันผล 2,DIVIDEND_INCOME,DIVIDEND_INCOME,1.0,,,120000.0,
GABLE,20260512-gable-fs-1q2026-th.pdf,IS,thousand,6,,รายได้ค ่าบริหารจัดการ,รายได้ค ่าบริหารจัดการ,MANAGEMENT_FEE_INCOME,MANAGEMENT_FEE_INCOME,1.0,,,3721.0,3471.0
GABLE,20260512-gable-fs-1q2026-th.pdf,IS,thousand,6,,รายได้อนืB,รายได้อนืB,OTHER_INCOME,OTHER_INCOME,1.0,15235.0,5067.0,9852.0,3708.0
GABLE,20260512-gable-fs-1q2026-th.pdf,IS,thousand,6,,กําไรก่อนค่าใช้จ่าย,กําไรก่อนค่าใช้จ่าย,PROFIT_BEFORE_EXPENSES,PROFIT_BEFORE_EXPENSES,1.0,305488.0,238880.0,358151.0,187887.0
GABLE,20260512-gable-fs-1q2026-th.pdf,IS,thousand,6,,ค ่าใช้จ่ายในการขายและจัดจําหน่าย,ค ่าใช้จ่ายในการขายและจัดจําหน่าย,SELLING_EXPENSES,SELLING_EXPENSES,1.0,-97528.0,-95168.0,-80806.0,-80963.0
GABLE,20260512-gable-fs-1q2026-th.pdf,IS,thousand,6,,ค ่าใช้จ่ายในการบริหาร,ค ่าใช้จ่ายในการบริหาร,ADMIN_EXPENSES,ADMIN_EXPENSES,1.0,-103209.0,-143264.0,-79426.0,-121493.0
GABLE,20260512-gable-fs-1q2026-th.pdf,IS,thousand,6,,ค ่าใช้จ่ายอืนB,ค ่าใช้จ่ายอืนB,OTHER_EXPENSES,OTHER_EXPENSES,1.0,-302.0,,-457.0,-709.0
GABLE,20260512-gable-fs-1q2026-th.pdf,IS,thousand,6,,รวมค่าใช้จ่าย,รวมค่าใช้จ่าย,TOTAL_EXPENSES,TOTAL_EXPENSES,1.0,-201039.0,-238432.0,-160689.0,-203165.0
GABLE,20260512-gable-fs-1q2026-th.pdf,IS,thousand,6,,กําไร (ขาดทุน) จากการดําเน ินงาน,กําไร (ขาดทุน) จากการดําเน ินงาน,OPERATING_PROFIT,OPERATING_PROFIT,1.0,104449.0,448.0,197462.0,-15278.0
GABLE,20260512-gable-fs-1q2026-th.pdf,IS,thousand,6,,ส่วนแบ่งก ําไร (ขาดทุน) จากเงินลงทุนในบริษทั ร่วม,ส่วนแบ่งก ําไร (ขาดทุน) จากเงินลงทุนในบริษทั ร่วม,SHARE_OF_PROFIT_ASSOCIATE,SHARE_OF_PROFIT_ASSOCIATE,1.0,-69.0,104.0,,
GABLE,20260512-gable-fs-1q2026-th.pdf,IS,thousand,6,,รายได้ทางการเงิน,รายได้ทางการเงิน,FINANCE_INCOME,FINANCE_INCOME,1.0,43.0,25.0,194.0,257.0
GABLE,20260512-gable-fs-1q2026-th.pdf,IS,thousand,6,,ต้นทุนทางการเงิน,ต้นทุนทางการเงิน,FINANCE_COST,FINANCE_COST,1.0,-1055.0,-1134.0,-799.0,-807.0
GABLE,20260512-gable-fs-1q2026-th.pdf,IS,thousand,6,,กําไร (ขาดทุน) ก่อนค่าใช้จ่ายภาษีเงินได้,กําไร (ขาดทุน) ก่อนค่าใช้จ่ายภาษีเงินได้,PROFIT_BEFORE_TAX,PROFIT_BEFORE_TAX,1.0,103368.0,-557.0,196857.0,-15828.0
GABLE,20260512-gable-fs-1q2026-th.pdf,IS,thousand,6,,ค ่าใช้จ่ายภาษีเงินได้ 10,ค ่าใช้จ่ายภาษีเงินได้ 10,INCOME_TAX_EXPENSE,INCOME_TAX_EXPENSE,1.0,-20581.0,-6790.0,-15130.0,-3466.0
GABLE,20260512-gable-fs-1q2026-th.pdf,IS,thousand,6,,กําไร (ขาดทุน) สําหรับงวด,กําไร (ขาดทุน) สําหรับงวด,NET_PROFIT,NET_PROFIT,1.0,82787.0,-7347.0,181727.0,-19294.0
GABLE,20260512-gable-fs-1q2026-th.pdf,IS,thousand,6,กำไรขาดทุนเบ็ดเสร็จอื่น,ทีเB ป็ นเงินตราต่างประเทศ,ผลต่างของอัตราแลกเปลียB นจากการแปลงค ่างบการเงิน ทีเB ป็ นเงินตราต่างประเทศ,OCI_FX_TRANSLATION,OCI_FX_TRANSLATION,1.0,118.0,-5.0,,
GABLE,20260512-gable-fs-1q2026-th.pdf,IS,thousand,6,กำไรขาดทุนเบ็ดเสร็จอื่น,กําไรขาดทุนเบ็ดเสร็จอื<นสําหรับงวด,กําไรขาดทุนเบ็ดเสร็จอื<นสําหรับงวด,OCI_TOTAL,OCI_TOTAL,1.0,118.0,-5.0,,
GABLE,20260512-gable-fs-1q2026-th.pdf,IS,thousand,6,กำไรขาดทุนเบ็ดเสร็จอื่น,กําไรขาดทุนเบ็ดเสร็จรวมสําหรับงวด,กําไรขาดทุนเบ็ดเสร็จรวมสําหรับงวด,TOTAL_COMPREHENSIVE_INCOME,TOTAL_COMPREHENSIVE_INCOME,1.0,82905.0,-7352.0,181727.0,-19294.0
GABLE,20260512-gable-fs-1q2026-th.pdf,IS,thousand,6,การแบ่งปันกำไร (ขาดทุน),ส่วนทีเB ป็ นของผถ้ ู อื หุน้ ของบริษทั ฯ,การแบ่งปันกำไร (ขาดทุน) ส่วนทีเB ป็ นของผถ้ ู อื หุน้ ของบริษทั ฯ,PROFIT_ATTRIB_PARENT,PROFIT_ATTRIB_PARENT,1.0,83951.0,-8183.0,181727.0,-19294.0
GABLE,20260512-gable-fs-1q2026-th.pdf,IS,thousand,6,การแบ่งปันกำไร (ขาดทุน),ส่วนทีเB ป็ นของผม้ ู ีส่วนได้เสียทีไB ม่มีอ ํานาจควบค ุมของบริษทั ย่อย,การแบ่งปันกำไร (ขาดทุน) ส่วนทีเB ป็ นของผม้ ู ีส่วนได้เสียทีไB ม่มีอ ํานาจควบค ุมของบริษทั ย่อย,PROFIT_ATTRIB_NCI,PROFIT_ATTRIB_NCI,1.0,-1164.0,836.0,,
GABLE,20260512-gable-fs-1q2026-th.pdf,IS,thousand,6,การแบ่งปันกำไร (ขาดทุน) เบ็ดเสร็จรวม,ส่วนทีเB ป็ นของผถ้ ู อื หุน้ ของบริษทั ฯ,การแบ่งปันกำไร (ขาดทุน) เบ็ดเสร็จรวม ส่วนทีเB ป็ นของผถ้ ู อื หุน้ ของบริษทั ฯ,TCI_ATTRIB_PARENT,TCI_ATTRIB_PARENT,1.0,84069.0,-8188.0,181727.0,-19294.0
GABLE,20260512-gable-fs-1q2026-th.pdf,IS,thousand,6,การแบ่งปันกำไร (ขาดทุน) เบ็ดเสร็จรวม,ส่วนทีเB ป็ นของผม้ ู ีส่วนได้เสียทีไB ม่มีอ ํานาจควบค ุมของบริษทั ย่อย,การแบ่งปันกำไร (ขาดทุน) เบ็ดเสร็จรวม ส่วนทีเB ป็ นของผม้ ู ีส่วนได้เสียทีไB ม่มีอ ํานาจควบค ุมของบริษทั ย่อย,TCI_ATTRIB_NCI,TCI_ATTRIB_NCI,1.0,-1164.0,836.0,,
GABLE,20260512-gable-fs-1q2026-th.pdf,IS,thousand,6,กำไรขาดทุนต่อหุ้น,ก ําไร (ขาดทุน) ส่วนทีเB ป็ นของผถ้ ู อื หุน้ ของบริษทั ฯ,ก ําไร (ขาดทุน) ต่อหุน้ ขั@นพืน@ ฐาน ก ําไร (ขาดทุน) ส่วนทีเB ป็ นของผถ้ ู อื หุน้ ของบริษทั ฯ,EPS,EPS,1.0,0.12,-0.01,0.26,-0.03
GABLE,20260512-gable-fs-1q2026-th.pdf,CF,thousand,7,กระแสเงินสดจากกิจกรรมดำเนินงาน,ก ําไร (ขาดทุน) ก ่อนภาษี,ก ําไร (ขาดทุน) ก ่อนภาษี,,,0.783,103368.0,-557.0,196857.0,-15828.0
GABLE,20260512-gable-fs-1q2026-th.pdf,CF,thousand,7,กระแสเงินสดจากกิจกรรมดำเนินงาน,ค ่าเสืBอมราคาและค ่าตัดจําหน่าย,ค ่าเสืBอมราคาและค ่าตัดจําหน่าย,DEPRECIATION_AMORTISATION,DEPRECIATION_AMORTISATION,1.0,18777.0,20896.0,13456.0,16090.0
GABLE,20260512-gable-fs-1q2026-th.pdf,CF,thousand,7,กระแสเงินสดจากกิจกรรมดำเนินงาน,โอนกลับขาดทุนจากการด้อยค ่าของสินทรัพย์ทางการเงิน,โอนกลับขาดทุนจากการด้อยค ่าของสินทรัพย์ทางการเงิน,,,0.758,-257.0,,-257.0,
GABLE,20260512-gable-fs-1q2026-th.pdf,CF,thousand,7,กระแสเงินสดจากกิจกรรมดำเนินงาน,ส่วนแบ่งขาดทุน (ก ําไร) จากเงินลงทุนในบริษทั ร่วม,ส่วนแบ่งขาดทุน (ก ําไร) จากเงินลงทุนในบริษทั ร่วม,SHARE_OF_PROFIT_ASSOCIATE,SHARE_OF_PROFIT_ASSOCIATE,0.926,69.0,-104.0,,
GABLE,20260512-gable-fs-1q2026-th.pdf,CF,thousand,7,กระแสเงินสดจากกิจกรรมดำเนินงาน,ประมาณการหนีส@ ินสําหรับผลประโยชน์พนักงาน,ประมาณการหนีส@ ินสําหรับผลประโยชน์พนักงาน,EMPLOYEE_BENEFIT_PROVISION,EMPLOYEE_BENEFIT_PROVISION,1.0,7108.0,5994.0,5730.0,4798.0
GABLE,20260512-gable-fs-1q2026-th.pdf,CF,thousand,7,กระแสเงินสดจากกิจกรรมดำเนินงาน,ผลขาดทุนจากการประมาณการหนีส@ ินขาดทุนโครงการ (โอนกลับ),ผลขาดทุนจากการประมาณการหนีส@ ินขาดทุนโครงการ (โอนกลับ),,,0.543,81.0,-665.0,159.0,-848.0
GABLE,20260512-gable-fs-1q2026-th.pdf,CF,thousand,7,กระแสเงินสดจากกิจกรรมดำเนินงาน,ขาดทุน (ก ําไร) จากอัตราแลกเปลียB นทียB งั ไม่เก ิดขึ@นจริง,ขาดทุน (ก ําไร) จากอัตราแลกเปลียB นทียB งั ไม่เก ิดขึ@นจริง,,,0.7,-607.0,98.0,-406.0,23.0
GABLE,20260512-gable-fs-1q2026-th.pdf,CF,thousand,7,กระแสเงินสดจากกิจกรรมดำเนินงาน,และหนีส@ ินทางการเงิน,และหนีส@ ินทางการเงิน,,,0.778,-11390.0,-1463.0,-6262.0,-1446.0
GABLE,20260512-gable-fs-1q2026-th.pdf,CF,thousand,7,กระแสเงินสดจากกิจกรรมดำเนินงาน,ก ําไรจากปรับมูลค ่ายุตธิ รรมของเงินลงทุนในหลักทรัพย์เพือB ค ้า,ก ําไรจากปรับมูลค ่ายุตธิ รรมของเงินลงทุนในหลักทรัพย์เพือB ค ้า,,,0.543,-21.0,-40.0,,
GABLE,20260512-gable-fs-1q2026-th.pdf,CF,thousand,7,กระแสเงินสดจากกิจกรรมดำเนินงาน,ค ่าใช้จ่ายจากการจ่ายโดยใช้หุน้ เป็ นเกณฑ์,ค ่าใช้จ่ายจากการจ่ายโดยใช้หุน้ เป็ นเกณฑ์,,,0.824,14.0,311.0,,275.0
GABLE,20260512-gable-fs-1q2026-th.pdf,CF,thousand,7,กระแสเงินสดจากกิจกรรมดำเนินงาน,รายได้เงินปันผล,รายได้เงินปันผล,DIVIDEND_INCOME,DIVIDEND_INCOME,1.0,,,-120000.0,
GABLE,20260512-gable-fs-1q2026-th.pdf,CF,thousand,7,กระแสเงินสดจากกิจกรรมดำเนินงาน,รายได้ทางการเงิน,รายได้ทางการเงิน,FINANCE_INCOME,FINANCE_INCOME,1.0,-43.0,-25.0,-194.0,-257.0
GABLE,20260512-gable-fs-1q2026-th.pdf,CF,thousand,7,กระแสเงินสดจากกิจกรรมดำเนินงาน,ต้นทุนทางการเงิน,ต้นทุนทางการเงิน,FINANCE_COST,FINANCE_COST,1.0,1055.0,1134.0,799.0,807.0
GABLE,20260512-gable-fs-1q2026-th.pdf,CF,thousand,7,กระแสเงินสดจากกิจกรรมดำเนินงาน,และหนีส@ ินด ําเนินงาน,ก ําไรจากการด ําเนินงานก ่อนการเปลียB นแปลงในสินทรัพย์ และหนีส@ ินด ําเนินงาน,PROFIT_BEFORE_WC_CHANGE,PROFIT_BEFORE_WC_CHANGE,1.0,118154.0,25579.0,89882.0,3614.0
GABLE,20260512-gable-fs-1q2026-th.pdf,CF,thousand,7,กระแสเงินสดจากกิจกรรมดำเนินงาน,ลูกหนีก@ ารค ้าและลูกหนีห@ มุนเวียนอืนB,ลูกหนีก@ ารค ้าและลูกหนีห@ มุนเวียนอืนB,TRADE_RECEIVABLES,TRADE_RECEIVABLES,1.0,269965.0,426860.0,196317.0,243618.0
GABLE,20260512-gable-fs-1q2026-th.pdf,CF,thousand,7,กระแสเงินสดจากกิจกรรมดำเนินงาน,รายได้ทยีB งั ไม่เรียกช ําระ,รายได้ทยีB งั ไม่เรียกช ําระ,UNBILLED_REVENUE,UNBILLED_REVENUE,1.0,-129099.0,-18139.0,-137289.0,-33403.0
GABLE,20260512-gable-fs-1q2026-th.pdf,CF,thousand,7,กระแสเงินสดจากกิจกรรมดำเนินงาน,สินค ้าคงเหลือ,สินค ้าคงเหลือ,INVENTORY,INVENTORY,1.0,-24216.0,-23809.0,-24364.0,-30578.0
GABLE,20260512-gable-fs-1q2026-th.pdf,CF,thousand,7,กระแสเงินสดจากกิจกรรมดำเนินงาน,ต้นทุนบริการและค ่าใช้จ่ายอืนB จ่ายล่วงหน้า,ต้นทุนบริการและค ่าใช้จ่ายอืนB จ่ายล่วงหน้า,PREPAID_SERVICE_COST,PREPAID_SERVICE_COST,1.0,57811.0,-72403.0,16345.0,-39093.0
GABLE,20260512-gable-fs-1q2026-th.pdf,CF,thousand,7,กระแสเงินสดจากกิจกรรมดำเนินงาน,สินทรัพย์หมุนเวียนอืนB,สินทรัพย์หมุนเวียนอืนB,OTHER_CURRENT_ASSETS,OTHER_CURRENT_ASSETS,1.0,4575.0,-522.0,4288.0,2501.0
GABLE,20260512-gable-fs-1q2026-th.pdf,CF,thousand,7,กระแสเงินสดจากกิจกรรมดำเนินงาน,สินทรัพย์ไ ม่หมุนเวียนอืนB,สินทรัพย์ไ ม่หมุนเวียนอืนB,OTHER_NONCURRENT_ASSETS,OTHER_NONCURRENT_ASSETS,1.0,-869.0,10.0,-868.0,10.0
GABLE,20260512-gable-fs-1q2026-th.pdf,CF,thousand,7,กระแสเงินสดจากกิจกรรมดำเนินงาน,เจ้าหนีก@ ารค ้าและเจ้าหนีห@ มุนเวียนอืนB,เจ้าหนีก@ ารค ้าและเจ้าหนีห@ มุนเวียนอืนB,TRADE_PAYABLES,TRADE_PAYABLES,1.0,-267151.0,-320289.0,-286712.0,-252840.0
GABLE,20260512-gable-fs-1q2026-th.pdf,CF,thousand,7,กระแสเงินสดจากกิจกรรมดำเนินงาน,รายได้รับล่วงหน้า,รายได้รับล่วงหน้า,DEFERRED_REVENUE,DEFERRED_REVENUE,1.0,-171020.0,5196.0,-96345.0,-4184.0
GABLE,20260512-gable-fs-1q2026-th.pdf,CF,thousand,7,กระแสเงินสดจากกิจกรรมดำเนินงาน,ค ่าใช้จ่ายค ้างจ่าย,ค ่าใช้จ่ายค ้างจ่าย,ACCRUED_EXPENSES,ACCRUED_EXPENSES,1.0,-133713.0,-146813.0,-95594.0,-95562.0
GABLE,20260512-gable-fs-1q2026-th.pdf,CF,thousand,7,กระแสเงินสดจากกิจกรรมดำเนินงาน,หนีส@ ินหมุนเวียนอืนB,หนีส@ ินหมุนเวียนอืนB,OTHER_CURRENT_LIAB,OTHER_CURRENT_LIAB,1.0,-27112.0,-13436.0,-16376.0,-8816.0
GABLE,20260512-gable-fs-1q2026-th.pdf,CF,thousand,7,กระแสเงินสดจากกิจกรรมดำเนินงาน,ผลประโยชน์ของพนักงานทีจB ่ายในระหว่างงวด,ผลประโยชน์ของพนักงานทีจB ่ายในระหว่างงวด,,,0.582,-382.0,-19851.0,,-19739.0
GABLE,20260512-gable-fs-1q2026-th.pdf,CF,thousand,7,กระแสเงินสดจากกิจกรรมดำเนินงาน,เงินสดใช้ไปในก ิจกรรมด ําเนินงาน,เงินสดใช้ไปในก ิจกรรมด ําเนินงาน,CF_OPERATING_BEFORE_ITEMS,CF_OPERATING_BEFORE_ITEMS,1.0,-303057.0,-157617.0,-350716.0,-234472.0
GABLE,20260512-gable-fs-1q2026-th.pdf,CF,thousand,7,กระแสเงินสดจากกิจกรรมดำเนินงาน,เงินสดรับจากภาษีเงินได้หกั ณ ทีจB ่าย,เงินสดรับจากภาษีเงินได้หกั ณ ทีจB ่าย,,,0.75,,8131.0,,
GABLE,20260512-gable-fs-1q2026-th.pdf,CF,thousand,7,กระแสเงินสดจากกิจกรรมดำเนินงาน,จ่ายดอกเบีย@,จ่ายดอกเบีย@,,,0.875,-1038.0,-1050.0,-799.0,-739.0
GABLE,20260512-gable-fs-1q2026-th.pdf,CF,thousand,7,กระแสเงินสดจากกิจกรรมดำเนินงาน,จ่ายภาษีเงินได้,จ่ายภาษีเงินได้,,,0.875,-35506.0,-42774.0,-25772.0,-28635.0
GABLE,20260512-gable-fs-1q2026-th.pdf,CF,thousand,7,กระแสเงินสดจากกิจกรรมดำเนินงาน,เงินสดสุทธิใช้ไปในกิจกรรมดําเน ินงาน,เงินสดสุทธิใช้ไปในกิจกรรมดําเน ินงาน,CF_OPERATING,CF_OPERATING,1.0,-339601.0,-193310.0,-377287.0,-263846.0
GABLE,20260512-gable-fs-1q2026-th.pdf,CF,thousand,8,กระแสเงินสดจากกิจกรรมลงทุน,ซือ@ อุปกรณ์,ซือ@ อุปกรณ์,,,0.833,-578.0,-5873.0,-572.0,-5686.0
GABLE,20260512-gable-fs-1q2026-th.pdf,CF,thousand,8,กระแสเงินสดจากกิจกรรมลงทุน,ซือ@ สินทรัพย์ไ ม่มีตวั ตน,ซือ@ สินทรัพย์ไ ม่มีตวั ตน,INTANGIBLES,INTANGIBLES,0.923,-5705.0,-4844.0,,-100.0
GABLE,20260512-gable-fs-1q2026-th.pdf,CF,thousand,8,กระแสเงินสดจากกิจกรรมลงทุน,เงินสดรับจากเงินปันผล,กระแสเงินสดจากกิจกรรมลงทุน เงินสดรับจากเงินปันผล,DIVIDEND_RECEIVED,DIVIDEND_RECEIVED,1.0,,,120000.0,
GABLE,20260512-gable-fs-1q2026-th.pdf,CF,thousand,8,กระแสเงินสดจากกิจกรรมลงทุน,เงินสดรับจากดอกเบีย@,เงินสดรับจากดอกเบีย@,INTEREST_RECEIVED,INTEREST_RECEIVED,1.0,43.0,25.0,211.0,309.0
GABLE,20260512-gable-fs-1q2026-th.pdf,CF,thousand,8,กระแสเงินสดจากกิจกรรมลงทุน,เงินสดสุทธิจาก (ใช้ไปใน) กิจกรรมลงทุน,เงินสดสุทธิจาก (ใช้ไปใน) กิจกรรมลงทุน,CF_INVESTING,CF_INVESTING,1.0,-6240.0,-10692.0,119639.0,-5477.0
GABLE,20260512-gable-fs-1q2026-th.pdf,CF,thousand,8,กระแสเงินสดจากกิจกรรมจัดหาเงิน,เงินสดรับจากเงินกยืู้ มระยะสั@นจากสถาบันการเงิน,เงินสดรับจากเงินกยืู้ มระยะสั@นจากสถาบันการเงิน,,,0.826,,50000.0,,
GABLE,20260512-gable-fs-1q2026-th.pdf,CF,thousand,8,กระแสเงินสดจากกิจกรรมจัดหาเงิน,เงินสดจ่ายช ําระค ืนเงินกยืู้ มระยะสั@นจากสถาบันการเงิน,เงินสดจ่ายช ําระค ืนเงินกยืู้ มระยะสั@นจากสถาบันการเงิน,,,0.792,,-50000.0,,
GABLE,20260512-gable-fs-1q2026-th.pdf,CF,thousand,8,กระแสเงินสดจากกิจกรรมจัดหาเงิน,ช ําระค ืนเงินต้นของหนีส@ ินตามสัญญาเช่า,ช ําระค ืนเงินต้นของหนีส@ ินตามสัญญาเช่า,,,0.645,-4739.0,-6095.0,-3830.0,-5193.0
GABLE,20260512-gable-fs-1q2026-th.pdf,CF,thousand,8,กระแสเงินสดจากกิจกรรมจัดหาเงิน,เงินสดรับล่วงหน้าค ่าหุน้,เงินสดรับล่วงหน้าค ่าหุน้,SHARE_SUBSCRIPTION_ADVANCE,SHARE_SUBSCRIPTION_ADVANCE,1.0,4090.0,,,
GABLE,20260512-gable-fs-1q2026-th.pdf,CF,thousand,8,กระแสเงินสดจากกิจกรรมจัดหาเงิน,เงินสดสุทธิใช้ไปในกิจกรรมจัดหาเงิน,เงินสดสุทธิใช้ไปในกิจกรรมจัดหาเงิน,CF_FINANCING,CF_FINANCING,1.0,-649.0,-6095.0,-3830.0,-5193.0
GABLE,20260512-gable-fs-1q2026-th.pdf,CF,thousand,8,กระแสเงินสดจากกิจกรรมจัดหาเงิน,ผลต่างจากการแปลงค ่างบการเงินเพิมB ขึ@น (ลดลง),ผลต่างจากการแปลงค ่างบการเงินเพิมB ขึ@น (ลดลง),CF_TRANSLATION,CF_TRANSLATION,1.0,121.0,-5.0,,
GABLE,20260512-gable-fs-1q2026-th.pdf,CF,thousand,8,กระแสเงินสดจากกิจกรรมจัดหาเงิน,เงินสดและรายการเทียบเท่าเงินสดลดลงสุทธิ,เงินสดและรายการเทียบเท่าเงินสดลดลงสุทธิ,CASH_NET_CHANGE,CASH_NET_CHANGE,1.0,-346369.0,-210102.0,-261478.0,-274516.0
GABLE,20260512-gable-fs-1q2026-th.pdf,CF,thousand,8,กระแสเงินสดจากกิจกรรมจัดหาเงิน,ผลกระทบจากการเปลียB นแปลงในอัตราแลกเปลียB น,ผลกระทบจากการเปลียB นแปลงในอัตราแลกเปลียB น,CASH_FX_EFFECT,CASH_FX_EFFECT_AFTER,1.0,310.0,,122.0,
GABLE,20260512-gable-fs-1q2026-th.pdf,CF,thousand,8,กระแสเงินสดจากกิจกรรมจัดหาเงิน,เงินสดและรายการเทียบเท่าเงินสดต้นงวด,เงินสดและรายการเทียบเท่าเงินสดต้นงวด,CASH_BEGIN,CASH_BEGIN,1.0,1687287.0,1065976.0,1022940.0,787315.0
GABLE,20260512-gable-fs-1q2026-th.pdf,CF,thousand,8,กระแสเงินสดจากกิจกรรมจัดหาเงิน,เงินสดและรายการเทียบเท่าเงินสดปลายงวด,เงินสดและรายการเทียบเท่าเงินสดปลายงวด,CASH_END,CASH_END,1.0,1341228.0,855874.0,761584.0,512799.0
GABLE,20260512-gable-fs-1q2026-th.pdf,CF,thousand,8,รายการที่ไม่ใช่เงินสด,สินทรัพย์สิทธิการใช้เพิมB ขึ@นจากหนีส@ ินตามสัญญาเช่า,สินทรัพย์สิทธิการใช้เพิมB ขึ@นจากหนีส@ ินตามสัญญาเช่า,,,0.619,1334.0,3070.0,1334.0,2652.0
GABLE,20260512-gable-fs-1q2026-th.pdf,CF,thousand,8,รายการที่ไม่ใช่เงินสด,การเพิมB ขึ@นของต้นทุนบริการและหนีส@ ินตามสัญญาเช่า,การเพิมB ขึ@นของต้นทุนบริการและหนีส@ ินตามสัญญาเช่า,,,0.529,,770.0,,770.0
BBIK,20260513-bbik-fs-1q2026-th.pdf,SE,baht,"8,9",งบรวม+งบเฉพาะกิจการ,ยอดคงเหลือ ณ วันทีN 1 มกราคม 2569,ยอดคงเหลือ ณ วันทีN 1 มกราคม,SE_OPENING,SE_OPENING,1.0,2144125483.0,2005859902.0,2016905244.0,1875715906.0
BBIK,20260513-bbik-fs-1q2026-th.pdf,SE,baht,"8,9",งบรวม+งบเฉพาะกิจการ,ก ําไร (ขาดทุน) เบ็ดเสร็จรวมสําหรับงวด,ก ําไร (ขาดทุน) เบ็ดเสร็จรวมสําหรับงวด,TOTAL_COMPREHENSIVE_INCOME,TOTAL_COMPREHENSIVE_INCOME,1.0,80897113.0,72005592.0,29958211.0,78292231.0
BBIK,20260513-bbik-fs-1q2026-th.pdf,SE,baht,"8,9",งบรวม+งบเฉพาะกิจการ,รวมการเปลียN นแปลงในส่ วนของผู้ ถือหุ้น,รวมการเปลียN นแปลงในส่ วนของผู้ ถือหุ้น,SE_CHANGE_TOTAL,SE_CHANGE_TOTAL,1.0,80897113.0,-75161371.0,29958211.0,78292231.0
BBIK,20260513-bbik-fs-1q2026-th.pdf,SE,baht,"8,9",งบรวม+งบเฉพาะกิจการ,ยอดคงเหลือ ณ วันทีN 31 มีนาคม 2569,ยอดคงเหลือ ณ วันทีN 31 มีนาคม,SE_CLOSING,SE_CLOSING,1.0,2225022596.0,1930698531.0,2046863455.0,1954008137.0
BBIK,20260513-bbik-fs-1q2026-th.pdf,SE,baht,8,งบรวม,ส่วนตํา8 จากการเปลีย นแปลงสัดส่วนการลงทุนในบริษทั ย่อย,ส่วนตํา8 จากการเปลีย นแปลงสัดส่วนการลงทุนในบริษทั ย่อย,OWNERSHIP_CHANGE_RESERVE,OWNERSHIP_CHANGE_RESERVE,1.0,,-147166963.0,,
BBIK,20260513-bbik-fs-1q2026-th.pdf,BS,baht,3,,31 มีนาคม,31 มีนาคม,,,0.556,31.0,31.0,,
BBIK,20260513-bbik-fs-1q2026-th.pdf,BS,baht,3,สินทรัพย์หมุนเวียน,เงินสดและรายการเทียบเท่าเงินสด 5,เงินสดและรายการเทียบเท่าเงินสด 5,CASH,CASH,1.0,700025591.0,594139290.0,306921306.0,224439290.0
BBIK,20260513-bbik-fs-1q2026-th.pdf,BS,baht,3,สินทรัพย์หมุนเวียน,ทีถ งึ ก ําหนดไถ่ถอนภายในหนึ8งปี 5.2,ส่วนของเงินฝากสถาบันการเงินทีม ีภาระผ ูกพัน ทีถ งึ ก ําหนดไถ่ถอนภายในหนึ8งปี 5.2,RESTRICTED_DEPOSITS_CURRENT,RESTRICTED_DEPOSITS_CURRENT,1.0,9763675.0,9763675.0,9763675.0,9763675.0
BBIK,20260513-bbik-fs-1q2026-th.pdf,BS,baht,3,สินทรัพย์หมุนเวียน,ลูกหนีกD ารค ้าและลูกหนีหD มุนเวียนอืน 5.1,ลูกหนีกD ารค ้าและลูกหนีหD มุนเวียนอืน 5.1,TRADE_RECEIVABLES,TRADE_RECEIVABLES,1.0,215510159.0,342129504.0,169016939.0,235029956.0
BBIK,20260513-bbik-fs-1q2026-th.pdf,BS,baht,3,สินทรัพย์หมุนเวียน,สินทรัพย์ทเี8 ก ิดจากสัญญา - หมุนเวียน 14,สินทรัพย์ทเี8 ก ิดจากสัญญา - หมุนเวียน 14,CONTRACT_ASSETS_CURRENT,CONTRACT_ASSETS_CURRENT,1.0,329299230.0,320022313.0,274556114.0,286527279.0
BBIK,20260513-bbik-fs-1q2026-th.pdf,BS,baht,3,สินทรัพย์หมุนเวียน,ี8 องก ัน 4,เงินให้กยืู้ มระยะสัDนแก ่ก ิจการทีเ8 กยวข้ ี8 องก ัน 4,SHORT_TERM_LOANS_RELATED,SHORT_TERM_LOANS_RELATED,1.0,,,6000000.0,6000000.0
BBIK,20260513-bbik-fs-1q2026-th.pdf,BS,baht,3,สินทรัพย์หมุนเวียน,ต้นทุนในการได้มาซึ8งสัญญาทีท ําก ับลูกค ้า - หมุนเวียน 14,ต้นทุนในการได้มาซึ8งสัญญาทีท ําก ับลูกค ้า - หมุนเวียน 14,CONTRACT_ACQUISITION_COST_CURRENT,CONTRACT_ACQUISITION_COST_CURRENT,1.0,279635.0,638411.0,,
BBIK,20260513-bbik-fs-1q2026-th.pdf,BS,baht,3,สินทรัพย์หมุนเวียน,งานบริการระหว่างท ํา 6,งานบริการระหว่างท ํา 6,WIP,WIP,1.0,19597429.0,17606494.0,5717093.0,4764396.0
BBIK,20260513-bbik-fs-1q2026-th.pdf,BS,baht,3,สินทรัพย์หมุนเวียน,สินทรัพย์ภาษีเงินได้ของงวดปัจจุบนั,สินทรัพย์ภาษีเงินได้ของงวดปัจจุบนั,CURRENT_TAX_ASSETS,CURRENT_TAX_ASSETS,1.0,429525.0,1211256.0,,
BBIK,20260513-bbik-fs-1q2026-th.pdf,BS,baht,3,สินทรัพย์หมุนเวียน,สินทรัพย์ภาษีเงินได้ของงวดก ่อน,สินทรัพย์ภาษีเงินได้ของงวดก ่อน,PRIOR_TAX_ASSETS,PRIOR_TAX_ASSETS,1.0,2031994.0,820738.0,,
BBIK,20260513-bbik-fs-1q2026-th.pdf,BS,baht,3,สินทรัพย์หมุนเวียน,สินทรัพย์หมุนเวียนอืน,สินทรัพย์หมุนเวียนอืน,OTHER_CURRENT_ASSETS,OTHER_CURRENT_ASSETS,1.0,10326600.0,11592110.0,3874193.0,7583578.0
BBIK,20260513-bbik-fs-1q2026-th.pdf,BS,baht,3,สินทรัพย์หมุนเวียน,รวมสินทรัพย์หมุนเวียน,รวมสินทรัพย์หมุนเวียน,TOTAL_CURRENT_ASSETS,TOTAL_CURRENT_ASSETS,1.0,1287263838.0,1297923791.0,775849320.0,774108174.0
BBIK,20260513-bbik-fs-1q2026-th.pdf,BS,baht,3,สินทรัพย์ไม่หมุนเวียน,เงินฝากสถาบันการเงินทีม ีภาระผ ูกพัน 5.2,เงินฝากสถาบันการเงินทีม ีภาระผ ูกพัน 5.2,RESTRICTED_DEPOSITS,RESTRICTED_DEPOSITS,1.0,9760375.0,9760375.0,9160375.0,9160375.0
BBIK,20260513-bbik-fs-1q2026-th.pdf,BS,baht,3,สินทรัพย์ไม่หมุนเวียน,สินทรัพย์ทางการเงินไม่หมุนเวียนอืน 5.3,สินทรัพย์ทางการเงินไม่หมุนเวียนอืน 5.3,OTHER_NONCURRENT_FIN_ASSETS,OTHER_NONCURRENT_FIN_ASSETS,1.0,35157068.0,34438632.0,35157068.0,34438632.0
BBIK,20260513-bbik-fs-1q2026-th.pdf,BS,baht,3,สินทรัพย์ไม่หมุนเวียน,เงินลงทุนในบริษทั ร่วมและการร่วมค ้า 7,เงินลงทุนในบริษทั ร่วมและการร่วมค ้า 7,INVEST_ASSOCIATE,INVEST_ASSOCIATE,1.0,192473977.0,183174983.0,15000000.0,15000000.0
BBIK,20260513-bbik-fs-1q2026-th.pdf,BS,baht,3,สินทรัพย์ไม่หมุนเวียน,เงินลงทุนในบริษทั ย่อย 8,เงินลงทุนในบริษทั ย่อย 8,INVEST_SUBSIDIARY,INVEST_SUBSIDIARY,1.0,,,1406161961.0,1406161961.0
BBIK,20260513-bbik-fs-1q2026-th.pdf,BS,baht,3,สินทรัพย์ไม่หมุนเวียน,ส่วนปรับปรุงอาคารเช่าและอุปกรณ์ 9,ส่วนปรับปรุงอาคารเช่าและอุปกรณ์ 9,PPE,PPE,1.0,33573823.0,35682482.0,20702884.0,22122857.0
BBIK,20260513-bbik-fs-1q2026-th.pdf,BS,baht,3,สินทรัพย์ไม่หมุนเวียน,สินทรัพย์สิทธิการใช้ 10,สินทรัพย์สิทธิการใช้ 10,RIGHT_OF_USE,RIGHT_OF_USE,1.0,51817184.0,52113779.0,39915735.0,39754582.0
BBIK,20260513-bbik-fs-1q2026-th.pdf,BS,baht,3,สินทรัพย์ไม่หมุนเวียน,สินทรัพย์ไ ม่มีตวั ตน 11,สินทรัพย์ไ ม่มีตวั ตน 11,INTANGIBLES,INTANGIBLES,1.0,44166520.0,41688923.0,10063871.0,10187177.0
BBIK,20260513-bbik-fs-1q2026-th.pdf,BS,baht,3,สินทรัพย์ไม่หมุนเวียน,ค ่าความนิยม,ค ่าความนิยม,GOODWILL,GOODWILL,1.0,945875283.0,945875283.0,,
BBIK,20260513-bbik-fs-1q2026-th.pdf,BS,baht,3,สินทรัพย์ไม่หมุนเวียน,สินทรัพย์ภาษีเงินได้รอตัดบัญชี,สินทรัพย์ภาษีเงินได้รอตัดบัญชี,DEFERRED_TAX_ASSETS,DEFERRED_TAX_ASSETS,1.0,30326410.0,28125102.0,6386390.0,5963542.0
BBIK,20260513-bbik-fs-1q2026-th.pdf,BS,baht,3,สินทรัพย์ไม่หมุนเวียน,สินทรัพย์ไ ม่หมุนเวียนอืน,สินทรัพย์ไ ม่หมุนเวียนอืน,OTHER_NONCURRENT_ASSETS,OTHER_NONCURRENT_ASSETS,1.0,16138617.0,16593908.0,2932097.0,2928026.0
BBIK,20260513-bbik-fs-1q2026-th.pdf,BS,baht,3,สินทรัพย์ไม่หมุนเวียน,รวมสินทรัพย์ไม่หมุนเวียน,รวมสินทรัพย์ไม่หมุนเวียน,TOTAL_NONCURRENT_ASSETS,TOTAL_NONCURRENT_ASSETS,1.0,1359289257.0,1347453467.0,1545480381.0,1545717152.0
BBIK,20260513-bbik-fs-1q2026-th.pdf,BS,baht,3,สินทรัพย์ไม่หมุนเวียน,รวมสินทรัพย์,รวมสินทรัพย์,TOTAL_ASSETS,TOTAL_ASSETS,1.0,2646553095.0,2645377258.0,2321329701.0,2319825326.0
BBIK,20260513-bbik-fs-1q2026-th.pdf,BS,baht,3,สินทรัพย์ไม่หมุนเวียน,หมายเหตุประกอบงบการเงินเป็ นส่วนหนึ8งของงบการเงินระหว่างกาลนีD,หมายเหตุประกอบงบการเงินเป็ นส่วนหนึ8งของงบการเงินระหว่างกาลนีD,,,0.482,,,,1.0
BBIK,20260513-bbik-fs-1q2026-th.pdf,BS,baht,4,,31 มีนาคม,31 มีนาคม,,,0.556,31.0,2568.0,31.0,2568.0
BBIK,20260513-bbik-fs-1q2026-th.pdf,BS,baht,4,หนี้สินหมุนเวียน,เงินเบิกเก ินบัญชีจากสถาบันการเงิน 5,เงินเบิกเก ินบัญชีจากสถาบันการเงิน 5,BANK_OVERDRAFT,BANK_OVERDRAFT,1.0,,668.0,,668.0
BBIK,20260513-bbik-fs-1q2026-th.pdf,BS,baht,4,หนี้สินหมุนเวียน,เจ้าหนีกD ารค ้าและเจ้าหนีหD มุนเวียนอืน 5.4,เจ้าหนีกD ารค ้าและเจ้าหนีหD มุนเวียนอืน 5.4,TRADE_PAYABLES,TRADE_PAYABLES,1.0,84253610.0,158082646.0,185853215.0,209463451.0
BBIK,20260513-bbik-fs-1q2026-th.pdf,BS,baht,4,หนี้สินหมุนเวียน,หนีสD ินทีเ8 ก ิดจากสัญญา - หมุนเวียน 14,หนีสD ินทีเ8 ก ิดจากสัญญา - หมุนเวียน 14,,,0.842,113849952.0,115744843.0,10834009.0,11165368.0
BBIK,20260513-bbik-fs-1q2026-th.pdf,BS,baht,4,หนี้สินหมุนเวียน,- หนีสD ินตามสัญญาเช่า 5.5,ส่วนของหนีสD ินระยะยาวทีถ งึ ก ําหนดช ําระภายในหนึ8งปี - หนีสD ินตามสัญญาเช่า 5.5,CURRENT_LEASE_LIABILITIES,CURRENT_LEASE_LIABILITIES,1.0,10656223.0,9803505.0,9122655.0,8369397.0
BBIK,20260513-bbik-fs-1q2026-th.pdf,BS,baht,4,หนี้สินหมุนเวียน,- ประมาณการหนีสD ินสําหรับผลประโยชน์พนักงาน 12,- ประมาณการหนีสD ินสําหรับผลประโยชน์พนักงาน 12,EMPLOYEE_BENEFIT_PROVISION,EMPLOYEE_BENEFIT_PROVISION,1.0,789857.0,777764.0,,
BBIK,20260513-bbik-fs-1q2026-th.pdf,BS,baht,4,หนี้สินหมุนเวียน,ภาษีเงินได้ค ้างจ่าย,ภาษีเงินได้ค ้างจ่าย,INCOME_TAX_PAYABLE,INCOME_TAX_PAYABLE,1.0,1377855.0,883347.0,125209.0,
BBIK,20260513-bbik-fs-1q2026-th.pdf,BS,baht,4,หนี้สินหมุนเวียน,ประมาณการรับประก ันค ุณภาพงาน,ประมาณการรับประก ันค ุณภาพงาน,WARRANTY_PROVISION,WARRANTY_PROVISION,1.0,3557079.0,5465053.0,544079.0,559605.0
BBIK,20260513-bbik-fs-1q2026-th.pdf,BS,baht,4,หนี้สินหมุนเวียน,หนีสD ินหมุนเวียนอืน,หนีสD ินหมุนเวียนอืน,OTHER_CURRENT_LIAB,OTHER_CURRENT_LIAB,1.0,15991753.0,23549725.0,8463968.0,13711091.0
BBIK,20260513-bbik-fs-1q2026-th.pdf,BS,baht,4,หนี้สินหมุนเวียน,รวมหนสิีI นหมุนเวียน,รวมหนสิีI นหมุนเวียน,TOTAL_CURRENT_LIAB,TOTAL_CURRENT_LIAB,1.0,230476329.0,314307551.0,214943135.0,243269580.0
BBIK,20260513-bbik-fs-1q2026-th.pdf,BS,baht,4,หนี้สินไม่หมุนเวียน,หนีสD ินตามสัญญาเช่า 5.5,หนีสD ินตามสัญญาเช่า 5.5,LEASE_LIABILITIES,LEASE_LIABILITIES,1.0,49375690.0,50259629.0,37026581.0,37479400.0
BBIK,20260513-bbik-fs-1q2026-th.pdf,BS,baht,4,หนี้สินไม่หมุนเวียน,ประมาณการหนีสD ินไม่หมุนเวียนสําหรับผลประโยชน์พนักงาน 12,ประมาณการหนีสD ินไม่หมุนเวียนสําหรับผลประโยชน์พนักงาน 12,EMPLOYEE_BENEFIT_PROVISION_NONCURRENT,EMPLOYEE_BENEFIT_PROVISION_NONCURRENT,1.0,139888671.0,134905995.0,21298989.0,20980777.0
BBIK,20260513-bbik-fs-1q2026-th.pdf,BS,baht,4,หนี้สินไม่หมุนเวียน,ประมาณการหนีสD ินจากการรืDอถอน,ประมาณการหนีสD ินจากการรืDอถอน,DECOMMISSIONING_PROVISION,DECOMMISSIONING_PROVISION,1.0,1789809.0,1778600.0,1197541.0,1190325.0
BBIK,20260513-bbik-fs-1q2026-th.pdf,BS,baht,4,หนี้สินไม่หมุนเวียน,รวมหนสิีI นไม่หมุนเวียน,รวมหนสิีI นไม่หมุนเวียน,TOTAL_NONCURRENT_LIAB,TOTAL_NONCURRENT_LIAB,1.0,191054170.0,186944224.0,59523111.0,59650502.0
BBIK,20260513-bbik-fs-1q2026-th.pdf,BS,baht,4,หนี้สินไม่หมุนเวียน,รวมหนสิีI น,รวมหนสิีI น,TOTAL_LIABILITIES,TOTAL_LIABILITIES,1.0,421530499.0,501251775.0,274466246.0,302920082.0
BBIK,20260513-bbik-fs-1q2026-th.pdf,BS,baht,4,หนี้สินไม่หมุนเวียน,หมายเหตุประกอบงบการเงินเป็ นส่วนหนึ8งของงบการเงินระหว่างกาลนีD,หมายเหตุประกอบงบการเงินเป็ นส่วนหนึ8งของงบการเงินระหว่างกาลนีD,,,0.478,,,,2.0
BBIK,20260513-bbik-fs-1q2026-th.pdf,BS,baht,5,,31 มีนาคม,31 มีนาคม,,,0.556,31.0,31.0,31.0,2568.0
BBIK,20260513-bbik-fs-1q2026-th.pdf,BS,baht,5,ส่วนของผู้ถือหุ้น,"- ทุนจดทะเบียน 200,016,968 หุน้ มูลค ่าหุน้ ละ 0.50 บาท","- ทุนจดทะเบียน 200,016,968 หุน้ มูลค ่าหุน้ ละ 0.50 บาท",,,0.615,100008484.0,100008484.0,100008484.0,100008484.0
BBIK,20260513-bbik-fs-1q2026-th.pdf,BS,baht,5,ส่วนของผู้ถือหุ้น,"- หุน้ ทีอ อกและรับช ําระเต็มมูลค ่าแล้ว 200,015,474 หุน้ มูลค ่าหุน้ ละ 0.50 บาท","- หุน้ ทีอ อกและรับช ําระเต็มมูลค ่าแล้ว 200,015,474 หุน้ มูลค ่าหุน้ ละ 0.50 บาท",,,0.596,100007737.0,100007737.0,100007737.0,100007737.0
BBIK,20260513-bbik-fs-1q2026-th.pdf,BS,baht,5,ส่วนของผู้ถือหุ้น,ส่วนเก ินมูลค ่าหุน้ สามัญ,ส่วนเก ินมูลค ่าหุน้ สามัญ,SHARE_PREMIUM,SHARE_PREMIUM,1.0,1487827519.0,1487827519.0,1487827519.0,1487827519.0
BBIK,20260513-bbik-fs-1q2026-th.pdf,BS,baht,5,ส่วนของผู้ถือหุ้น,ส่วนเก ินทุนจากการแลกหุน้,ส่วนเก ินทุนจากการแลกหุน้,SHARE_SWAP_SURPLUS,SHARE_SWAP_SURPLUS,1.0,4930000.0,4930000.0,4930000.0,4930000.0
BBIK,20260513-bbik-fs-1q2026-th.pdf,BS,baht,5,ส่วนของผู้ถือหุ้น,ส่วนเก ินทุนจากการจ่ายโดยใช้หุน้ เป็ นเกณฑ์,ส่วนเก ินทุนจากการจ่ายโดยใช้หุน้ เป็ นเกณฑ์,SHARE_BASED_PAYMENT_RESERVE,SHARE_BASED_PAYMENT_RESERVE,1.0,10774866.0,10774866.0,10774866.0,10774866.0
BBIK,20260513-bbik-fs-1q2026-th.pdf,BS,baht,5,ส่วนของผู้ถือหุ้น,ส่วนตํา8 จากการเปลีย นแปลงสัดส่วนการลงทุนในบริษทั ย่อย,ส่วนตํา8 จากการเปลีย นแปลงสัดส่วนการลงทุนในบริษทั ย่อย,OWNERSHIP_CHANGE_RESERVE,OWNERSHIP_CHANGE_RESERVE,1.0,-337388203.0,-337388203.0,,
BBIK,20260513-bbik-fs-1q2026-th.pdf,BS,baht,5,ส่วนของผู้ถือหุ้น,จัดสรรแล้ว - สํารองตามกฎหมาย,จัดสรรแล้ว - สํารองตามกฎหมาย,LEGAL_RESERVE,LEGAL_RESERVE,1.0,10001000.0,10001000.0,10001000.0,10001000.0
BBIK,20260513-bbik-fs-1q2026-th.pdf,BS,baht,5,ส่วนของผู้ถือหุ้น,ยังไม่ไ ด้จัดสรร,ยังไม่ไ ด้จัดสรร,RETAINED_EARNINGS,RETAINED_EARNINGS,1.0,939784419.0,858599593.0,435302279.0,405918817.0
BBIK,20260513-bbik-fs-1q2026-th.pdf,BS,baht,5,ส่วนของผู้ถือหุ้น,องค ์ประกอบอืน ของส่วนของผถ้ ู อื หุน้,องค ์ประกอบอืน ของส่วนของผถ้ ู อื หุน้,OTHER_EQUITY_COMPONENTS,OTHER_EQUITY_COMPONENTS,1.0,-2036264.0,-2481614.0,-1979946.0,-2554695.0
BBIK,20260513-bbik-fs-1q2026-th.pdf,BS,baht,5,ส่วนของผู้ถือหุ้น,รวมส่ วนของผู้ ถือหุ้นของบริษทั,รวมส่ วนของผู้ ถือหุ้นของบริษทั,EQUITY_PARENT,EQUITY_PARENT,1.0,2213901074.0,2132270898.0,2046863455.0,2016905244.0
BBIK,20260513-bbik-fs-1q2026-th.pdf,BS,baht,5,ส่วนของผู้ถือหุ้น,ส่วนได้เสียทีไ8 ม่มีอ ํานาจควบค ุม,ส่วนได้เสียทีไ8 ม่มีอ ํานาจควบค ุม,NCI,NCI,1.0,11121522.0,11854585.0,,
BBIK,20260513-bbik-fs-1q2026-th.pdf,BS,baht,5,ส่วนของผู้ถือหุ้น,รวมส่ วนของผู้ ถือหุ้น,รวมส่ วนของผู้ ถือหุ้น,TOTAL_EQUITY,TOTAL_EQUITY,1.0,2225022596.0,2144125483.0,2046863455.0,2016905244.0
BBIK,20260513-bbik-fs-1q2026-th.pdf,BS,baht,5,ส่วนของผู้ถือหุ้น,รวมหนสิีI นและส่ วนของผู้ ถือหุ้น,รวมหนสิีI นและส่ วนของผู้ ถือหุ้น,TOTAL_LIAB_EQUITY,TOTAL_LIAB_EQUITY,1.0,2646553095.0,2645377258.0,2321329701.0,2319825326.0
BBIK,20260513-bbik-fs-1q2026-th.pdf,BS,baht,5,ส่วนของผู้ถือหุ้น,หมายเหตุประกอบงบการเงินเป็ นส่วนหนึ8งของงบการเงินระหว่างกาลนีD,หมายเหตุประกอบงบการเงินเป็ นส่วนหนึ8งของงบการเงินระหว่างกาลนีD,,,0.478,,,,3.0
BBIK,20260513-bbik-fs-1q2026-th.pdf,IS,baht,6,,รายได้จากการให้บริการ 16,รายได้จากการให้บริการ 16,REVENUE_SERVICE,REVENUE_SERVICE,1.0,370571059.0,346661884.0,166356212.0,198784615.0
BBIK,20260513-bbik-fs-1q2026-th.pdf,IS,baht,6,,ต้นทุนการให้บริการ,ต้นทุนการให้บริการ,COGS_SERVICE,COGS_SERVICE,1.0,-172660897.0,-167851902.0,-111207480.0,-119606113.0
BBIK,20260513-bbik-fs-1q2026-th.pdf,IS,baht,6,,กําไรขัIนต้ น,กําไรขัIนต้ น,GROSS_PROFIT,GROSS_PROFIT,1.0,197910162.0,178809982.0,55148732.0,79178502.0
BBIK,20260513-bbik-fs-1q2026-th.pdf,IS,baht,6,,ี8 องก ัน 4,ี8 องก ัน 4,,,0.694,292172.0,313224.0,24828840.0,12059378.0
BBIK,20260513-bbik-fs-1q2026-th.pdf,IS,baht,6,,ก ําไรจากอัตราแลกเปลีย น,ก ําไรจากอัตราแลกเปลีย น,FX_GAIN,FX_GAIN,1.0,1641851.0,,1886427.0,
BBIK,20260513-bbik-fs-1q2026-th.pdf,IS,baht,6,,เงินปันผลรับ 4 และ 5.3,เงินปันผลรับ,DIVIDEND_INCOME,DIVIDEND_INCOME,1.0,,1474321.0,,36474321.0
BBIK,20260513-bbik-fs-1q2026-th.pdf,IS,baht,6,,รายได้อนื8,รายได้อนื8,OTHER_INCOME,OTHER_INCOME,1.0,402974.0,757130.0,314844.0,391313.0
BBIK,20260513-bbik-fs-1q2026-th.pdf,IS,baht,6,,ค ่าใช้จ่ายในการขาย,ค ่าใช้จ่ายในการขาย,SELLING_EXPENSES,SELLING_EXPENSES,1.0,-31919122.0,-35731445.0,-16709894.0,-18787442.0
BBIK,20260513-bbik-fs-1q2026-th.pdf,IS,baht,6,,ค ่าใช้จ่ายในการบริหาร,ค ่าใช้จ่ายในการบริหาร,ADMIN_EXPENSES,ADMIN_EXPENSES,1.0,-90610376.0,-77452068.0,-32950083.0,-25702088.0
BBIK,20260513-bbik-fs-1q2026-th.pdf,IS,baht,6,,กําไรจากกิจกรรมดําเน ินงาน,กําไรจากกิจกรรมดําเน ินงาน,OPERATING_PROFIT,OPERATING_PROFIT,1.0,77717661.0,68171144.0,32518866.0,83613984.0
BBIK,20260513-bbik-fs-1q2026-th.pdf,IS,baht,6,,รายได้ทางการเงิน,รายได้ทางการเงิน,FINANCE_INCOME,FINANCE_INCOME,1.0,843387.0,728272.0,766216.0,615448.0
BBIK,20260513-bbik-fs-1q2026-th.pdf,IS,baht,6,,ต้นทุนทางการเงิน,ต้นทุนทางการเงิน,FINANCE_COST,FINANCE_COST,1.0,-1629812.0,-1755700.0,-788445.0,-843155.0
BBIK,20260513-bbik-fs-1q2026-th.pdf,IS,baht,6,,ส่วนแบ่งก ําไรของบริษทั ร่วมและการร่วมค ้าทีใ8 ช้วิธีส่วนได้เสีย 7,ส่วนแบ่งก ําไรของบริษทั ร่วมและการร่วมค ้าทีใ8 ช้วิธีส่วนได้เสีย 7,SHARE_OF_PROFIT_ASSOCIATE,SHARE_OF_PROFIT_ASSOCIATE,1.0,7050420.0,9356055.0,,
BBIK,20260513-bbik-fs-1q2026-th.pdf,IS,baht,6,,กําไรก่อนภาษีเงินได้,กําไรก่อนภาษีเงินได้,PROFIT_BEFORE_TAX,PROFIT_BEFORE_TAX,1.0,83981656.0,76499771.0,32496637.0,83386277.0
BBIK,20260513-bbik-fs-1q2026-th.pdf,IS,baht,6,,ค ่าใช้จ่ายภาษีเงินได้,ค ่าใช้จ่ายภาษีเงินได้,INCOME_TAX_EXPENSE,INCOME_TAX_EXPENSE,1.0,-3918940.0,-3732407.0,-3113175.0,-4292678.0
BBIK,20260513-bbik-fs-1q2026-th.pdf,IS,baht,6,,กําไรสําหรับงวด,กําไรสําหรับงวด,NET_PROFIT,NET_PROFIT,1.0,80062716.0,72767364.0,29383462.0,79093599.0
BBIK,20260513-bbik-fs-1q2026-th.pdf,IS,baht,6,กำไรขาดทุนเบ็ดเสร็จอื่น,ผลต่างของอัตราแลกเปลีย นจากการแปลงค ่างบการเงิน,ผลต่างของอัตราแลกเปลีย นจากการแปลงค ่างบการเงิน,FX_TRANSLATION,FX_TRANSLATION,1.0,-165896.0,39596.0,,
BBIK,20260513-bbik-fs-1q2026-th.pdf,IS,baht,6,กำไรขาดทุนเบ็ดเสร็จอื่น,รวมรายการทีอ าจถูกจัดประเภทใหม่ไ ว้ในก ําไรหรือขาดทุนในภายหลัง,รวมรายการทีอ าจถูกจัดประเภทใหม่ไ ว้ในก ําไรหรือขาดทุนในภายหลัง,OCI_RECLASSIFIABLE_TOTAL,OCI_RECLASSIFIABLE_TOTAL,1.0,-165896.0,39596.0,,
BBIK,20260513-bbik-fs-1q2026-th.pdf,IS,baht,6,กำไรขาดทุนเบ็ดเสร็จอื่น,ก ําไร (ขาดทุน) จากอัตราแลกเปลีย นของสินทรัพย์ทางการเงิน - สุทธิจากภาษี,ก ําไร (ขาดทุน) จากอัตราแลกเปลีย นของสินทรัพย์ทางการเงิน,FX_GAIN_FIN_ASSETS,FX_GAIN_FIN_ASSETS,1.0,705600.0,-35056.0,705600.0,-35056.0
BBIK,20260513-bbik-fs-1q2026-th.pdf,IS,baht,6,กำไรขาดทุนเบ็ดเสร็จอื่น,ขาดทุนจากการวัดมูลค ่ายุตธิ รรมของสินทรัพย์ทางการเงิน - สุทธิจากภาษี,ขาดทุนจากการวัดมูลค ่ายุตธิ รรมของสินทรัพย์ทางการเงิน,FV_LOSS_FIN_ASSETS,FV_LOSS_FIN_ASSETS,1.0,-130851.0,-766312.0,-130851.0,-766312.0
BBIK,20260513-bbik-fs-1q2026-th.pdf,IS,baht,6,กำไรขาดทุนเบ็ดเสร็จอื่น,ก ําไรจากการประมาณการตามหลักคณิตศาสตร์ประก ันภัย - สุทธิจากภาษี,ก ําไรจากการประมาณการตามหลักคณิตศาสตร์ประก ันภัย,ACTUARIAL_GAIN,ACTUARIAL_GAIN,1.0,425544.0,,,
BBIK,20260513-bbik-fs-1q2026-th.pdf,IS,baht,6,กำไรขาดทุนเบ็ดเสร็จอื่น,รวมรายการทีจ ะไม่ถกู จัดประเภทใหม่ไ ว้ในก ําไรหรือขาดทุนในภายหลัง,รวมรายการทีจ ะไม่ถกู จัดประเภทใหม่ไ ว้ในก ําไรหรือขาดทุนในภายหลัง,OCI_NON_RECLASSIFIABLE_TOTAL,OCI_NON_RECLASSIFIABLE_TOTAL,1.0,1000293.0,-801368.0,574749.0,-801368.0
BBIK,20260513-bbik-fs-1q2026-th.pdf,IS,baht,6,กำไรขาดทุนเบ็ดเสร็จอื่น,กําไร (ขาดทุน) เบ็ดเสร็จอืNนสําหรับงวด - สุทธิจากภาษี,กําไร (ขาดทุน) เบ็ดเสร็จอืNนสําหรับงวด - สุทธิจากภาษี,OCI_TOTAL,OCI_TOTAL,1.0,834397.0,-761772.0,574749.0,-801368.0
BBIK,20260513-bbik-fs-1q2026-th.pdf,IS,baht,6,กำไรขาดทุนเบ็ดเสร็จอื่น,กําไรเบ็ดเสร็จรวมสําหรับงวด,กําไรเบ็ดเสร็จรวมสําหรับงวด,TOTAL_COMPREHENSIVE_INCOME,TOTAL_COMPREHENSIVE_INCOME,1.0,80897113.0,72005592.0,29958211.0,78292231.0
BBIK,20260513-bbik-fs-1q2026-th.pdf,IS,baht,6,กำไรขาดทุนเบ็ดเสร็จอื่น,หมายเหตุประกอบงบการเงินเป็ นส่วนหนึ8งของงบการเงินระหว่างกาลนีD,หมายเหตุประกอบงบการเงินเป็ นส่วนหนึ8งของงบการเงินระหว่างกาลนีD,,,0.5,,,,4.0
BBIK,20260513-bbik-fs-1q2026-th.pdf,IS,baht,7,,ส่วนทีเ8 ป็ นของบริษทั ใหญ ่ 15,ส่วนทีเ8 ป็ นของบริษทั ใหญ ่ 15,,,0.868,80759282.0,72478103.0,29383462.0,79093599.0
BBIK,20260513-bbik-fs-1q2026-th.pdf,IS,baht,7,,ส่วนทีเ8 ป็ นของส่วนได้เสียทีไ8 ม่มีอ ํานาจควบค ุม,ส่วนทีเ8 ป็ นของส่วนได้เสียทีไ8 ม่มีอ ํานาจควบค ุม,,,0.867,-696566.0,289261.0,,
BBIK,20260513-bbik-fs-1q2026-th.pdf,IS,baht,7,,ส่วนทีเ8 ป็ นของบริษทั ใหญ ่,ส่วนทีเ8 ป็ นของบริษทั ใหญ ่,,,0.849,81630176.0,71707619.0,29958211.0,78292231.0
BBIK,20260513-bbik-fs-1q2026-th.pdf,IS,baht,7,,ส่วนทีเ8 ป็ นของส่วนได้เสียทีไ8 ม่มีอ ํานาจควบค ุม,ส่วนทีเ8 ป็ นของส่วนได้เสียทีไ8 ม่มีอ ํานาจควบค ุม,,,0.867,-733063.0,297973.0,,
BBIK,20260513-bbik-fs-1q2026-th.pdf,IS,baht,7,,ก ําไร (บาทต่อหุน้ ),ก ําไร (บาทต่อหุน้ ),EPS,EPS,1.0,0.4,0.36,0.15,0.4
BBIK,20260513-bbik-fs-1q2026-th.pdf,IS,baht,7,,จํานวนหุน้ สามัญถัวเฉลีย ถ่วงนาD ํ หนัก (หุน้ ),จํานวนหุน้ สามัญถัวเฉลีย ถ่วงนาD ํ หนัก (หุน้ ),WEIGHTED_AVG_SHARES,WEIGHTED_AVG_SHARES,1.0,200015474.0,200015474.0,200015474.0,200015474.0
BBIK,20260513-bbik-fs-1q2026-th.pdf,IS,baht,7,,หมายเหตุประกอบงบการเงินเป็ นส่วนหนึ8งของงบการเงินระหว่างกาลนีD,หมายเหตุประกอบงบการเงินเป็ นส่วนหนึ8งของงบการเงินระหว่างกาลนีD,,,0.478,,,,5.0
BBIK,20260513-bbik-fs-1q2026-th.pdf,CF,baht,10,กระแสเงินสดจากกิจกรรมดำเนินงาน,ก ําไรสําหรับงวด,ก ําไรสําหรับงวด,NET_PROFIT,NET_PROFIT,1.0,80062716.0,72767364.0,29383462.0,79093599.0
BBIK,20260513-bbik-fs-1q2026-th.pdf,CF,baht,10,กระแสเงินสดจากกิจกรรมดำเนินงาน,ค ่าใช้จ่ายภาษีเงินได้,ค ่าใช้จ่ายภาษีเงินได้,INCOME_TAX_EXPENSE,INCOME_TAX_EXPENSE,1.0,3918940.0,3732407.0,3113175.0,4292678.0
BBIK,20260513-bbik-fs-1q2026-th.pdf,CF,baht,10,กระแสเงินสดจากกิจกรรมดำเนินงาน,ค ่าเสื8อมราคาและค ่าตัดจําหน่าย,ค ่าเสื8อมราคาและค ่าตัดจําหน่าย,DEPRECIATION_AMORTISATION,DEPRECIATION_AMORTISATION,1.0,5658851.0,5609212.0,4011923.0,3940501.0
BBIK,20260513-bbik-fs-1q2026-th.pdf,CF,baht,10,กระแสเงินสดจากกิจกรรมดำเนินงาน,ค ่าใช้จ่ายผลประโยชน์พนักงานหลังออกจากงานและผลประโยชน์ระยะยาวอืน,ค ่าใช้จ่ายผลประโยชน์พนักงานหลังออกจากงานและผลประโยชน์ระยะยาวอืน,POST_EMPLOYMENT_BENEFIT_EXPENSE,POST_EMPLOYMENT_BENEFIT_EXPENSE,1.0,4373130.0,3619020.0,1247182.0,1667020.0
BBIK,20260513-bbik-fs-1q2026-th.pdf,CF,baht,10,กระแสเงินสดจากกิจกรรมดำเนินงาน,กลับรายการการลดมูลค ่าของงานบริการระหว่างท ํา,กลับรายการการลดมูลค ่าของงานบริการระหว่างท ํา,,,0.564,-517167.0,-283471.0,,
BBIK,20260513-bbik-fs-1q2026-th.pdf,CF,baht,10,กระแสเงินสดจากกิจกรรมดำเนินงาน,(กลับรายการ) ประมาณการผลขาดทุนของโครงการ,(กลับรายการ) ประมาณการผลขาดทุนของโครงการ,,,0.595,691764.0,-101818.0,,
BBIK,20260513-bbik-fs-1q2026-th.pdf,CF,baht,10,กระแสเงินสดจากกิจกรรมดำเนินงาน,กลับรายการประมาณการรับประก ันค ุณภาพงาน,กลับรายการประมาณการรับประก ันค ุณภาพงาน,,,0.837,-1907974.0,-4965737.0,-15526.0,-3838158.0
BBIK,20260513-bbik-fs-1q2026-th.pdf,CF,baht,10,กระแสเงินสดจากกิจกรรมดำเนินงาน,(ก ําไร) ขาดทุนจากอัตราแลกเปลีย นทีย งั ไม่เก ิดขึDน,(ก ําไร) ขาดทุนจากอัตราแลกเปลีย นทีย งั ไม่เก ิดขึDน,,,0.772,-1717347.0,-133962.0,-1941329.0,112783.0
BBIK,20260513-bbik-fs-1q2026-th.pdf,CF,baht,10,กระแสเงินสดจากกิจกรรมดำเนินงาน,ขาดทุนจากการขายหรือตัดจําหน่ายสินทรัพย์,ขาดทุนจากการขายหรือตัดจําหน่ายสินทรัพย์,,,0.733,11143.0,53.0,11143.0,
BBIK,20260513-bbik-fs-1q2026-th.pdf,CF,baht,10,กระแสเงินสดจากกิจกรรมดำเนินงาน,(ก ําไร) ขาดทุนในงานบริการระหว่างท ําของการร่วมค ้า,(ก ําไร) ขาดทุนในงานบริการระหว่างท ําของการร่วมค ้า,,,0.588,242742.0,-28466.0,,
BBIK,20260513-bbik-fs-1q2026-th.pdf,CF,baht,10,กระแสเงินสดจากกิจกรรมดำเนินงาน,ส่วนแบ่งก ําไรของบริษทั ร่วมและการร่วมค ้าทีใ8 ช้วิธีส่วนได้เสีย,ส่วนแบ่งก ําไรของบริษทั ร่วมและการร่วมค ้าทีใ8 ช้วิธีส่วนได้เสีย,SHARE_OF_PROFIT_ASSOCIATE,SHARE_OF_PROFIT_ASSOCIATE,1.0,-7050420.0,-9356055.0,,
BBIK,20260513-bbik-fs-1q2026-th.pdf,CF,baht,10,กระแสเงินสดจากกิจกรรมดำเนินงาน,เงินปันผลรับ,เงินปันผลรับ,DIVIDEND_INCOME,DIVIDEND_INCOME,1.0,,-1474321.0,,-36474321.0
BBIK,20260513-bbik-fs-1q2026-th.pdf,CF,baht,10,กระแสเงินสดจากกิจกรรมดำเนินงาน,รายได้ทางการเงิน,รายได้ทางการเงิน,FINANCE_INCOME,FINANCE_INCOME,1.0,-843387.0,-728272.0,-766216.0,-615448.0
BBIK,20260513-bbik-fs-1q2026-th.pdf,CF,baht,10,กระแสเงินสดจากกิจกรรมดำเนินงาน,ต้นทุนทางการเงิน,ต้นทุนทางการเงิน,FINANCE_COST,FINANCE_COST,1.0,1629812.0,1755700.0,788445.0,843155.0
BBIK,20260513-bbik-fs-1q2026-th.pdf,CF,baht,10,กระแสเงินสดจากกิจกรรมดำเนินงาน,ลูกหนีกD ารค ้าและลูกหนีหD มุนเวียนอืน,ลูกหนีกD ารค ้าและลูกหนีหD มุนเวียนอืน,TRADE_RECEIVABLES,TRADE_RECEIVABLES,1.0,126853381.0,44870972.0,66189355.0,14183534.0
BBIK,20260513-bbik-fs-1q2026-th.pdf,CF,baht,10,กระแสเงินสดจากกิจกรรมดำเนินงาน,สินทรัพย์ทเี8 ก ิดจากสัญญา - หมุนเวียน,สินทรัพย์ทเี8 ก ิดจากสัญญา - หมุนเวียน,CONTRACT_ASSETS_CURRENT,CONTRACT_ASSETS_CURRENT,1.0,-9276917.0,63536557.0,11971165.0,89596935.0
BBIK,20260513-bbik-fs-1q2026-th.pdf,CF,baht,10,กระแสเงินสดจากกิจกรรมดำเนินงาน,งานบริการระหว่างท ํา,งานบริการระหว่างท ํา,WIP,WIP,1.0,-1121767.0,-1504563.0,-931011.0,957549.0
BBIK,20260513-bbik-fs-1q2026-th.pdf,CF,baht,10,กระแสเงินสดจากกิจกรรมดำเนินงาน,ต้นทุนส่วนเพิม ในการได้มาซึ8งสัญญาทีท ําก ับลูกค ้า - หมุนเวียน,ต้นทุนส่วนเพิม ในการได้มาซึ8งสัญญาทีท ําก ับลูกค ้า - หมุนเวียน,CONTRACT_ACQUISITION_COST_CURRENT,CONTRACT_ACQUISITION_COST_CURRENT,0.915,358776.0,-103671.0,,
BBIK,20260513-bbik-fs-1q2026-th.pdf,CF,baht,10,กระแสเงินสดจากกิจกรรมดำเนินงาน,สินทรัพย์หมุนเวียนอืน,สินทรัพย์หมุนเวียนอืน,OTHER_CURRENT_ASSETS,OTHER_CURRENT_ASSETS,1.0,1265510.0,-1640415.0,3709385.0,-1467581.0
BBIK,20260513-bbik-fs-1q2026-th.pdf,CF,baht,10,กระแสเงินสดจากกิจกรรมดำเนินงาน,สินทรัพย์ไ ม่หมุนเวียนอืน,สินทรัพย์ไ ม่หมุนเวียนอืน,OTHER_NONCURRENT_ASSETS,OTHER_NONCURRENT_ASSETS,1.0,455291.0,-1086873.0,-4071.0,295563.0
BBIK,20260513-bbik-fs-1q2026-th.pdf,CF,baht,10,กระแสเงินสดจากกิจกรรมดำเนินงาน,เจ้าหนีกD ารค ้าและเจ้าหนีหD มุนเวียนอืน,เจ้าหนีกD ารค ้าและเจ้าหนีหD มุนเวียนอืน,TRADE_PAYABLES,TRADE_PAYABLES,1.0,-75368878.0,-69021135.0,-25063520.0,-38526581.0
BBIK,20260513-bbik-fs-1q2026-th.pdf,CF,baht,10,กระแสเงินสดจากกิจกรรมดำเนินงาน,หนีสD ินทีเ8 ก ิดจากสัญญา - หมุนเวียน,หนีสD ินทีเ8 ก ิดจากสัญญา - หมุนเวียน,,,0.842,-1894891.0,14420142.0,-331359.0,-1437940.0
BBIK,20260513-bbik-fs-1q2026-th.pdf,CF,baht,10,กระแสเงินสดจากกิจกรรมดำเนินงาน,หนีสD ินหมุนเวียนอืน,หนีสD ินหมุนเวียนอืน,OTHER_CURRENT_LIAB,OTHER_CURRENT_LIAB,1.0,-7557972.0,-764704.0,-5247123.0,228766.0
BBIK,20260513-bbik-fs-1q2026-th.pdf,CF,baht,10,กระแสเงินสดจากกิจกรรมดำเนินงาน,จ่ายผลประโยชน์พนักงาน,จ่ายผลประโยชน์พนักงาน,,,0.75,,-1019476.0,,
BBIK,20260513-bbik-fs-1q2026-th.pdf,CF,baht,10,กระแสเงินสดจากกิจกรรมดำเนินงาน,กระแสเงินสดสุทธิได้ มาจากการดําเน ินงาน,กระแสเงินสดสุทธิได้ มาจากการดําเน ินงาน,CF_OPERATING_BEFORE_ITEMS,CF_OPERATING_BEFORE_ITEMS,0.933,118265336.0,118098488.0,86125080.0,112852054.0
BBIK,20260513-bbik-fs-1q2026-th.pdf,CF,baht,10,กระแสเงินสดจากกิจกรรมดำเนินงาน,รับดอกเบียD,รับดอกเบียD,,,0.8,609352.0,905990.0,589878.0,760433.0
BBIK,20260513-bbik-fs-1q2026-th.pdf,CF,baht,10,กระแสเงินสดจากกิจกรรมดำเนินงาน,จ่ายดอกเบียD,จ่ายดอกเบียD,,,0.875,-28.0,-1268.0,-28.0,-1268.0
BBIK,20260513-bbik-fs-1q2026-th.pdf,CF,baht,10,กระแสเงินสดจากกิจกรรมดำเนินงาน,จ่ายภาษีเงินได้,จ่ายภาษีเงินได้,,,0.875,-6265076.0,-10847793.0,-3554501.0,-7840209.0
BBIK,20260513-bbik-fs-1q2026-th.pdf,CF,baht,10,กระแสเงินสดจากกิจกรรมดำเนินงาน,กระแสเงินสดสุทธิได้ มาจากกิจกรรมดําเน ินงาน,กระแสเงินสดสุทธิได้ มาจากกิจกรรมดําเน ินงาน,CF_OPERATING,CF_OPERATING,1.0,112609584.0,108155417.0,83160429.0,105771010.0
BBIK,20260513-bbik-fs-1q2026-th.pdf,CF,baht,10,กระแสเงินสดจากกิจกรรมดำเนินงาน,หมายเหตุประกอบงบการเงินเป็ นส่วนหนึ8งของงบการเงินระหว่างกาลนีD,หมายเหตุประกอบงบการเงินเป็ นส่วนหนึ8งของงบการเงินระหว่างกาลนีD,,,0.538,,,,8.0
BBIK,20260513-bbik-fs-1q2026-th.pdf,CF,baht,11,กระแสเงินสดจากกิจกรรมลงทุน,เงินฝากสถาบันการเงินทีม ีภาระผ ูกพันเพิม ขึDน,เงินฝากสถาบันการเงินทีม ีภาระผ ูกพันเพิม ขึDน,RESTRICTED_DEPOSITS,RESTRICTED_DEPOSITS,0.909,,-5696939.0,,-5696939.0
BBIK,20260513-bbik-fs-1q2026-th.pdf,CF,baht,11,กระแสเงินสดจากกิจกรรมลงทุน,ี8 องก ัน,ี8 องก ัน,,,0.857,,,,-4500000.0
BBIK,20260513-bbik-fs-1q2026-th.pdf,CF,baht,11,กระแสเงินสดจากกิจกรรมลงทุน,ี8 องก ัน,ี8 องก ัน,,,0.857,,,,4200000.0
BBIK,20260513-bbik-fs-1q2026-th.pdf,CF,baht,11,กระแสเงินสดจากกิจกรรมลงทุน,เงินสดรับจากเงินให้กยืู้ มระยะสัDนแก ่บริษทั อืน,เงินสดรับจากเงินให้กยืู้ มระยะสัDนแก ่บริษทั อืน,,,0.779,,5000000.0,,5000000.0
BBIK,20260513-bbik-fs-1q2026-th.pdf,CF,baht,11,กระแสเงินสดจากกิจกรรมลงทุน,เงินสดรับจากเงินปันผลจากเงินลงทุนในสินทรัพย์ทางการเงินไม่หมุนเวียนอืน,เงินสดรับจากเงินปันผลจากเงินลงทุนในสินทรัพย์ทางการเงินไม่หมุนเวียนอืน,,,0.688,,1474321.0,,1474321.0
BBIK,20260513-bbik-fs-1q2026-th.pdf,CF,baht,11,กระแสเงินสดจากกิจกรรมลงทุน,เงินสดรับจากเงินปันผลจากบริษทั ย่อย,เงินสดรับจากเงินปันผลจากบริษทั ย่อย,DIVIDEND_RECEIVED,DIVIDEND_RECEIVED,1.0,,,,35000000.0
BBIK,20260513-bbik-fs-1q2026-th.pdf,CF,baht,11,กระแสเงินสดจากกิจกรรมลงทุน,เงินสดจ่ายสุทธิจากการลงทุนในบริษทั ย่อย,เงินสดจ่ายสุทธิจากการลงทุนในบริษทั ย่อย,,,0.718,,-147166963.0,,-147166963.0
BBIK,20260513-bbik-fs-1q2026-th.pdf,CF,baht,11,กระแสเงินสดจากกิจกรรมลงทุน,เงินสดจ่ายสุทธิจากการลงทุนในการร่วมค ้า,เงินสดจ่ายสุทธิจากการลงทุนในการร่วมค ้า,,,0.703,-2500000.0,,,
BBIK,20260513-bbik-fs-1q2026-th.pdf,CF,baht,11,กระแสเงินสดจากกิจกรรมลงทุน,เงินสดจ่ายเพือ การซือD สินทรัพย์,เงินสดจ่ายเพือ การซือD สินทรัพย์,,,0.743,-361670.0,-501305.0,,-63255.0
BBIK,20260513-bbik-fs-1q2026-th.pdf,CF,baht,11,กระแสเงินสดจากกิจกรรมลงทุน,เงินสดจ่ายเพือ การพัฒนาสินทรัพย์ไ ม่มีตวั ตน,เงินสดจ่ายเพือ การพัฒนาสินทรัพย์ไ ม่มีตวั ตน,,,0.701,-2570046.0,-11481.0,,
BBIK,20260513-bbik-fs-1q2026-th.pdf,CF,baht,11,กระแสเงินสดจากกิจกรรมลงทุน,กระแสเงินสดสุทธิใช้ไปในกิจกรรมลงทุน,กระแสเงินสดสุทธิใช้ไปในกิจกรรมลงทุน,CF_INVESTING,CF_INVESTING,1.0,-5431716.0,-146902367.0,,-111752836.0
BBIK,20260513-bbik-fs-1q2026-th.pdf,CF,baht,11,กระแสเงินสดจากกิจกรรมจัดหาเงิน,เงินเบิกเก ินบัญชีจากสถาบันการเงินเพิม ขึDน (ลดลง),เงินเบิกเก ินบัญชีจากสถาบันการเงินเพิม ขึDน (ลดลง),,,0.826,-668.0,94618.0,-668.0,94618.0
BBIK,20260513-bbik-fs-1q2026-th.pdf,CF,baht,11,กระแสเงินสดจากกิจกรรมจัดหาเงิน,จ่ายช ําระหนีสD ินตามสัญญาเช่า,จ่ายช ําระหนีสD ินตามสัญญาเช่า,,,0.833,-3527119.0,-3178172.0,-2999764.0,-2650817.0
BBIK,20260513-bbik-fs-1q2026-th.pdf,CF,baht,11,กระแสเงินสดจากกิจกรรมจัดหาเงิน,กระแสเงินสดสุทธิใช้ไปในกิจกรรมจัดหาเงิน,กระแสเงินสดสุทธิใช้ไปในกิจกรรมจัดหาเงิน,CF_FINANCING,CF_FINANCING,1.0,-3527787.0,-3083554.0,-3000432.0,-2556199.0
BBIK,20260513-bbik-fs-1q2026-th.pdf,CF,baht,11,กระแสเงินสดจากกิจกรรมจัดหาเงิน,ก่อนผลกระทบของอัตราแลกเปลียN น,เงินสดและรายการเทียบเท่าเงินสดเพิมN ขึIน (ลดลง) สุทธิ ก่อนผลกระทบของอัตราแลกเปลียN น,CASH_NET_CHANGE_BEFORE_FX,CASH_NET_CHANGE_BEFORE_FX,1.0,103650081.0,-41830504.0,80159997.0,-8538025.0
BBIK,20260513-bbik-fs-1q2026-th.pdf,CF,baht,11,กระแสเงินสดจากกิจกรรมจัดหาเงิน,ผลกระทบของอัตราแลกเปลีย นทีม ีตอ่ เงินสดและรายการเทียบเท่าเงินสด,ผลกระทบของอัตราแลกเปลีย นทีม ีตอ่ เงินสดและรายการเทียบเท่าเงินสด,CASH_FX_EFFECT,CASH_FX_EFFECT,1.0,2437295.0,-153269.0,2322019.0,-109749.0
BBIK,20260513-bbik-fs-1q2026-th.pdf,CF,baht,11,กระแสเงินสดจากกิจกรรมจัดหาเงิน,เงินสดและรายการเทียบเท่าเงินสดเพิมN ขึIน (ลดลง) สุทธิ,เงินสดและรายการเทียบเท่าเงินสดเพิมN ขึIน (ลดลง) สุทธิ,CASH_NET_CHANGE,CASH_NET_CHANGE,1.0,106087376.0,-41983773.0,82482016.0,-8647774.0
BBIK,20260513-bbik-fs-1q2026-th.pdf,CF,baht,11,กระแสเงินสดจากกิจกรรมจัดหาเงิน,ผลกระทบจากการแปลงค ่างบการเงินทีเ8 ป็ นเงินตราต่างประเทศ,ผลกระทบจากการแปลงค ่างบการเงินทีเ8 ป็ นเงินตราต่างประเทศ,CF_TRANSLATION,CF_TRANSLATION_AFTER,1.0,-201075.0,48508.0,,
BBIK,20260513-bbik-fs-1q2026-th.pdf,CF,baht,11,กระแสเงินสดจากกิจกรรมจัดหาเงิน,เงินสดและรายการเทียบเท่าเงินสด ณ วันต้ นงวด,เงินสดและรายการเทียบเท่าเงินสด ณ วันต้ นงวด,CASH_BEGIN,CASH_BEGIN,1.0,594139290.0,530203212.0,224439290.0,311455242.0
BBIK,20260513-bbik-fs-1q2026-th.pdf,CF,baht,11,กระแสเงินสดจากกิจกรรมจัดหาเงิน,เงินสดและรายการเทียบเท่าเงินสด ณ วันสิIนงวด,เงินสดและรายการเทียบเท่าเงินสด ณ วันสิIนงวด,CASH_END,CASH_END,1.0,700025591.0,488267947.0,306921306.0,302807468.0
BBIK,20260513-bbik-fs-1q2026-th.pdf,CF,baht,11,รายการที่ไม่ใช่เงินสด,- ซือD สินทรัพย์ถาวรยังไม่ไ ด้จ่ายช ําระ,- ซือD สินทรัพย์ถาวรยังไม่ไ ด้จ่ายช ําระ,,,0.516,128130.0,,,
BBIK,20260513-bbik-fs-1q2026-th.pdf,CF,baht,11,รายการที่ไม่ใช่เงินสด,- ผลตอบแทนพนักงานในการพัฒนาสินทรัพย์ไ ม่มีตวั ตนยังไม่ไ ด้จ่ายช ําระ,- ผลตอบแทนพนักงานในการพัฒนาสินทรัพย์ไ ม่มีตวั ตนยังไม่ไ ด้จ่ายช ําระ,,,0.48,37951.0,,,
BBIK,20260513-bbik-fs-1q2026-th.pdf,CF,baht,11,รายการที่ไม่ใช่เงินสด,- ปรับปรุงโปรแกรมคอมพิวเตอร์ระหว่างพัฒนาเป็ นต้นทุนบริการ,- ปรับปรุงโปรแกรมคอมพิวเตอร์ระหว่างพัฒนาเป็ นต้นทุนบริการ,,,0.531,,-164312.0,,
BBIK,20260513-bbik-fs-1q2026-th.pdf,CF,baht,11,รายการที่ไม่ใช่เงินสด,- สินทรัพย์สิทธิการใช้และหนีสD ินสัญญาเช่าเพิม ขึDน,- สินทรัพย์สิทธิการใช้และหนีสD ินสัญญาเช่าเพิม ขึDน,,,0.649,2640940.0,899435.0,2640940.0,899435.0
BBIK,20260513-bbik-fs-1q2026-th.pdf,CF,baht,11,รายการที่ไม่ใช่เงินสด,หมายเหตุประกอบงบการเงินเป็ นส่วนหนึ8งของงบการเงินระหว่างกาลนีD,หมายเหตุประกอบงบการเงินเป็ นส่วนหนึ8งของงบการเงินระหว่างกาลนีD,,,0.478,,,,9.0
PRG,20260513-prg-fs-1q2026-th.pdf,SE,thousand,"7,8",งบรวม+งบเฉพาะกิจการ,ยอดคงเหลือ ณ วันที1 1 มกราคม 2569,ยอดคงเหลือ ณ วันที1 1 มกราคม 2569,,,0.0,9559989.0,10765390.0,9388893.0,10573369.0
PRG,20260513-prg-fs-1q2026-th.pdf,SE,thousand,"7,8",งบรวม+งบเฉพาะกิจการ,ก ําไรสําหรับงวด,ก ําไรสําหรับงวด,NET_PROFIT,NET_PROFIT,1.0,5185.0,1832.0,-347.0,-1679.0
PRG,20260513-prg-fs-1q2026-th.pdf,SE,thousand,"7,8",งบรวม+งบเฉพาะกิจการ,ก ําไรขาดทุนเบ็ดเสร็จอืนC สําหรับงวด,ก ําไรขาดทุนเบ็ดเสร็จอืนC สําหรับงวด,OCI_TOTAL,OCI_TOTAL,1.0,-140128.0,-1634827.0,-133380.0,-1556104.0
PRG,20260513-prg-fs-1q2026-th.pdf,SE,thousand,"7,8",งบรวม+งบเฉพาะกิจการ,ก ําไรขาดทุนเบ็ดเสร็จรวมสําหรับงวด,ก ําไรขาดทุนเบ็ดเสร็จรวมสําหรับงวด,TOTAL_COMPREHENSIVE_INCOME,TOTAL_COMPREHENSIVE_INCOME,1.0,-134943.0,-1632995.0,-133727.0,-1557783.0
PRG,20260513-prg-fs-1q2026-th.pdf,SE,thousand,"7,8",งบรวม+งบเฉพาะกิจการ,ใบสําค ัญแสดงสิทธิใช้สิทธิซอืA หุน้ สามัญ (หมายเหตุ 9) 60 232,ใบสําค ัญแสดงสิทธิใช้สิทธิซอืA หุน้ สามัญ (หมายเหตุ 9) 60 232,,,0.479,292.0,,292.0,
PRG,20260513-prg-fs-1q2026-th.pdf,SE,thousand,"7,8",งบรวม+งบเฉพาะกิจการ,ยอดคงเหลือ ณ วันที1 31 มีนาคม 2569,ยอดคงเหลือ ณ วันที1 31 มีนาคม 2569,,,0.0,9425338.0,9306998.0,9255458.0,9190189.0
PRG,20260513-prg-fs-1q2026-th.pdf,SE,thousand,"7,8",งบรวม+งบเฉพาะกิจการ,ใบสําค ัญแสดงสิทธิใช้สิทธิซอืA หุน้ สามัญ,ใบสําค ัญแสดงสิทธิใช้สิทธิซอืA หุน้ สามัญ,,,0.515,,174603.0,,174603.0
PRG,20260513-prg-fs-1q2026-th.pdf,BS,thousand,3,,หมายเหตุ 31 มีนาคม,หมายเหตุ 31 มีนาคม,,,0.516,31.0,31.0,31.0,
PRG,20260513-prg-fs-1q2026-th.pdf,BS,thousand,3,สินทรัพย์หมุนเวียน,เงินสดและรายการเทียบเท่าเงินสด 2,เงินสดและรายการเทียบเท่าเงินสด 2,CASH,CASH,1.0,31466.0,62397.0,5170.0,15430.0
PRG,20260513-prg-fs-1q2026-th.pdf,BS,thousand,3,สินทรัพย์หมุนเวียน,"ลูกหนีกA ารค ้าและลูกหนีหA มุนเวียนอืนC 2, 3","ลูกหนีกA ารค ้าและลูกหนีหA มุนเวียนอืนC 2, 3",TRADE_RECEIVABLES,TRADE_RECEIVABLES,1.0,317306.0,296338.0,7373.0,8835.0
PRG,20260513-prg-fs-1q2026-th.pdf,BS,thousand,3,สินทรัพย์หมุนเวียน,สินค ้าคงเหลือ 4,สินค ้าคงเหลือ 4,INVENTORY,INVENTORY,1.0,532624.0,332107.0,116.0,114.0
PRG,20260513-prg-fs-1q2026-th.pdf,BS,thousand,3,สินทรัพย์หมุนเวียน,เงินให้กยืู้ มระยะสัAนแก ่บริษทั ย่อย 2,เงินให้กยืู้ มระยะสัAนแก ่บริษทั ย่อย 2,SHORT_TERM_LOANS_RELATED,SHORT_TERM_LOANS_RELATED,1.0,,,1102978.0,876955.0
PRG,20260513-prg-fs-1q2026-th.pdf,BS,thousand,3,สินทรัพย์หมุนเวียน,สินทรัพย์หมุนเวียนอืนC,สินทรัพย์หมุนเวียนอืนC,OTHER_CURRENT_ASSETS,OTHER_CURRENT_ASSETS,1.0,5414.0,4051.0,213.0,710.0
PRG,20260513-prg-fs-1q2026-th.pdf,BS,thousand,3,สินทรัพย์หมุนเวียน,รวมสินทรัพย์หมุนเวียน,รวมสินทรัพย์หมุนเวียน,TOTAL_CURRENT_ASSETS,TOTAL_CURRENT_ASSETS,1.0,886810.0,694893.0,1115850.0,902044.0
PRG,20260513-prg-fs-1q2026-th.pdf,BS,thousand,3,สินทรัพย์ไม่หมุนเวียน,สินทรัพย์ทางการเงินไม่หมุนเวียนอืนC 5,สินทรัพย์ทางการเงินไม่หมุนเวียนอืนC 5,OTHER_NONCURRENT_FIN_ASSETS,OTHER_NONCURRENT_FIN_ASSETS,1.0,10057077.0,10232237.0,9558931.0,9725656.0
PRG,20260513-prg-fs-1q2026-th.pdf,BS,thousand,3,สินทรัพย์ไม่หมุนเวียน,เงินลงทุนในบริษทั ย่อย,เงินลงทุนในบริษทั ย่อย,INVEST_SUBSIDIARY,INVEST_SUBSIDIARY,1.0,,,561922.0,561922.0
PRG,20260513-prg-fs-1q2026-th.pdf,BS,thousand,3,สินทรัพย์ไม่หมุนเวียน,อสังหาริมทรัพย์เพือC การลงทุน 6,อสังหาริมทรัพย์เพือC การลงทุน 6,INVESTMENT_PROPERTY,INVESTMENT_PROPERTY,1.0,318753.0,317520.0,81770.0,81770.0
PRG,20260513-prg-fs-1q2026-th.pdf,BS,thousand,3,สินทรัพย์ไม่หมุนเวียน,ทีดC นิ อาคารและอุปกรณ์ 7,ทีดC นิ อาคารและอุปกรณ์ 7,PPE,PPE,1.0,415854.0,421126.0,51259.0,52282.0
PRG,20260513-prg-fs-1q2026-th.pdf,BS,thousand,3,สินทรัพย์ไม่หมุนเวียน,พืชเพือC การให้ผลิตผล,พืชเพือC การให้ผลิตผล,BEARER_PLANTS,BEARER_PLANTS,1.0,13372.0,13576.0,,
PRG,20260513-prg-fs-1q2026-th.pdf,BS,thousand,3,สินทรัพย์ไม่หมุนเวียน,สินทรัพย์ไ ม่มีตวั ตน,สินทรัพย์ไ ม่มีตวั ตน,INTANGIBLES,INTANGIBLES,1.0,8294.0,8692.0,3931.0,4205.0
PRG,20260513-prg-fs-1q2026-th.pdf,BS,thousand,3,สินทรัพย์ไม่หมุนเวียน,สินทรัพย์ภาษีเงินได้รอการตัดบัญชี,สินทรัพย์ภาษีเงินได้รอการตัดบัญชี,DEFERRED_TAX_ASSETS,DEFERRED_TAX_ASSETS,1.0,4404.0,4281.0,,
PRG,20260513-prg-fs-1q2026-th.pdf,BS,thousand,3,สินทรัพย์ไม่หมุนเวียน,สินทรัพย์ไ ม่หมุนเวียนอืนC,สินทรัพย์ไ ม่หมุนเวียนอืนC,OTHER_NONCURRENT_ASSETS,OTHER_NONCURRENT_ASSETS,1.0,33878.0,33916.0,833.0,833.0
PRG,20260513-prg-fs-1q2026-th.pdf,BS,thousand,3,สินทรัพย์ไม่หมุนเวียน,รวมสินทรัพย์ไม่หมุนเวียน,รวมสินทรัพย์ไม่หมุนเวียน,TOTAL_NONCURRENT_ASSETS,TOTAL_NONCURRENT_ASSETS,1.0,10851632.0,11031348.0,10258646.0,10426668.0
PRG,20260513-prg-fs-1q2026-th.pdf,BS,thousand,3,สินทรัพย์ไม่หมุนเวียน,รวมสินทรัพย์,รวมสินทรัพย์,TOTAL_ASSETS,TOTAL_ASSETS,1.0,11738442.0,11726241.0,11374496.0,11328712.0
PRG,20260513-prg-fs-1q2026-th.pdf,BS,thousand,4,,หมายเหตุ 31 มีนาคม,หมายเหตุ 31 มีนาคม,,,0.516,31.0,31.0,31.0,
PRG,20260513-prg-fs-1q2026-th.pdf,BS,thousand,4,หนี้สินหมุนเวียน,เงินกยืู้ มระยะสัAนจากสถาบันการเงิน 8,เงินกยืู้ มระยะสัAนจากสถาบันการเงิน 8,SHORT_TERM_BORROWINGS,SHORT_TERM_BORROWINGS,1.0,371000.0,158000.0,371000.0,158000.0
PRG,20260513-prg-fs-1q2026-th.pdf,BS,thousand,4,หนี้สินหมุนเวียน,เงินกยืู้ มระยะสัAนจากบริษทั ย่อย 2,เงินกยืู้ มระยะสัAนจากบริษทั ย่อย 2,SHORT_TERM_BORROWINGS_RELATED,SHORT_TERM_BORROWINGS_RELATED,1.0,,,88224.0,85364.0
PRG,20260513-prg-fs-1q2026-th.pdf,BS,thousand,4,หนี้สินหมุนเวียน,เจ้าหนีกA ารค ้าและเจ้าหนีหA มุนเวียนอืนC 2,เจ้าหนีกA ารค ้าและเจ้าหนีหA มุนเวียนอืนC 2,TRADE_PAYABLES,TRADE_PAYABLES,1.0,162404.0,200253.0,7660.0,11238.0
PRG,20260513-prg-fs-1q2026-th.pdf,BS,thousand,4,หนี้สินหมุนเวียน,หนีสA ินตามสัญญาเช่า - ทีถC งึ ก ําหนดช ําระภายในหนึCงปี,หนีสA ินตามสัญญาเช่า - ทีถC งึ ก ําหนดช ําระภายในหนึCงปี,CURRENT_LEASE_LIABILITIES,CURRENT_LEASE_LIABILITIES,1.0,4938.0,4740.0,582.0,580.0
PRG,20260513-prg-fs-1q2026-th.pdf,BS,thousand,4,หนี้สินหมุนเวียน,หนีสA ินหมุนเวียนอืนC,หนีสA ินหมุนเวียนอืนC,OTHER_CURRENT_LIAB,OTHER_CURRENT_LIAB,1.0,22341.0,19525.0,2491.0,2196.0
PRG,20260513-prg-fs-1q2026-th.pdf,BS,thousand,4,หนี้สินหมุนเวียน,รวมหนสิีE นหมุนเวียน,รวมหนสิีE นหมุนเวียน,TOTAL_CURRENT_LIAB,TOTAL_CURRENT_LIAB,1.0,560683.0,382518.0,469957.0,257378.0
PRG,20260513-prg-fs-1q2026-th.pdf,BS,thousand,4,หนี้สินไม่หมุนเวียน,ประมาณการหนีสA ินไม่หมุนเวียนสําหรับผลประโยชน์พนักงาน,ประมาณการหนีสA ินไม่หมุนเวียนสําหรับผลประโยชน์พนักงาน,EMPLOYEE_BENEFIT_PROVISION_NONCURRENT,EMPLOYEE_BENEFIT_PROVISION_NONCURRENT,1.0,18649.0,18016.0,1612.0,1446.0
PRG,20260513-prg-fs-1q2026-th.pdf,BS,thousand,4,หนี้สินไม่หมุนเวียน,ทีถC งึ ก ําหนดช ําระภายในหนึCงปี,หนีสA ินตามสัญญาเช่า - สุทธิจากส่วน ทีถC งึ ก ําหนดช ําระภายในหนึCงปี,LEASE_LIABILITIES,LEASE_LIABILITIES,1.0,15571.0,12448.0,592.0,739.0
PRG,20260513-prg-fs-1q2026-th.pdf,BS,thousand,4,หนี้สินไม่หมุนเวียน,หนีสA ินภาษีเงินได้รอการตัดบัญชี,หนีสA ินภาษีเงินได้รอการตัดบัญชี,DEFERRED_TAX_LIAB,DEFERRED_TAX_LIAB,1.0,1714458.0,1749527.0,1643134.0,1676513.0
PRG,20260513-prg-fs-1q2026-th.pdf,BS,thousand,4,หนี้สินไม่หมุนเวียน,หนีสA ินไม่หมุนเวียนอืนC,หนีสA ินไม่หมุนเวียนอืนC,OTHER_NONCURRENT_LIAB,OTHER_NONCURRENT_LIAB,1.0,3743.0,3743.0,3743.0,3743.0
PRG,20260513-prg-fs-1q2026-th.pdf,BS,thousand,4,หนี้สินไม่หมุนเวียน,รวมหนสิีE นไม่หมุนเวียน,รวมหนสิีE นไม่หมุนเวียน,TOTAL_NONCURRENT_LIAB,TOTAL_NONCURRENT_LIAB,1.0,1752421.0,1783734.0,1649081.0,1682441.0
PRG,20260513-prg-fs-1q2026-th.pdf,BS,thousand,4,หนี้สินไม่หมุนเวียน,รวมหนสิีE น,รวมหนสิีE น,TOTAL_LIABILITIES,TOTAL_LIABILITIES,1.0,2313104.0,2166252.0,2119038.0,1939819.0
PRG,20260513-prg-fs-1q2026-th.pdf,BS,thousand,5,,31 มีนาคม,31 มีนาคม,,,0.552,31.0,31.0,31.0,
PRG,20260513-prg-fs-1q2026-th.pdf,BS,thousand,5,ทุนจดทะเบียน,"หุน้ สามัญ 966,709,347 หุน้ มูลค ่าหุน้ ละ 1 บาท","ทุนจดทะเบียน หุน้ สามัญ 966,709,347 หุน้ มูลค ่าหุน้ ละ 1 บาท",REGISTERED_CAPITAL,REGISTERED_CAPITAL,1.0,966709.0,966709.0,966709.0,966709.0
PRG,20260513-prg-fs-1q2026-th.pdf,BS,thousand,5,ทุนจดทะเบียน,มูลค ่าหุน้ ละ 1 บาท),"ทุนออกจําหน่ายและช ําระเต็มมูลค ่าแล้ว หุน้ สามัญ 763,384,513 หุน้ มูลค ่าหุน้ ละ 1 บาท",SHARE_CAPITAL,SHARE_CAPITAL,1.0,763385.0,763325.0,763385.0,763325.0
PRG,20260513-prg-fs-1q2026-th.pdf,BS,thousand,5,ทุนจดทะเบียน,ส่วนเก ินมูลค ่าหุน้ สามัญ,ส่วนเก ินมูลค ่าหุน้ สามัญ,SHARE_PREMIUM,SHARE_PREMIUM,1.0,812658.0,812426.0,812658.0,812426.0
PRG,20260513-prg-fs-1q2026-th.pdf,BS,thousand,5,ทุนจดทะเบียน,ในบริษทั ย่อย,ส่วนตําC กว่าทุนจากการเปลียC นแปลงสัดส่วนการถือหุน้ ในบริษทั ย่อย,SHARE_DISCOUNT_NCI_CHANGE,SHARE_DISCOUNT_NCI_CHANGE,1.0,-9991.0,-9991.0,,
PRG,20260513-prg-fs-1q2026-th.pdf,BS,thousand,5,ทุนจดทะเบียน,จัดสรรแล้ว - สํารองตามกฎหมาย,จัดสรรแล้ว - สํารองตามกฎหมาย,LEGAL_RESERVE,LEGAL_RESERVE,1.0,96711.0,96711.0,96711.0,96711.0
PRG,20260513-prg-fs-1q2026-th.pdf,BS,thousand,5,ทุนจดทะเบียน,ยังไม่ไ ด้จัดสรร,ยังไม่ไ ด้จัดสรร,RETAINED_EARNINGS,RETAINED_EARNINGS,1.0,1679060.0,1673875.0,1829852.0,1830199.0
PRG,20260513-prg-fs-1q2026-th.pdf,BS,thousand,5,ทุนจดทะเบียน,องค ์ประกอบอืนC ของส่วนของผถ้ ู อื หุน้,องค ์ประกอบอืนC ของส่วนของผถ้ ู อื หุน้,OTHER_EQUITY_COMPONENTS,OTHER_EQUITY_COMPONENTS,1.0,6083515.0,6223643.0,5752852.0,5886232.0
PRG,20260513-prg-fs-1q2026-th.pdf,BS,thousand,5,ทุนจดทะเบียน,รวมส่ วนของผู้ ถือหุ้น,รวมส่ วนของผู้ ถือหุ้น,TOTAL_EQUITY,TOTAL_EQUITY,1.0,9425338.0,9559989.0,9255458.0,9388893.0
PRG,20260513-prg-fs-1q2026-th.pdf,BS,thousand,5,ทุนจดทะเบียน,รวมหนสิีE นและส่ วนของผู้ ถือหุ้น,รวมหนสิีE นและส่ วนของผู้ ถือหุ้น,TOTAL_LIAB_EQUITY,TOTAL_LIAB_EQUITY,1.0,11738442.0,11726241.0,11374496.0,11328712.0
PRG,20260513-prg-fs-1q2026-th.pdf,IS,thousand,6,รายได้,รายได้จากการขาย,รายได้จากการขาย,,,0.75,534196.0,687440.0,621.0,1003.0
PRG,20260513-prg-fs-1q2026-th.pdf,IS,thousand,6,รายได้,รายได้จากการให้เช่าและบริการ,รายได้จากการให้เช่าและบริการ,REVENUE_SERVICE,REVENUE_SERVICE,0.923,11895.0,11341.0,538.0,406.0
PRG,20260513-prg-fs-1q2026-th.pdf,IS,thousand,6,รายได้,รายได้อนืC,รายได้อนืC,OTHER_INCOME,OTHER_INCOME,1.0,2361.0,1923.0,27.0,118.0
PRG,20260513-prg-fs-1q2026-th.pdf,IS,thousand,6,รายได้,รวมรายได้,รวมรายได้,TOTAL_REVENUE,TOTAL_REVENUE,1.0,548452.0,700704.0,1186.0,1527.0
PRG,20260513-prg-fs-1q2026-th.pdf,IS,thousand,6,ค่าใช้จ่าย,ต้นทุนขาย,ต้นทุนขาย,,,0.737,472390.0,629707.0,560.0,787.0
PRG,20260513-prg-fs-1q2026-th.pdf,IS,thousand,6,ค่าใช้จ่าย,ต้นทุนการให้เช่าและบริการ,ต้นทุนการให้เช่าและบริการ,COGS_SERVICE,COGS_SERVICE,0.917,12581.0,11545.0,309.0,405.0
PRG,20260513-prg-fs-1q2026-th.pdf,IS,thousand,6,ค่าใช้จ่าย,ค ่าใช้จ่ายในการขายและจัดจําหน่าย,ค ่าใช้จ่ายในการขายและจัดจําหน่าย,SELLING_EXPENSES,SELLING_EXPENSES,1.0,35079.0,36931.0,1673.0,1435.0
PRG,20260513-prg-fs-1q2026-th.pdf,IS,thousand,6,ค่าใช้จ่าย,ค ่าใช้จ่ายในการบริหาร,ค ่าใช้จ่ายในการบริหาร,ADMIN_EXPENSES,ADMIN_EXPENSES,1.0,19706.0,19179.0,10087.0,10332.0
PRG,20260513-prg-fs-1q2026-th.pdf,IS,thousand,6,ค่าใช้จ่าย,รวมค่าใช้จ่าย,รวมค่าใช้จ่าย,TOTAL_EXPENSES,TOTAL_EXPENSES,1.0,539756.0,697362.0,12629.0,12959.0
PRG,20260513-prg-fs-1q2026-th.pdf,IS,thousand,6,ค่าใช้จ่าย,กําไร (ขาดทุน) จากการดําเน ินงาน,กําไร (ขาดทุน) จากการดําเน ินงาน,OPERATING_PROFIT,OPERATING_PROFIT,1.0,8696.0,3342.0,-11443.0,-11432.0
PRG,20260513-prg-fs-1q2026-th.pdf,IS,thousand,6,ค่าใช้จ่าย,รายได้ทางการเงิน,รายได้ทางการเงิน,FINANCE_INCOME,FINANCE_INCOME,1.0,,,13508.0,12599.0
PRG,20260513-prg-fs-1q2026-th.pdf,IS,thousand,6,ค่าใช้จ่าย,ต้นทุนทางการเงิน,ต้นทุนทางการเงิน,FINANCE_COST,FINANCE_COST,1.0,-1365.0,-1566.0,-2445.0,-2854.0
PRG,20260513-prg-fs-1q2026-th.pdf,IS,thousand,6,ค่าใช้จ่าย,กําไร (ขาดทุน) ก่อนภาษีเงินได้,กําไร (ขาดทุน) ก่อนภาษีเงินได้,PROFIT_BEFORE_TAX,PROFIT_BEFORE_TAX,0.923,7331.0,1776.0,-380.0,-1687.0
PRG,20260513-prg-fs-1q2026-th.pdf,IS,thousand,6,ค่าใช้จ่าย,รายได้ (ค ่าใช้จ่าย) ภาษีเงินได้,รายได้ (ค ่าใช้จ่าย) ภาษีเงินได้,INCOME_TAX_EXPENSE,INCOME_TAX_EXPENSE,1.0,-2146.0,56.0,33.0,8.0
PRG,20260513-prg-fs-1q2026-th.pdf,IS,thousand,6,ค่าใช้จ่าย,กําไร (ขาดทุน) สําหรับงวด,กําไร (ขาดทุน) สําหรับงวด,NET_PROFIT,NET_PROFIT,1.0,5185.0,1832.0,-347.0,-1679.0
PRG,20260513-prg-fs-1q2026-th.pdf,IS,thousand,6,กำไรขาดทุนเบ็ดเสร็จอื่น,มูลค ่ายุตธิ รรมผ่านก ําไรขาดทุนเบ็ดเสร็จอืนC - สุทธิจากภาษีเงินได้,ขาดทุนจากเงินลงทุนในตราสารทุนทีกC ําหนดให้วัดมูลค ่าด้วย มูลค ่ายุตธิ รรมผ่านก ําไรขาดทุนเบ็ดเสร็จอืนC - สุทธิจากภาษีเงินได้,OCI_FVOCI_EQUITY,OCI_FVOCI_EQUITY,0.905,-140128.0,-1634827.0,-133380.0,-1556104.0
PRG,20260513-prg-fs-1q2026-th.pdf,IS,thousand,6,กำไรขาดทุนเบ็ดเสร็จอื่น,ในภายหลัง - สุทธิจากภาษีเงินได้,ในภายหลัง - สุทธิจากภาษีเงินได้,,,0.786,-140128.0,-1634827.0,-133380.0,-1556104.0
PRG,20260513-prg-fs-1q2026-th.pdf,IS,thousand,6,กำไรขาดทุนเบ็ดเสร็จอื่น,กําไรขาดทุนเบ็ดเสร็จอื1นสําหรับงวด,กําไรขาดทุนเบ็ดเสร็จอื1นสําหรับงวด,OCI_TOTAL,OCI_TOTAL,1.0,-140128.0,-1634827.0,-133380.0,-1556104.0
PRG,20260513-prg-fs-1q2026-th.pdf,IS,thousand,6,กำไรขาดทุนเบ็ดเสร็จอื่น,กําไรขาดทุนเบ็ดเสร็จรวมสําหรับงวด,กําไรขาดทุนเบ็ดเสร็จรวมสําหรับงวด,TOTAL_COMPREHENSIVE_INCOME,TOTAL_COMPREHENSIVE_INCOME,1.0,-134943.0,-1632995.0,-133727.0,-1557783.0
PRG,20260513-prg-fs-1q2026-th.pdf,IS,thousand,6,กำไรต่อหุ้น,ก ําไร (ขาดทุน) ต่อหุน้ ขันA พืนA ฐาน,ก ําไร (ขาดทุน) ต่อหุน้ ขันA พืนA ฐาน,EPS,EPS,1.0,0.007,0.002,-0.001,-0.002
PRG,20260513-prg-fs-1q2026-th.pdf,IS,thousand,6,กำไรต่อหุ้น,ก ําไร (ขาดทุน) ต่อหุน้ ปรับลด,ก ําไร (ขาดทุน) ต่อหุน้ ปรับลด,,,0.714,0.007,0.002,-0.001,-0.002
PRG,20260513-prg-fs-1q2026-th.pdf,CF,thousand,9,กระแสเงินสดจากกิจกรรมดำเนินงาน,ก ําไร (ขาดทุน) ก ่อนภาษี,ก ําไร (ขาดทุน) ก ่อนภาษี,,,0.783,7331.0,1776.0,-380.0,-1687.0
PRG,20260513-prg-fs-1q2026-th.pdf,CF,thousand,9,กระแสเงินสดจากกิจกรรมดำเนินงาน,ค ่าเสืCอมราคาและค ่าตัดจําหน่าย,ค ่าเสืCอมราคาและค ่าตัดจําหน่าย,DEPRECIATION_AMORTISATION,DEPRECIATION_AMORTISATION,1.0,15251.0,14000.0,1315.0,1600.0
PRG,20260513-prg-fs-1q2026-th.pdf,CF,thousand,9,กระแสเงินสดจากกิจกรรมดำเนินงาน,ผลขาดทุนด้านเครดิตทีคC าดว่าจะเก ิดขึAน (โอนกลับ),ผลขาดทุนด้านเครดิตทีคC าดว่าจะเก ิดขึAน (โอนกลับ),,,0.894,189.0,-6.0,,-6.0
PRG,20260513-prg-fs-1q2026-th.pdf,CF,thousand,9,กระแสเงินสดจากกิจกรรมดำเนินงาน,ก ําไรจากการจําหน่ายและตัดจําหน่ายสินทรัพย์,ก ําไรจากการจําหน่ายและตัดจําหน่ายสินทรัพย์,,,0.655,-2.0,-11.0,-2.0,-6.0
PRG,20260513-prg-fs-1q2026-th.pdf,CF,thousand,9,กระแสเงินสดจากกิจกรรมดำเนินงาน,การปรับลดสินค ้าคงเหลือเป็ นมูลค ่าสุทธิทจีC ะได้รับ,การปรับลดสินค ้าคงเหลือเป็ นมูลค ่าสุทธิทจีC ะได้รับ,,,0.56,11.0,13.0,,
PRG,20260513-prg-fs-1q2026-th.pdf,CF,thousand,9,กระแสเงินสดจากกิจกรรมดำเนินงาน,ประมาณการหนีสA ินสําหรับผลประโยชน์พนักงาน,ประมาณการหนีสA ินสําหรับผลประโยชน์พนักงาน,EMPLOYEE_BENEFIT_PROVISION,EMPLOYEE_BENEFIT_PROVISION,1.0,633.0,540.0,166.0,48.0
PRG,20260513-prg-fs-1q2026-th.pdf,CF,thousand,9,กระแสเงินสดจากกิจกรรมดำเนินงาน,รายได้ทางการเงิน,รายได้ทางการเงิน,FINANCE_INCOME,FINANCE_INCOME,1.0,,,-13508.0,-12599.0
PRG,20260513-prg-fs-1q2026-th.pdf,CF,thousand,9,กระแสเงินสดจากกิจกรรมดำเนินงาน,ต้นทุนทางการเงิน,ต้นทุนทางการเงิน,FINANCE_COST,FINANCE_COST,1.0,1365.0,1566.0,2445.0,2854.0
PRG,20260513-prg-fs-1q2026-th.pdf,CF,thousand,9,กระแสเงินสดจากกิจกรรมดำเนินงาน,ในสินทรัพย์และหนีสA ินดําเนินงาน,ก ําไร (ขาดทุน) จากการด ําเนินงานก ่อนการเปลียC นแปลง ในสินทรัพย์และหนีสA ินดําเนินงาน,PROFIT_BEFORE_WC_CHANGE,PROFIT_BEFORE_WC_CHANGE,0.952,24778.0,17878.0,-9964.0,-9796.0
PRG,20260513-prg-fs-1q2026-th.pdf,CF,thousand,9,กระแสเงินสดจากกิจกรรมดำเนินงาน,ลูกหนีกA ารค ้าและลูกหนีหA มุนเวียนอืนC,ลูกหนีกA ารค ้าและลูกหนีหA มุนเวียนอืนC,TRADE_RECEIVABLES,TRADE_RECEIVABLES,1.0,-21156.0,-24894.0,2377.0,732.0
PRG,20260513-prg-fs-1q2026-th.pdf,CF,thousand,9,กระแสเงินสดจากกิจกรรมดำเนินงาน,สินค ้าคงเหลือ,สินค ้าคงเหลือ,INVENTORY,INVENTORY,1.0,-200528.0,-165305.0,-2.0,22.0
PRG,20260513-prg-fs-1q2026-th.pdf,CF,thousand,9,กระแสเงินสดจากกิจกรรมดำเนินงาน,สินทรัพย์หมุนเวียนอืนC,สินทรัพย์หมุนเวียนอืนC,OTHER_CURRENT_ASSETS,OTHER_CURRENT_ASSETS,1.0,-843.0,-2172.0,,3.0
PRG,20260513-prg-fs-1q2026-th.pdf,CF,thousand,9,กระแสเงินสดจากกิจกรรมดำเนินงาน,สินทรัพย์ไ ม่หมุนเวียนอืนC,สินทรัพย์ไ ม่หมุนเวียนอืนC,OTHER_NONCURRENT_ASSETS,OTHER_NONCURRENT_ASSETS,1.0,38.0,101.0,,18.0
PRG,20260513-prg-fs-1q2026-th.pdf,CF,thousand,9,กระแสเงินสดจากกิจกรรมดำเนินงาน,เจ้าหนีกA ารค ้าและเจ้าหนีหA มุนเวียนอืนC,เจ้าหนีกA ารค ้าและเจ้าหนีหA มุนเวียนอืนC,TRADE_PAYABLES,TRADE_PAYABLES,1.0,-37935.0,78629.0,-3663.0,-961.0
PRG,20260513-prg-fs-1q2026-th.pdf,CF,thousand,9,กระแสเงินสดจากกิจกรรมดำเนินงาน,หนีสA ินหมุนเวียนอืนC,หนีสA ินหมุนเวียนอืนC,OTHER_CURRENT_LIAB,OTHER_CURRENT_LIAB,1.0,511.0,1653.0,295.0,63.0
PRG,20260513-prg-fs-1q2026-th.pdf,CF,thousand,9,กระแสเงินสดจากกิจกรรมดำเนินงาน,จ่ายผลประโยชน์พนักงาน,จ่ายผลประโยชน์พนักงาน,,,0.75,,-233.0,,
PRG,20260513-prg-fs-1q2026-th.pdf,CF,thousand,9,กระแสเงินสดจากกิจกรรมดำเนินงาน,เงินสดสุทธิใช้ไปในกิจกรรมดําเน ินงาน,เงินสดสุทธิใช้ไปในกิจกรรมดําเน ินงาน,CF_OPERATING_BEFORE_ITEMS,CF_OPERATING_BEFORE_ITEMS,1.0,-235135.0,-94343.0,-10957.0,-9919.0
PRG,20260513-prg-fs-1q2026-th.pdf,CF,thousand,9,กระแสเงินสดจากกิจกรรมดำเนินงาน,จ่ายภาษีเงินได้,จ่ายภาษีเงินได้,,,0.875,-1229.0,-1724.0,-213.0,-291.0
PRG,20260513-prg-fs-1q2026-th.pdf,CF,thousand,9,กระแสเงินสดจากกิจกรรมดำเนินงาน,รับค ืนภาษีเงินได้,รับค ืนภาษีเงินได้,,,0.741,709.0,,709.0,
PRG,20260513-prg-fs-1q2026-th.pdf,CF,thousand,9,กระแสเงินสดจากกิจกรรมดำเนินงาน,เงินสดสุทธิใช้ไปในกิจกรรมดําเน ินงาน,เงินสดสุทธิใช้ไปในกิจกรรมดําเน ินงาน,CF_OPERATING,CF_OPERATING,1.0,-235655.0,-96067.0,-10461.0,-10210.0
PRG,20260513-prg-fs-1q2026-th.pdf,CF,thousand,10,กระแสเงินสดจากกิจกรรมลงทุน,เงินสดจ่ายให้กยืู้ มระยะสัAนแก ่บริษทั ย่อย,เงินสดจ่ายให้กยืู้ มระยะสัAนแก ่บริษทั ย่อย,SHORT_TERM_LOANS_RELATED,SHORT_TERM_LOANS_RELATED,0.9,,,-383438.0,-364112.0
PRG,20260513-prg-fs-1q2026-th.pdf,CF,thousand,10,กระแสเงินสดจากกิจกรรมลงทุน,เงินสดรับช ําระจากเงินให้กยืู้ มระยะสัAนแก ่บริษทั ย่อย,เงินสดรับช ําระจากเงินให้กยืู้ มระยะสัAนแก ่บริษทั ย่อย,,,0.783,,,157415.0,249130.0
PRG,20260513-prg-fs-1q2026-th.pdf,CF,thousand,10,กระแสเงินสดจากกิจกรรมลงทุน,เงินสดรับจากการจําหน่ายสินทรัพย์,เงินสดรับจากการจําหน่ายสินทรัพย์,,,0.806,2.0,712.0,2.0,706.0
PRG,20260513-prg-fs-1q2026-th.pdf,CF,thousand,10,กระแสเงินสดจากกิจกรรมลงทุน,เงินสดรับจากรายได้ดอกเบียA,เงินสดรับจากรายได้ดอกเบียA,,,0.897,,,12593.0,27115.0
PRG,20260513-prg-fs-1q2026-th.pdf,CF,thousand,10,กระแสเงินสดจากกิจกรรมลงทุน,เงินสดจ่ายซือA สินทรัพย์ไ ม่มีตวั ตน,เงินสดจ่ายซือA สินทรัพย์ไ ม่มีตวั ตน,,,0.75,-60.0,-320.0,,-320.0
PRG,20260513-prg-fs-1q2026-th.pdf,CF,thousand,10,กระแสเงินสดจากกิจกรรมลงทุน,เงินสดจ่ายซือA อาคาร ส่วนปรับปรุงอาคาร เครืCองจักรและอุปกรณ์,เงินสดจ่ายซือA อาคาร ส่วนปรับปรุงอาคาร เครืCองจักรและอุปกรณ์,,,0.667,-1322.0,-3045.0,-18.0,
PRG,20260513-prg-fs-1q2026-th.pdf,CF,thousand,10,กระแสเงินสดจากกิจกรรมลงทุน,เงินสดจ่ายซือA พืชเพือC การให้ผลิตผล,เงินสดจ่ายซือA พืชเพือC การให้ผลิตผล,,,0.75,-69.0,,,
PRG,20260513-prg-fs-1q2026-th.pdf,CF,thousand,10,กระแสเงินสดจากกิจกรรมลงทุน,เงินสดจ่ายซือA อสังหาริมทรัพย์เพือC การลงทุน,เงินสดจ่ายซือA อสังหาริมทรัพย์เพือC การลงทุน,,,0.818,-4580.0,-2888.0,,
PRG,20260513-prg-fs-1q2026-th.pdf,CF,thousand,10,กระแสเงินสดจากกิจกรรมลงทุน,เงินสดสุทธิใช้ไปในกิจกรรมลงทุน,เงินสดสุทธิใช้ไปในกิจกรรมลงทุน,CF_INVESTING,CF_INVESTING,1.0,-6029.0,-5541.0,-213446.0,-87481.0
PRG,20260513-prg-fs-1q2026-th.pdf,CF,thousand,10,กระแสเงินสดจากกิจกรรมจัดหาเงิน,เงินสดรับจากเงินกยืู้ มระยะสัAนจากสถาบันการเงิน,เงินสดรับจากเงินกยืู้ มระยะสัAนจากสถาบันการเงิน,,,0.826,261000.0,445000.0,261000.0,445000.0
PRG,20260513-prg-fs-1q2026-th.pdf,CF,thousand,10,กระแสเงินสดจากกิจกรรมจัดหาเงิน,จ่ายช ําระค ืนเงินกยืู้ มระยะสัAนจากสถาบันการเงิน,จ่ายช ําระค ืนเงินกยืู้ มระยะสัAนจากสถาบันการเงิน,,,0.864,-48000.0,-508000.0,-48000.0,-508000.0
PRG,20260513-prg-fs-1q2026-th.pdf,CF,thousand,10,กระแสเงินสดจากกิจกรรมจัดหาเงิน,เงินสดรับจากเงินกยืู้ มระยะสัAนจากบริษทั ย่อย,เงินสดรับจากเงินกยืู้ มระยะสัAนจากบริษทั ย่อย,,,0.818,,,10230.0,21370.0
PRG,20260513-prg-fs-1q2026-th.pdf,CF,thousand,10,กระแสเงินสดจากกิจกรรมจัดหาเงิน,จ่ายช ําระค ืนเงินกยืู้ มระยะสัAนจากบริษทั ย่อย,จ่ายช ําระค ืนเงินกยืู้ มระยะสัAนจากบริษทั ย่อย,,,0.857,,,-7370.0,-19440.0
PRG,20260513-prg-fs-1q2026-th.pdf,CF,thousand,10,กระแสเงินสดจากกิจกรรมจัดหาเงิน,ช ําระค ืนเงินต้นของหนีสA ินตามสัญญาเช่า,ช ําระค ืนเงินต้นของหนีสA ินตามสัญญาเช่า,,,0.645,-1376.0,-1151.0,-149.0,-268.0
PRG,20260513-prg-fs-1q2026-th.pdf,CF,thousand,10,กระแสเงินสดจากกิจกรรมจัดหาเงิน,จ่ายดอกเบียA,จ่ายดอกเบียA,,,0.875,-1163.0,-1477.0,-2356.0,-3042.0
PRG,20260513-prg-fs-1q2026-th.pdf,CF,thousand,10,กระแสเงินสดจากกิจกรรมจัดหาเงิน,เงินเพิมC ทุนจากการใช้สิทธิของใบสําค ัญแสดงสิทธิซอืA หุน้ สามัญ,เงินเพิมC ทุนจากการใช้สิทธิของใบสําค ัญแสดงสิทธิซอืA หุน้ สามัญ,,,0.709,292.0,174603.0,292.0,174603.0
PRG,20260513-prg-fs-1q2026-th.pdf,CF,thousand,10,กระแสเงินสดจากกิจกรรมจัดหาเงิน,เงินสดสุทธิจากกิจกรรมจัดหาเงิน,เงินสดสุทธิจากกิจกรรมจัดหาเงิน,CF_FINANCING,CF_FINANCING,1.0,210753.0,108975.0,213647.0,110223.0
PRG,20260513-prg-fs-1q2026-th.pdf,CF,thousand,10,กระแสเงินสดจากกิจกรรมจัดหาเงิน,เงินสดและรายการเทียบเท่าเงินสดเพิม ขึEน (ลดลง) สุทธิ,เงินสดและรายการเทียบเท่าเงินสดเพิม ขึEน (ลดลง) สุทธิ,CASH_NET_CHANGE,CASH_NET_CHANGE,1.0,-30931.0,7367.0,-10260.0,12532.0
PRG,20260513-prg-fs-1q2026-th.pdf,CF,thousand,10,กระแสเงินสดจากกิจกรรมจัดหาเงิน,เงินสดและรายการเทียบเท่าเงินสดต้นงวด,เงินสดและรายการเทียบเท่าเงินสดต้นงวด,CASH_BEGIN,CASH_BEGIN,1.0,62397.0,41377.0,15430.0,7079.0
PRG,20260513-prg-fs-1q2026-th.pdf,CF,thousand,10,กระแสเงินสดจากกิจกรรมจัดหาเงิน,เงินสดและรายการเทียบเท่าเงินสดปลายงวด,เงินสดและรายการเทียบเท่าเงินสดปลายงวด,CASH_END,CASH_END,1.0,31466.0,48744.0,5170.0,19611.0
PRG,20260513-prg-fs-1q2026-th.pdf,CF,thousand,10,รายการที่ไม่ใช่เงินสด,สินทรัพย์สิทธิการใช้แสดงอยูภ่ ายใต้ทดีC นิ อาคารและอุปกรณ์เพิมC ขึAน,สินทรัพย์สิทธิการใช้แสดงอยูภ่ ายใต้ทดีC นิ อาคารและอุปกรณ์เพิมC ขึAน,,,0.519,4579.0,,,
PRG,20260513-prg-fs-1q2026-th.pdf,CF,thousand,10,รายการที่ไม่ใช่เงินสด,โอนอสังหาริมทรัพย์เพือC การลงทุนเป็ น ทีดC นิ อาคารและอุปกรณ์,โอนอสังหาริมทรัพย์เพือC การลงทุนเป็ น ทีดC นิ อาคารและอุปกรณ์,,,0.692,363.0,419.0,,
SAT,20260514-sat-fs-1q2026-th.pdf,SE,thousand,"9,10",งบรวม+งบเฉพาะกิจการ,ยอดคงเหลือ ณ วันที่ 1 มกราคม 2569,ยอดคงเหลือ ณ วันที่ 1 มกราคม,SE_OPENING,SE_OPENING,1.0,8339024.0,8329293.0,5446882.0,5425307.0
SAT,20260514-sat-fs-1q2026-th.pdf,SE,thousand,"9,10",งบรวม+งบเฉพาะกิจการ,กาไร (ขาดทุน),กาไร (ขาดทุน),SE_PROFIT,SE_PROFIT,1.0,210622.0,188409.0,,-21556.0
SAT,20260514-sat-fs-1q2026-th.pdf,SE,thousand,"9,10",งบรวม+งบเฉพาะกิจการ,กาไร (ขาดทุน) เบ็ดเสร็ จอื่น,กาไร (ขาดทุน) เบ็ดเสร็ จอื่น,SE_OCI,SE_OCI,1.0,-272.0,36.0,-68.0,-17.0
SAT,20260514-sat-fs-1q2026-th.pdf,SE,thousand,"9,10,10",งบรวม+งบเฉพาะกิจการ,รวมกาไร (ขาดทุน) เบ็ดเสร็จสาหรับงวด,รวมกาไร (ขาดทุน) เบ็ดเสร็จสาหรับงวด,SE_TCI,SE_TCI,1.0,210350.0,188445.0,4004.0,-21573.0
SAT,20260514-sat-fs-1q2026-th.pdf,SE,thousand,"9,10",งบรวม+งบเฉพาะกิจการ,ยอดคงเหลือ ณ วันที่ 31 มีนาคม 2569,ยอดคงเหลือ ณ วันที่ 31 มีนาคม,SE_CLOSING,SE_CLOSING,1.0,8549374.0,8517738.0,5450886.0,5403734.0
SAT,20260514-sat-fs-1q2026-th.pdf,BS,thousand,4,สินทรัพย์หมุนเวียน,เงินสดและรายการเทียบเท่าเงินสด,เงินสดและรายการเทียบเท่าเงินสด,CASH,CASH,1.0,1486411.0,1260266.0,102822.0,102343.0
SAT,20260514-sat-fs-1q2026-th.pdf,BS,thousand,4,สินทรัพย์หมุนเวียน,ลูกหนี้การค้า 3,ลูกหนี้การค้า 3,TRADE_RECEIVABLES,TRADE_RECEIVABLES,1.0,1284030.0,1092802.0,,
SAT,20260514-sat-fs-1q2026-th.pdf,BS,thousand,4,สินทรัพย์หมุนเวียน,ลูกหนี้อื่น 3,ลูกหนี้อื่น 3,,,0.875,111402.0,140058.0,205594.0,156652.0
SAT,20260514-sat-fs-1q2026-th.pdf,BS,thousand,4,สินทรัพย์หมุนเวียน,เงินให้กยู้ มื ระยะสั้นแก่บริ ษทั ที่เกี่ยวข้องกัน 3,เงินให้กยู้ มื ระยะสั้นแก่บริ ษทั ที่เกี่ยวข้องกัน 3,SHORT_TERM_LOANS_RELATED,SHORT_TERM_LOANS_RELATED,1.0,8000.0,11000.0,127500.0,131000.0
SAT,20260514-sat-fs-1q2026-th.pdf,BS,thousand,4,สินทรัพย์หมุนเวียน,สิ นค้าคงเหลือ,สิ นค้าคงเหลือ,INVENTORY,INVENTORY,1.0,612484.0,673700.0,,
SAT,20260514-sat-fs-1q2026-th.pdf,BS,thousand,4,สินทรัพย์หมุนเวียน,สิ นทรัพย์ทางการเงินหมุนเวียนอื่น 7,สิ นทรัพย์ทางการเงินหมุนเวียนอื่น 7,OTHER_CURRENT_FIN_ASSETS,OTHER_CURRENT_FIN_ASSETS,1.0,2556442.0,2418928.0,892042.0,909029.0
SAT,20260514-sat-fs-1q2026-th.pdf,BS,thousand,4,สินทรัพย์หมุนเวียน,รวมสินทรัพย์ หมุนเวียน,รวมสินทรัพย์ หมุนเวียน,TOTAL_CURRENT_ASSETS,TOTAL_CURRENT_ASSETS,1.0,6058769.0,5596754.0,1327958.0,1299024.0
SAT,20260514-sat-fs-1q2026-th.pdf,BS,thousand,4,สินทรัพย์ไม่หมุนเวียน,เงินฝากสถาบันการเงินที่มีขอ้ จากัดในการใช้,เงินฝากสถาบันการเงินที่มีขอ้ จากัดในการใช้,,,0.78,3500.0,3500.0,,
SAT,20260514-sat-fs-1q2026-th.pdf,BS,thousand,4,สินทรัพย์ไม่หมุนเวียน,สิ นทรัพย์ทางการเงินไม่หมุนเวียนอื่น 7,สิ นทรัพย์ทางการเงินไม่หมุนเวียนอื่น 7,OTHER_NONCURRENT_FIN_ASSETS,OTHER_NONCURRENT_FIN_ASSETS,1.0,95094.0,144306.0,49228.0,68710.0
SAT,20260514-sat-fs-1q2026-th.pdf,BS,thousand,4,สินทรัพย์ไม่หมุนเวียน,เงินลงทุนในบริ ษทั ย่อย 4,เงินลงทุนในบริ ษทั ย่อย 4,INVEST_SUBSIDIARY,INVEST_SUBSIDIARY,1.0,,,3812012.0,3812012.0
SAT,20260514-sat-fs-1q2026-th.pdf,BS,thousand,4,สินทรัพย์ไม่หมุนเวียน,เงินลงทุนในบริ ษทั ร่ วม 4,เงินลงทุนในบริ ษทั ร่ วม 4,INVEST_ASSOCIATE,INVEST_ASSOCIATE,1.0,579123.0,574160.0,,
SAT,20260514-sat-fs-1q2026-th.pdf,BS,thousand,4,สินทรัพย์ไม่หมุนเวียน,เงินลงทุนในการร่ วมค้า 4,เงินลงทุนในการร่ วมค้า 4,INVEST_JV,INVEST_JV,1.0,474627.0,457874.0,295400.0,295400.0
SAT,20260514-sat-fs-1q2026-th.pdf,BS,thousand,4,สินทรัพย์ไม่หมุนเวียน,อสังหาริ มทรัพย์เพื่อการลงทุน,อสังหาริ มทรัพย์เพื่อการลงทุน,INVESTMENT_PROPERTY,INVESTMENT_PROPERTY,1.0,58560.0,58560.0,,
SAT,20260514-sat-fs-1q2026-th.pdf,BS,thousand,4,สินทรัพย์ไม่หมุนเวียน,ที่ดิน อาคารและอุปกรณ์ 5,ที่ดิน อาคารและอุปกรณ์ 5,PPE,PPE,1.0,2815119.0,2889285.0,73693.0,77991.0
SAT,20260514-sat-fs-1q2026-th.pdf,BS,thousand,4,สินทรัพย์ไม่หมุนเวียน,ค่าความนิ ยม,ค่าความนิ ยม,GOODWILL,GOODWILL,1.0,17935.0,17935.0,,
SAT,20260514-sat-fs-1q2026-th.pdf,BS,thousand,4,สินทรัพย์ไม่หมุนเวียน,สิ นทรัพย์ไม่มีตวั ตนอื่น,สิ นทรัพย์ไม่มีตวั ตนอื่น,INTANGIBLES,INTANGIBLES,1.0,97387.0,100237.0,16897.0,17502.0
SAT,20260514-sat-fs-1q2026-th.pdf,BS,thousand,4,สินทรัพย์ไม่หมุนเวียน,สิ นทรัพย์ภาษีเงินได้รอการตัดบัญชี,สิ นทรัพย์ภาษีเงินได้รอการตัดบัญชี,DEFERRED_TAX_ASSETS,DEFERRED_TAX_ASSETS,1.0,66280.0,67055.0,17301.0,17307.0
SAT,20260514-sat-fs-1q2026-th.pdf,BS,thousand,4,สินทรัพย์ไม่หมุนเวียน,สิ นทรัพย์ไม่หมุนเวียนอื่น,สิ นทรัพย์ไม่หมุนเวียนอื่น,OTHER_NONCURRENT_ASSETS,OTHER_NONCURRENT_ASSETS,1.0,103840.0,102053.0,40346.0,40413.0
SAT,20260514-sat-fs-1q2026-th.pdf,BS,thousand,4,สินทรัพย์ไม่หมุนเวียน,รวมสินทรัพย์ ไม่ หมุนเวียน,รวมสินทรัพย์ ไม่ หมุนเวียน,TOTAL_NONCURRENT_ASSETS,TOTAL_NONCURRENT_ASSETS,1.0,4311465.0,4414965.0,4304877.0,4329335.0
SAT,20260514-sat-fs-1q2026-th.pdf,BS,thousand,4,สินทรัพย์ไม่หมุนเวียน,รวมสินทรัพย์,รวมสินทรัพย์,TOTAL_ASSETS,TOTAL_ASSETS,1.0,10370234.0,10011719.0,5632835.0,5628359.0
SAT,20260514-sat-fs-1q2026-th.pdf,BS,thousand,5,หนี้สินหมุนเวียน,เงินเบิกเกินบัญชี และเงินกูย้ มื ระยะสั้นจากสถาบันการเงิน,เงินเบิกเกินบัญชี และเงินกูย้ มื ระยะสั้นจากสถาบันการเงิน,,,0.792,5400.0,6300.0,,
SAT,20260514-sat-fs-1q2026-th.pdf,BS,thousand,5,หนี้สินหมุนเวียน,เจ้าหนี้การค้า 3,เจ้าหนี้การค้า 3,TRADE_PAYABLES,TRADE_PAYABLES,1.0,899547.0,827338.0,,
SAT,20260514-sat-fs-1q2026-th.pdf,BS,thousand,5,หนี้สินหมุนเวียน,เจ้าหนี้อื่น 3,เจ้าหนี้อื่น 3,OTHER_PAYABLES,OTHER_PAYABLES,1.0,407306.0,310350.0,56083.0,47550.0
SAT,20260514-sat-fs-1q2026-th.pdf,BS,thousand,5,หนี้สินหมุนเวียน,เจ้าหนี้ค่าซื้อสิ นทรัพย์,เจ้าหนี้ค่าซื้อสิ นทรัพย์,,,0.681,39580.0,66730.0,1214.0,1242.0
SAT,20260514-sat-fs-1q2026-th.pdf,BS,thousand,5,หนี้สินหมุนเวียน,ที่ถึงกาหนดชาระภายในหนึ่งปี,ส่ วนของหนี้สินตามสัญญาเช่า ที่ถึงกาหนดชาระภายในหนึ่งปี,CURRENT_LEASE_LIABILITIES,CURRENT_LEASE_LIABILITIES,1.0,24032.0,24335.0,11921.0,12009.0
SAT,20260514-sat-fs-1q2026-th.pdf,BS,thousand,5,หนี้สินหมุนเวียน,ภาษีเงินได้นิติบุคคลค้างจ่าย,ภาษีเงินได้นิติบุคคลค้างจ่าย,INCOME_TAX_PAYABLE,INCOME_TAX_PAYABLE,1.0,42949.0,30647.0,,
SAT,20260514-sat-fs-1q2026-th.pdf,BS,thousand,5,หนี้สินหมุนเวียน,รวมหนีส้ ิ นหมุนเวียน,รวมหนีส้ ิ นหมุนเวียน,TOTAL_CURRENT_LIAB,TOTAL_CURRENT_LIAB,1.0,1418814.0,1265700.0,69218.0,60801.0
SAT,20260514-sat-fs-1q2026-th.pdf,BS,thousand,5,หนี้สินไม่หมุนเวียน,หนี้สินตามสัญญาเช่า,หนี้สินตามสัญญาเช่า,LEASE_LIABILITIES,LEASE_LIABILITIES,1.0,27889.0,34433.0,21837.0,24837.0
SAT,20260514-sat-fs-1q2026-th.pdf,BS,thousand,5,หนี้สินไม่หมุนเวียน,สาหรับผลประโยชน์พนักงาน,ประมาณการหนี้สินไม่หมุนเวียน สาหรับผลประโยชน์พนักงาน,EMPLOYEE_BENEFIT_PROVISION_NONCURRENT,EMPLOYEE_BENEFIT_PROVISION_NONCURRENT,1.0,374097.0,372486.0,90817.0,95745.0
SAT,20260514-sat-fs-1q2026-th.pdf,BS,thousand,5,หนี้สินไม่หมุนเวียน,หนี้สินไม่หมุนเวียนอื่น,หนี้สินไม่หมุนเวียนอื่น,OTHER_NONCURRENT_LIAB,OTHER_NONCURRENT_LIAB,1.0,60.0,76.0,77.0,94.0
SAT,20260514-sat-fs-1q2026-th.pdf,BS,thousand,5,หนี้สินไม่หมุนเวียน,รวมหนีส้ ิ นไม่ หมุนเวียน,รวมหนีส้ ิ นไม่ หมุนเวียน,TOTAL_NONCURRENT_LIAB,TOTAL_NONCURRENT_LIAB,1.0,402046.0,406995.0,112731.0,120676.0
SAT,20260514-sat-fs-1q2026-th.pdf,BS,thousand,5,หนี้สินไม่หมุนเวียน,รวมหนีส้ ิ น,รวมหนีส้ ิ น,TOTAL_LIABILITIES,TOTAL_LIABILITIES,1.0,1820860.0,1672695.0,181949.0,181477.0
SAT,20260514-sat-fs-1q2026-th.pdf,BS,thousand,6,ทุนจดทะเบียน,"(หุ้นสามัญจานวน 425,193,894 หุ้น มูลค่ า 1 บาทต่ อหุ้น)","(หุ้นสามัญจานวน 425,193,894 หุ้น มูลค่ า 1 บาทต่ อหุ้น)",,,0.6,425194.0,425194.0,425194.0,425194.0
SAT,20260514-sat-fs-1q2026-th.pdf,BS,thousand,6,ทุนที่ออกและชำระแล้ว,"(หุ้นสามัญจานวน 425,193,894 หุ้น มูลค่ า 1 บาทต่ อหุ้น)","(หุ้นสามัญจานวน 425,193,894 หุ้น มูลค่ า 1 บาทต่ อหุ้น)",,,0.6,425194.0,425194.0,425194.0,425194.0
SAT,20260514-sat-fs-1q2026-th.pdf,BS,thousand,6,ทุนที่ออกและชำระแล้ว,ส่ วนเกินมูลค่าหุน้ สามัญ,ส่ วนเกินมูลค่าหุน้ สามัญ,SHARE_PREMIUM,SHARE_PREMIUM,1.0,716444.0,716444.0,716444.0,716444.0
SAT,20260514-sat-fs-1q2026-th.pdf,BS,thousand,6,ทุนที่ออกและชำระแล้ว,ทุนสารองตามกฎหมาย,ทุนสารองตามกฎหมาย,LEGAL_RESERVE,LEGAL_RESERVE,1.0,55671.0,55671.0,42671.0,42671.0
SAT,20260514-sat-fs-1q2026-th.pdf,BS,thousand,6,ทุนที่ออกและชำระแล้ว,ยังไม่ได้จดั สรร,ยังไม่ได้จดั สรร,RETAINED_EARNINGS,RETAINED_EARNINGS,1.0,7360735.0,7148815.0,4266368.0,4262296.0
SAT,20260514-sat-fs-1q2026-th.pdf,BS,thousand,6,ทุนที่ออกและชำระแล้ว,องค์ประกอบอื่นของส่ วนของผูถ้ ือหุน้,องค์ประกอบอื่นของส่ วนของผูถ้ ือหุน้,OTHER_EQUITY_COMPONENTS,OTHER_EQUITY_COMPONENTS,1.0,13522.0,13794.0,209.0,277.0
SAT,20260514-sat-fs-1q2026-th.pdf,BS,thousand,6,ทุนที่ออกและชำระแล้ว,รวมส่ วนของบริษทั ใหญ่,รวมส่ วนของบริษทั ใหญ่,,,0.743,8571566.0,8359918.0,5450886.0,5446882.0
SAT,20260514-sat-fs-1q2026-th.pdf,BS,thousand,6,ทุนที่ออกและชำระแล้ว,ส่ วนได้เสี ยที่ไม่มีอานาจควบคุม,ส่ วนได้เสี ยที่ไม่มีอานาจควบคุม,NCI,NCI,1.0,-22192.0,-20894.0,,
SAT,20260514-sat-fs-1q2026-th.pdf,BS,thousand,6,ทุนที่ออกและชำระแล้ว,รวมส่ วนของผู้ถือหุ้น,รวมส่ วนของผู้ถือหุ้น,TOTAL_EQUITY,TOTAL_EQUITY,1.0,8549374.0,8339024.0,5450886.0,5446882.0
SAT,20260514-sat-fs-1q2026-th.pdf,BS,thousand,6,ทุนที่ออกและชำระแล้ว,รวมหนีส้ ิ นและส่ วนของผู้ถือหุ้น,รวมหนีส้ ิ นและส่ วนของผู้ถือหุ้น,TOTAL_LIAB_EQUITY,TOTAL_LIAB_EQUITY,1.0,10370234.0,10011719.0,5632835.0,5628359.0
SAT,20260514-sat-fs-1q2026-th.pdf,IS,thousand,7,,วันที่,วันที่,,,0.5,31.0,,31.0,
SAT,20260514-sat-fs-1q2026-th.pdf,IS,thousand,7,รายได้,"รายได้จากการขาย 3, 6","รายได้จากการขาย 3, 6",,,0.75,1823407.0,1826687.0,,
SAT,20260514-sat-fs-1q2026-th.pdf,IS,thousand,7,รายได้,"รายได้ค่าธรรมเนี ยมในการบริ หารจัดการ 3, 6","รายได้ค่าธรรมเนี ยมในการบริ หารจัดการ 3, 6",,,0.706,420.0,420.0,110020.0,64320.0
SAT,20260514-sat-fs-1q2026-th.pdf,IS,thousand,7,รายได้,กาไรจากอัตราแลกเปลี่ ยนสุ ทธิ,กาไรจากอัตราแลกเปลี่ ยนสุ ทธิ,,,0.897,3328.0,785.0,4.0,
SAT,20260514-sat-fs-1q2026-th.pdf,IS,thousand,7,รายได้,รายได้อื่น 3,รายได้อื่น 3,OTHER_INCOME,OTHER_INCOME,1.0,19641.0,23853.0,5017.0,6661.0
SAT,20260514-sat-fs-1q2026-th.pdf,IS,thousand,7,รายได้,รวมรายได้,รวมรายได้,TOTAL_REVENUE,TOTAL_REVENUE,1.0,1846796.0,1851745.0,115041.0,70981.0
SAT,20260514-sat-fs-1q2026-th.pdf,IS,thousand,7,ค่าใช้จ่าย,ต้นทุนขาย 3,ต้นทุนขาย 3,,,0.737,1462528.0,1478175.0,,
SAT,20260514-sat-fs-1q2026-th.pdf,IS,thousand,7,ค่าใช้จ่าย,"ต้นทุนในการจัดจาหน่าย 3, 10","ต้นทุนในการจัดจาหน่าย 3, 10",,,0.788,32139.0,35153.0,,
SAT,20260514-sat-fs-1q2026-th.pdf,IS,thousand,7,ค่าใช้จ่าย,"ค่าใช้จ่ายในการบริ หาร 3, 10","ค่าใช้จ่ายในการบริ หาร 3, 10",ADMIN_EXPENSES,ADMIN_EXPENSES,1.0,149143.0,130329.0,110455.0,92340.0
SAT,20260514-sat-fs-1q2026-th.pdf,IS,thousand,7,ค่าใช้จ่าย,รวมค่ าใช้ จ่าย,รวมค่ าใช้ จ่าย,TOTAL_EXPENSES,TOTAL_EXPENSES,1.0,1643810.0,1643657.0,110455.0,92340.0
SAT,20260514-sat-fs-1q2026-th.pdf,IS,thousand,7,ค่าใช้จ่าย,กาไร (ขาดทุน) จากกิจกรรมดาเนินงาน,กาไร (ขาดทุน) จากกิจกรรมดาเนินงาน,,,0.882,202986.0,208088.0,4586.0,-21359.0
SAT,20260514-sat-fs-1q2026-th.pdf,IS,thousand,7,ค่าใช้จ่าย,ต้นทุนทางการเงิน,ต้นทุนทางการเงิน,FINANCE_COST,FINANCE_COST,1.0,-859.0,-1165.0,-491.0,-215.0
SAT,20260514-sat-fs-1q2026-th.pdf,IS,thousand,7,ค่าใช้จ่าย,ที่ใช้วิธีส่วนได้เสี ย 6,ที่ใช้วิธีส่วนได้เสี ย 6,,,0.794,21716.0,13325.0,,
SAT,20260514-sat-fs-1q2026-th.pdf,IS,thousand,7,ค่าใช้จ่าย,กาไร (ขาดทุน) ก่ อนภาษีเงินได้,กาไร (ขาดทุน) ก่ อนภาษีเงินได้,PROFIT_BEFORE_TAX,PROFIT_BEFORE_TAX,0.923,223843.0,220248.0,4095.0,-21574.0
SAT,20260514-sat-fs-1q2026-th.pdf,IS,thousand,7,ค่าใช้จ่าย,(ค่าใช้จ่าย) รายได้ภาษีเงินได้,(ค่าใช้จ่าย) รายได้ภาษีเงินได้,,,0.857,-13221.0,-31839.0,-23.0,18.0
SAT,20260514-sat-fs-1q2026-th.pdf,IS,thousand,7,ค่าใช้จ่าย,กาไร (ขาดทุน) สาหรับงวด,กาไร (ขาดทุน) สาหรับงวด,NET_PROFIT,NET_PROFIT,1.0,210622.0,188409.0,4072.0,-21556.0
SAT,20260514-sat-fs-1q2026-th.pdf,IS,thousand,7,ค่าใช้จ่าย,กาไร (ขาดทุน) ต่ อหุ้นขั้นพืน้ ฐาน (บาท),กาไร (ขาดทุน) ต่ อหุ้นขั้นพืน้ ฐาน (บาท),EPS,EPS,0.941,0.5,0.44,0.01,-0.05
SAT,20260514-sat-fs-1q2026-th.pdf,IS,thousand,7,การแบ่งปันกำไร (ขาดทุน),ส่ วนที่เป็ นของบริ ษทั ใหญ่,การแบ่งปันกำไร (ขาดทุน) ส่ วนที่เป็ นของบริ ษทั ใหญ่,PROFIT_ATTRIB_PARENT,PROFIT_ATTRIB_PARENT,1.0,211920.0,189198.0,4072.0,-21556.0
SAT,20260514-sat-fs-1q2026-th.pdf,IS,thousand,7,การแบ่งปันกำไร (ขาดทุน),ส่ วนที่เป็ นของส่ วนได้เสี ยที่ไม่มีอานาจควบคุม,การแบ่งปันกำไร (ขาดทุน) ส่ วนที่เป็ นของส่ วนได้เสี ยที่ไม่มีอานาจควบคุม,PROFIT_ATTRIB_NCI,PROFIT_ATTRIB_NCI,1.0,-1298.0,-789.0,,
SAT,20260514-sat-fs-1q2026-th.pdf,IS,thousand,7,การแบ่งปันกำไร (ขาดทุน),กาไร (ขาดทุน) สาหรับงวด,กาไร (ขาดทุน) สาหรับงวด,NET_PROFIT,NET_PROFIT,1.0,210622.0,188409.0,4072.0,-21556.0
SAT,20260514-sat-fs-1q2026-th.pdf,IS,thousand,8,,วันที่,วันที่,,,0.5,31.0,,,
SAT,20260514-sat-fs-1q2026-th.pdf,IS,thousand,8,,กาไร (ขาดทุน) สาหรับงวด,กาไร (ขาดทุน) สาหรับงวด,NET_PROFIT,NET_PROFIT,1.0,210622.0,188409.0,4072.0,-21556.0
SAT,20260514-sat-fs-1q2026-th.pdf,IS,thousand,8,กำไรขาดทุนเบ็ดเสร็จอื่น,ผลกาไร (ขาดทุน) จากการวัดมูลค่าสิ นทรัพย์ทางการเงิน,ผลกาไร (ขาดทุน) จากการวัดมูลค่าสิ นทรัพย์ทางการเงิน,,,0.794,-334.0,37.0,-85.0,-21.0
SAT,20260514-sat-fs-1q2026-th.pdf,IS,thousand,8,กำไรขาดทุนเบ็ดเสร็จอื่น,กาไรหรื อขาดทุนในภายหลัง,กาไรหรื อขาดทุนในภายหลัง,,,0.854,62.0,-1.0,17.0,4.0
SAT,20260514-sat-fs-1q2026-th.pdf,IS,thousand,8,กำไรขาดทุนเบ็ดเสร็จอื่น,ขาดทุนในภายหลัง,รวมรายการทีอ่ าจถูกจัดประเภทใหม่ ไว้ในกาไรหรื อ ขาดทุนในภายหลัง,OCI_RECLASSIFIABLE_TOTAL,OCI_RECLASSIFIABLE_TOTAL,1.0,-272.0,36.0,-68.0,-17.0
SAT,20260514-sat-fs-1q2026-th.pdf,IS,thousand,8,กำไรขาดทุนเบ็ดเสร็จอื่น,กาไร (ขาดทุน) เบ็ดเสร็จอื่นสาหรับงวด - สุ ทธิจากภาษีเงินได้,กาไร (ขาดทุน) เบ็ดเสร็จอื่นสาหรับงวด - สุ ทธิจากภาษีเงินได้,OCI_TOTAL,OCI_TOTAL,0.947,-272.0,36.0,-68.0,-17.0
SAT,20260514-sat-fs-1q2026-th.pdf,IS,thousand,8,กำไรขาดทุนเบ็ดเสร็จอื่น,กาไร (ขาดทุน) เบ็ดเสร็จรวมสาหรับงวด,กาไร (ขาดทุน) เบ็ดเสร็จรวมสาหรับงวด,TOTAL_COMPREHENSIVE_INCOME,TOTAL_COMPREHENSIVE_INCOME,1.0,210350.0,188445.0,4004.0,-21573.0
SAT,20260514-sat-fs-1q2026-th.pdf,IS,thousand,8,การแบ่งปันกำไร (ขาดทุน) เบ็ดเสร็จรวม,ส่ วนที่เป็ นของบริ ษทั ใหญ่,การแบ่งปันกำไร (ขาดทุน) เบ็ดเสร็จรวม ส่ วนที่เป็ นของบริ ษทั ใหญ่,TCI_ATTRIB_PARENT,TCI_ATTRIB_PARENT,1.0,211648.0,189234.0,4004.0,-21573.0
SAT,20260514-sat-fs-1q2026-th.pdf,IS,thousand,8,การแบ่งปันกำไร (ขาดทุน) เบ็ดเสร็จรวม,ส่ วนที่เป็ นของส่ วนได้เสี ยที่ไม่มีอานาจควบคุม,การแบ่งปันกำไร (ขาดทุน) เบ็ดเสร็จรวม ส่ วนที่เป็ นของส่ วนได้เสี ยที่ไม่มีอานาจควบคุม,TCI_ATTRIB_NCI,TCI_ATTRIB_NCI,1.0,-1298.0,-789.0,,
SAT,20260514-sat-fs-1q2026-th.pdf,IS,thousand,8,การแบ่งปันกำไร (ขาดทุน) เบ็ดเสร็จรวม,กาไร (ขาดทุน) เบ็ดเสร็จรวมสาหรับงวด,กาไร (ขาดทุน) เบ็ดเสร็จรวมสาหรับงวด,TOTAL_COMPREHENSIVE_INCOME,TOTAL_COMPREHENSIVE_INCOME,1.0,210350.0,188445.0,4004.0,-21573.0
SAT,20260514-sat-fs-1q2026-th.pdf,CF,thousand,11,,วันที่,วันที่,,,0.5,31.0,,31.0,
SAT,20260514-sat-fs-1q2026-th.pdf,CF,thousand,11,กระแสเงินสดจากกิจกรรมดำเนินงาน,กาไร (ขาดทุน) สาหรับงวด,กาไร (ขาดทุน) สาหรับงวด,NET_PROFIT,NET_PROFIT,1.0,210622.0,188409.0,4072.0,-21556.0
SAT,20260514-sat-fs-1q2026-th.pdf,CF,thousand,11,กระแสเงินสดจากกิจกรรมดำเนินงาน,ค่าใช้จ่าย (รายได้) ภาษีเงินได้,ค่าใช้จ่าย (รายได้) ภาษีเงินได้,,,0.857,13221.0,31839.0,23.0,-18.0
SAT,20260514-sat-fs-1q2026-th.pdf,CF,thousand,11,กระแสเงินสดจากกิจกรรมดำเนินงาน,ต้นทุนทางการเงิน,ต้นทุนทางการเงิน,FINANCE_COST,FINANCE_COST,1.0,859.0,1165.0,491.0,215.0
SAT,20260514-sat-fs-1q2026-th.pdf,CF,thousand,11,กระแสเงินสดจากกิจกรรมดำเนินงาน,ค่าเสื่ อมราคาและค่าตัดจาหน่าย,ค่าเสื่ อมราคาและค่าตัดจาหน่าย,DEPRECIATION_AMORTISATION,DEPRECIATION_AMORTISATION,1.0,125891.0,125593.0,7240.0,5594.0
SAT,20260514-sat-fs-1q2026-th.pdf,CF,thousand,11,กระแสเงินสดจากกิจกรรมดำเนินงาน,ตัดจาหน่ายที่ดิน อาคารและอุปกรณ์,ตัดจาหน่ายที่ดิน อาคารและอุปกรณ์,,,0.8,2157.0,3308.0,,47.0
SAT,20260514-sat-fs-1q2026-th.pdf,CF,thousand,11,กระแสเงินสดจากกิจกรรมดำเนินงาน,ดอกเบี้ยรับ,ดอกเบี้ยรับ,INTEREST_INCOME_CF,INTEREST_INCOME_CF,1.0,-4634.0,-6116.0,-1793.0,-2453.0
SAT,20260514-sat-fs-1q2026-th.pdf,CF,thousand,11,กระแสเงินสดจากกิจกรรมดำเนินงาน,ขาดทุนจากการปรับมูลค่าสิ นค้า,ขาดทุนจากการปรับมูลค่าสิ นค้า,,,0.657,653.0,7264.0,,
SAT,20260514-sat-fs-1q2026-th.pdf,CF,thousand,11,กระแสเงินสดจากกิจกรรมดำเนินงาน,(กาไร) ขาดทุนจากอัตราแลกเปลี่ยนที่ยงั ไม่เกิดขึ้นจริ ง,(กาไร) ขาดทุนจากอัตราแลกเปลี่ยนที่ยงั ไม่เกิดขึ้นจริ ง,,,0.767,-5351.0,98.0,,
SAT,20260514-sat-fs-1q2026-th.pdf,CF,thousand,11,กระแสเงินสดจากกิจกรรมดำเนินงาน,กาไรจากการจาหน่ายที่ดิน อาคารและอุปกรณ์,กาไรจากการจาหน่ายที่ดิน อาคารและอุปกรณ์,,,0.706,-157.0,-243.0,,
SAT,20260514-sat-fs-1q2026-th.pdf,CF,thousand,11,กระแสเงินสดจากกิจกรรมดำเนินงาน,(กาไร) ขาดทุนที่ยงั ไม่เกิดขึ้นจากสิ นทรัพย์ทางการเงินหมุนเวียนอื่น,(กาไร) ขาดทุนที่ยงั ไม่เกิดขึ้นจากสิ นทรัพย์ทางการเงินหมุนเวียนอื่น,,,0.714,5127.0,-1643.0,4626.0,-1102.0
SAT,20260514-sat-fs-1q2026-th.pdf,CF,thousand,11,กระแสเงินสดจากกิจกรรมดำเนินงาน,กาไรจากการขายสิ นทรัพย์ทางการเงินหมุนเวียนอื่น,กาไรจากการขายสิ นทรัพย์ทางการเงินหมุนเวียนอื่น,,,0.833,-9319.0,-3890.0,-6809.0,-1643.0
SAT,20260514-sat-fs-1q2026-th.pdf,CF,thousand,11,กระแสเงินสดจากกิจกรรมดำเนินงาน,ส่วนแบ่งกาไรของการร่ วมค้าและบริ ษทั ร่ วมที่ใช้วิธีส่วนได้เสี ย,ส่วนแบ่งกาไรของการร่ วมค้าและบริ ษทั ร่ วมที่ใช้วิธีส่วนได้เสี ย,,,0.794,-21716.0,-13325.0,,
SAT,20260514-sat-fs-1q2026-th.pdf,CF,thousand,11,กระแสเงินสดจากกิจกรรมดำเนินงาน,ประมาณการหนี้สินสาหรับผลประโยชน์พนักงาน,ประมาณการหนี้สินสาหรับผลประโยชน์พนักงาน,EMPLOYEE_BENEFIT_PROVISION,EMPLOYEE_BENEFIT_PROVISION,1.0,9262.0,9289.0,2723.0,2659.0
SAT,20260514-sat-fs-1q2026-th.pdf,CF,thousand,11,กระแสเงินสดจากกิจกรรมดำเนินงาน,ลูกหนี้ การค้า,ลูกหนี้ การค้า,TRADE_RECEIVABLES,TRADE_RECEIVABLES,1.0,-184873.0,-50.0,,
SAT,20260514-sat-fs-1q2026-th.pdf,CF,thousand,11,กระแสเงินสดจากกิจกรรมดำเนินงาน,ลูกหนี้ อื่น,ลูกหนี้ อื่น,,,0.791,10873.0,-1112.0,-46235.0,-24662.0
SAT,20260514-sat-fs-1q2026-th.pdf,CF,thousand,11,กระแสเงินสดจากกิจกรรมดำเนินงาน,สิ นค้าคงเหลือ,สิ นค้าคงเหลือ,INVENTORY,INVENTORY,1.0,60563.0,-19975.0,,
SAT,20260514-sat-fs-1q2026-th.pdf,CF,thousand,11,กระแสเงินสดจากกิจกรรมดำเนินงาน,สิ นทรัพย์ไม่หมุนเวียนอื่น,สิ นทรัพย์ไม่หมุนเวียนอื่น,OTHER_NONCURRENT_ASSETS,OTHER_NONCURRENT_ASSETS,1.0,-1787.0,-1886.0,67.0,-668.0
SAT,20260514-sat-fs-1q2026-th.pdf,CF,thousand,11,กระแสเงินสดจากกิจกรรมดำเนินงาน,เจ้าหนี้ การค้า,เจ้าหนี้ การค้า,TRADE_PAYABLES,TRADE_PAYABLES,1.0,68992.0,83551.0,,
SAT,20260514-sat-fs-1q2026-th.pdf,CF,thousand,11,กระแสเงินสดจากกิจกรรมดำเนินงาน,เจ้าหนี้ อื่น,เจ้าหนี้ อื่น,OTHER_PAYABLES,OTHER_PAYABLES,1.0,96841.0,54482.0,8533.0,-8308.0
SAT,20260514-sat-fs-1q2026-th.pdf,CF,thousand,11,กระแสเงินสดจากกิจกรรมดำเนินงาน,หนี้สินไม่หมุนเวียนอื่น,หนี้สินไม่หมุนเวียนอื่น,OTHER_NONCURRENT_LIAB,OTHER_NONCURRENT_LIAB,1.0,-16.0,-1.0,-17.0,-1.0
SAT,20260514-sat-fs-1q2026-th.pdf,CF,thousand,11,กระแสเงินสดจากกิจกรรมดำเนินงาน,กระแสเงินสดสุทธิได้มาจาก (ใช้ไปใน) การดาเนิ นงาน,กระแสเงินสดสุทธิได้มาจาก (ใช้ไปใน) การดาเนิ นงาน,CF_OPERATING_BEFORE_ITEMS,CF_OPERATING_BEFORE_ITEMS,1.0,377208.0,456757.0,-27079.0,-51896.0
SAT,20260514-sat-fs-1q2026-th.pdf,CF,thousand,11,กระแสเงินสดจากกิจกรรมดำเนินงาน,ผลประโยชน์พนักงานจ่ายออก,ผลประโยชน์พนักงานจ่ายออก,,,0.686,-7651.0,-14565.0,-7651.0,-14184.0
SAT,20260514-sat-fs-1q2026-th.pdf,CF,thousand,11,กระแสเงินสดจากกิจกรรมดำเนินงาน,ภาษีเงินได้จ่ายออก,ภาษีเงินได้จ่ายออก,,,0.737,-2656.0,-1125.0,-1995.0,-479.0
SAT,20260514-sat-fs-1q2026-th.pdf,CF,thousand,11,กระแสเงินสดจากกิจกรรมดำเนินงาน,กระแสเงินสดสุ ทธิได้มาจาก (ใช้ ไปใน) กิจกรรมดาเนินงาน,กระแสเงินสดสุ ทธิได้มาจาก (ใช้ ไปใน) กิจกรรมดาเนินงาน,CF_OPERATING,CF_OPERATING,1.0,366901.0,441067.0,-36725.0,-66559.0
SAT,20260514-sat-fs-1q2026-th.pdf,CF,thousand,12,,วันที่,วันที่,,,0.5,31.0,,31.0,
SAT,20260514-sat-fs-1q2026-th.pdf,CF,thousand,12,กระแสเงินสดจากกิจกรรมลงทุน,เงินฝากสถาบันการเงินที่มีขอ้ จากัดในการใช้ลดลง,เงินฝากสถาบันการเงินที่มีขอ้ จากัดในการใช้ลดลง,,,0.711,,3000.0,,
SAT,20260514-sat-fs-1q2026-th.pdf,CF,thousand,12,กระแสเงินสดจากกิจกรรมลงทุน,ดอกเบี้ยรับ,ดอกเบี้ยรับ,INTEREST_INCOME_CF,INTEREST_INCOME_CF,1.0,25203.0,8219.0,1145.0,2996.0
SAT,20260514-sat-fs-1q2026-th.pdf,CF,thousand,12,กระแสเงินสดจากกิจกรรมลงทุน,เงินสดจ่ายเพื่อซื้อสิ นทรัพย์ทางการเงินหมุนเวียนอื่น,เงินสดจ่ายเพื่อซื้อสิ นทรัพย์ทางการเงินหมุนเวียนอื่น,,,0.8,-1222138.0,-503712.0,-435000.0,
SAT,20260514-sat-fs-1q2026-th.pdf,CF,thousand,12,กระแสเงินสดจากกิจกรรมลงทุน,เงินสดรับจากการขายสิ นทรัพย์ทางการเงินหมุนเวียนอื่น,เงินสดรับจากการขายสิ นทรัพย์ทางการเงินหมุนเวียนอื่น,,,0.769,1137468.0,587017.0,473503.0,123899.0
SAT,20260514-sat-fs-1q2026-th.pdf,CF,thousand,12,กระแสเงินสดจากกิจกรรมลงทุน,เงินให้กยู้ มื ระยะสั้นแก่บริ ษทั ที่เกี่ยวข้องกัน,เงินให้กยู้ มื ระยะสั้นแก่บริ ษทั ที่เกี่ยวข้องกัน,SHORT_TERM_LOANS_RELATED,SHORT_TERM_LOANS_RELATED,1.0,-3000.0,-5000.0,-28000.0,-30000.0
SAT,20260514-sat-fs-1q2026-th.pdf,CF,thousand,12,กระแสเงินสดจากกิจกรรมลงทุน,เงินสดรับชาระคืนจากเงินให้กยู้ มื ระยะสั้นแก่บริ ษทั ที่เกี่ยวข้องกัน,เงินสดรับชาระคืนจากเงินให้กยู้ มื ระยะสั้นแก่บริ ษทั ที่เกี่ยวข้องกัน,,,0.8,6000.0,5000.0,31500.0,30000.0
SAT,20260514-sat-fs-1q2026-th.pdf,CF,thousand,12,กระแสเงินสดจากกิจกรรมลงทุน,เงินสดจ่ายเพื่อซื้อที่ดิน อาคารและอุปกรณ์,เงินสดจ่ายเพื่อซื้อที่ดิน อาคารและอุปกรณ์,,,0.706,-75575.0,-55844.0,-1212.0,-100.0
SAT,20260514-sat-fs-1q2026-th.pdf,CF,thousand,12,กระแสเงินสดจากกิจกรรมลงทุน,เงินสดรับจากการขายที่ดิน อาคารและอุปกรณ์,เงินสดรับจากการขายที่ดิน อาคารและอุปกรณ์,,,0.829,1369.0,243.0,,
SAT,20260514-sat-fs-1q2026-th.pdf,CF,thousand,12,กระแสเงินสดจากกิจกรรมลงทุน,เงินสดจ่ายเพื่อซื้อสิ นทรัพย์ไม่มีตวั ตน,เงินสดจ่ายเพื่อซื้อสิ นทรัพย์ไม่มีตวั ตน,,,0.706,-1452.0,-2079.0,-1153.0,-217.0
SAT,20260514-sat-fs-1q2026-th.pdf,CF,thousand,12,กระแสเงินสดจากกิจกรรมลงทุน,เงินสดรับจากการขายสิ นทรัพย์ทางการเงินไม่หมุนเวียนอื่น,เงินสดรับจากการขายสิ นทรัพย์ทางการเงินไม่หมุนเวียนอื่น,,,0.778,,49000.0,,49000.0
SAT,20260514-sat-fs-1q2026-th.pdf,CF,thousand,12,กระแสเงินสดจากกิจกรรมลงทุน,กระแสเงินสดสุ ทธิได้มาจาก (ใช้ ไปใน) กิจกรรมลงทุน,กระแสเงินสดสุ ทธิได้มาจาก (ใช้ ไปใน) กิจกรรมลงทุน,CF_INVESTING,CF_INVESTING,1.0,-132125.0,85844.0,40783.0,175578.0
SAT,20260514-sat-fs-1q2026-th.pdf,CF,thousand,12,กระแสเงินสดจากกิจกรรมจัดหาเงิน,ดอกเบี้ยจ่าย,ดอกเบี้ยจ่าย,,,0.769,-860.0,-1169.0,-491.0,-215.0
SAT,20260514-sat-fs-1q2026-th.pdf,CF,thousand,12,กระแสเงินสดจากกิจกรรมจัดหาเงิน,ชาระคืนเงินเบิกเกินบัญชี,ชาระคืนเงินเบิกเกินบัญชี,,,0.818,,-18.0,,
SAT,20260514-sat-fs-1q2026-th.pdf,CF,thousand,12,กระแสเงินสดจากกิจกรรมจัดหาเงิน,เงินสดรับจากเงินกูย้ มื ระยะสั้นจากสถาบันการเงิน,เงินสดรับจากเงินกูย้ มื ระยะสั้นจากสถาบันการเงิน,,,0.826,5400.0,9100.0,,
SAT,20260514-sat-fs-1q2026-th.pdf,CF,thousand,12,กระแสเงินสดจากกิจกรรมจัดหาเงิน,เงินสดจ่ายเพื่อชาระเงินกูย้ มื จากสถาบันการเงิน,เงินสดจ่ายเพื่อชาระเงินกูย้ มื จากสถาบันการเงิน,,,0.682,-6300.0,-14947.0,,
SAT,20260514-sat-fs-1q2026-th.pdf,CF,thousand,12,กระแสเงินสดจากกิจกรรมจัดหาเงิน,เงินสดจ่ายชาระหนี้สินตามสัญญาเช่า,เงินสดจ่ายชาระหนี้สินตามสัญญาเช่า,,,0.714,-9265.0,-6889.0,-3088.0,-3283.0
SAT,20260514-sat-fs-1q2026-th.pdf,CF,thousand,12,กระแสเงินสดจากกิจกรรมจัดหาเงิน,กระแสเงินสดสุ ทธิใช้ ไปในกิจกรรมจัดหาเงิน,กระแสเงินสดสุ ทธิใช้ ไปในกิจกรรมจัดหาเงิน,CF_FINANCING,CF_FINANCING,1.0,-11025.0,-13923.0,-3579.0,-3498.0
SAT,20260514-sat-fs-1q2026-th.pdf,CF,thousand,12,กระแสเงินสดจากกิจกรรมจัดหาเงิน,ก่อนผลกระทบของอัตราแลกเปลี่ยน,เงินสดและรายการเทียบเท่าเงินสดเพิ่มขึ้นสุ ทธิ ก่อนผลกระทบของอัตราแลกเปลี่ยน,CASH_NET_CHANGE_BEFORE_FX,CASH_NET_CHANGE_BEFORE_FX,0.957,223751.0,512988.0,479.0,105521.0
SAT,20260514-sat-fs-1q2026-th.pdf,CF,thousand,12,กระแสเงินสดจากกิจกรรมจัดหาเงิน,ผลกระทบของอัตราแลกเปลี่ยนที่มีต่อเงินสดและรายการเทียบเท่าเงินสด,ผลกระทบของอัตราแลกเปลี่ยนที่มีต่อเงินสดและรายการเทียบเท่าเงินสด,CASH_FX_EFFECT,CASH_FX_EFFECT,1.0,2394.0,-233.0,,
SAT,20260514-sat-fs-1q2026-th.pdf,CF,thousand,12,กระแสเงินสดจากกิจกรรมจัดหาเงิน,เงินสดและรายการเทียบเท่ าเงินสดเพิม่ ขึน้ สุ ทธิ,เงินสดและรายการเทียบเท่ าเงินสดเพิม่ ขึน้ สุ ทธิ,CASH_NET_CHANGE,CASH_NET_CHANGE,1.0,226145.0,512755.0,479.0,105521.0
SAT,20260514-sat-fs-1q2026-th.pdf,CF,thousand,12,กระแสเงินสดจากกิจกรรมจัดหาเงิน,เงินสดและรายการเทียบเท่าเงินสด ณ 1 มกราคม,เงินสดและรายการเทียบเท่าเงินสด ณ 1 มกราคม,CASH_BEGIN,CASH_BEGIN,1.0,1260266.0,1453796.0,102343.0,284830.0
SAT,20260514-sat-fs-1q2026-th.pdf,CF,thousand,12,กระแสเงินสดจากกิจกรรมจัดหาเงิน,เงินสดและรายการเทียบเท่ าเงินสด ณ 31 มีนาคม,เงินสดและรายการเทียบเท่ าเงินสด ณ 31 มีนาคม,CASH_END,CASH_END,1.0,1486411.0,1966551.0,102822.0,390351.0
SAT,20260514-sat-fs-1q2026-th.pdf,CF,thousand,12,รายการที่ไม่ใช่เงินสด,สิ นทรัพย์สิทธิการใช้เพิ่มขึ้น,สิ นทรัพย์สิทธิการใช้เพิ่มขึ้น,,,0.857,2419.0,27092.0,,3753.0
SAT,20260514-sat-fs-1q2026-th.pdf,CF,thousand,12,รายการที่ไม่ใช่เงินสด,โอนจากที่ดิน อาคารและอุปกรณ์ไปยังสิ นค้าคงเหลือ,โอนจากที่ดิน อาคารและอุปกรณ์ไปยังสิ นค้าคงเหลือ,,,0.619,,1169.0,,
AIS,FINANCIAL_STATEMENTS_AIS.pdf,SE,thousand,"6,7,8,9",งบรวม+งบเฉพาะกิจการ,ยอดคงเหลือ ณ วันที่ 1 มกราคม 2569,ยอดคงเหลือ ณ วันที่ 1 มกราคม,SE_OPENING,SE_OPENING,1.0,107280362.0,97323895.0,107845182.0,97892080.0
AIS,FINANCIAL_STATEMENTS_AIS.pdf,SE,thousand,"6,7,8,9",งบรวม+งบเฉพาะกิจการ,"เงินปั นผลจ่าย 12, 13","เงินปั นผลจ่าย 12, 13",SE_DIVIDEND,SE_DIVIDEND,1.0,-8.0,-17070673.0,,-17070673.0
AIS,FINANCIAL_STATEMENTS_AIS.pdf,SE,thousand,"6,7",งบรวม,รวมเงินทุนที่ได้ รับจากและการจัดสรรส่ วนทุนให้ ผ้ถู ือหุ้น,รวมเงินทุนที่ได้ รับจากและการจัดสรรส่ วนทุนให้ ผ้ถู ือหุ้น,,,0.549,-8.0,-17070673.0,,
AIS,FINANCIAL_STATEMENTS_AIS.pdf,SE,thousand,"6,7",งบรวม,การเปลี่ยนแปลงส่วนได้เสี ยของบริ ษทั ย่อย,การเปลี่ยนแปลงส่วนได้เสี ยของบริ ษทั ย่อย,,,0.678,-44.0,400.0,,
AIS,FINANCIAL_STATEMENTS_AIS.pdf,SE,thousand,"6,7",งบรวม,รวมการเปลีย่ นแปลงส่ วนได้ เสี ยของบริษทั ย่อย,รวมการเปลีย่ นแปลงส่ วนได้ เสี ยของบริษทั ย่อย,,,0.731,-44.0,400.0,,
AIS,FINANCIAL_STATEMENTS_AIS.pdf,SE,thousand,"6,7,8,9",งบรวม+งบเฉพาะกิจการ,รวมรายการกับผู้ถือหุ้นที่บันทึกโดยตรงเข้ าส่ วนของผู้ถือหุ้น,รวมรายการกับผู้ถือหุ้นที่บันทึกโดยตรงเข้ าส่ วนของผู้ถือหุ้น,SE_SHAREHOLDER_TXN_TOTAL,SE_SHAREHOLDER_TXN_TOTAL,1.0,-52.0,-17070273.0,,-17070673.0
AIS,FINANCIAL_STATEMENTS_AIS.pdf,SE,thousand,"6,7,8,9",งบรวม+งบเฉพาะกิจการ,กาไรสาหรับงวด,กาไรสาหรับงวด,NET_PROFIT,NET_PROFIT,1.0,13495939.0,10584017.0,13495505.0,10583526.0
AIS,FINANCIAL_STATEMENTS_AIS.pdf,SE,thousand,"6,7,8,9",งบรวม+งบเฉพาะกิจการ,กาไรขาดทุนเบ็ดเสร็ จอื่น,กาไรขาดทุนเบ็ดเสร็ จอื่น,SE_OCI,SE_OCI,1.0,-198309.0,-26603.0,-198309.0,-26603.0
AIS,FINANCIAL_STATEMENTS_AIS.pdf,SE,thousand,"6,7,8,9",งบรวม+งบเฉพาะกิจการ,รวมกาไรเบ็ดเสร็จสาหรับงวด,รวมกาไรเบ็ดเสร็จสาหรับงวด,SE_TCI,SE_TCI,1.0,13297630.0,10557414.0,13297196.0,10556923.0
AIS,FINANCIAL_STATEMENTS_AIS.pdf,SE,thousand,"6,7,8,9",งบรวม+งบเฉพาะกิจการ,ยอดคงเหลือ ณ วันที่ 31 มีนาคม 2569,ยอดคงเหลือ ณ วันที่ 31 มีนาคม,SE_CLOSING,SE_CLOSING,1.0,120577940.0,90811036.0,121142378.0,91378330.0
AIS,FINANCIAL_STATEMENTS_AIS.pdf,BS,thousand,1,สินทรัพย์หมุนเวียน,เงินสดและรายการเทียบเท่าเงินสด 13,เงินสดและรายการเทียบเท่าเงินสด 13,CASH,CASH,1.0,68094165.0,25353770.0,138916.0,1631552.0
AIS,FINANCIAL_STATEMENTS_AIS.pdf,BS,thousand,1,สินทรัพย์หมุนเวียน,เงินฝากธนาคารที่สามารถใช้เป็ นการเฉพาะ 2,เงินฝากธนาคารที่สามารถใช้เป็ นการเฉพาะ 2,RESTRICTED_DEPOSITS,RESTRICTED_DEPOSITS,1.0,306132.0,471020.0,,
AIS,FINANCIAL_STATEMENTS_AIS.pdf,BS,thousand,1,สินทรัพย์หมุนเวียน,เงินลงทุนระยะสั้น,เงินลงทุนระยะสั้น,SHORT_TERM_INVESTMENTS,SHORT_TERM_INVESTMENTS,1.0,615807.0,615559.0,,
AIS,FINANCIAL_STATEMENTS_AIS.pdf,BS,thousand,1,สินทรัพย์หมุนเวียน,"ลูกหนี้การค้าและลูกหนี้หมุนเวียนอื่น 3, 13","ลูกหนี้การค้าและลูกหนี้หมุนเวียนอื่น 3, 13",TRADE_RECEIVABLES,TRADE_RECEIVABLES,1.0,17606131.0,17916332.0,460466.0,331446.0
AIS,FINANCIAL_STATEMENTS_AIS.pdf,BS,thousand,1,สินทรัพย์หมุนเวียน,สิ นทรัพย์ที่เกิดจากสัญญา 4,สิ นทรัพย์ที่เกิดจากสัญญา 4,CONTRACT_ASSETS,CONTRACT_ASSETS,1.0,2997003.0,2936909.0,,
AIS,FINANCIAL_STATEMENTS_AIS.pdf,BS,thousand,1,สินทรัพย์หมุนเวียน,เงินให้กยู้ มื ระยะสั้นแก่กิจการที่เกี่ยวข้องกัน 13,เงินให้กยู้ มื ระยะสั้นแก่กิจการที่เกี่ยวข้องกัน 13,SHORT_TERM_LOANS_RELATED,SHORT_TERM_LOANS_RELATED,1.0,,,75313150.0,44021250.0
AIS,FINANCIAL_STATEMENTS_AIS.pdf,BS,thousand,1,สินทรัพย์หมุนเวียน,ที่ถึงกาหนดชาระภายในหนึ่งปี 13,ที่ถึงกาหนดชาระภายในหนึ่งปี 13,,,0.8,929625.0,1104625.0,,
AIS,FINANCIAL_STATEMENTS_AIS.pdf,BS,thousand,1,สินทรัพย์หมุนเวียน,เงินปันผลค้างรับ 13,เงินปันผลค้างรับ 13,,,0.889,36000.0,,53639392.0,
AIS,FINANCIAL_STATEMENTS_AIS.pdf,BS,thousand,1,สินทรัพย์หมุนเวียน,สิ นค้าคงเหลือ,สิ นค้าคงเหลือ,INVENTORY,INVENTORY,1.0,3885745.0,4107423.0,,
AIS,FINANCIAL_STATEMENTS_AIS.pdf,BS,thousand,1,สินทรัพย์หมุนเวียน,สิ นทรัพย์ภาษีเงินได้ของงวดปั จจุบนั,สิ นทรัพย์ภาษีเงินได้ของงวดปั จจุบนั,CURRENT_TAX_ASSETS,CURRENT_TAX_ASSETS,1.0,88913.0,42344.0,54975.0,38245.0
AIS,FINANCIAL_STATEMENTS_AIS.pdf,BS,thousand,1,สินทรัพย์หมุนเวียน,สิ นทรัพย์ทางการเงินหมุนเวียนอื่น 14,สิ นทรัพย์ทางการเงินหมุนเวียนอื่น 14,OTHER_CURRENT_FIN_ASSETS,OTHER_CURRENT_FIN_ASSETS,1.0,131248.0,2000.0,,
AIS,FINANCIAL_STATEMENTS_AIS.pdf,BS,thousand,1,สินทรัพย์หมุนเวียน,สิ นทรัพย์หมุนเวียนอื่น,สิ นทรัพย์หมุนเวียนอื่น,OTHER_CURRENT_ASSETS,OTHER_CURRENT_ASSETS,1.0,130294.0,154003.0,2122.0,993.0
AIS,FINANCIAL_STATEMENTS_AIS.pdf,BS,thousand,1,สินทรัพย์หมุนเวียน,รวมสิ นทรั พย์ หมุนเวียน,รวมสิ นทรั พย์ หมุนเวียน,TOTAL_CURRENT_ASSETS,TOTAL_CURRENT_ASSETS,1.0,94821063.0,52703985.0,129609021.0,46023486.0
AIS,FINANCIAL_STATEMENTS_AIS.pdf,BS,thousand,1,สินทรัพย์ไม่หมุนเวียน,สิ นทรัพย์ทางการเงินไม่หมุนเวียนอื่น 14,สิ นทรัพย์ทางการเงินไม่หมุนเวียนอื่น 14,OTHER_NONCURRENT_FIN_ASSETS,OTHER_NONCURRENT_FIN_ASSETS,1.0,2110568.0,115215.0,1511876.0,61922.0
AIS,FINANCIAL_STATEMENTS_AIS.pdf,BS,thousand,1,สินทรัพย์ไม่หมุนเวียน,เงินลงทุนในบริ ษทั ย่อย 5,เงินลงทุนในบริ ษทั ย่อย 5,INVEST_SUBSIDIARY,INVEST_SUBSIDIARY,1.0,,,88197916.0,128669012.0
AIS,FINANCIAL_STATEMENTS_AIS.pdf,BS,thousand,1,สินทรัพย์ไม่หมุนเวียน,เงินลงทุนในบริ ษทั ร่ วม และการร่ วมค้า 6,เงินลงทุนในบริ ษทั ร่ วม และการร่ วมค้า 6,INVEST_ASSOCIATE,INVEST_ASSOCIATE,1.0,15420862.0,12962076.0,13831946.0,12147070.0
AIS,FINANCIAL_STATEMENTS_AIS.pdf,BS,thousand,1,สินทรัพย์ไม่หมุนเวียน,เงินให้กยู้ มื ระยะยาวแก่กิจการที่เกี่ยวข้องกัน 13,เงินให้กยู้ มื ระยะยาวแก่กิจการที่เกี่ยวข้องกัน 13,LONG_TERM_LOANS_RELATED,LONG_TERM_LOANS_RELATED,1.0,390000.0,125000.0,,
AIS,FINANCIAL_STATEMENTS_AIS.pdf,BS,thousand,1,สินทรัพย์ไม่หมุนเวียน,ที่ดิน อาคารและอุปกรณ์ 7,ที่ดิน อาคารและอุปกรณ์ 7,PPE,PPE,1.0,118047439.0,118626352.0,50939.0,31791.0
AIS,FINANCIAL_STATEMENTS_AIS.pdf,BS,thousand,1,สินทรัพย์ไม่หมุนเวียน,สิ นทรัพย์สิทธิ การใช้ 7,สิ นทรัพย์สิทธิ การใช้ 7,RIGHT_OF_USE,RIGHT_OF_USE,1.0,77738496.0,79897348.0,187042.0,159117.0
AIS,FINANCIAL_STATEMENTS_AIS.pdf,BS,thousand,1,สินทรัพย์ไม่หมุนเวียน,ค่าความนิ ยม,ค่าความนิ ยม,GOODWILL,GOODWILL,1.0,11744479.0,11744479.0,,
AIS,FINANCIAL_STATEMENTS_AIS.pdf,BS,thousand,1,สินทรัพย์ไม่หมุนเวียน,สิ นทรัพย์ไม่มีตวั ตนอื่นนอกจากค่าความนิ ยม 7,สิ นทรัพย์ไม่มีตวั ตนอื่นนอกจากค่าความนิ ยม 7,INTANGIBLES,INTANGIBLES,1.0,28002848.0,27635601.0,2819.0,2836.0
AIS,FINANCIAL_STATEMENTS_AIS.pdf,BS,thousand,1,สินทรัพย์ไม่หมุนเวียน,ใบอนุญาตให้ใช้คลื่นความถี่โทรคมนาคม 7,ใบอนุญาตให้ใช้คลื่นความถี่โทรคมนาคม 7,,,0.612,105243840.0,108705713.0,,
AIS,FINANCIAL_STATEMENTS_AIS.pdf,BS,thousand,1,สินทรัพย์ไม่หมุนเวียน,สิ นทรัพย์ภาษีเงินได้รอการตัดบัญชี,สิ นทรัพย์ภาษีเงินได้รอการตัดบัญชี,DEFERRED_TAX_ASSETS,DEFERRED_TAX_ASSETS,1.0,6241800.0,6293157.0,480192.0,477649.0
AIS,FINANCIAL_STATEMENTS_AIS.pdf,BS,thousand,1,สินทรัพย์ไม่หมุนเวียน,สิ นทรัพย์ไม่หมุนเวียนอื่น,สิ นทรัพย์ไม่หมุนเวียนอื่น,OTHER_NONCURRENT_ASSETS,OTHER_NONCURRENT_ASSETS,1.0,1466911.0,1464281.0,75842.0,73402.0
AIS,FINANCIAL_STATEMENTS_AIS.pdf,BS,thousand,1,สินทรัพย์ไม่หมุนเวียน,รวมสิ นทรั พย์ ไม่ หมุนเวียน,รวมสิ นทรั พย์ ไม่ หมุนเวียน,TOTAL_NONCURRENT_ASSETS,TOTAL_NONCURRENT_ASSETS,1.0,366407243.0,367569222.0,104338572.0,141622799.0
AIS,FINANCIAL_STATEMENTS_AIS.pdf,BS,thousand,1,สินทรัพย์ไม่หมุนเวียน,รวมสิ นทรั พย์,รวมสิ นทรั พย์,TOTAL_ASSETS,TOTAL_ASSETS,1.0,461228306.0,420273207.0,233947593.0,187646285.0
AIS,FINANCIAL_STATEMENTS_AIS.pdf,BS,thousand,2,หนี้สินหมุนเวียน,เจ้าหนี้การค้าและเจ้าหนี้หมุนเวียนอื่น 13,เจ้าหนี้การค้าและเจ้าหนี้หมุนเวียนอื่น 13,TRADE_PAYABLES,TRADE_PAYABLES,1.0,44780526.0,43563133.0,3362786.0,3095690.0
AIS,FINANCIAL_STATEMENTS_AIS.pdf,BS,thousand,2,หนี้สินหมุนเวียน,ประมาณการสาหรับผลประโยชน์ตอบแทนจ่าย,ประมาณการสาหรับผลประโยชน์ตอบแทนจ่าย,,,0.72,3360879.0,3360879.0,3220305.0,3220305.0
AIS,FINANCIAL_STATEMENTS_AIS.pdf,BS,thousand,2,หนี้สินหมุนเวียน,รายได้ค่าบริ การรับล่วงหน้า,รายได้ค่าบริ การรับล่วงหน้า,,,0.8,6352195.0,6617305.0,,
AIS,FINANCIAL_STATEMENTS_AIS.pdf,BS,thousand,2,หนี้สินหมุนเวียน,เงินรับล่วงหน้าจากลูกค้า 2,เงินรับล่วงหน้าจากลูกค้า 2,,,0.714,417691.0,609146.0,,
AIS,FINANCIAL_STATEMENTS_AIS.pdf,BS,thousand,2,หนี้สินหมุนเวียน,"ส่ วนของหนี้สินระยะยาวที่ถึงกาหนดชาระภายในหนึ่งปี 8, 13","ส่ วนของหนี้สินระยะยาวที่ถึงกาหนดชาระภายในหนึ่งปี 8, 13",CURRENT_PORTION_LT_BORROWINGS,CURRENT_PORTION_LT_BORROWINGS,1.0,20587866.0,20562009.0,7999708.0,7999055.0
AIS,FINANCIAL_STATEMENTS_AIS.pdf,BS,thousand,2,หนี้สินหมุนเวียน,ค้างจ่ายที่ถึงกาหนดชาระภายในหนึ่งปี 9,ค้างจ่ายที่ถึงกาหนดชาระภายในหนึ่งปี 9,,,0.75,8019310.0,8079484.0,,
AIS,FINANCIAL_STATEMENTS_AIS.pdf,BS,thousand,2,หนี้สินหมุนเวียน,"ส่ วนของหนี้สินตามสัญญาเช่าที่ถึงกาหนดชาระภายในหนึ่งปี 8, 13","ส่ วนของหนี้สินตามสัญญาเช่าที่ถึงกาหนดชาระภายในหนึ่งปี 8, 13",CURRENT_LEASE_LIABILITIES,CURRENT_LEASE_LIABILITIES,1.0,13580002.0,13371946.0,130598.0,129001.0
AIS,FINANCIAL_STATEMENTS_AIS.pdf,BS,thousand,2,หนี้สินหมุนเวียน,"เงินกูย้ มื ระยะสั้นจากกิจการที่เกี่ยวข้องกัน 8, 13","เงินกูย้ มื ระยะสั้นจากกิจการที่เกี่ยวข้องกัน 8, 13",SHORT_TERM_BORROWINGS_RELATED,SHORT_TERM_BORROWINGS_RELATED,1.0,,,6243000.0,6410000.0
AIS,FINANCIAL_STATEMENTS_AIS.pdf,BS,thousand,2,หนี้สินหมุนเวียน,ภาษีเงินได้นิติบุคคลค้างจ่าย,ภาษีเงินได้นิติบุคคลค้างจ่าย,INCOME_TAX_PAYABLE,INCOME_TAX_PAYABLE,1.0,8319045.0,5443461.0,,
AIS,FINANCIAL_STATEMENTS_AIS.pdf,BS,thousand,2,หนี้สินหมุนเวียน,หนี้สินทางการเงินหมุนเวียนอื่น 14,หนี้สินทางการเงินหมุนเวียนอื่น 14,OTHER_CURRENT_FIN_LIAB,OTHER_CURRENT_FIN_LIAB,1.0,,26758.0,,
AIS,FINANCIAL_STATEMENTS_AIS.pdf,BS,thousand,2,หนี้สินหมุนเวียน,หนี้สินหมุนเวียนอื่น,หนี้สินหมุนเวียนอื่น,OTHER_CURRENT_LIAB,OTHER_CURRENT_LIAB,1.0,539332.0,543982.0,,
AIS,FINANCIAL_STATEMENTS_AIS.pdf,BS,thousand,2,หนี้สินหมุนเวียน,รวมหนีส้ ินหมุนเวียน,รวมหนีส้ ินหมุนเวียน,TOTAL_CURRENT_LIAB,TOTAL_CURRENT_LIAB,1.0,105956846.0,102178103.0,20956397.0,20854051.0
AIS,FINANCIAL_STATEMENTS_AIS.pdf,BS,thousand,2,หนี้สินไม่หมุนเวียน,"หนี้สินระยะยาว 8, 13","หนี้สินระยะยาว 8, 13",LONG_TERM_LIABILITIES,LONG_TERM_LIABILITIES,1.0,109021994.0,77989012.0,91384976.0,58452399.0
AIS,FINANCIAL_STATEMENTS_AIS.pdf,BS,thousand,2,หนี้สินไม่หมุนเวียน,"หนี้สินตามสัญญาเช่า 8, 13","หนี้สินตามสัญญาเช่า 8, 13",LEASE_LIABILITIES,LEASE_LIABILITIES,1.0,77686700.0,80291262.0,56671.0,32043.0
AIS,FINANCIAL_STATEMENTS_AIS.pdf,BS,thousand,2,หนี้สินไม่หมุนเวียน,ประมาณการหนี้สินสาหรับผลประโยชน์พนักงาน,ประมาณการหนี้สินสาหรับผลประโยชน์พนักงาน,EMPLOYEE_BENEFIT_PROVISION,EMPLOYEE_BENEFIT_PROVISION,1.0,4289452.0,4316443.0,378785.0,434222.0
AIS,FINANCIAL_STATEMENTS_AIS.pdf,BS,thousand,2,หนี้สินไม่หมุนเวียน,ใบอนุญาตให้ใช้คลื่นความถี่โทรคมนาคมค้างจ่าย 9,ใบอนุญาตให้ใช้คลื่นความถี่โทรคมนาคมค้างจ่าย 9,,,0.548,32770823.0,37122003.0,,
AIS,FINANCIAL_STATEMENTS_AIS.pdf,BS,thousand,2,หนี้สินไม่หมุนเวียน,หนี้สินทางการเงินไม่หมุนเวียนอื่น 14,หนี้สินทางการเงินไม่หมุนเวียนอื่น 14,OTHER_NONCURRENT_FIN_LIAB,OTHER_NONCURRENT_FIN_LIAB,1.0,39411.0,60730.0,,
AIS,FINANCIAL_STATEMENTS_AIS.pdf,BS,thousand,2,หนี้สินไม่หมุนเวียน,รายได้ค่าบริ การโครงข่ายรับล่วงหน้าระยะยาว,รายได้ค่าบริ การโครงข่ายรับล่วงหน้าระยะยาว,,,0.588,7109381.0,7306864.0,,
AIS,FINANCIAL_STATEMENTS_AIS.pdf,BS,thousand,2,หนี้สินไม่หมุนเวียน,หนี้สินไม่หมุนเวียนอื่น,หนี้สินไม่หมุนเวียนอื่น,OTHER_NONCURRENT_LIAB,OTHER_NONCURRENT_LIAB,1.0,3775759.0,3728428.0,28386.0,28388.0
AIS,FINANCIAL_STATEMENTS_AIS.pdf,BS,thousand,2,หนี้สินไม่หมุนเวียน,รวมหนีส้ ินไม่ หมุนเวียน,รวมหนีส้ ินไม่ หมุนเวียน,TOTAL_NONCURRENT_LIAB,TOTAL_NONCURRENT_LIAB,1.0,234693520.0,210814742.0,91848818.0,58947052.0
AIS,FINANCIAL_STATEMENTS_AIS.pdf,BS,thousand,2,หนี้สินไม่หมุนเวียน,รวมหนีส้ ิน,รวมหนีส้ ิน,TOTAL_LIABILITIES,TOTAL_LIABILITIES,1.0,340650366.0,312992845.0,112805215.0,79801103.0
AIS,FINANCIAL_STATEMENTS_AIS.pdf,BS,thousand,3,ทุนจดทะเบียน,"หุน้ สามัญ 4,997 ล้านหุน้ มูลค่าหุน้ ละ 1.00 บาท","หุน้ สามัญ 4,997 ล้านหุน้ มูลค่าหุน้ ละ 1.00 บาท",,,0.55,4997460.0,4997460.0,4997460.0,4997460.0
AIS,FINANCIAL_STATEMENTS_AIS.pdf,BS,thousand,3,ทุนที่ออกและชำระแล้ว,ชาระครบแล้ว,ชาระครบแล้ว,,,0.759,2974210.0,2974210.0,2974210.0,2974210.0
AIS,FINANCIAL_STATEMENTS_AIS.pdf,BS,thousand,3,ทุนที่ออกและชำระแล้ว,ส่ วนเกินมูลค่าหุน้ สามัญ,ส่ วนเกินมูลค่าหุน้ สามัญ,SHARE_PREMIUM,SHARE_PREMIUM,1.0,22551567.0,22551567.0,22551567.0,22551567.0
AIS,FINANCIAL_STATEMENTS_AIS.pdf,BS,thousand,3,ทุนที่ออกและชำระแล้ว,ส่ วนต่าจากการเปลี่ยนแปลงสัดส่ วนการถือหุน้ ในบริ ษทั ย่อย,ส่ วนต่าจากการเปลี่ยนแปลงสัดส่ วนการถือหุน้ ในบริ ษทั ย่อย,OWNERSHIP_CHANGE_RESERVE,OWNERSHIP_CHANGE_RESERVE,1.0,-669657.0,-669657.0,,
AIS,FINANCIAL_STATEMENTS_AIS.pdf,BS,thousand,3,ทุนที่ออกและชำระแล้ว,ทุนสารองตามกฎหมาย,ทุนสารองตามกฎหมาย,LEGAL_RESERVE,LEGAL_RESERVE,1.0,500000.0,500000.0,500000.0,500000.0
AIS,FINANCIAL_STATEMENTS_AIS.pdf,BS,thousand,3,ทุนที่ออกและชำระแล้ว,ยังไม่ได้จดั สรร,ยังไม่ได้จดั สรร,RETAINED_EARNINGS,RETAINED_EARNINGS,1.0,95178242.0,81682737.0,95178242.0,81682737.0
AIS,FINANCIAL_STATEMENTS_AIS.pdf,BS,thousand,3,ทุนที่ออกและชำระแล้ว,องค์ประกอบอื่นของส่ วนของผูถ้ ือหุน้,องค์ประกอบอื่นของส่ วนของผูถ้ ือหุน้,OTHER_EQUITY_COMPONENTS,OTHER_EQUITY_COMPONENTS,1.0,-61641.0,136668.0,-61641.0,136668.0
AIS,FINANCIAL_STATEMENTS_AIS.pdf,BS,thousand,3,ทุนที่ออกและชำระแล้ว,รวมส่ วนของผู้ถือหุ้นเฉพาะบริษทั,รวมส่ วนของผู้ถือหุ้นเฉพาะบริษทั,,,0.878,120472721.0,107175525.0,121142378.0,107845182.0
AIS,FINANCIAL_STATEMENTS_AIS.pdf,BS,thousand,3,ทุนที่ออกและชำระแล้ว,ส่ วนได้เสี ยที่ไม่มีอานาจควบคุม,ส่ วนได้เสี ยที่ไม่มีอานาจควบคุม,NCI,NCI,1.0,105219.0,104837.0,,
AIS,FINANCIAL_STATEMENTS_AIS.pdf,BS,thousand,3,ทุนที่ออกและชำระแล้ว,รวมส่ วนของผู้ถือหุ้น,รวมส่ วนของผู้ถือหุ้น,TOTAL_EQUITY,TOTAL_EQUITY,1.0,120577940.0,107280362.0,121142378.0,107845182.0
AIS,FINANCIAL_STATEMENTS_AIS.pdf,BS,thousand,3,ทุนที่ออกและชำระแล้ว,รวมหนีส้ ินและส่ วนของผู้ถือหุ้น,รวมหนีส้ ินและส่ วนของผู้ถือหุ้น,TOTAL_LIAB_EQUITY,TOTAL_LIAB_EQUITY,1.0,461228306.0,420273207.0,233947593.0,187646285.0
AIS,FINANCIAL_STATEMENTS_AIS.pdf,IS,thousand,4,รายได้,"รายได้จากการให้บริ การและการให้เช่าอุปกรณ์ 10, 13","รายได้จากการให้บริ การและการให้เช่าอุปกรณ์ 10, 13",,,0.706,45915733.0,45106566.0,714245.0,548450.0
AIS,FINANCIAL_STATEMENTS_AIS.pdf,IS,thousand,4,รายได้,"รายได้จากการขาย 10, 13","รายได้จากการขาย 10, 13",,,0.75,12281709.0,11204281.0,,
AIS,FINANCIAL_STATEMENTS_AIS.pdf,IS,thousand,4,รายได้,รวมรายได้,รวมรายได้,TOTAL_REVENUE,TOTAL_REVENUE,1.0,58197442.0,56310847.0,714245.0,548450.0
AIS,FINANCIAL_STATEMENTS_AIS.pdf,IS,thousand,4,รายได้,ต้นทุนการให้บริ การและการให้เช่าอุปกรณ์ 13,ต้นทุนการให้บริ การและการให้เช่าอุปกรณ์ 13,,,0.688,-21215606.0,-24242236.0,-429391.0,-419675.0
AIS,FINANCIAL_STATEMENTS_AIS.pdf,IS,thousand,4,รายได้,ต้นทุนขาย 13,ต้นทุนขาย 13,,,0.667,-11556332.0,-10726029.0,,
AIS,FINANCIAL_STATEMENTS_AIS.pdf,IS,thousand,4,รายได้,รวมต้ นทุน,รวมต้ นทุน,,,0.714,-32771938.0,-34968265.0,-429391.0,-419675.0
AIS,FINANCIAL_STATEMENTS_AIS.pdf,IS,thousand,4,รายได้,กาไรขั้นต้ น,กาไรขั้นต้ น,GROSS_PROFIT,GROSS_PROFIT,1.0,25425504.0,21342582.0,284854.0,128775.0
AIS,FINANCIAL_STATEMENTS_AIS.pdf,IS,thousand,4,รายได้,ต้นทุนในการจัดจาหน่าย 13,ต้นทุนในการจัดจาหน่าย 13,,,0.667,-1622732.0,-1494612.0,-2.0,-6.0
AIS,FINANCIAL_STATEMENTS_AIS.pdf,IS,thousand,4,รายได้,ค่าใช้จ่ายในการบริ หาร 13,ค่าใช้จ่ายในการบริ หาร 13,ADMIN_EXPENSES,ADMIN_EXPENSES,1.0,-5586162.0,-5060482.0,-10686.0,-9196.0
AIS,FINANCIAL_STATEMENTS_AIS.pdf,IS,thousand,4,รายได้,รวมต้ นทุนในการจัดจาหน่ ายและค่ าใช้ จ่ายในการบริหาร,รวมต้ นทุนในการจัดจาหน่ ายและค่ าใช้ จ่ายในการบริหาร,,,0.564,-7208894.0,-6555094.0,-10688.0,-9202.0
AIS,FINANCIAL_STATEMENTS_AIS.pdf,IS,thousand,4,รายได้,กาไรจากกิจกรรมดาเนินงาน,กาไรจากกิจกรรมดาเนินงาน,OPERATING_PROFIT,OPERATING_PROFIT,1.0,18216610.0,14787488.0,274166.0,119573.0
AIS,FINANCIAL_STATEMENTS_AIS.pdf,IS,thousand,4,รายได้,รายได้ทางการเงิน 13,รายได้ทางการเงิน 13,FINANCE_INCOME,FINANCE_INCOME,1.0,92333.0,118977.0,347044.0,489047.0
AIS,FINANCIAL_STATEMENTS_AIS.pdf,IS,thousand,4,รายได้,รายได้อื่น 13,รายได้อื่น 13,OTHER_INCOME,OTHER_INCOME,1.0,71557.0,103209.0,12921.0,13991.0
AIS,FINANCIAL_STATEMENTS_AIS.pdf,IS,thousand,4,รายได้,"ที่ใช้วิธีส่วนได้เสี ย 5, 6","ส่ วนแบ่งกาไรของบริ ษทั ย่อย บริ ษทั ร่ วม และการร่ วมค้า ที่ใช้วิธีส่วนได้เสี ย 5, 6",SHARE_OF_PROFIT_ASSOCIATE,SHARE_OF_PROFIT_ASSOCIATE,0.907,289776.0,248986.0,13428963.0,10449314.0
AIS,FINANCIAL_STATEMENTS_AIS.pdf,IS,thousand,4,รายได้,กาไร (ขาดทุน) จากอัตราแลกเปลี่ยนสุทธิ,กาไร (ขาดทุน) จากอัตราแลกเปลี่ยนสุทธิ,,,0.788,-154595.0,-9396.0,-35528.0,338.0
AIS,FINANCIAL_STATEMENTS_AIS.pdf,IS,thousand,4,รายได้,กาไร (ขาดทุน) จากการวัดมูลค่ายุติธรรมของตราสารอนุพนั ธ์สุทธิ,กาไร (ขาดทุน) จากการวัดมูลค่ายุติธรรมของตราสารอนุพนั ธ์สุทธิ,,,0.873,154707.0,-3784.0,,
AIS,FINANCIAL_STATEMENTS_AIS.pdf,IS,thousand,4,รายได้,ต้นทุนทางการเงิน 13,ต้นทุนทางการเงิน 13,FINANCE_COST,FINANCE_COST,1.0,-1871902.0,-2080596.0,-523977.0,-481440.0
AIS,FINANCIAL_STATEMENTS_AIS.pdf,IS,thousand,4,รายได้,กาไรก่ อนภาษีเงินได้,กาไรก่ อนภาษีเงินได้,PROFIT_BEFORE_TAX,PROFIT_BEFORE_TAX,1.0,16798486.0,13164884.0,13503589.0,10590823.0
AIS,FINANCIAL_STATEMENTS_AIS.pdf,IS,thousand,4,รายได้,ค่าใช้จ่ายภาษีเงินได้ 11,รายได้ ค่าใช้จ่ายภาษีเงินได้ 11,INCOME_TAX_EXPENSE,INCOME_TAX_EXPENSE,1.0,-3302547.0,-2580867.0,-8084.0,-7297.0
AIS,FINANCIAL_STATEMENTS_AIS.pdf,IS,thousand,4,รายได้,กาไรสาหรั บงวด,กาไรสาหรั บงวด,NET_PROFIT,NET_PROFIT,1.0,13495939.0,10584017.0,13495505.0,10583526.0
AIS,FINANCIAL_STATEMENTS_AIS.pdf,IS,thousand,4,การแบ่งปันกำไร,ส่ วนที่เป็ นของผูถ้ ือหุน้ ของบริ ษทั,การแบ่งปันกำไร ส่ วนที่เป็ นของผูถ้ ือหุน้ ของบริ ษทั,PROFIT_ATTRIB_PARENT,PROFIT_ATTRIB_PARENT,1.0,13495505.0,10583526.0,13495505.0,10583526.0
AIS,FINANCIAL_STATEMENTS_AIS.pdf,IS,thousand,4,การแบ่งปันกำไร,ส่ วนที่เป็ นของส่วนได้เสี ยที่ไม่มีอานาจควบคุม,การแบ่งปันกำไร ส่ วนที่เป็ นของส่วนได้เสี ยที่ไม่มีอานาจควบคุม,PROFIT_ATTRIB_NCI,PROFIT_ATTRIB_NCI,1.0,434.0,491.0,,
AIS,FINANCIAL_STATEMENTS_AIS.pdf,IS,thousand,4,การแบ่งปันกำไร,กาไรสาหรั บงวด,กาไรสาหรั บงวด,NET_PROFIT,NET_PROFIT,1.0,13495939.0,10584017.0,13495505.0,10583526.0
AIS,FINANCIAL_STATEMENTS_AIS.pdf,IS,thousand,4,การแบ่งปันกำไร,กาไรต่อหุน้ ขั้นพื้นฐาน,กาไรต่อหุน้ ขั้นพื้นฐาน,EPS,EPS,1.0,4.54,3.56,4.54,3.56
AIS,FINANCIAL_STATEMENTS_AIS.pdf,IS,thousand,4,การแบ่งปันกำไร,กาไรต่อหุน้ ปรับลด,กาไรต่อหุน้ ปรับลด,,,0.737,4.54,3.56,4.54,3.56
AIS,FINANCIAL_STATEMENTS_AIS.pdf,IS,thousand,5,,กาไรสาหรับงวด,กาไรสาหรับงวด,NET_PROFIT,NET_PROFIT,1.0,13495939.0,10584017.0,13495505.0,10583526.0
AIS,FINANCIAL_STATEMENTS_AIS.pdf,IS,thousand,5,กำไรขาดทุนเบ็ดเสร็จอื่น,ขาดทุนจากการป้ องกันความเสี่ยงกระแสเงินสด,ขาดทุนจากการป้ องกันความเสี่ยงกระแสเงินสด,OCI_CASHFLOW_HEDGE,OCI_CASHFLOW_HEDGE,0.963,-199005.0,-33254.0,-214623.0,
AIS,FINANCIAL_STATEMENTS_AIS.pdf,IS,thousand,5,กำไรขาดทุนเบ็ดเสร็จอื่น,ส่วนแบ่งกาไร (ขาดทุน) เบ็ดเสร็จอื่นในบริ ษทั ย่อยที่ใช้วิธีส่วนได้เสี ย 5,ส่วนแบ่งกาไร (ขาดทุน) เบ็ดเสร็จอื่นในบริ ษทั ย่อยที่ใช้วิธีส่วนได้เสี ย 5,,,0.696,,,12495.0,-26603.0
AIS,FINANCIAL_STATEMENTS_AIS.pdf,IS,thousand,5,กำไรขาดทุนเบ็ดเสร็จอื่น,ในภายหลัง,ในภายหลัง,,,0.85,3315.0,6651.0,6438.0,
AIS,FINANCIAL_STATEMENTS_AIS.pdf,IS,thousand,5,กำไรขาดทุนเบ็ดเสร็จอื่น,รวมรายการทีจ่ ะถูกจัดประเภทใหม่ ไว้ในกาไรหรือขาดทุนในภายหลัง,รวมรายการทีจ่ ะถูกจัดประเภทใหม่ ไว้ในกาไรหรือขาดทุนในภายหลัง,OCI_RECLASSIFIABLE_TOTAL,OCI_RECLASSIFIABLE_TOTAL,1.0,-195690.0,-26603.0,-195690.0,-26603.0
AIS,FINANCIAL_STATEMENTS_AIS.pdf,IS,thousand,5,กำไรขาดทุนเบ็ดเสร็จอื่น,ด้วยมูลค่ายุติธรรมผ่านกาไรขาดทุนเบ็ดเสร็ จอื่น,ขาดทุนจากเงินลงทุนในตราสารทุนที่กาหนดให้วดั มูลค่า ด้วยมูลค่ายุติธรรมผ่านกาไรขาดทุนเบ็ดเสร็ จอื่น,OCI_FVOCI_EQUITY,OCI_FVOCI_EQUITY,0.983,-3273.0,,,
AIS,FINANCIAL_STATEMENTS_AIS.pdf,IS,thousand,5,กำไรขาดทุนเบ็ดเสร็จอื่น,ส่ วนแบ่งขาดทุนเบ็ดเสร็จอื่นในบริ ษทั ย่อยที่ใช้วิธีส่วนได้เสี ย 5,ส่ วนแบ่งขาดทุนเบ็ดเสร็จอื่นในบริ ษทั ย่อยที่ใช้วิธีส่วนได้เสี ย 5,,,0.677,,,-2619.0,
AIS,FINANCIAL_STATEMENTS_AIS.pdf,IS,thousand,5,กำไรขาดทุนเบ็ดเสร็จอื่น,ในภายหลัง,ในภายหลัง,,,0.861,654.0,,,
AIS,FINANCIAL_STATEMENTS_AIS.pdf,IS,thousand,5,กำไรขาดทุนเบ็ดเสร็จอื่น,รวมรายการทีอ่ าจไม่ ถูกจัดประเภทใหม่ ไว้ในกาไรหรื อขาดทุนในภายหลัง,รวมรายการทีอ่ าจไม่ ถูกจัดประเภทใหม่ ไว้ในกาไรหรื อขาดทุนในภายหลัง,OCI_NON_RECLASSIFIABLE_TOTAL,OCI_NON_RECLASSIFIABLE_TOTAL,1.0,-2619.0,,-2619.0,
AIS,FINANCIAL_STATEMENTS_AIS.pdf,IS,thousand,5,กำไรขาดทุนเบ็ดเสร็จอื่น,กาไร (ขาดทุน) เบ็ดเสร็จอื่นสาหรับปี - สุ ทธิจากภาษีเงินได้,กาไร (ขาดทุน) เบ็ดเสร็จอื่นสาหรับปี - สุ ทธิจากภาษีเงินได้,,,0.873,-198309.0,-26603.0,-198309.0,-26603.0
AIS,FINANCIAL_STATEMENTS_AIS.pdf,IS,thousand,5,กำไรขาดทุนเบ็ดเสร็จอื่น,กาไรขาดทุนเบ็ดเสร็จรวมสาหรับงวด,กาไรขาดทุนเบ็ดเสร็จรวมสาหรับงวด,TOTAL_COMPREHENSIVE_INCOME,TOTAL_COMPREHENSIVE_INCOME,1.0,13297630.0,10557414.0,13297196.0,10556923.0
AIS,FINANCIAL_STATEMENTS_AIS.pdf,IS,thousand,5,การแบ่งปันกำไร (ขาดทุน) เบ็ดเสร็จรวม,ส่ วนที่เป็ นของผูถ้ ือหุน้ ของบริ ษทั,การแบ่งปันกำไร (ขาดทุน) เบ็ดเสร็จรวม ส่ วนที่เป็ นของผูถ้ ือหุน้ ของบริ ษทั,TCI_ATTRIB_PARENT,TCI_ATTRIB_PARENT,1.0,13297196.0,10556923.0,13297196.0,10556923.0
AIS,FINANCIAL_STATEMENTS_AIS.pdf,IS,thousand,5,การแบ่งปันกำไร (ขาดทุน) เบ็ดเสร็จรวม,ส่ วนที่เป็ นของส่วนได้เสี ยที่ไม่มีอานาจควบคุม,การแบ่งปันกำไร (ขาดทุน) เบ็ดเสร็จรวม ส่ วนที่เป็ นของส่วนได้เสี ยที่ไม่มีอานาจควบคุม,TCI_ATTRIB_NCI,TCI_ATTRIB_NCI,1.0,434.0,491.0,,
AIS,FINANCIAL_STATEMENTS_AIS.pdf,IS,thousand,5,การแบ่งปันกำไร (ขาดทุน) เบ็ดเสร็จรวม,กาไรขาดทุนเบ็ดเสร็จรวมสาหรับงวด,กาไรขาดทุนเบ็ดเสร็จรวมสาหรับงวด,TOTAL_COMPREHENSIVE_INCOME,TOTAL_COMPREHENSIVE_INCOME,1.0,13297630.0,10557414.0,13297196.0,10556923.0
AIS,FINANCIAL_STATEMENTS_AIS.pdf,CF,thousand,10,กระแสเงินสดจากกิจกรรมดำเนินงาน,กาไรสาหรับงวด,กาไรสาหรับงวด,NET_PROFIT,NET_PROFIT,1.0,13495939.0,10584017.0,13495505.0,10583526.0
AIS,FINANCIAL_STATEMENTS_AIS.pdf,CF,thousand,10,กระแสเงินสดจากกิจกรรมดำเนินงาน,ค่าเสื่ อมราคาและค่าตัดจาหน่าย 7,ค่าเสื่ อมราคาและค่าตัดจาหน่าย 7,DEPRECIATION_AMORTISATION,DEPRECIATION_AMORTISATION,1.0,13523555.0,14805469.0,42432.0,42681.0
AIS,FINANCIAL_STATEMENTS_AIS.pdf,CF,thousand,10,กระแสเงินสดจากกิจกรรมดำเนินงาน,รายได้ทางการเงิน,รายได้ทางการเงิน,FINANCE_INCOME,FINANCE_INCOME,1.0,-92333.0,-118977.0,-347044.0,-489047.0
AIS,FINANCIAL_STATEMENTS_AIS.pdf,CF,thousand,10,กระแสเงินสดจากกิจกรรมดำเนินงาน,ต้นทุนทางการเงิน,ต้นทุนทางการเงิน,FINANCE_COST,FINANCE_COST,1.0,1871902.0,2080596.0,523977.0,481440.0
AIS,FINANCIAL_STATEMENTS_AIS.pdf,CF,thousand,10,กระแสเงินสดจากกิจกรรมดำเนินงาน,ผลขาดทุนด้านเครดิ ตที่คาดว่าจะเกิดขึ้น,ผลขาดทุนด้านเครดิ ตที่คาดว่าจะเกิดขึ้น,ECL,ECL,1.0,529756.0,460870.0,,
AIS,FINANCIAL_STATEMENTS_AIS.pdf,CF,thousand,10,กระแสเงินสดจากกิจกรรมดำเนินงาน,ขาดทุนจากสิ นค้าล้าสมัย การลดมูลค่าของสิ นค้า และตัดจาหน่ายสิ นค้าคงเหลือ,ขาดทุนจากสิ นค้าล้าสมัย การลดมูลค่าของสิ นค้า และตัดจาหน่ายสิ นค้าคงเหลือ,,,0.553,-1983.0,-11267.0,,
AIS,FINANCIAL_STATEMENTS_AIS.pdf,CF,thousand,10,กระแสเงินสดจากกิจกรรมดำเนินงาน,(กลับรายการ) ขาดทุนจากการยกเลิกสิ นทรัพย์ที่เกิดจากสัญญา,(กลับรายการ) ขาดทุนจากการยกเลิกสิ นทรัพย์ที่เกิดจากสัญญา,,,0.596,2842.0,-1902.0,,
AIS,FINANCIAL_STATEMENTS_AIS.pdf,CF,thousand,10,กระแสเงินสดจากกิจกรรมดำเนินงาน,ขาดทุนจากการด้อยค่า ขาดทุนจากการขายและตัดจาหน่ายสิ นทรัพย์ 7,ขาดทุนจากการด้อยค่า ขาดทุนจากการขายและตัดจาหน่ายสิ นทรัพย์ 7,IMPAIRMENT_AND_DISPOSAL_LOSS,IMPAIRMENT_AND_DISPOSAL_LOSS,1.0,216083.0,108026.0,420.0,49.0
AIS,FINANCIAL_STATEMENTS_AIS.pdf,CF,thousand,10,กระแสเงินสดจากกิจกรรมดำเนินงาน,จากการวัดมูลค่ายุติธรรมของตราสารอนุพนั ธ์สุทธิ,จากการวัดมูลค่ายุติธรรมของตราสารอนุพนั ธ์สุทธิ,,,0.831,-48750.0,-82458.0,-73.0,-1.0
AIS,FINANCIAL_STATEMENTS_AIS.pdf,CF,thousand,10,กระแสเงินสดจากกิจกรรมดำเนินงาน,"ส่ วนแบ่งกาไรของบริ ษทั ย่อย บริ ษทั ร่ วม และการร่ วมค้าที่ใช้วิธีส่วนได้เสี ย 5, 6","ส่ วนแบ่งกาไรของบริ ษทั ย่อย บริ ษทั ร่ วม และการร่ วมค้าที่ใช้วิธีส่วนได้เสี ย 5, 6",SHARE_OF_PROFIT_ASSOCIATE,SHARE_OF_PROFIT_ASSOCIATE,0.907,-289776.0,-248986.0,-13428963.0,-10449314.0
AIS,FINANCIAL_STATEMENTS_AIS.pdf,CF,thousand,10,กระแสเงินสดจากกิจกรรมดำเนินงาน,(กลับรายการ) ค่าใช้จ่ายผลประโยชน์พนักงาน,(กลับรายการ) ค่าใช้จ่ายผลประโยชน์พนักงาน,,,0.634,60929.0,53190.0,-19870.0,7891.0
AIS,FINANCIAL_STATEMENTS_AIS.pdf,CF,thousand,10,กระแสเงินสดจากกิจกรรมดำเนินงาน,ค่าใช้จ่ายภาษีเงินได้,ค่าใช้จ่ายภาษีเงินได้,INCOME_TAX_EXPENSE,INCOME_TAX_EXPENSE,1.0,3302547.0,2580867.0,8084.0,7297.0
AIS,FINANCIAL_STATEMENTS_AIS.pdf,CF,thousand,10,กระแสเงินสดจากกิจกรรมดำเนินงาน,ในสิ นทรัพย์และหนี้ สินดาเนินงาน,เงินสดได้มาจากการดาเนินงานก่อนการเปลี่ยนแปลง ในสิ นทรัพย์และหนี้ สินดาเนินงาน,PROFIT_BEFORE_WC_CHANGE,PROFIT_BEFORE_WC_CHANGE,1.0,32570711.0,30209445.0,274468.0,184522.0
AIS,FINANCIAL_STATEMENTS_AIS.pdf,CF,thousand,10,กระแสเงินสดจากกิจกรรมดำเนินงาน,เงินฝากธนาคารที่สามารถใช้เป็ นการเฉพาะ,เงินฝากธนาคารที่สามารถใช้เป็ นการเฉพาะ,RESTRICTED_DEPOSITS,RESTRICTED_DEPOSITS,1.0,164888.0,109901.0,,
AIS,FINANCIAL_STATEMENTS_AIS.pdf,CF,thousand,10,กระแสเงินสดจากกิจกรรมดำเนินงาน,ลูกหนี้ การค้าและลูกหนี้ หมุนเวียนอื่น,ลูกหนี้ การค้าและลูกหนี้ หมุนเวียนอื่น,TRADE_RECEIVABLES,TRADE_RECEIVABLES,1.0,-233815.0,648500.0,-195823.0,-431300.0
AIS,FINANCIAL_STATEMENTS_AIS.pdf,CF,thousand,10,กระแสเงินสดจากกิจกรรมดำเนินงาน,สิ นทรัพย์ที่เกิดจากสัญญา,สิ นทรัพย์ที่เกิดจากสัญญา,CONTRACT_ASSETS,CONTRACT_ASSETS,1.0,-62936.0,-55146.0,,
AIS,FINANCIAL_STATEMENTS_AIS.pdf,CF,thousand,10,กระแสเงินสดจากกิจกรรมดำเนินงาน,สิ นค้าคงเหลือ,สิ นค้าคงเหลือ,INVENTORY,INVENTORY,1.0,223661.0,1636953.0,,
AIS,FINANCIAL_STATEMENTS_AIS.pdf,CF,thousand,10,กระแสเงินสดจากกิจกรรมดำเนินงาน,สิ นทรัพย์หมุนเวียนอื่น,สิ นทรัพย์หมุนเวียนอื่น,OTHER_CURRENT_ASSETS,OTHER_CURRENT_ASSETS,1.0,42850.0,165700.0,-17860.0,-3967.0
AIS,FINANCIAL_STATEMENTS_AIS.pdf,CF,thousand,10,กระแสเงินสดจากกิจกรรมดำเนินงาน,สิ นทรัพย์ทางการเงินอื่น,สิ นทรัพย์ทางการเงินอื่น,,,0.824,-55778.0,,-55778.0,
AIS,FINANCIAL_STATEMENTS_AIS.pdf,CF,thousand,10,กระแสเงินสดจากกิจกรรมดำเนินงาน,สิ นทรัพย์ไม่หมุนเวียนอื่น,สิ นทรัพย์ไม่หมุนเวียนอื่น,OTHER_NONCURRENT_ASSETS,OTHER_NONCURRENT_ASSETS,1.0,-2630.0,-27574.0,-2440.0,-18788.0
AIS,FINANCIAL_STATEMENTS_AIS.pdf,CF,thousand,10,กระแสเงินสดจากกิจกรรมดำเนินงาน,เจ้าหนี้ การค้าและเจ้าหนี้ หมุนเวียนอื่น,เจ้าหนี้ การค้าและเจ้าหนี้ หมุนเวียนอื่น,TRADE_PAYABLES,TRADE_PAYABLES,1.0,-679670.0,828219.0,-285102.0,-209581.0
AIS,FINANCIAL_STATEMENTS_AIS.pdf,CF,thousand,10,กระแสเงินสดจากกิจกรรมดำเนินงาน,รายได้ค่าบริ การรับล่วงหน้า,รายได้ค่าบริ การรับล่วงหน้า,,,0.8,-265110.0,430643.0,,
AIS,FINANCIAL_STATEMENTS_AIS.pdf,CF,thousand,10,กระแสเงินสดจากกิจกรรมดำเนินงาน,รายได้ค่าบริ การเช่าใช้อุปกรณ์โครงข่ายรับล่วงหน้า,รายได้ค่าบริ การเช่าใช้อุปกรณ์โครงข่ายรับล่วงหน้า,,,0.568,-197483.0,-197764.0,,
AIS,FINANCIAL_STATEMENTS_AIS.pdf,CF,thousand,10,กระแสเงินสดจากกิจกรรมดำเนินงาน,เงินรับล่วงหน้าจากลูกค้า,เงินรับล่วงหน้าจากลูกค้า,,,0.714,-191455.0,-84113.0,,
AIS,FINANCIAL_STATEMENTS_AIS.pdf,CF,thousand,10,กระแสเงินสดจากกิจกรรมดำเนินงาน,หนี้ สินหมุนเวียนอื่น,หนี้ สินหมุนเวียนอื่น,OTHER_CURRENT_LIAB,OTHER_CURRENT_LIAB,1.0,-4656.0,-76586.0,16881.0,1174.0
AIS,FINANCIAL_STATEMENTS_AIS.pdf,CF,thousand,10,กระแสเงินสดจากกิจกรรมดำเนินงาน,หนี้ สินทางการเงินอื่น,หนี้ สินทางการเงินอื่น,,,0.8,-15360.0,-6447.0,,
AIS,FINANCIAL_STATEMENTS_AIS.pdf,CF,thousand,10,กระแสเงินสดจากกิจกรรมดำเนินงาน,หนี้ สินไม่หมุนเวียนอื่น,หนี้ สินไม่หมุนเวียนอื่น,OTHER_NONCURRENT_LIAB,OTHER_NONCURRENT_LIAB,1.0,-6350.0,-7587.0,,
AIS,FINANCIAL_STATEMENTS_AIS.pdf,CF,thousand,10,กระแสเงินสดจากกิจกรรมดำเนินงาน,เงินสดได้มาจาก (ใช้ไปใน) กิจกรรมดาเนินงาน,เงินสดได้มาจาก (ใช้ไปใน) กิจกรรมดาเนินงาน,CF_OPERATING_BEFORE_ITEMS,CF_OPERATING_BEFORE_ITEMS,1.0,31286867.0,33574144.0,-265654.0,-477940.0
AIS,FINANCIAL_STATEMENTS_AIS.pdf,CF,thousand,10,กระแสเงินสดจากกิจกรรมดำเนินงาน,จ่ายผลประโยชน์พนักงาน,จ่ายผลประโยชน์พนักงาน,,,0.75,-105750.0,-67854.0,-36976.0,-21179.0
AIS,FINANCIAL_STATEMENTS_AIS.pdf,CF,thousand,10,กระแสเงินสดจากกิจกรรมดำเนินงาน,ภาษีเงินได้จ่ายออก,ภาษีเงินได้จ่ายออก,,,0.737,-437347.0,-616132.0,-20919.0,-10627.0
AIS,FINANCIAL_STATEMENTS_AIS.pdf,CF,thousand,10,กระแสเงินสดจากกิจกรรมดำเนินงาน,กระแสเงินสดสุ ทธิได้ มาจาก (ใช้ ไปใน) กิจกรรมดาเนินงาน,กระแสเงินสดสุ ทธิได้ มาจาก (ใช้ ไปใน) กิจกรรมดาเนินงาน,CF_OPERATING,CF_OPERATING,1.0,30743770.0,32890158.0,-323549.0,-509746.0
AIS,FINANCIAL_STATEMENTS_AIS.pdf,CF,thousand,11,กระแสเงินสดจากกิจกรรมลงทุน,ดอกเบี้ยรับ,ดอกเบี้ยรับ,INTEREST_INCOME_CF,INTEREST_INCOME_CF,1.0,41119.0,56009.0,469625.0,548018.0
AIS,FINANCIAL_STATEMENTS_AIS.pdf,CF,thousand,11,กระแสเงินสดจากกิจกรรมลงทุน,ซื้ อที่ดิน อาคาร อุปกรณ์และสิ นทรัพย์ไม่มีตวั ตนอื่นนอกจากค่าความนิยม,ซื้ อที่ดิน อาคาร อุปกรณ์และสิ นทรัพย์ไม่มีตวั ตนอื่นนอกจากค่าความนิยม,,,0.788,-5485436.0,-5808871.0,-20879.0,-789.0
AIS,FINANCIAL_STATEMENTS_AIS.pdf,CF,thousand,11,กระแสเงินสดจากกิจกรรมลงทุน,เงินสดรับจากการจาหน่ายอุปกรณ์,เงินสดรับจากการจาหน่ายอุปกรณ์,PROCEEDS_SALE_EQUIPMENT,PROCEEDS_SALE_EQUIPMENT,1.0,56380.0,33965.0,369.0,21.0
AIS,FINANCIAL_STATEMENTS_AIS.pdf,CF,thousand,11,กระแสเงินสดจากกิจกรรมลงทุน,จ่ายชาระใบอนุญาตให้ใช้คลื่นความถี่โทรคมนาคม 9,จ่ายชาระใบอนุญาตให้ใช้คลื่นความถี่โทรคมนาคม 9,,,0.597,-4692550.0,-4692550.0,,
AIS,FINANCIAL_STATEMENTS_AIS.pdf,CF,thousand,11,กระแสเงินสดจากกิจกรรมลงทุน,เงินลงทุนระยะสั้นเพิ่มขึ้น,เงินลงทุนระยะสั้นเพิ่มขึ้น,,,0.833,-248.0,,,
AIS,FINANCIAL_STATEMENTS_AIS.pdf,CF,thousand,11,กระแสเงินสดจากกิจกรรมลงทุน,เงินสดจ่ายเพื่อลงทุนในตราสารทุน 14,เงินสดจ่ายเพื่อลงทุนในตราสารทุน 14,,,0.708,-547686.0,,,
AIS,FINANCIAL_STATEMENTS_AIS.pdf,CF,thousand,11,กระแสเงินสดจากกิจกรรมลงทุน,เงินลงทุนในบริ ษทั ร่ วมเพิ่มขึ้นสุทธิ 6,เงินลงทุนในบริ ษทั ร่ วมเพิ่มขึ้นสุทธิ 6,,,0.8,-2563121.0,,-1755000.0,
AIS,FINANCIAL_STATEMENTS_AIS.pdf,CF,thousand,11,กระแสเงินสดจากกิจกรรมลงทุน,เงินให้กยู้ มื ระยะสั้นแก่กิจการที่เกี่ยวข้องกันเพิ่มขึ้นสุทธิ 13,เงินให้กยู้ มื ระยะสั้นแก่กิจการที่เกี่ยวข้องกันเพิ่มขึ้นสุทธิ 13,,,0.873,,,-31291900.0,-97250.0
AIS,FINANCIAL_STATEMENTS_AIS.pdf,CF,thousand,11,กระแสเงินสดจากกิจกรรมลงทุน,เงินให้กยู้ มื ระยะยาวแก่กิจการที่เกี่ยวข้องกันเพิ่มขึ้นสุทธิ 13,เงินให้กยู้ มื ระยะยาวแก่กิจการที่เกี่ยวข้องกันเพิ่มขึ้นสุทธิ 13,,,0.873,-90000.0,-409250.0,,
AIS,FINANCIAL_STATEMENTS_AIS.pdf,CF,thousand,11,กระแสเงินสดจากกิจกรรมลงทุน,เงินสดรับจากการจาหน่ายเงินลงทุนในบริ ษทั ย่อย 5,เงินสดรับจากการจาหน่ายเงินลงทุนในบริ ษทั ย่อย 5,,,0.75,,,,400.0
AIS,FINANCIAL_STATEMENTS_AIS.pdf,CF,thousand,11,กระแสเงินสดจากกิจกรรมลงทุน,เงินสดรับจากการคืนทุนของบริ ษทั ร่ วม 6,เงินสดรับจากการคืนทุนของบริ ษทั ร่ วม 6,,,0.763,,243200.0,,243200.0
AIS,FINANCIAL_STATEMENTS_AIS.pdf,CF,thousand,11,กระแสเงินสดจากกิจกรรมลงทุน,เงินปั นผลรับ 6,กระแสเงินสดจากกิจกรรมลงทุน เงินปั นผลรับ 6,DIVIDEND_RECEIVED,DIVIDEND_RECEIVED,1.0,358067.0,8700.0,340667.0,352200.0
AIS,FINANCIAL_STATEMENTS_AIS.pdf,CF,thousand,11,กระแสเงินสดจากกิจกรรมลงทุน,กระแสเงินสดสุ ทธิได้ มาจาก (ใช้ ไปใน) กิจกรรมลงทุน,กระแสเงินสดสุ ทธิได้ มาจาก (ใช้ ไปใน) กิจกรรมลงทุน,CF_INVESTING,CF_INVESTING,1.0,-12923475.0,-10568797.0,-32257118.0,1045800.0
AIS,FINANCIAL_STATEMENTS_AIS.pdf,CF,thousand,11,กระแสเงินสดจากกิจกรรมจัดหาเงิน,จ่ายต้นทุนทางการเงิน,จ่ายต้นทุนทางการเงิน,INTEREST_PAID,INTEREST_PAID,1.0,-1010879.0,-1486863.0,-90193.0,-127105.0
AIS,FINANCIAL_STATEMENTS_AIS.pdf,CF,thousand,11,กระแสเงินสดจากกิจกรรมจัดหาเงิน,เงินสดจ่ายชาระหนี้ สินตามสัญญาเช่า 8,เงินสดจ่ายชาระหนี้ สินตามสัญญาเช่า 8,,,0.714,-3581862.0,-4368105.0,-39576.0,-38427.0
AIS,FINANCIAL_STATEMENTS_AIS.pdf,CF,thousand,11,กระแสเงินสดจากกิจกรรมจัดหาเงิน,เงินสดรับจากหุ ้นกูร้ ะยะยาว 8,เงินสดรับจากหุ ้นกูร้ ะยะยาว 8,PROCEEDS_DEBENTURE,PROCEEDS_DEBENTURE,1.0,31384800.0,,31384800.0,
AIS,FINANCIAL_STATEMENTS_AIS.pdf,CF,thousand,11,กระแสเงินสดจากกิจกรรมจัดหาเงิน,"เงินสดรับ (เงินสดจ่าย) จากเงินกูย้ มื ระยะสั้นจากกิจการที่เกี่ยวข้องกันสุทธิ 8, 13","เงินสดรับ (เงินสดจ่าย) จากเงินกูย้ มื ระยะสั้นจากกิจการที่เกี่ยวข้องกันสุทธิ 8, 13",,,0.738,,,-167000.0,1800000.0
AIS,FINANCIAL_STATEMENTS_AIS.pdf,CF,thousand,11,กระแสเงินสดจากกิจกรรมจัดหาเงิน,เงินสดจ่ายชาระเงินกูย้ มื ระยะยาว 8,เงินสดจ่ายชาระเงินกูย้ มื ระยะยาว 8,,,0.692,-1875000.0,-4030000.0,,
AIS,FINANCIAL_STATEMENTS_AIS.pdf,CF,thousand,11,กระแสเงินสดจากกิจกรรมจัดหาเงิน,เงินสดรับ (เงินสดจ่ายเพื่อซื้ อ) บริ ษทั ย่อยจากส่วนได้เสี ยที่ไม่มีอานาจควบคุม,เงินสดรับ (เงินสดจ่ายเพื่อซื้ อ) บริ ษทั ย่อยจากส่วนได้เสี ยที่ไม่มีอานาจควบคุม,,,0.657,-44.0,400.0,,
AIS,FINANCIAL_STATEMENTS_AIS.pdf,CF,thousand,11,กระแสเงินสดจากกิจกรรมจัดหาเงิน,กระแสเงินสดสุ ทธิได้ มาจาก (ใช้ ไปใน) กิจกรรมจัดหาเงิน,กระแสเงินสดสุ ทธิได้ มาจาก (ใช้ ไปใน) กิจกรรมจัดหาเงิน,CF_FINANCING,CF_FINANCING,1.0,24917015.0,-9884568.0,31088031.0,1634468.0
AIS,FINANCIAL_STATEMENTS_AIS.pdf,CF,thousand,11,กระแสเงินสดจากกิจกรรมจัดหาเงิน,ในสกุลเงินตราต่างประเทศ,ผลกระทบจากการเปลี่ยนแปลงอัตราแลกเปลี่ยนของยอดคงเหลือ ในสกุลเงินตราต่างประเทศ,CASH_FX_EFFECT,CASH_FX_EFFECT,1.0,3085.0,-2079.0,,
AIS,FINANCIAL_STATEMENTS_AIS.pdf,CF,thousand,11,กระแสเงินสดจากกิจกรรมจัดหาเงิน,เงินสดและรายการเทียบเท่ าเงินสดเพิม่ ขึน้ (ลดลง) สุ ทธิ,เงินสดและรายการเทียบเท่ าเงินสดเพิม่ ขึน้ (ลดลง) สุ ทธิ,CASH_NET_CHANGE,CASH_NET_CHANGE,1.0,42740395.0,12434714.0,-1492636.0,2170522.0
AIS,FINANCIAL_STATEMENTS_AIS.pdf,CF,thousand,11,กระแสเงินสดจากกิจกรรมจัดหาเงิน,เงินสดและรายการเทียบเท่าเงินสด ณ วันที่ 1 มกราคม,เงินสดและรายการเทียบเท่าเงินสด ณ วันที่ 1 มกราคม,CASH_BEGIN,CASH_BEGIN,1.0,25353770.0,22607069.0,1631552.0,3728525.0
AIS,FINANCIAL_STATEMENTS_AIS.pdf,CF,thousand,11,กระแสเงินสดจากกิจกรรมจัดหาเงิน,เงินสดและรายการเทียบเท่ าเงินสด ณ วันที่ 31 มีนาคม,เงินสดและรายการเทียบเท่ าเงินสด ณ วันที่ 31 มีนาคม,CASH_END,CASH_END,1.0,68094165.0,35041783.0,138916.0,5899047.0
AIS,FINANCIAL_STATEMENTS_AIS.pdf,CF,thousand,11,กระแสเงินสดจากกิจกรรมจัดหาเงิน,คลื่นความถี่โทรคมนาคม และหนี้ สินตามสัญญาเช่า,คลื่นความถี่โทรคมนาคม และหนี้ สินตามสัญญาเช่า,,,0.571,141137680.0,156841220.0,191656.0,273717.0
IIG,FINANCIAL_STATEMENTS_IIG.pdf,SE,unknown,"6,10",งบรวม+งบเฉพาะกิจการ,ยอดยกมำ ณ วันที่ 1 มกรำคม 2569,ยอดยกมำ ณ วันที่ 1 มกรำคม 2569,,,0.455,237964903.0,680593011.0,274483763.0,542927804.0
IIG,FINANCIAL_STATEMENTS_IIG.pdf,SE,unknown,"6,10",งบรวม+งบเฉพาะกิจการ,กาไร (ขาดทุน) เบ็ดเสร็จรวมสาหรับงวด,กาไร (ขาดทุน) เบ็ดเสร็จรวมสาหรับงวด,TOTAL_COMPREHENSIVE_INCOME,TOTAL_COMPREHENSIVE_INCOME,1.0,-17153863.0,-99220484.0,-11449379.0,-64102908.0
IIG,FINANCIAL_STATEMENTS_IIG.pdf,SE,unknown,"6,10",งบรวม+งบเฉพาะกิจการ,ยอดคงเหลือ ณ วันที่ 31 มีนำคม 2569,ยอดคงเหลือ ณ วันที่ 31 มีนำคม,SE_CLOSING,SE_CLOSING,1.0,220811040.0,519397524.0,263034384.0,483824928.0
IIG,FINANCIAL_STATEMENTS_IIG.pdf,SE,unknown,6,งบรวม,เงินปันผลจ่าย,เงินปันผลจ่าย,SE_DIVIDEND,SE_DIVIDEND,1.0,,-4800000.0,,
IIG,FINANCIAL_STATEMENTS_IIG.pdf,SE,unknown,"6,10",งบรวม+งบเฉพาะกิจการ,การเพิม่ ทุน,การเพิม่ ทุน,,,0.667,,5000032.0,,5000032.0
IIG,FINANCIAL_STATEMENTS_IIG.pdf,SE,unknown,6,งบรวม,การควบคุมในบริษทั ย่อย,การควบคุมในบริษทั ย่อย,,,0.667,,-62175035.0,,
IIG,FINANCIAL_STATEMENTS_IIG.pdf,BS,unknown,1,สินทรัพย์หมุนเวียน,เงินสดและรายการเทียบเท่าเงินสด,เงินสดและรายการเทียบเท่าเงินสด,CASH,CASH,1.0,34057239.0,45714185.0,13807443.0,17662105.0
IIG,FINANCIAL_STATEMENTS_IIG.pdf,BS,unknown,1,สินทรัพย์หมุนเวียน,"ลูกหนี้การค้าและลูกหนี้หมุนเวียนอืน่ - สุทธิ 9, 16",ลูกหนี้การค้าและลูกหนี้หมุนเวียนอืน่,TRADE_RECEIVABLES,TRADE_RECEIVABLES,1.0,154810014.0,153344682.0,98781252.0,79791286.0
IIG,FINANCIAL_STATEMENTS_IIG.pdf,BS,unknown,1,สินทรัพย์หมุนเวียน,ลูกหนี้ตามสัญญาให้บริการทีย่ งั ไม่ได้เรียกเก็บ - หมุนเวียน 10,ลูกหนี้ตามสัญญาให้บริการทีย่ งั ไม่ได้เรียกเก็บ - หมุนเวียน 10,UNBILLED_RECEIVABLES_CURRENT,UNBILLED_RECEIVABLES_CURRENT,1.0,155445665.0,130808843.0,46005685.0,43726430.0
IIG,FINANCIAL_STATEMENTS_IIG.pdf,BS,unknown,1,สินทรัพย์หมุนเวียน,คอมพิวเตอร์จ่ายล่วงหน้า 11.1,ค่าสิทธิจากการให้ใช้ใบอนุญาตการใช้โปรแกรม คอมพิวเตอร์จ่ายล่วงหน้า 11.1,PREPAID_LICENSE,PREPAID_LICENSE,1.0,121374709.0,93419851.0,89212565.0,58912021.0
IIG,FINANCIAL_STATEMENTS_IIG.pdf,BS,unknown,1,สินทรัพย์หมุนเวียน,เงินให้กยู้ มื ระยะสัน้ แก่บริษทั ทีเ่ กีย่ วข้องกัน 16,เงินให้กยู้ มื ระยะสัน้ แก่บริษทั ทีเ่ กีย่ วข้องกัน 16,SHORT_TERM_LOANS_RELATED,SHORT_TERM_LOANS_RELATED,1.0,16900000.0,16900000.0,83804764.0,81204764.0
IIG,FINANCIAL_STATEMENTS_IIG.pdf,BS,unknown,1,สินทรัพย์หมุนเวียน,สินทรัพย์หมุนเวียนอืน่,สินทรัพย์หมุนเวียนอืน่,OTHER_CURRENT_ASSETS,OTHER_CURRENT_ASSETS,1.0,17809679.0,13299865.0,9660545.0,7417080.0
IIG,FINANCIAL_STATEMENTS_IIG.pdf,BS,unknown,1,สินทรัพย์หมุนเวียน,รวมสิ นทรัพย์หมุนเวียน,รวมสิ นทรัพย์หมุนเวียน,TOTAL_CURRENT_ASSETS,TOTAL_CURRENT_ASSETS,1.0,500397306.0,453487426.0,341272254.0,288713686.0
IIG,FINANCIAL_STATEMENTS_IIG.pdf,BS,unknown,1,สินทรัพย์ไม่หมุนเวียน,เงินฝากสถาบันการเงินทีใ่ ช้เป็ นหลักประกัน 12,เงินฝากสถาบันการเงินทีใ่ ช้เป็ นหลักประกัน 12,,,0.651,71696500.0,80946500.0,49346500.0,58596500.0
IIG,FINANCIAL_STATEMENTS_IIG.pdf,BS,unknown,1,สินทรัพย์ไม่หมุนเวียน,เงินลงทุนในบริษทั ย่อย 13,เงินลงทุนในบริษทั ย่อย 13,INVEST_SUBSIDIARY,INVEST_SUBSIDIARY,1.0,,,296930680.0,296930680.0
IIG,FINANCIAL_STATEMENTS_IIG.pdf,BS,unknown,1,สินทรัพย์ไม่หมุนเวียน,เงินลงทุนในการร่วมค้า 13,เงินลงทุนในการร่วมค้า 13,INVEST_JV,INVEST_JV,1.0,6594559.0,6938399.0,24999900.0,24999900.0
IIG,FINANCIAL_STATEMENTS_IIG.pdf,BS,unknown,1,สินทรัพย์ไม่หมุนเวียน,- ไม่หมุนเวียน 10,ลูกหนี้ตามสัญญาให้บริการทีย่ งั ไม่ได้เรียกเก็บ - ไม่หมุนเวียน 10,UNBILLED_RECEIVABLES_NONCURRENT,UNBILLED_RECEIVABLES_NONCURRENT,1.0,29893412.0,33915676.0,29893412.0,33915676.0
IIG,FINANCIAL_STATEMENTS_IIG.pdf,BS,unknown,1,สินทรัพย์ไม่หมุนเวียน,อุปกรณ์ - สุทธิ,อุปกรณ์,PPE,PPE,1.0,813246.0,1138985.0,210721.0,252978.0
IIG,FINANCIAL_STATEMENTS_IIG.pdf,BS,unknown,1,สินทรัพย์ไม่หมุนเวียน,สินทรัพย์สทิ ธิการใช้ - สุทธิ,สินทรัพย์สทิ ธิการใช้,RIGHT_OF_USE,RIGHT_OF_USE,1.0,4402377.0,5860016.0,666578.0,1603943.0
IIG,FINANCIAL_STATEMENTS_IIG.pdf,BS,unknown,1,สินทรัพย์ไม่หมุนเวียน,สินทรัพย์ไม่มตี วั ตน - สุทธิ,สินทรัพย์ไม่มตี วั ตน,INTANGIBLES,INTANGIBLES,1.0,68469875.0,68243958.0,2888892.0,2904010.0
IIG,FINANCIAL_STATEMENTS_IIG.pdf,BS,unknown,1,สินทรัพย์ไม่หมุนเวียน,ค่าความนิยม,ค่าความนิยม,GOODWILL,GOODWILL,1.0,232215393.0,232215393.0,,
IIG,FINANCIAL_STATEMENTS_IIG.pdf,BS,unknown,1,สินทรัพย์ไม่หมุนเวียน,สินทรัพย์ภาษีเงินได้รอการตัดบัญชี - สุทธิ,สินทรัพย์ภาษีเงินได้รอการตัดบัญชี,DEFERRED_TAX_ASSETS,DEFERRED_TAX_ASSETS,1.0,41076188.0,40291802.0,28333622.0,27740474.0
IIG,FINANCIAL_STATEMENTS_IIG.pdf,BS,unknown,1,สินทรัพย์ไม่หมุนเวียน,สินทรัพย์ไม่หมุนเวียนอืน่,สินทรัพย์ไม่หมุนเวียนอืน่,OTHER_NONCURRENT_ASSETS,OTHER_NONCURRENT_ASSETS,1.0,48670245.0,46959856.0,40040876.0,38331647.0
IIG,FINANCIAL_STATEMENTS_IIG.pdf,BS,unknown,1,สินทรัพย์ไม่หมุนเวียน,รวมสิ นทรัพย์ไม่หมุนเวียน,รวมสิ นทรัพย์ไม่หมุนเวียน,TOTAL_NONCURRENT_ASSETS,TOTAL_NONCURRENT_ASSETS,1.0,503831795.0,516510585.0,473311181.0,485275808.0
IIG,FINANCIAL_STATEMENTS_IIG.pdf,BS,unknown,1,สินทรัพย์ไม่หมุนเวียน,รวมสิ นทรัพย์,รวมสิ นทรัพย์,TOTAL_ASSETS,TOTAL_ASSETS,1.0,1004229101.0,969998011.0,814583435.0,773989494.0
IIG,FINANCIAL_STATEMENTS_IIG.pdf,BS,unknown,1,สินทรัพย์ไม่หมุนเวียน,หมายเหตุประกอบข้อมูลทางการเงินเป็ นส่วนหนึ่งของข้อมูลทางการเงินระหว่างกาลนี้,หมายเหตุประกอบข้อมูลทางการเงินเป็ นส่วนหนึ่งของข้อมูลทางการเงินระหว่างกาลนี้,,,0.479,,,,1.0
IIG,FINANCIAL_STATEMENTS_IIG.pdf,BS,unknown,2,,31 มีนำคม,31 มีนำคม,,,0.556,31.0,,31.0,
IIG,FINANCIAL_STATEMENTS_IIG.pdf,BS,unknown,2,หนี้สินหมุนเวียน,เงินเบิกเกินบัญชี,เงินเบิกเกินบัญชี,BANK_OVERDRAFT,BANK_OVERDRAFT,1.0,23303800.0,21280016.0,13035044.0,11000026.0
IIG,FINANCIAL_STATEMENTS_IIG.pdf,BS,unknown,2,หนี้สินหมุนเวียน,"เจ้าหนี้การค้าและเจ้าหนี้หมุนเวียนอืน่ 14, 16","เจ้าหนี้การค้าและเจ้าหนี้หมุนเวียนอืน่ 14, 16",TRADE_PAYABLES,TRADE_PAYABLES,1.0,110616363.0,117917856.0,83626191.0,77415785.0
IIG,FINANCIAL_STATEMENTS_IIG.pdf,BS,unknown,2,หนี้สินหมุนเวียน,เงินกูย้ มื ระยะสัน้ จากสถาบันการเงิน,เงินกูย้ มื ระยะสัน้ จากสถาบันการเงิน,SHORT_TERM_BORROWINGS,SHORT_TERM_BORROWINGS,1.0,256442656.0,276020000.0,196442656.0,216020000.0
IIG,FINANCIAL_STATEMENTS_IIG.pdf,BS,unknown,2,หนี้สินหมุนเวียน,เงินกูย้ มื ระยะสัน้ จากบุคคลทีเ่ กีย่ วข้องกัน 16,เงินกูย้ มื ระยะสัน้ จากบุคคลทีเ่ กีย่ วข้องกัน 16,,,0.875,35312095.0,35588778.0,35312095.0,23588778.0
IIG,FINANCIAL_STATEMENTS_IIG.pdf,BS,unknown,2,หนี้สินหมุนเวียน,ชาระภายในหนึ่งปี,เงินกูย้ มื ระยะยาวจากสถาบันการเงินทีถ่ งึ กาหนด ชาระภายในหนึ่งปี,CURRENT_PORTION_LT_BORROWINGS,CURRENT_PORTION_LT_BORROWINGS,1.0,2700523.0,2663505.0,2700523.0,2663505.0
IIG,FINANCIAL_STATEMENTS_IIG.pdf,BS,unknown,2,หนี้สินหมุนเวียน,ภายในหนึ่งปี 11.2,รายได้รบั ล่วงหน้าส่วนทีจ่ ะรับรูเ้ ป็ นรายได้ ภายในหนึ่งปี 11.2,DEFERRED_REVENUE_CURRENT,DEFERRED_REVENUE_CURRENT,1.0,200746795.0,135246120.0,113327708.0,69964512.0
IIG,FINANCIAL_STATEMENTS_IIG.pdf,BS,unknown,2,หนี้สินหมุนเวียน,หนี้สนิ ตามสัญญาเช่าทีถ่ งึ กาหนดชาระภายในหนึ่งปี,หนี้สนิ ตามสัญญาเช่าทีถ่ งึ กาหนดชาระภายในหนึ่งปี,CURRENT_LEASE_LIABILITIES,CURRENT_LEASE_LIABILITIES,1.0,2469226.0,3436292.0,692362.0,1623164.0
IIG,FINANCIAL_STATEMENTS_IIG.pdf,BS,unknown,2,หนี้สินหมุนเวียน,หนี้สนิ หมุนเวียนอืน่,หนี้สนิ หมุนเวียนอืน่,OTHER_CURRENT_LIAB,OTHER_CURRENT_LIAB,1.0,75854959.0,65450647.0,68234421.0,58973669.0
IIG,FINANCIAL_STATEMENTS_IIG.pdf,BS,unknown,2,หนี้สินหมุนเวียน,รวมหนี้ สินหมุนเวียน,รวมหนี้ สินหมุนเวียน,TOTAL_CURRENT_LIAB,TOTAL_CURRENT_LIAB,1.0,707446417.0,657603214.0,513371000.0,461249439.0
IIG,FINANCIAL_STATEMENTS_IIG.pdf,BS,unknown,2,หนี้สินไม่หมุนเวียน,เงินกูย้ มื ระยะยาวจากสถาบันการเงิน,เงินกูย้ มื ระยะยาวจากสถาบันการเงิน,LONG_TERM_BORROWINGS,LONG_TERM_BORROWINGS,1.0,26547344.0,27278390.0,26547344.0,27278390.0
IIG,FINANCIAL_STATEMENTS_IIG.pdf,BS,unknown,2,หนี้สินไม่หมุนเวียน,หนี้สนิ ตามสัญญาเช่า,หนี้สนิ ตามสัญญาเช่า,LEASE_LIABILITIES,LEASE_LIABILITIES,1.0,2031227.0,2484072.0,,
IIG,FINANCIAL_STATEMENTS_IIG.pdf,BS,unknown,2,หนี้สินไม่หมุนเวียน,รายได้รบั ล่วงหน้า - ไม่หมุนเวียน 11.2,รายได้รบั ล่วงหน้า - ไม่หมุนเวียน 11.2,DEFERRED_REVENUE_NONCURRENT,DEFERRED_REVENUE_NONCURRENT,1.0,59629.0,110642.0,,
IIG,FINANCIAL_STATEMENTS_IIG.pdf,BS,unknown,2,หนี้สินไม่หมุนเวียน,ภาระผูกพันผลประโยชน์พนักงาน,ภาระผูกพันผลประโยชน์พนักงาน,EMPLOYEE_BENEFIT_PROVISION_NONCURRENT,EMPLOYEE_BENEFIT_PROVISION_NONCURRENT,1.0,47333444.0,44556790.0,11630707.0,10977902.0
IIG,FINANCIAL_STATEMENTS_IIG.pdf,BS,unknown,2,หนี้สินไม่หมุนเวียน,รวมหนี้ สินไม่หมุนเวียน,รวมหนี้ สินไม่หมุนเวียน,TOTAL_NONCURRENT_LIAB,TOTAL_NONCURRENT_LIAB,1.0,75971644.0,74429894.0,38178051.0,38256292.0
IIG,FINANCIAL_STATEMENTS_IIG.pdf,BS,unknown,2,หนี้สินไม่หมุนเวียน,รวมหนี้ สิน,รวมหนี้ สิน,TOTAL_LIABILITIES,TOTAL_LIABILITIES,1.0,783418061.0,732033108.0,551549051.0,499505731.0
IIG,FINANCIAL_STATEMENTS_IIG.pdf,BS,unknown,2,หนี้สินไม่หมุนเวียน,หมายเหตุประกอบข้อมูลทางการเงินเป็ นส่วนหนึ่งของข้อมูลทางการเงินระหว่างกาลนี้,หมายเหตุประกอบข้อมูลทางการเงินเป็ นส่วนหนึ่งของข้อมูลทางการเงินระหว่างกาลนี้,,,0.479,,,,2.0
IIG,FINANCIAL_STATEMENTS_IIG.pdf,BS,unknown,3,ทุนจดทะเบียน,มูลค่าตราไว้หนุ้ ละ 0.50 บาท,"หุน้ สามัญจานวน 165,671,320 หุน้ มูลค่าตราไว้หนุ้ ละ 0.50 บาท",REGISTERED_CAPITAL_DESC,REGISTERED_CAPITAL_DESC,1.0,82835660.0,82835660.0,82835660.0,82835660.0
IIG,FINANCIAL_STATEMENTS_IIG.pdf,BS,unknown,3,ทุนที่ออกและชำระแล้ว,มูลค่าตราไว้หนุ้ ละ 0.50 บาท,"หุน้ สามัญจานวน 123,376,607 หุน้ มูลค่าตราไว้หนุ้ ละ 0.50 บาท",SHARE_CAPITAL_DESC,SHARE_CAPITAL_DESC,1.0,61688304.0,61688304.0,61688304.0,61688304.0
IIG,FINANCIAL_STATEMENTS_IIG.pdf,BS,unknown,3,ทุนที่ออกและชำระแล้ว,ส่วนเกินมูลค่าหุน้,ส่วนเกินมูลค่าหุน้,SHARE_PREMIUM,SHARE_PREMIUM,1.0,749722387.0,749722387.0,749722387.0,749722387.0
IIG,FINANCIAL_STATEMENTS_IIG.pdf,BS,unknown,3,ทุนที่ออกและชำระแล้ว,จัดสรรแล้ว - สารองตามกฏหมาย,จัดสรรแล้ว - สารองตามกฏหมาย,LEGAL_RESERVE,LEGAL_RESERVE,0.944,5686184.0,5686184.0,5686184.0,5686184.0
IIG,FINANCIAL_STATEMENTS_IIG.pdf,BS,unknown,3,ทุนที่ออกและชำระแล้ว,ยังไม่ได้จดั สรร,ยังไม่ได้จดั สรร,RETAINED_EARNINGS,RETAINED_EARNINGS,1.0,-599351199.0,-583900245.0,-554062491.0,-542613112.0
IIG,FINANCIAL_STATEMENTS_IIG.pdf,BS,unknown,3,ทุนที่ออกและชำระแล้ว,รวมส่วนของผู้เป็ นเจ้ำของของบริ ษทั,รวมส่วนของผู้เป็ นเจ้ำของของบริ ษทั,EQUITY_PARENT,EQUITY_PARENT,0.93,217745676.0,233196630.0,263034384.0,274483763.0
IIG,FINANCIAL_STATEMENTS_IIG.pdf,BS,unknown,3,ทุนที่ออกและชำระแล้ว,ส่วนได้เสียทีไ่ ม่มอี านาจควบคุม,ส่วนได้เสียทีไ่ ม่มอี านาจควบคุม,NCI,NCI,1.0,3065364.0,4768273.0,,
IIG,FINANCIAL_STATEMENTS_IIG.pdf,BS,unknown,3,ทุนที่ออกและชำระแล้ว,รวมส่วนของเจ้ำของ,รวมส่วนของเจ้ำของ,TOTAL_EQUITY,TOTAL_EQUITY,1.0,220811040.0,237964903.0,263034384.0,274483763.0
IIG,FINANCIAL_STATEMENTS_IIG.pdf,BS,unknown,3,ทุนที่ออกและชำระแล้ว,รวมหนี้ สินและส่วนของเจ้ำของ,รวมหนี้ สินและส่วนของเจ้ำของ,TOTAL_LIAB_EQUITY,TOTAL_LIAB_EQUITY,1.0,1004229101.0,969998011.0,814583435.0,773989494.0
IIG,FINANCIAL_STATEMENTS_IIG.pdf,BS,unknown,3,ทุนที่ออกและชำระแล้ว,หมายเหตุประกอบข้อมูลทางการเงินเป็ นส่วนหนึ่งของข้อมูลทางการเงินระหว่างกาลนี้,หมายเหตุประกอบข้อมูลทางการเงินเป็ นส่วนหนึ่งของข้อมูลทางการเงินระหว่างกาลนี้,,,0.479,,,,3.0
IIG,FINANCIAL_STATEMENTS_IIG.pdf,IS,unknown,4,รายได้,โปรแกรมคอมพิวเตอร์,รายได้จากการให้ใช้ใบอนุญาตการใช้ โปรแกรมคอมพิวเตอร์,REVENUE_LICENSE,REVENUE_LICENSE,1.0,80151119.0,103371660.0,47475005.0,66566948.0
IIG,FINANCIAL_STATEMENTS_IIG.pdf,IS,unknown,4,รายได้,รายได้จากการให้บริการ,รายได้จากการให้บริการ,REVENUE_SERVICE,REVENUE_SERVICE,1.0,72213848.0,120763962.0,18071039.0,23613470.0
IIG,FINANCIAL_STATEMENTS_IIG.pdf,IS,unknown,4,รายได้,โปรแกรมคอมพิวเตอร์และอุปกรณ์คอมพิวเตอร์,โปรแกรมคอมพิวเตอร์และอุปกรณ์คอมพิวเตอร์,,,0.716,5962962.0,1587440.0,,
IIG,FINANCIAL_STATEMENTS_IIG.pdf,IS,unknown,4,รายได้,เงินปั นผลรับจากบริษทั ย่อย,เงินปั นผลรับจากบริษทั ย่อย,DIVIDEND_INCOME,DIVIDEND_INCOME,1.0,,,,7200000.0
IIG,FINANCIAL_STATEMENTS_IIG.pdf,IS,unknown,4,รายได้,รายได้อ่นื,รายได้อ่นื,OTHER_INCOME,OTHER_INCOME,1.0,2000647.0,4473382.0,4210144.0,3992026.0
IIG,FINANCIAL_STATEMENTS_IIG.pdf,IS,unknown,4,รายได้,รวมรำยได้,รวมรำยได้,TOTAL_REVENUE,TOTAL_REVENUE,1.0,160328576.0,230196444.0,69756188.0,101372444.0
IIG,FINANCIAL_STATEMENTS_IIG.pdf,IS,unknown,4,ค่าใช้จ่าย,ต้นทุนจากการให้ใช้ใบอนุญาตการใช้โปรแกรมคอมพิวเตอร์,ต้นทุนจากการให้ใช้ใบอนุญาตการใช้โปรแกรมคอมพิวเตอร์,COGS_LICENSE,COGS_LICENSE,1.0,67861078.0,85191664.0,39477165.0,55077575.0
IIG,FINANCIAL_STATEMENTS_IIG.pdf,IS,unknown,4,ค่าใช้จ่าย,ต้นทุนจากการให้บริการ,ต้นทุนจากการให้บริการ,COGS_SERVICE,COGS_SERVICE,1.0,61215723.0,103322164.0,12006261.0,27583849.0
IIG,FINANCIAL_STATEMENTS_IIG.pdf,IS,unknown,4,ค่าใช้จ่าย,โปรแกรมคอมพิวเตอร์และอุปกรณ์คอมพิวเตอร์,โปรแกรมคอมพิวเตอร์และอุปกรณ์คอมพิวเตอร์,,,0.709,2651387.0,1377550.0,,
IIG,FINANCIAL_STATEMENTS_IIG.pdf,IS,unknown,4,ค่าใช้จ่าย,ค่าใช้จ่ายในการขาย,ค่าใช้จ่ายในการขาย,SELLING_EXPENSES,SELLING_EXPENSES,1.0,10023699.0,16088836.0,4676561.0,6774495.0
IIG,FINANCIAL_STATEMENTS_IIG.pdf,IS,unknown,4,ค่าใช้จ่าย,ค่าใช้จ่ายในการบริหาร,ค่าใช้จ่ายในการบริหาร,ADMIN_EXPENSES,ADMIN_EXPENSES,1.0,29044993.0,43934197.0,19680444.0,25544764.0
IIG,FINANCIAL_STATEMENTS_IIG.pdf,IS,unknown,4,ค่าใช้จ่าย,ผลขาดทุนด้านเครดิตทีค่ าดว่าจะเกิดขึน้,ผลขาดทุนด้านเครดิตทีค่ าดว่าจะเกิดขึน้,ECL,ECL,1.0,1132501.0,,1132501.0,
IIG,FINANCIAL_STATEMENTS_IIG.pdf,IS,unknown,4,ค่าใช้จ่าย,ขาดทุนจากการด้อยค่าของเงินลงทุนในบริษทั ร่วม,ขาดทุนจากการด้อยค่าของเงินลงทุนในบริษทั ร่วม,IMPAIRMENT_ASSOCIATE,IMPAIRMENT_ASSOCIATE,1.0,,,,44003273.0
IIG,FINANCIAL_STATEMENTS_IIG.pdf,IS,unknown,4,ค่าใช้จ่าย,ขาดทุนสุทธิจากการสูญเสียการควบคุมในบริษทั ย่อย,ขาดทุนสุทธิจากการสูญเสียการควบคุมในบริษทั ย่อย,LOSS_ON_DECONSOLIDATION,LOSS_ON_DECONSOLIDATION,1.0,,69360106.0,,
IIG,FINANCIAL_STATEMENTS_IIG.pdf,IS,unknown,4,ค่าใช้จ่าย,ส่วนแบ่งขาดทุนในบริษทั ร่วมและการร่วมค้า - สุทธิ 13,ส่วนแบ่งขาดทุนในบริษทั ร่วมและการร่วมค้า,SHARE_OF_PROFIT_ASSOCIATE,SHARE_OF_PROFIT_ASSOCIATE,1.0,343840.0,2006229.0,,
IIG,FINANCIAL_STATEMENTS_IIG.pdf,IS,unknown,4,ค่าใช้จ่าย,รวมค่ำใช้จ่ำย,รวมค่ำใช้จ่ำย,TOTAL_EXPENSES,TOTAL_EXPENSES,1.0,172273221.0,321280746.0,76972932.0,158983956.0
IIG,FINANCIAL_STATEMENTS_IIG.pdf,IS,unknown,4,ค่าใช้จ่าย,ขำดทุนก่อนต้นทุนทำงกำรเงิ นและภำษี เงิ นได้,ขำดทุนก่อนต้นทุนทำงกำรเงิ นและภำษี เงิ นได้,PROFIT_BEFORE_FINANCE_TAX,PROFIT_BEFORE_FINANCE_TAX,1.0,-11944645.0,-91084302.0,-7216744.0,-57611512.0
IIG,FINANCIAL_STATEMENTS_IIG.pdf,IS,unknown,4,ค่าใช้จ่าย,ต้นทุนทางการเงิน,ต้นทุนทางการเงิน,FINANCE_COST,FINANCE_COST,1.0,-5994786.0,-7712911.0,-4825784.0,-6636392.0
IIG,FINANCIAL_STATEMENTS_IIG.pdf,IS,unknown,4,ค่าใช้จ่าย,ขำดทุนก่อนภำษี เงิ นได้,ขำดทุนก่อนภำษี เงิ นได้,PROFIT_BEFORE_TAX,PROFIT_BEFORE_TAX,1.0,-17939431.0,-98797213.0,-12042528.0,-64247904.0
IIG,FINANCIAL_STATEMENTS_IIG.pdf,IS,unknown,4,ค่าใช้จ่าย,ผลประโยชน์ (ค่าใช้จ่าย) ภาษีเงินได้ 15,ผลประโยชน์ (ค่าใช้จ่าย) ภาษีเงินได้ 15,INCOME_TAX_EXPENSE,INCOME_TAX_EXPENSE,1.0,785568.0,-423271.0,593149.0,144996.0
IIG,FINANCIAL_STATEMENTS_IIG.pdf,IS,unknown,4,ค่าใช้จ่าย,ขำดทุนสำหรับงวด,ขำดทุนสำหรับงวด,NET_PROFIT,NET_PROFIT,1.0,-17153863.0,-99220484.0,-11449379.0,-64102908.0
IIG,FINANCIAL_STATEMENTS_IIG.pdf,IS,unknown,4,ค่าใช้จ่าย,ขำดทุนเบ็ดเสร็จรวมสำหรับงวด,ขำดทุนเบ็ดเสร็จรวมสำหรับงวด,TOTAL_COMPREHENSIVE_INCOME,TOTAL_COMPREHENSIVE_INCOME,1.0,-17153863.0,-99220484.0,-11449379.0,-64102908.0
IIG,FINANCIAL_STATEMENTS_IIG.pdf,IS,unknown,4,ค่าใช้จ่าย,หมายเหตุประกอบข้อมูลทางการเงินเป็ นส่วนหนึ่งของข้อมูลทางการเงินระหว่างกาลนี้,หมายเหตุประกอบข้อมูลทางการเงินเป็ นส่วนหนึ่งของข้อมูลทางการเงินระหว่างกาลนี้,,,0.48,,,,4.0
IIG,FINANCIAL_STATEMENTS_IIG.pdf,IS,unknown,5,การแบ่งปันกำไร (ขาดทุน),ส่วนของผูเ้ ป็ นเจ้าของของบริษทั,การแบ่งปันกำไร (ขาดทุน) ส่วนของผูเ้ ป็ นเจ้าของของบริษทั,PROFIT_ATTRIB_PARENT,PROFIT_ATTRIB_PARENT,1.0,-15450954.0,-100044392.0,-11449379.0,-64102908.0
IIG,FINANCIAL_STATEMENTS_IIG.pdf,IS,unknown,5,การแบ่งปันกำไร (ขาดทุน),ส่วนได้เสียทีไ่ ม่มอี านาจควบคุม,การแบ่งปันกำไร (ขาดทุน) ส่วนได้เสียทีไ่ ม่มอี านาจควบคุม,PROFIT_ATTRIB_NCI,PROFIT_ATTRIB_NCI,1.0,-1702909.0,823908.0,,
IIG,FINANCIAL_STATEMENTS_IIG.pdf,IS,unknown,5,การแบ่งปันกำไร (ขาดทุน) เบ็ดเสร็จรวม,ส่วนของผูเ้ ป็ นเจ้าของของบริษทั,การแบ่งปันกำไร (ขาดทุน) เบ็ดเสร็จรวม ส่วนของผูเ้ ป็ นเจ้าของของบริษทั,TCI_ATTRIB_PARENT,TCI_ATTRIB_PARENT,1.0,-15450954.0,-100044392.0,-11449379.0,-64102908.0
IIG,FINANCIAL_STATEMENTS_IIG.pdf,IS,unknown,5,การแบ่งปันกำไร (ขาดทุน) เบ็ดเสร็จรวม,ส่วนได้เสียทีไ่ ม่มอี านาจควบคุม,การแบ่งปันกำไร (ขาดทุน) เบ็ดเสร็จรวม ส่วนได้เสียทีไ่ ม่มอี านาจควบคุม,TCI_ATTRIB_NCI,TCI_ATTRIB_NCI,1.0,-1702909.0,823908.0,,
IIG,FINANCIAL_STATEMENTS_IIG.pdf,IS,unknown,5,การแบ่งปันกำไร (ขาดทุน) เบ็ดเสร็จรวม,ขาดทุน (บาทต่อหุน้ ) 7,ขาดทุน (บาทต่อหุน้ ) 7,EPS,EPS,1.0,-0.13,-0.83,-0.09,-0.53
IIG,FINANCIAL_STATEMENTS_IIG.pdf,IS,unknown,5,การแบ่งปันกำไร (ขาดทุน) เบ็ดเสร็จรวม,หมายเหตุประกอบข้อมูลทางการเงินเป็ นส่วนหนึ่งของข้อมูลทางการเงินระหว่างกาลนี้,หมายเหตุประกอบข้อมูลทางการเงินเป็ นส่วนหนึ่งของข้อมูลทางการเงินระหว่างกาลนี้,,,0.566,,,,5.0
IIG,FINANCIAL_STATEMENTS_IIG.pdf,CF,unknown,14,กระแสเงินสดจากกิจกรรมดำเนินงาน,ขาดทุนก่อนภาษีเงินได้,ขาดทุนก่อนภาษีเงินได้,PROFIT_BEFORE_TAX,PROFIT_BEFORE_TAX,1.0,-17939431.0,-98797213.0,-12042528.0,-64247904.0
IIG,FINANCIAL_STATEMENTS_IIG.pdf,CF,unknown,14,กระแสเงินสดจากกิจกรรมดำเนินงาน,ค่าเสือ่ มราคาและค่าตัดจาหน่าย,ค่าเสือ่ มราคาและค่าตัดจาหน่าย,DEPRECIATION_AMORTISATION,DEPRECIATION_AMORTISATION,1.0,2025017.0,3886433.0,994740.0,980746.0
IIG,FINANCIAL_STATEMENTS_IIG.pdf,CF,unknown,14,กระแสเงินสดจากกิจกรรมดำเนินงาน,ต้นทุนทางการเงิน,ต้นทุนทางการเงิน,FINANCE_COST,FINANCE_COST,1.0,5994786.0,7712911.0,4825784.0,6636392.0
IIG,FINANCIAL_STATEMENTS_IIG.pdf,CF,unknown,14,กระแสเงินสดจากกิจกรรมดำเนินงาน,ดอกเบีย้ รับ,ดอกเบีย้ รับ,INTEREST_INCOME_CF,INTEREST_INCOME_CF,1.0,-390351.0,-349275.0,-1738064.0,-1220235.0
IIG,FINANCIAL_STATEMENTS_IIG.pdf,CF,unknown,14,กระแสเงินสดจากกิจกรรมดำเนินงาน,รายได้เงินปั นผลจากบริษทั ย่อย,รายได้เงินปั นผลจากบริษทั ย่อย,,,0.857,,,,-7200000.0
IIG,FINANCIAL_STATEMENTS_IIG.pdf,CF,unknown,14,กระแสเงินสดจากกิจกรรมดำเนินงาน,ค่าใช้จ่ายผลประโยชน์พนักงาน,ค่าใช้จ่ายผลประโยชน์พนักงาน,,,0.706,2984171.0,2883611.0,652805.0,761724.0
IIG,FINANCIAL_STATEMENTS_IIG.pdf,CF,unknown,14,กระแสเงินสดจากกิจกรรมดำเนินงาน,ผลขาดทุนด้านเครดิตทีค่ าดว่าจะเกิดขึน้,ผลขาดทุนด้านเครดิตทีค่ าดว่าจะเกิดขึน้,ECL,ECL,1.0,1132501.0,,1132501.0,
IIG,FINANCIAL_STATEMENTS_IIG.pdf,CF,unknown,14,กระแสเงินสดจากกิจกรรมดำเนินงาน,ขาดทุนจากการด้อยค่าเงินลงทุนในบริษทั ร่วม,ขาดทุนจากการด้อยค่าเงินลงทุนในบริษทั ร่วม,IMPAIRMENT_ASSOCIATE,IMPAIRMENT_ASSOCIATE,0.945,,,,44003273.0
IIG,FINANCIAL_STATEMENTS_IIG.pdf,CF,unknown,14,กระแสเงินสดจากกิจกรรมดำเนินงาน,ขาดทุนสุทธิจากการสูญเสียการควบคุมในบริษทั ย่อย,ขาดทุนสุทธิจากการสูญเสียการควบคุมในบริษทั ย่อย,LOSS_ON_DECONSOLIDATION,LOSS_ON_DECONSOLIDATION,1.0,,69360106.0,,
IIG,FINANCIAL_STATEMENTS_IIG.pdf,CF,unknown,14,กระแสเงินสดจากกิจกรรมดำเนินงาน,กาไรจากอัตราแลกเปลีย่ นทีย่ งั ไม่เกิดขึน้ จริง,กาไรจากอัตราแลกเปลีย่ นทีย่ งั ไม่เกิดขึน้ จริง,,,0.703,-1039129.0,-645065.0,-550568.0,-619231.0
IIG,FINANCIAL_STATEMENTS_IIG.pdf,CF,unknown,14,กระแสเงินสดจากกิจกรรมดำเนินงาน,ส่วนแบ่งขาดทุนในบริษทั ร่วมและการร่วมค้า - สุทธิ 13.1,ส่วนแบ่งขาดทุนในบริษทั ร่วมและการร่วมค้า,SHARE_OF_PROFIT_ASSOCIATE,SHARE_OF_PROFIT_ASSOCIATE,1.0,343840.0,2006229.0,,
IIG,FINANCIAL_STATEMENTS_IIG.pdf,CF,unknown,14,กระแสเงินสดจากกิจกรรมดำเนินงาน,ในสิ นทรัพย์และหนี้ สินดำเนิ นงำน,เงิ นสดใช้ไปในกำรดำเนิ นงำนก่อนกำรเปลี่ยนแปลง ในสิ นทรัพย์และหนี้ สินดำเนิ นงำน,PROFIT_BEFORE_WC_CHANGE,PROFIT_BEFORE_WC_CHANGE,0.92,-6888596.0,-13942263.0,-6725330.0,-20905235.0
IIG,FINANCIAL_STATEMENTS_IIG.pdf,CF,unknown,14,กระแสเงินสดจากกิจกรรมดำเนินงาน,ลูกหนี้การค้าและลูกหนี้หมุนเวียนอื่น,ลูกหนี้การค้าและลูกหนี้หมุนเวียนอื่น,TRADE_RECEIVABLES,TRADE_RECEIVABLES,1.0,-2597833.0,-32138721.0,-20122467.0,-20293926.0
IIG,FINANCIAL_STATEMENTS_IIG.pdf,CF,unknown,14,กระแสเงินสดจากกิจกรรมดำเนินงาน,ลูกหนี้ตามสัญญาให้บริการทีย่ งั ไม่ได้เรียกเก็บ,ลูกหนี้ตามสัญญาให้บริการทีย่ งั ไม่ได้เรียกเก็บ,,,0.889,-20614558.0,-4848226.0,1743009.0,1574804.0
IIG,FINANCIAL_STATEMENTS_IIG.pdf,CF,unknown,14,กระแสเงินสดจากกิจกรรมดำเนินงาน,คอมพิวเตอร์จ่ายล่วงหน้า,ค่าสิทธิจากการให้ใช้ใบอนุญาตการใช้โปรแกรม คอมพิวเตอร์จ่ายล่วงหน้า,PREPAID_LICENSE,PREPAID_LICENSE,1.0,-27954858.0,-82681520.0,-30300544.0,-88907152.0
IIG,FINANCIAL_STATEMENTS_IIG.pdf,CF,unknown,14,กระแสเงินสดจากกิจกรรมดำเนินงาน,สินทรัพย์หมุนเวียนอื่น,สินทรัพย์หมุนเวียนอื่น,OTHER_CURRENT_ASSETS,OTHER_CURRENT_ASSETS,1.0,-4148315.0,5243041.0,-505398.0,40847.0
IIG,FINANCIAL_STATEMENTS_IIG.pdf,CF,unknown,14,กระแสเงินสดจากกิจกรรมดำเนินงาน,สินทรัพย์ไม่หมุนเวียนอื่น,สินทรัพย์ไม่หมุนเวียนอื่น,OTHER_NONCURRENT_ASSETS,OTHER_NONCURRENT_ASSETS,1.0,4183611.0,-6656178.0,1132084.0,-2021166.0
IIG,FINANCIAL_STATEMENTS_IIG.pdf,CF,unknown,14,กระแสเงินสดจากกิจกรรมดำเนินงาน,เจ้าหนี้การค้าและเจ้าหนี้หมุนเวียนอื่น,เจ้าหนี้การค้าและเจ้าหนี้หมุนเวียนอื่น,TRADE_PAYABLES,TRADE_PAYABLES,1.0,-7301493.0,574938.0,6210406.0,11115425.0
IIG,FINANCIAL_STATEMENTS_IIG.pdf,CF,unknown,14,กระแสเงินสดจากกิจกรรมดำเนินงาน,รายได้รบั ล่วงหน้า,รายได้รบั ล่วงหน้า,DEFERRED_REVENUE,DEFERRED_REVENUE,1.0,65449662.0,123764465.0,43363196.0,107148464.0
IIG,FINANCIAL_STATEMENTS_IIG.pdf,CF,unknown,14,กระแสเงินสดจากกิจกรรมดำเนินงาน,หนี้สนิ หมุนเวียนอื่น,หนี้สนิ หมุนเวียนอื่น,OTHER_CURRENT_LIAB,OTHER_CURRENT_LIAB,1.0,10697655.0,23755858.0,9426650.0,23403018.0
IIG,FINANCIAL_STATEMENTS_IIG.pdf,CF,unknown,14,กระแสเงินสดจากกิจกรรมดำเนินงาน,จ่ายภาระผูกพันผลประโยชน์พนักงาน,จ่ายภาระผูกพันผลประโยชน์พนักงาน,EMPLOYEE_BENEFIT_PROVISION_NONCURRENT,EMPLOYEE_BENEFIT_PROVISION_NONCURRENT,0.947,-207517.0,,,
IIG,FINANCIAL_STATEMENTS_IIG.pdf,CF,unknown,14,กระแสเงินสดจากกิจกรรมดำเนินงาน,เงิ นสดได้มำจำกกำรดำเนิ นงำน,เงิ นสดได้มำจำกกำรดำเนิ นงำน,CF_OPERATING_BEFORE_ITEMS,CF_OPERATING_BEFORE_ITEMS,0.909,10617757.0,13071394.0,4221606.0,11155079.0
IIG,FINANCIAL_STATEMENTS_IIG.pdf,CF,unknown,14,กระแสเงินสดจากกิจกรรมดำเนินงาน,เงินสดรับจากดอกเบีย้ รับ,เงินสดรับจากดอกเบีย้ รับ,INTEREST_RECEIVED,INTEREST_RECEIVED,1.0,28853.0,43422.0,,137872.0
IIG,FINANCIAL_STATEMENTS_IIG.pdf,CF,unknown,14,กระแสเงินสดจากกิจกรรมดำเนินงาน,จ่ายภาษีเงินได้นติ บิ คุ คล,จ่ายภาษีเงินได้นติ บิ คุ คล,,,0.786,-5892819.0,-8845752.0,-2841316.0,-5443399.0
IIG,FINANCIAL_STATEMENTS_IIG.pdf,CF,unknown,14,กระแสเงินสดจากกิจกรรมดำเนินงาน,เงิ นสดสุทธิ ได้มำจำกกิ จกรรมดำเนิ นงำน,เงิ นสดสุทธิ ได้มำจำกกิ จกรรมดำเนิ นงำน,CF_OPERATING,CF_OPERATING,1.0,4753791.0,4269064.0,1380290.0,5849552.0
IIG,FINANCIAL_STATEMENTS_IIG.pdf,CF,unknown,14,กระแสเงินสดจากกิจกรรมดำเนินงาน,หมายเหตุประกอบข้อมูลทางการเงินเป็ นส่วนหนึ่งของข้อมูลทางการเงินระหว่างกาลนี้,หมายเหตุประกอบข้อมูลทางการเงินเป็ นส่วนหนึ่งของข้อมูลทางการเงินระหว่างกาลนี้,,,0.495,,,,8.0
IIG,FINANCIAL_STATEMENTS_IIG.pdf,CF,unknown,15,กระแสเงินสดจากกิจกรรมลงทุน,เงินสดรับ (จ่าย) สุทธิสาหรับเงินฝากสถาบันการเงินทีใ่ ช้เป็ นหลักประกัน,เงินสดรับ (จ่าย) สุทธิสาหรับเงินฝากสถาบันการเงินทีใ่ ช้เป็ นหลักประกัน,,,0.689,9250000.0,-1721000.0,9250000.0,-1716000.0
IIG,FINANCIAL_STATEMENTS_IIG.pdf,CF,unknown,15,กระแสเงินสดจากกิจกรรมลงทุน,เงินปั นผลรับจากบริษทั ย่อย,เงินปั นผลรับจากบริษทั ย่อย,DIVIDEND_INCOME,DIVIDEND_INCOME,1.0,,,,7200000.0
IIG,FINANCIAL_STATEMENTS_IIG.pdf,CF,unknown,15,กระแสเงินสดจากกิจกรรมลงทุน,เงินสดจ่ายเพือ่ ลงทุนในบริษทั ร่วม,เงินสดจ่ายเพือ่ ลงทุนในบริษทั ร่วม,,,0.824,,-1356600.0,,-1356600.0
IIG,FINANCIAL_STATEMENTS_IIG.pdf,CF,unknown,15,กระแสเงินสดจากกิจกรรมลงทุน,เงินสดรับจากเงินให้กยู้ มื ระยะสัน้ แก่กจิ การทีเ่ กีย่ วข้องกัน,เงินสดรับจากเงินให้กยู้ มื ระยะสัน้ แก่กจิ การทีเ่ กีย่ วข้องกัน,,,0.857,,,,1302691.0
IIG,FINANCIAL_STATEMENTS_IIG.pdf,CF,unknown,15,กระแสเงินสดจากกิจกรรมลงทุน,เงินสดจ่ายเพือ่ เงินให้กยู้ มื ระยะสัน้ แก่กจิ การทีเ่ กีย่ วข้องกัน 16,เงินสดจ่ายเพือ่ เงินให้กยู้ มื ระยะสัน้ แก่กจิ การทีเ่ กีย่ วข้องกัน 16,,,0.857,,-3600000.0,-2600000.0,-11400000.0
IIG,FINANCIAL_STATEMENTS_IIG.pdf,CF,unknown,15,กระแสเงินสดจากกิจกรรมลงทุน,เงินสดจ่ายเพือ่ ซือ้ อุปกรณ์,เงินสดจ่ายเพือ่ ซือ้ อุปกรณ์,,,0.754,,-406452.0,,-22421.0
IIG,FINANCIAL_STATEMENTS_IIG.pdf,CF,unknown,15,กระแสเงินสดจากกิจกรรมลงทุน,เงินสดจ่ายเพือ่ ซือ้ สินทรัพย์ไม่มตี วั ตน,เงินสดจ่ายเพือ่ ซือ้ สินทรัพย์ไม่มตี วั ตน,,,0.706,-467556.0,-7282029.0,,
IIG,FINANCIAL_STATEMENTS_IIG.pdf,CF,unknown,15,กระแสเงินสดจากกิจกรรมลงทุน,เป็ นบริษทั ร่วม,เป็ นบริษทั ร่วม,,,0.8,,-30741602.0,,
IIG,FINANCIAL_STATEMENTS_IIG.pdf,CF,unknown,15,กระแสเงินสดจากกิจกรรมลงทุน,เงิ นสดสุทธิ ได้มำจำก (ใช้ไปใน) กิ จกรรมลงทุน,เงิ นสดสุทธิ ได้มำจำก (ใช้ไปใน) กิ จกรรมลงทุน,CF_INVESTING,CF_INVESTING,1.0,8782444.0,-45107683.0,6650000.0,-5992330.0
IIG,FINANCIAL_STATEMENTS_IIG.pdf,CF,unknown,15,กระแสเงินสดจากกิจกรรมจัดหาเงิน,เงินสดรับ (จ่าย) สุทธิสาหรับเงินกูย้ มื ระยะสัน้ จากสถาบันการเงิน,เงินสดรับ (จ่าย) สุทธิสาหรับเงินกูย้ มื ระยะสัน้ จากสถาบันการเงิน,,,0.717,-19577344.0,12020000.0,-19577344.0,12000000.0
IIG,FINANCIAL_STATEMENTS_IIG.pdf,CF,unknown,15,กระแสเงินสดจากกิจกรรมจัดหาเงิน,เงินสดจ่ายคืนเงินกูย้ มื ระยะยาวจากสถาบันการเงิน,เงินสดจ่ายคืนเงินกูย้ มื ระยะยาวจากสถาบันการเงิน,,,0.826,-694028.0,-625591.0,-694028.0,-625591.0
IIG,FINANCIAL_STATEMENTS_IIG.pdf,CF,unknown,15,กระแสเงินสดจากกิจกรรมจัดหาเงิน,เงินสดรับจากเงินกูย้ มื ระยะสัน้ จากบริษทั ทีเ่ กีย่ วข้องกัน 16,เงินสดรับจากเงินกูย้ มื ระยะสัน้ จากบริษทั ทีเ่ กีย่ วข้องกัน 16,,,0.857,43700000.0,,43700000.0,3500000.0
IIG,FINANCIAL_STATEMENTS_IIG.pdf,CF,unknown,15,กระแสเงินสดจากกิจกรรมจัดหาเงิน,เงินสดจ่ายเพือ่ ชาระเงินกูย้ มื ระยะสัน้ จากบริษทั ทีเ่ กีย่ วข้องกัน 16,เงินสดจ่ายเพือ่ ชาระเงินกูย้ มื ระยะสัน้ จากบริษทั ทีเ่ กีย่ วข้องกัน 16,,,0.828,-43976683.0,-15799904.0,-31976683.0,-19299904.0
IIG,FINANCIAL_STATEMENTS_IIG.pdf,CF,unknown,15,กระแสเงินสดจากกิจกรรมจัดหาเงิน,เงินสดรับจากการออกหุน้ กูแ้ ปลงสภาพ,เงินสดรับจากการออกหุน้ กูแ้ ปลงสภาพ,PROCEEDS_CONVERTIBLE_DEBENTURE,PROCEEDS_CONVERTIBLE_DEBENTURE,1.0,,10000000.0,,10000000.0
IIG,FINANCIAL_STATEMENTS_IIG.pdf,CF,unknown,15,กระแสเงินสดจากกิจกรรมจัดหาเงิน,เงินสดจ่ายค่าธรรมเนียมในการออกหุน้ กูแ้ ปลงสภาพ,เงินสดจ่ายค่าธรรมเนียมในการออกหุน้ กูแ้ ปลงสภาพ,,,0.745,,-1000000.0,,-1000000.0
IIG,FINANCIAL_STATEMENTS_IIG.pdf,CF,unknown,15,กระแสเงินสดจากกิจกรรมจัดหาเงิน,แสดงสิทธิการซือ้ หุน้ สามัญ,เงินสดรับจากการออกหุน้ สามัญจากการใช้สทิ ธิใบสาคัญ แสดงสิทธิการซือ้ หุน้ สามัญ,PROCEEDS_WARRANT_EXERCISE,PROCEEDS_WARRANT_EXERCISE,1.0,,32.0,,32.0
IIG,FINANCIAL_STATEMENTS_IIG.pdf,CF,unknown,15,กระแสเงินสดจากกิจกรรมจัดหาเงิน,เงินสดจ่ายเพือ่ ชาระหนี้สนิ ตามสัญญาเช่า,เงินสดจ่ายเพือ่ ชาระหนี้สนิ ตามสัญญาเช่า,,,0.667,-1494633.0,-1621376.0,-952179.0,-959605.0
IIG,FINANCIAL_STATEMENTS_IIG.pdf,CF,unknown,15,กระแสเงินสดจากกิจกรรมจัดหาเงิน,ในบริษทั ย่อย,ในบริษทั ย่อย,,,0.755,,-4800000.0,,
IIG,FINANCIAL_STATEMENTS_IIG.pdf,CF,unknown,15,กระแสเงินสดจากกิจกรรมจัดหาเงิน,เงินสดจ่ายดอกเบีย้,เงินสดจ่ายดอกเบีย้,INTEREST_PAID,INTEREST_PAID,1.0,-6213406.0,-7204673.0,-4970304.0,-6360541.0
IIG,FINANCIAL_STATEMENTS_IIG.pdf,CF,unknown,15,กระแสเงินสดจากกิจกรรมจัดหาเงิน,เงิ นสดสุทธิ ใช้ไปในกิ จกรรมจัดหำเงิ น,เงิ นสดสุทธิ ใช้ไปในกิ จกรรมจัดหำเงิ น,CF_FINANCING,CF_FINANCING,1.0,-28256094.0,-9031512.0,-14470538.0,-2745609.0
IIG,FINANCIAL_STATEMENTS_IIG.pdf,CF,unknown,15,กระแสเงินสดจากกิจกรรมจัดหาเงิน,หมายเหตุประกอบข้อมูลทางการเงินเป็ นส่วนหนึ่งของข้อมูลทางการเงินระหว่างกาลนี้,หมายเหตุประกอบข้อมูลทางการเงินเป็ นส่วนหนึ่งของข้อมูลทางการเงินระหว่างกาลนี้,,,0.484,,,,9.0
IIG,FINANCIAL_STATEMENTS_IIG.pdf,CF,unknown,16,,เงิ นสดและรำยกำรเที ยบเท่ำเงิ นสดลดลง - สุทธิ,เงิ นสดและรำยกำรเที ยบเท่ำเงิ นสดลดลง - สุทธิ,CASH_NET_CHANGE,CASH_NET_CHANGE,1.0,-14719859.0,-49870131.0,-6440248.0,-2888387.0
IIG,FINANCIAL_STATEMENTS_IIG.pdf,CF,unknown,16,,เงิ นสดและรำยกำรเที ยบเท่ำเงิ นสด ณ วันต้นงวด,เงิ นสดและรำยกำรเที ยบเท่ำเงิ นสด ณ วันต้นงวด,CASH_BEGIN,CASH_BEGIN,1.0,45714185.0,79253187.0,17662105.0,20527332.0
IIG,FINANCIAL_STATEMENTS_IIG.pdf,CF,unknown,16,,เงินเบิกเกินบัญชีตน้ ปี,เงินเบิกเกินบัญชีตน้ ปี,BANK_OVERDRAFT_BEGIN,BANK_OVERDRAFT_BEGIN_AFTER,1.0,-21280016.0,-13740966.0,-11000026.0,-13723141.0
IIG,FINANCIAL_STATEMENTS_IIG.pdf,CF,unknown,16,,กาไรจากอัตราแลกเปลีย่ นของเงินสดและรายการเทียบเท่าเงินสด,กาไรจากอัตราแลกเปลีย่ นของเงินสดและรายการเทียบเท่าเงินสด,CASH_FX_EFFECT,CASH_FX_EFFECT_AFTER,1.0,1039129.0,645065.0,550568.0,619231.0
IIG,FINANCIAL_STATEMENTS_IIG.pdf,CF,unknown,16,,เงิ นสดและรำยกำรเที ยบเท่ำเงิ นสด ณ วันสิ้ นงวด,เงิ นสดและรำยกำรเที ยบเท่ำเงิ นสด ณ วันสิ้ นงวด,CASH_END,CASH_END,1.0,10753439.0,16287155.0,772399.0,4535035.0
IIG,FINANCIAL_STATEMENTS_IIG.pdf,CF,unknown,16,เงินสดและรายการเทียบเท่าเงินสดในงบกระแสเงินสด ประกอบด้วย,เงินสดและรายการเทียบเท่าเงินสด,เงินสดและรายการเทียบเท่าเงินสด,CASH,CASH,1.0,34057239.0,39858301.0,13807443.0,17885299.0
IIG,FINANCIAL_STATEMENTS_IIG.pdf,CF,unknown,16,เงินสดและรายการเทียบเท่าเงินสดในงบกระแสเงินสด ประกอบด้วย,เงินเบิกเกินบัญชี,เงินสดและรายการเทียบเท่าเงินสดในงบกระแสเงินสด ประกอบด้วย เงินเบิกเกินบัญชี,BANK_OVERDRAFT_IN_CASH,BANK_OVERDRAFT_IN_CASH,1.0,-23303800.0,-23571146.0,-13035044.0,-13350264.0
IIG,FINANCIAL_STATEMENTS_IIG.pdf,CF,unknown,16,เงินสดและรายการเทียบเท่าเงินสดในงบกระแสเงินสด ประกอบด้วย,เงิ นสดและรำยกำรเที ยบเท่ำเงิ นสด ณ วันสิ้ นงวด,เงิ นสดและรำยกำรเที ยบเท่ำเงิ นสด ณ วันสิ้ นงวด,CASH_END,CASH_END,1.0,10753439.0,16287155.0,772399.0,4535035.0
IIG,FINANCIAL_STATEMENTS_IIG.pdf,CF,unknown,16,รายการที่ไม่ใช่เงินสด,สินทรัพย์สทิ ธิการใช้ทเ่ี พิม่ ขึน้ จากสัญญาเช่า,สินทรัพย์สทิ ธิการใช้ทเ่ี พิม่ ขึน้ จากสัญญาเช่า,,,0.703,,9116578.0,,3758276.0
IIG,FINANCIAL_STATEMENTS_IIG.pdf,CF,unknown,16,รายการที่ไม่ใช่เงินสด,เจ้าหนี้ค่าซื้อเงินลงทุนในบริษทั ย่อย,เจ้าหนี้ค่าซื้อเงินลงทุนในบริษทั ย่อย,,,0.824,,8769241.0,,8769241.0
IIG,FINANCIAL_STATEMENTS_IIG.pdf,CF,unknown,16,รายการที่ไม่ใช่เงินสด,เงินปั นผลค้างจ่าย,เงินปั นผลค้างจ่าย,DIVIDEND_PAYABLE,DIVIDEND_PAYABLE,1.0,5017.0,5085.0,5017.0,5085.0
IIG,FINANCIAL_STATEMENTS_IIG.pdf,CF,unknown,16,รายการที่ไม่ใช่เงินสด,หมายเหตุประกอบข้อมูลทางการเงินเป็ นส่วนหนึ่งของข้อมูลทางการเงินระหว่างกาลนี้,หมายเหตุประกอบข้อมูลทางการเงินเป็ นส่วนหนึ่งของข้อมูลทางการเงินระหว่างกาลนี้,,,0.479,,,,10.0
MFEC,FINANCIAL_STATEMENTS_Mfec.pdf,SE,thousand,"6,7",งบรวม+งบเฉพาะกิจการ,ยอดคงเหลือ ณ วันที่ 1 มกรำคม 2569,ยอดคงเหลือ ณ วันที่ 1 มกรำคม,SE_OPENING,SE_OPENING,1.0,2610899.0,2624468.0,2384590.0,2393659.0
MFEC,FINANCIAL_STATEMENTS_Mfec.pdf,SE,thousand,"6,7",งบรวม+งบเฉพาะกิจการ,กาไรสาหรับงวด,กาไรสาหรับงวด,NET_PROFIT,NET_PROFIT,1.0,75567.0,60662.0,68493.0,86475.0
MFEC,FINANCIAL_STATEMENTS_Mfec.pdf,SE,thousand,"6,7",งบรวม+งบเฉพาะกิจการ,กาไรขาดทุนเบ็ดเสร็ จอื่นสาหรับงวด,กาไรขาดทุนเบ็ดเสร็ จอื่นสาหรับงวด,OCI_TOTAL,OCI_TOTAL,1.0,21960.0,-7931.0,21960.0,-7931.0
MFEC,FINANCIAL_STATEMENTS_Mfec.pdf,SE,thousand,"6,7",งบรวม+งบเฉพาะกิจการ,กาไรขาดทุนเบ็ดเสร็ จรวมสาหรับงวด,กาไรขาดทุนเบ็ดเสร็ จรวมสาหรับงวด,TOTAL_COMPREHENSIVE_INCOME,TOTAL_COMPREHENSIVE_INCOME,1.0,97527.0,52731.0,90453.0,78544.0
MFEC,FINANCIAL_STATEMENTS_Mfec.pdf,SE,thousand,6,งบรวม,บริ ษทั ย่อยจ่ายเงินปันผลให้ผมู้ ีส่วนได้เสี ย ที่ไม่มีอานาจควบคุม,บริ ษทั ย่อยจ่ายเงินปันผลให้ผมู้ ีส่วนได้เสี ย ที่ไม่มีอานาจควบคุม,SE_DIVIDEND_TO_NCI,SE_DIVIDEND_TO_NCI,1.0,-2279.0,,,
MFEC,FINANCIAL_STATEMENTS_Mfec.pdf,SE,thousand,6,งบรวม,ส่ วนของผูม้ ีส่วนได้เสี ยที่ไม่มีอานาจควบคุม จากการลงทุนในบริ ษทั ย่อยเพิ่มขึ้น,ส่ วนของผูม้ ีส่วนได้เสี ยที่ไม่มีอานาจควบคุม จากการลงทุนในบริ ษทั ย่อยเพิ่มขึ้น,SE_NCI_INCREASE,SE_NCI_INCREASE,1.0,750.0,,,
MFEC,FINANCIAL_STATEMENTS_Mfec.pdf,SE,thousand,"6,7",งบรวม+งบเฉพาะกิจการ,โอนสารองสาหรับการป้ องกันความเสี่ ยง ในกระแสเงินสดไปยังต้นทุนงานระหว่างทา,โอนสารองสาหรับการป้ องกันความเสี่ ยง ในกระแสเงินสดไปยังต้นทุนงานระหว่างทา,SE_HEDGE_TO_WIP,SE_HEDGE_TO_WIP,1.0,8253.0,5674.0,8253.0,5674.0
MFEC,FINANCIAL_STATEMENTS_Mfec.pdf,SE,thousand,"6,7",งบรวม+งบเฉพาะกิจการ,โอนสารองสาหรับการป้ องกันความเสี่ ยงใน กระแสเงินสดที่โอนไปยังกาไรหรื อขาดทุน,โอนสารองสาหรับการป้ องกันความเสี่ ยงใน กระแสเงินสดที่โอนไปยังกาไรหรื อขาดทุน,SE_HEDGE_TO_PL,SE_HEDGE_TO_PL,1.0,33.0,5.0,33.0,5.0
MFEC,FINANCIAL_STATEMENTS_Mfec.pdf,SE,thousand,"6,7",งบรวม+งบเฉพาะกิจการ,ยอดคงเหลือ ณ วันที่ 31 มีนำคม 2569,ยอดคงเหลือ ณ วันที่ 31 มีนำคม,SE_CLOSING,SE_CLOSING,1.0,2715183.0,2682878.0,2483329.0,2477882.0
MFEC,FINANCIAL_STATEMENTS_Mfec.pdf,BS,thousand,1,,หมายเหตุ 31 มีนาคม,หมายเหตุ 31 มีนาคม,,,0.516,31.0,31.0,31.0,
MFEC,FINANCIAL_STATEMENTS_Mfec.pdf,BS,thousand,1,สินทรัพย์หมุนเวียน,เงินสดและรายการเทียบเท่าเงินสด,เงินสดและรายการเทียบเท่าเงินสด,CASH,CASH,1.0,267553.0,615736.0,130909.0,396902.0
MFEC,FINANCIAL_STATEMENTS_Mfec.pdf,BS,thousand,1,สินทรัพย์หมุนเวียน,เงินฝากธนาคารที่มีขอ้ จากัดการใช้,เงินฝากธนาคารที่มีขอ้ จากัดการใช้,RESTRICTED_DEPOSITS,RESTRICTED_DEPOSITS,1.0,162670.0,117593.0,,
MFEC,FINANCIAL_STATEMENTS_Mfec.pdf,BS,thousand,1,สินทรัพย์หมุนเวียน,ลูกหนี้การค้าและลูกหนี้หมุนเวียนอื่ น 3,ลูกหนี้การค้าและลูกหนี้หมุนเวียนอื่ น 3,TRADE_RECEIVABLES,TRADE_RECEIVABLES,1.0,1629263.0,1616453.0,1563342.0,1567218.0
MFEC,FINANCIAL_STATEMENTS_Mfec.pdf,BS,thousand,1,สินทรัพย์หมุนเวียน,ลูกหนี้กิจการที่เกี่ยวข้องกัน 2,ลูกหนี้กิจการที่เกี่ยวข้องกัน 2,,,0.833,24586.0,20420.0,24182.0,18385.0
MFEC,FINANCIAL_STATEMENTS_Mfec.pdf,BS,thousand,1,สินทรัพย์หมุนเวียน,รายได้ที่ยงั ไม่ได้เรี ยกชาระ,รายได้ที่ยงั ไม่ได้เรี ยกชาระ,UNBILLED_REVENUE,UNBILLED_REVENUE,1.0,712848.0,759237.0,703508.0,748322.0
MFEC,FINANCIAL_STATEMENTS_Mfec.pdf,BS,thousand,1,สินทรัพย์หมุนเวียน,เงินให้กูย้ มื ระยะสั้นแก่กิจการที่เกี่ยวข้องกัน 2,เงินให้กูย้ มื ระยะสั้นแก่กิจการที่เกี่ยวข้องกัน 2,SHORT_TERM_LOANS_RELATED,SHORT_TERM_LOANS_RELATED,1.0,15600.0,63900.0,29100.0,79900.0
MFEC,FINANCIAL_STATEMENTS_Mfec.pdf,BS,thousand,1,สินทรัพย์หมุนเวียน,ต้นทุนงานระหว่างทา,ต้นทุนงานระหว่างทา,WIP,WIP,1.0,211362.0,273332.0,210458.0,238376.0
MFEC,FINANCIAL_STATEMENTS_Mfec.pdf,BS,thousand,1,สินทรัพย์หมุนเวียน,ต้นทุนงานบริ การจ่ายล่วงหน้า,ต้นทุนงานบริ การจ่ายล่วงหน้า,PREPAID_SERVICE_COST,PREPAID_SERVICE_COST,1.0,1341434.0,1439497.0,1318145.0,1427335.0
MFEC,FINANCIAL_STATEMENTS_Mfec.pdf,BS,thousand,1,สินทรัพย์หมุนเวียน,"สิ นทรัพย์ทางการเงินหมุนเวียนอื่ น 4, 8","สิ นทรัพย์ทางการเงินหมุนเวียนอื่ น 4, 8",OTHER_CURRENT_FIN_ASSETS,OTHER_CURRENT_FIN_ASSETS,1.0,129034.0,59815.0,,
MFEC,FINANCIAL_STATEMENTS_Mfec.pdf,BS,thousand,1,สินทรัพย์หมุนเวียน,สิ นทรัพย์ตราสารอนุพนั ธ์หมุนเวียน 8,สิ นทรัพย์ตราสารอนุพนั ธ์หมุนเวียน 8,DERIVATIVE_ASSETS_CURRENT,DERIVATIVE_ASSETS_CURRENT,1.0,6095.0,483.0,6095.0,483.0
MFEC,FINANCIAL_STATEMENTS_Mfec.pdf,BS,thousand,1,สินทรัพย์หมุนเวียน,สิ นทรัพย์หมุนเวียนอื่ น,สิ นทรัพย์หมุนเวียนอื่ น,OTHER_CURRENT_ASSETS,OTHER_CURRENT_ASSETS,1.0,28588.0,25508.0,24589.0,22191.0
MFEC,FINANCIAL_STATEMENTS_Mfec.pdf,BS,thousand,1,สินทรัพย์หมุนเวียน,รวมสิ นทรัพย์หมุนเวียน,รวมสิ นทรัพย์หมุนเวียน,TOTAL_CURRENT_ASSETS,TOTAL_CURRENT_ASSETS,1.0,4529033.0,4991974.0,4010328.0,4499112.0
MFEC,FINANCIAL_STATEMENTS_Mfec.pdf,BS,thousand,1,สินทรัพย์ไม่หมุนเวียน,เงินให้กูย้ มื ระยะยาวแก่กิจการที่เกี่ยวข้องกัน 2,เงินให้กูย้ มื ระยะยาวแก่กิจการที่เกี่ยวข้องกัน 2,LONG_TERM_LOANS_RELATED,LONG_TERM_LOANS_RELATED,1.0,48300.0,,48300.0,
MFEC,FINANCIAL_STATEMENTS_Mfec.pdf,BS,thousand,1,สินทรัพย์ไม่หมุนเวียน,"สิ นทรัพย์ทางการเงินไม่หมุนเวียนอื่น 4, 8","สิ นทรัพย์ทางการเงินไม่หมุนเวียนอื่น 4, 8",OTHER_NONCURRENT_FIN_ASSETS,OTHER_NONCURRENT_FIN_ASSETS,1.0,46223.0,42855.0,,
MFEC,FINANCIAL_STATEMENTS_Mfec.pdf,BS,thousand,1,สินทรัพย์ไม่หมุนเวียน,สิ นทรัพย์ตราสารอนุพนั ธ์ไม่หมุนเวียน 8,สิ นทรัพย์ตราสารอนุพนั ธ์ไม่หมุนเวียน 8,DERIVATIVE_ASSETS_NONCURRENT,DERIVATIVE_ASSETS_NONCURRENT,1.0,5207.0,319.0,5207.0,319.0
MFEC,FINANCIAL_STATEMENTS_Mfec.pdf,BS,thousand,1,สินทรัพย์ไม่หมุนเวียน,เงินลงทุนในบริ ษทั ย่อย 5,เงินลงทุนในบริ ษทั ย่อย 5,INVEST_SUBSIDIARY,INVEST_SUBSIDIARY,1.0,,,702318.0,702318.0
MFEC,FINANCIAL_STATEMENTS_Mfec.pdf,BS,thousand,1,สินทรัพย์ไม่หมุนเวียน,เงินลงทุนในบริ ษทั ร่ วม,เงินลงทุนในบริ ษทั ร่ วม,INVEST_ASSOCIATE,INVEST_ASSOCIATE,1.0,440207.0,441687.0,99909.0,99909.0
MFEC,FINANCIAL_STATEMENTS_Mfec.pdf,BS,thousand,1,สินทรัพย์ไม่หมุนเวียน,ส่ วนปรับปรุ งอาคารและอุปกรณ์,ส่ วนปรับปรุ งอาคารและอุปกรณ์,PPE,PPE,1.0,110385.0,119356.0,101072.0,109708.0
MFEC,FINANCIAL_STATEMENTS_Mfec.pdf,BS,thousand,1,สินทรัพย์ไม่หมุนเวียน,สิ นทรัพย์สิทธิการใช้,สิ นทรัพย์สิทธิการใช้,RIGHT_OF_USE,RIGHT_OF_USE,1.0,181486.0,190922.0,167462.0,175112.0
MFEC,FINANCIAL_STATEMENTS_Mfec.pdf,BS,thousand,1,สินทรัพย์ไม่หมุนเวียน,ค่าความนิ ยม,ค่าความนิ ยม,GOODWILL,GOODWILL,1.0,278178.0,278178.0,,
MFEC,FINANCIAL_STATEMENTS_Mfec.pdf,BS,thousand,1,สินทรัพย์ไม่หมุนเวียน,สิ นทรัพย์ไม่มีตวั ตนอื่น,สิ นทรัพย์ไม่มีตวั ตนอื่น,INTANGIBLES,INTANGIBLES,1.0,31021.0,28805.0,971.0,1289.0
MFEC,FINANCIAL_STATEMENTS_Mfec.pdf,BS,thousand,1,สินทรัพย์ไม่หมุนเวียน,ต้นทุนงานบริ การจ่ายล่วงหน้า,สินทรัพย์ไม่หมุนเวียน ต้นทุนงานบริ การจ่ายล่วงหน้า,PREPAID_SERVICE_COST_NONCURRENT,PREPAID_SERVICE_COST_NONCURRENT,1.0,487070.0,440976.0,485519.0,438682.0
MFEC,FINANCIAL_STATEMENTS_Mfec.pdf,BS,thousand,1,สินทรัพย์ไม่หมุนเวียน,สิ นทรัพย์ภาษีเงินได้รอการตัดบัญชี,สิ นทรัพย์ภาษีเงินได้รอการตัดบัญชี,DEFERRED_TAX_ASSETS,DEFERRED_TAX_ASSETS,1.0,72246.0,82786.0,65266.0,75922.0
MFEC,FINANCIAL_STATEMENTS_Mfec.pdf,BS,thousand,1,สินทรัพย์ไม่หมุนเวียน,สิ นทรัพย์ไม่หมุนเวียนอื่น,สิ นทรัพย์ไม่หมุนเวียนอื่น,OTHER_NONCURRENT_ASSETS,OTHER_NONCURRENT_ASSETS,1.0,23868.0,26773.0,2342.0,5009.0
MFEC,FINANCIAL_STATEMENTS_Mfec.pdf,BS,thousand,1,สินทรัพย์ไม่หมุนเวียน,รวมสิ นทรัพย์ไม่ หมุนเวียน,รวมสิ นทรัพย์ไม่ หมุนเวียน,TOTAL_NONCURRENT_ASSETS,TOTAL_NONCURRENT_ASSETS,1.0,1724191.0,1652657.0,1678366.0,1608268.0
MFEC,FINANCIAL_STATEMENTS_Mfec.pdf,BS,thousand,1,สินทรัพย์ไม่หมุนเวียน,รวมสิ นทรัพย์,รวมสิ นทรัพย์,TOTAL_ASSETS,TOTAL_ASSETS,1.0,6253224.0,6644631.0,5688694.0,6107380.0
MFEC,FINANCIAL_STATEMENTS_Mfec.pdf,BS,thousand,2,,หมายเหตุ 31 มีนาคม,หมายเหตุ 31 มีนาคม,,,0.516,31.0,31.0,31.0,
MFEC,FINANCIAL_STATEMENTS_Mfec.pdf,BS,thousand,2,หนี้สินหมุนเวียน,เงินกูย้ มื ระยะสั้นจากสถาบันการเงิน,เงินกูย้ มื ระยะสั้นจากสถาบันการเงิน,SHORT_TERM_BORROWINGS,SHORT_TERM_BORROWINGS,1.0,,70946.0,,70946.0
MFEC,FINANCIAL_STATEMENTS_Mfec.pdf,BS,thousand,2,หนี้สินหมุนเวียน,เจ้าหนี้การค้าและเจ้าหนี้หมุนเวียนอื่น,เจ้าหนี้การค้าและเจ้าหนี้หมุนเวียนอื่น,TRADE_PAYABLES,TRADE_PAYABLES,1.0,961774.0,1129081.0,767522.0,983355.0
MFEC,FINANCIAL_STATEMENTS_Mfec.pdf,BS,thousand,2,หนี้สินหมุนเวียน,เจ้าหนี้กิจการที่เกี่ ยวข้องกัน 2,เจ้าหนี้กิจการที่เกี่ ยวข้องกัน 2,TRADE_PAYABLES_RELATED,TRADE_PAYABLES_RELATED,0.914,7200.0,8708.0,8753.0,19158.0
MFEC,FINANCIAL_STATEMENTS_Mfec.pdf,BS,thousand,2,หนี้สินหมุนเวียน,ค่าใช้จ่ายค้างจ่าย,ค่าใช้จ่ายค้างจ่าย,ACCRUED_EXPENSES,ACCRUED_EXPENSES,1.0,115810.0,266643.0,88861.0,230629.0
MFEC,FINANCIAL_STATEMENTS_Mfec.pdf,BS,thousand,2,หนี้สินหมุนเวียน,ภายในหนึ่งปี,ส่ วนของหนี้สินตามสัญญาเช่าที่ถึงกาหนดชาระ ภายในหนึ่งปี,CURRENT_LEASE_LIABILITIES,CURRENT_LEASE_LIABILITIES,1.0,34700.0,34397.0,27847.0,27438.0
MFEC,FINANCIAL_STATEMENTS_Mfec.pdf,BS,thousand,2,หนี้สินหมุนเวียน,ภาษีเงินได้นิติบุคคลค้างจ่าย,ภาษีเงินได้นิติบุคคลค้างจ่าย,INCOME_TAX_PAYABLE,INCOME_TAX_PAYABLE,1.0,6202.0,4779.0,,
MFEC,FINANCIAL_STATEMENTS_Mfec.pdf,BS,thousand,2,หนี้สินหมุนเวียน,รายได้รับล่วงหน้า,รายได้รับล่วงหน้า,DEFERRED_REVENUE,DEFERRED_REVENUE,1.0,1725065.0,1802922.0,1690601.0,1739177.0
MFEC,FINANCIAL_STATEMENTS_Mfec.pdf,BS,thousand,2,หนี้สินหมุนเวียน,ต้นทุนที่ยงั ไม่เรี ยกชาระ,ต้นทุนที่ยงั ไม่เรี ยกชาระ,,,0.72,157760.0,141314.0,152564.0,138205.0
MFEC,FINANCIAL_STATEMENTS_Mfec.pdf,BS,thousand,2,หนี้สินหมุนเวียน,ประมาณการค่าปรับงานล่าช้า,ประมาณการค่าปรับงานล่าช้า,,,0.625,4276.0,4492.0,4276.0,4492.0
MFEC,FINANCIAL_STATEMENTS_Mfec.pdf,BS,thousand,2,หนี้สินหมุนเวียน,ประมาณการหนี้สินค่าเสี ยหายจากการฟ้ องร้อง,ประมาณการหนี้สินค่าเสี ยหายจากการฟ้ องร้อง,LITIGATION_PROVISION,LITIGATION_PROVISION,1.0,22567.0,22382.0,,
MFEC,FINANCIAL_STATEMENTS_Mfec.pdf,BS,thousand,2,หนี้สินหมุนเวียน,หนี้สินตราสารอนุพนั ธ์หมุนเวียน 8,หนี้สินตราสารอนุพนั ธ์หมุนเวียน 8,,,0.85,14752.0,37728.0,14752.0,37728.0
MFEC,FINANCIAL_STATEMENTS_Mfec.pdf,BS,thousand,2,หนี้สินหมุนเวียน,หนี้สินหมุนเวียนอื่ น,หนี้สินหมุนเวียนอื่ น,OTHER_CURRENT_LIAB,OTHER_CURRENT_LIAB,1.0,52037.0,48013.0,50498.0,46019.0
MFEC,FINANCIAL_STATEMENTS_Mfec.pdf,BS,thousand,2,หนี้สินหมุนเวียน,รวมหนีส้ ิ นหมุนเวียน,รวมหนีส้ ิ นหมุนเวียน,TOTAL_CURRENT_LIAB,TOTAL_CURRENT_LIAB,1.0,3102143.0,3571405.0,2805674.0,3297147.0
MFEC,FINANCIAL_STATEMENTS_Mfec.pdf,BS,thousand,2,หนี้สินไม่หมุนเวียน,หนี้สินตราสารอนุพนั ธ์ไม่หมุนเวียน 8,หนี้สินตราสารอนุพนั ธ์ไม่หมุนเวียน 8,,,0.857,17299.0,37569.0,17299.0,37569.0
MFEC,FINANCIAL_STATEMENTS_Mfec.pdf,BS,thousand,2,หนี้สินไม่หมุนเวียน,ถึงกาหนดชาระภายในหนึ่งปี,หนี้สินตามสัญญาเช่า - สุ ทธิจากส่ วนที่ ถึงกาหนดชาระภายในหนึ่งปี,LEASE_LIABILITIES,LEASE_LIABILITIES,1.0,145654.0,154341.0,139565.0,146645.0
MFEC,FINANCIAL_STATEMENTS_Mfec.pdf,BS,thousand,2,หนี้สินไม่หมุนเวียน,ผลประโยชน์พนักงาน,ประมาณการหนี้สินไม่หมุนเวียนสาหรับ ผลประโยชน์พนักงาน,EMPLOYEE_BENEFIT_PROVISION_NONCURRENT,EMPLOYEE_BENEFIT_PROVISION_NONCURRENT,1.0,263932.0,261465.0,234585.0,233233.0
MFEC,FINANCIAL_STATEMENTS_Mfec.pdf,BS,thousand,2,หนี้สินไม่หมุนเวียน,ประมาณการต้นทุนการรื้ อถอน,ประมาณการต้นทุนการรื้ อถอน,DECOMMISSIONING_PROVISION,DECOMMISSIONING_PROVISION,1.0,9013.0,8952.0,8242.0,8196.0
MFEC,FINANCIAL_STATEMENTS_Mfec.pdf,BS,thousand,2,หนี้สินไม่หมุนเวียน,รวมหนีส้ ิ นไม่ หมุนเวียน,รวมหนีส้ ิ นไม่ หมุนเวียน,TOTAL_NONCURRENT_LIAB,TOTAL_NONCURRENT_LIAB,1.0,435898.0,462327.0,399691.0,425643.0
MFEC,FINANCIAL_STATEMENTS_Mfec.pdf,BS,thousand,2,หนี้สินไม่หมุนเวียน,รวมหนีส้ ิ น,รวมหนีส้ ิ น,TOTAL_LIABILITIES,TOTAL_LIABILITIES,1.0,3538041.0,4033732.0,3205365.0,3722790.0
MFEC,FINANCIAL_STATEMENTS_Mfec.pdf,BS,thousand,3,,31 มีนาคม,31 มีนาคม,,,0.552,31.0,31.0,31.0,2568.0
MFEC,FINANCIAL_STATEMENTS_Mfec.pdf,BS,thousand,3,ทุนจดทะเบียน,"หุน้ สามัญ 441,453,555 หุน้ มูลค่าหุน้ ละ 1 บาท","หุน้ สามัญ 441,453,555 หุน้ มูลค่าหุน้ ละ 1 บาท",SHARE_CAPITAL_DESC,SHARE_CAPITAL_DESC,1.0,441454.0,441454.0,441454.0,441454.0
MFEC,FINANCIAL_STATEMENTS_Mfec.pdf,BS,thousand,3,ทุนจดทะเบียน,"หุน้ สามัญ 441,453,555 หุน้ มูลค่าหุน้ ละ 1 บาท","หุน้ สามัญ 441,453,555 หุน้ มูลค่าหุน้ ละ 1 บาท",SHARE_CAPITAL_DESC,SHARE_CAPITAL_DESC,1.0,441454.0,441454.0,441454.0,441454.0
MFEC,FINANCIAL_STATEMENTS_Mfec.pdf,BS,thousand,3,ทุนจดทะเบียน,ส่ วนเกินมูลค่าหุน้ สามัญ,ส่ วนเกินมูลค่าหุน้ สามัญ,SHARE_PREMIUM,SHARE_PREMIUM,1.0,986742.0,986742.0,986742.0,986742.0
MFEC,FINANCIAL_STATEMENTS_Mfec.pdf,BS,thousand,3,ทุนจดทะเบียน,จัดสรรแล้ว - สารองตามกฎหมาย,จัดสรรแล้ว - สารองตามกฎหมาย,LEGAL_RESERVE,LEGAL_RESERVE,1.0,44150.0,44150.0,44150.0,44150.0
MFEC,FINANCIAL_STATEMENTS_Mfec.pdf,BS,thousand,3,ทุนจดทะเบียน,ยังไม่ได้จดั สรร,ยังไม่ได้จดั สรร,RETAINED_EARNINGS,RETAINED_EARNINGS,1.0,1208606.0,1135251.0,1010241.0,941748.0
MFEC,FINANCIAL_STATEMENTS_Mfec.pdf,BS,thousand,3,ทุนจดทะเบียน,องค์ประกอบอื่นของส่ วนของผูถ้ ือหุน้,องค์ประกอบอื่นของส่ วนของผูถ้ ือหุน้,OTHER_EQUITY_COMPONENTS,OTHER_EQUITY_COMPONENTS,1.0,7704.0,-22542.0,742.0,-29504.0
MFEC,FINANCIAL_STATEMENTS_Mfec.pdf,BS,thousand,3,ทุนจดทะเบียน,ส่ วนของผูถ้ ือหุน้ ของบริ ษทั ฯ,ส่ วนของผูถ้ ือหุน้ ของบริ ษทั ฯ,EQUITY_PARENT,EQUITY_PARENT,1.0,2688656.0,2585055.0,2483329.0,2384590.0
MFEC,FINANCIAL_STATEMENTS_Mfec.pdf,BS,thousand,3,ทุนจดทะเบียน,ส่ วนของผูม้ ีส่วนได้เสี ยที่ไม่มีอานาจควบคุมของบริ ษทั ย่อย,ส่ วนของผูม้ ีส่วนได้เสี ยที่ไม่มีอานาจควบคุมของบริ ษทั ย่อย,NCI,NCI,1.0,26527.0,25844.0,,
MFEC,FINANCIAL_STATEMENTS_Mfec.pdf,BS,thousand,3,ทุนจดทะเบียน,รวมส่ วนของผู้ถือหุ้น,รวมส่ วนของผู้ถือหุ้น,TOTAL_EQUITY,TOTAL_EQUITY,1.0,2715183.0,2610899.0,2483329.0,2384590.0
MFEC,FINANCIAL_STATEMENTS_Mfec.pdf,BS,thousand,3,ทุนจดทะเบียน,รวมหนีส้ ิ นและส่ วนของผู้ถือหุ้น,รวมหนีส้ ิ นและส่ วนของผู้ถือหุ้น,TOTAL_LIAB_EQUITY,TOTAL_LIAB_EQUITY,1.0,6253224.0,6644631.0,5688694.0,6107380.0
MFEC,FINANCIAL_STATEMENTS_Mfec.pdf,IS,thousand,4,รายได้,รายได้จากการขายและบริ การ 6,รายได้จากการขายและบริ การ 6,REVENUE,REVENUE,0.966,1646212.0,1563933.0,1483734.0,1407900.0
MFEC,FINANCIAL_STATEMENTS_Mfec.pdf,IS,thousand,4,รายได้,รายได้เงินปันผล 5.2,รายได้เงินปันผล 5.2,DIVIDEND_INCOME,DIVIDEND_INCOME,1.0,,,5750.0,
MFEC,FINANCIAL_STATEMENTS_Mfec.pdf,IS,thousand,4,รายได้,กาไรจากการขายเงินลงทุนในบริ ษทั ร่ วม,กาไรจากการขายเงินลงทุนในบริ ษทั ร่ วม,GAIN_ON_SALE_INVESTMENT,GAIN_ON_SALE_INVESTMENT,1.0,,3267.0,,37168.0
MFEC,FINANCIAL_STATEMENTS_Mfec.pdf,IS,thousand,4,รายได้,รายได้อื่น,รายได้อื่น,OTHER_INCOME,OTHER_INCOME,1.0,11556.0,22742.0,12028.0,21142.0
MFEC,FINANCIAL_STATEMENTS_Mfec.pdf,IS,thousand,4,รายได้,รวมรำยได้,รวมรำยได้,TOTAL_REVENUE,TOTAL_REVENUE,1.0,1657768.0,1589942.0,1501512.0,1466210.0
MFEC,FINANCIAL_STATEMENTS_Mfec.pdf,IS,thousand,4,ค่าใช้จ่าย,ต้นทุนขายและบริ การ,ต้นทุนขายและบริ การ,COGS,COGS,0.957,1367516.0,1298650.0,1257967.0,1183998.0
MFEC,FINANCIAL_STATEMENTS_Mfec.pdf,IS,thousand,4,ค่าใช้จ่าย,ค่าใช้จ่ายในการขายและจัดจาหน่าย,ค่าใช้จ่ายในการขายและจัดจาหน่าย,SELLING_EXPENSES,SELLING_EXPENSES,1.0,48145.0,41707.0,36798.0,36138.0
MFEC,FINANCIAL_STATEMENTS_Mfec.pdf,IS,thousand,4,ค่าใช้จ่าย,ค่าใช้จ่ายในการบริ หาร,ค่าใช้จ่ายในการบริ หาร,ADMIN_EXPENSES,ADMIN_EXPENSES,1.0,165407.0,155591.0,138713.0,130953.0
MFEC,FINANCIAL_STATEMENTS_Mfec.pdf,IS,thousand,4,ค่าใช้จ่าย,ค่าใช้จ่ายอื่น,ค่าใช้จ่ายอื่น,OTHER_EXPENSES,OTHER_EXPENSES,1.0,2097.0,1635.0,3520.0,1570.0
MFEC,FINANCIAL_STATEMENTS_Mfec.pdf,IS,thousand,4,ค่าใช้จ่าย,ผลขาดทุน (กาไร) จากการวัดมูลค่ายุติธรรมของตราสารอนุพนั ธ์,ผลขาดทุน (กาไร) จากการวัดมูลค่ายุติธรรมของตราสารอนุพนั ธ์,FV_LOSS_DERIVATIVES,FV_LOSS_DERIVATIVES,1.0,-21793.0,2409.0,-21793.0,2409.0
MFEC,FINANCIAL_STATEMENTS_Mfec.pdf,IS,thousand,4,ค่าใช้จ่าย,รวมค่ ำใช้ จ่ำย,รวมค่ ำใช้ จ่ำย,TOTAL_EXPENSES,TOTAL_EXPENSES,1.0,1561372.0,1499992.0,1415205.0,1355068.0
MFEC,FINANCIAL_STATEMENTS_Mfec.pdf,IS,thousand,4,ค่าใช้จ่าย,กำไรจำกกำรดำเนินงำน,กำไรจำกกำรดำเนินงำน,OPERATING_PROFIT,OPERATING_PROFIT,1.0,96396.0,89950.0,86307.0,111142.0
MFEC,FINANCIAL_STATEMENTS_Mfec.pdf,IS,thousand,4,ค่าใช้จ่าย,ส่ วนแบ่งกาไร (ขาดทุน) จากเงินลงทุนในการร่ วมค้าและบริ ษทั ร่ วม,ส่ วนแบ่งกาไร (ขาดทุน) จากเงินลงทุนในการร่ วมค้าและบริ ษทั ร่ วม,SHARE_OF_PROFIT_ASSOCIATE,SHARE_OF_PROFIT_ASSOCIATE,0.938,300.0,-2390.0,,
MFEC,FINANCIAL_STATEMENTS_Mfec.pdf,IS,thousand,4,ค่าใช้จ่าย,รายได้ทางการเงิน,รายได้ทางการเงิน,FINANCE_INCOME,FINANCE_INCOME,1.0,1319.0,2215.0,844.0,1378.0
MFEC,FINANCIAL_STATEMENTS_Mfec.pdf,IS,thousand,4,ค่าใช้จ่าย,ต้นทุนทางการเงิน,ต้นทุนทางการเงิน,FINANCE_COST,FINANCE_COST,1.0,-2457.0,-4638.0,-2231.0,-4293.0
MFEC,FINANCIAL_STATEMENTS_Mfec.pdf,IS,thousand,4,ค่าใช้จ่าย,กำไรก่ อนค่ ำใช้ จ่ำยภำษีเงินได้,กำไรก่ อนค่ ำใช้ จ่ำยภำษีเงินได้,,,0.875,95558.0,85137.0,84920.0,108227.0
MFEC,FINANCIAL_STATEMENTS_Mfec.pdf,IS,thousand,4,ค่าใช้จ่าย,ค่าใช้จ่ายภาษีเงินได้,ค่าใช้จ่ายภาษีเงินได้,INCOME_TAX_EXPENSE,INCOME_TAX_EXPENSE,1.0,-19991.0,-24475.0,-16427.0,-21752.0
MFEC,FINANCIAL_STATEMENTS_Mfec.pdf,IS,thousand,4,ค่าใช้จ่าย,กำไรสำหรับงวด,กำไรสำหรับงวด,NET_PROFIT,NET_PROFIT,1.0,75567.0,60662.0,68493.0,86475.0
MFEC,FINANCIAL_STATEMENTS_Mfec.pdf,IS,thousand,4,กำไรขาดทุนเบ็ดเสร็จอื่น,- สุ ทธิ จากภาษีเงินได้,- สุ ทธิ จากภาษีเงินได้,,,0.87,21960.0,-7931.0,21960.0,-7931.0
MFEC,FINANCIAL_STATEMENTS_Mfec.pdf,IS,thousand,4,กำไรขาดทุนเบ็ดเสร็จอื่น,- สุ ทธิ จากภาษีเงินได้,- สุ ทธิ จากภาษีเงินได้,,,0.87,21960.0,-7931.0,21960.0,-7931.0
MFEC,FINANCIAL_STATEMENTS_Mfec.pdf,IS,thousand,4,กำไรขาดทุนเบ็ดเสร็จอื่น,กำไรขำดทุนเบ็ดเสร็จอื่นสำหรับงวด,กำไรขำดทุนเบ็ดเสร็จอื่นสำหรับงวด,OCI_TOTAL,OCI_TOTAL,1.0,21960.0,-7931.0,21960.0,-7931.0
MFEC,FINANCIAL_STATEMENTS_Mfec.pdf,IS,thousand,4,กำไรขาดทุนเบ็ดเสร็จอื่น,กำไรขำดทุนเบ็ดเสร็จรวมสำหรับงวด,กำไรขำดทุนเบ็ดเสร็จรวมสำหรับงวด,TOTAL_COMPREHENSIVE_INCOME,TOTAL_COMPREHENSIVE_INCOME,1.0,97527.0,52731.0,90453.0,78544.0
MFEC,FINANCIAL_STATEMENTS_Mfec.pdf,CF,thousand,8,กระแสเงินสดจากกิจกรรมดำเนินงาน,กาไรก่อนภาษี,กาไรก่อนภาษี,PROFIT_BEFORE_TAX,PROFIT_BEFORE_TAX,1.0,95558.0,85137.0,84920.0,108227.0
MFEC,FINANCIAL_STATEMENTS_Mfec.pdf,CF,thousand,8,กระแสเงินสดจากกิจกรรมดำเนินงาน,ค่าเสื่ อมราคาและค่าตัดจาหน่าย,ค่าเสื่ อมราคาและค่าตัดจาหน่าย,DEPRECIATION_AMORTISATION,DEPRECIATION_AMORTISATION,1.0,22964.0,19690.0,19560.0,16913.0
MFEC,FINANCIAL_STATEMENTS_Mfec.pdf,CF,thousand,8,กระแสเงินสดจากกิจกรรมดำเนินงาน,(กาไร) ขาดทุนจากการจาหน่ายและตัดจาหน่ายอุปกรณ์,(กาไร) ขาดทุนจากการจาหน่ายและตัดจาหน่ายอุปกรณ์,,,0.622,18.0,-97.0,37.0,-97.0
MFEC,FINANCIAL_STATEMENTS_Mfec.pdf,CF,thousand,8,กระแสเงินสดจากกิจกรรมดำเนินงาน,ขาดทุนจากอัตราแลกเปลี่ยนที่ยงั ไม่เกิดขึ้นจริ ง,ขาดทุนจากอัตราแลกเปลี่ยนที่ยงั ไม่เกิดขึ้นจริ ง,,,0.724,3588.0,1174.0,4936.0,965.0
MFEC,FINANCIAL_STATEMENTS_Mfec.pdf,CF,thousand,8,กระแสเงินสดจากกิจกรรมดำเนินงาน,แก่กิจการที่ไม่เกี่ยวข้องกัน,แก่กิจการที่ไม่เกี่ยวข้องกัน,,,0.824,,-159.0,,
MFEC,FINANCIAL_STATEMENTS_Mfec.pdf,CF,thousand,8,กระแสเงินสดจากกิจกรรมดำเนินงาน,ประเภทกองทุนรวม,ประเภทกองทุนรวม,,,0.702,-145.0,-363.0,,
MFEC,FINANCIAL_STATEMENTS_Mfec.pdf,CF,thousand,8,กระแสเงินสดจากกิจกรรมดำเนินงาน,กาไรจากการขายเงินลงทุนในตราสารหนี้ประเภทกองทุนรวม,กาไรจากการขายเงินลงทุนในตราสารหนี้ประเภทกองทุนรวม,,,0.727,-24.0,-7.0,,
MFEC,FINANCIAL_STATEMENTS_Mfec.pdf,CF,thousand,8,กระแสเงินสดจากกิจกรรมดำเนินงาน,(กาไร) ขาดทุนจากการวัดมูลค่ายุติธรรมของตราสารอนุพนั ธ์,(กาไร) ขาดทุนจากการวัดมูลค่ายุติธรรมของตราสารอนุพนั ธ์,FV_LOSS_DERIVATIVES,FV_LOSS_DERIVATIVES,0.912,-21793.0,2409.0,-21793.0,2409.0
MFEC,FINANCIAL_STATEMENTS_Mfec.pdf,CF,thousand,8,กระแสเงินสดจากกิจกรรมดำเนินงาน,ค่าเผือ่ ผลขาดทุนด้านเครดิตที่คาดว่าจะเกิดขึ้น (โอนกลับ),ค่าเผือ่ ผลขาดทุนด้านเครดิตที่คาดว่าจะเกิดขึ้น (โอนกลับ),,,0.84,-1691.0,864.0,-1691.0,894.0
MFEC,FINANCIAL_STATEMENTS_Mfec.pdf,CF,thousand,8,กระแสเงินสดจากกิจกรรมดำเนินงาน,ประมาณการค่าปรับล่าช้าและผลเสี ยหายจากการฟ้ องร้อง (โอนกลับ),ประมาณการค่าปรับล่าช้าและผลเสี ยหายจากการฟ้ องร้อง (โอนกลับ),,,0.712,175.0,250.0,-210.0,72.0
MFEC,FINANCIAL_STATEMENTS_Mfec.pdf,CF,thousand,8,กระแสเงินสดจากกิจกรรมดำเนินงาน,ประมาณการหนี้ สินไม่หมุนเวียนสาหรับผลประโยชน์พนักงาน,ประมาณการหนี้ สินไม่หมุนเวียนสาหรับผลประโยชน์พนักงาน,EMPLOYEE_BENEFIT_PROVISION_NONCURRENT,EMPLOYEE_BENEFIT_PROVISION_NONCURRENT,1.0,7028.0,6887.0,6269.0,6152.0
MFEC,FINANCIAL_STATEMENTS_Mfec.pdf,CF,thousand,8,กระแสเงินสดจากกิจกรรมดำเนินงาน,รายได้เงินปันผล,รายได้เงินปันผล,DIVIDEND_INCOME,DIVIDEND_INCOME,1.0,,,-5750.0,
MFEC,FINANCIAL_STATEMENTS_Mfec.pdf,CF,thousand,8,กระแสเงินสดจากกิจกรรมดำเนินงาน,รายได้ทางการเงิน,รายได้ทางการเงิน,FINANCE_INCOME,FINANCE_INCOME,1.0,-1319.0,-2215.0,-844.0,-1378.0
MFEC,FINANCIAL_STATEMENTS_Mfec.pdf,CF,thousand,8,กระแสเงินสดจากกิจกรรมดำเนินงาน,ต้นทุนทางการเงิน,ต้นทุนทางการเงิน,FINANCE_COST,FINANCE_COST,1.0,2457.0,4638.0,2231.0,4293.0
MFEC,FINANCIAL_STATEMENTS_Mfec.pdf,CF,thousand,8,กระแสเงินสดจากกิจกรรมดำเนินงาน,ส่ วนแบ่ง (กาไร) ขาดทุนจากเงินลงทุนในการร่ วมค้าและบริ ษทั ร่ วม,ส่ วนแบ่ง (กาไร) ขาดทุนจากเงินลงทุนในการร่ วมค้าและบริ ษทั ร่ วม,SHARE_OF_PROFIT_ASSOCIATE,SHARE_OF_PROFIT_ASSOCIATE,0.938,-300.0,2390.0,,
MFEC,FINANCIAL_STATEMENTS_Mfec.pdf,CF,thousand,8,กระแสเงินสดจากกิจกรรมดำเนินงาน,กาไรจากการขายเงินลงทุนในบริ ษทั ร่ วม,กาไรจากการขายเงินลงทุนในบริ ษทั ร่ วม,GAIN_ON_SALE_INVESTMENT,GAIN_ON_SALE_INVESTMENT,1.0,,-3267.0,,-37168.0
MFEC,FINANCIAL_STATEMENTS_Mfec.pdf,CF,thousand,8,กระแสเงินสดจากกิจกรรมดำเนินงาน,และหนี้สินดาเนิ นงาน,กาไรจากการดาเนิ นงานก่อนการเปลี่ยนแปลงในสิ นทรัพย์ และหนี้สินดาเนิ นงาน,PROFIT_BEFORE_WC_CHANGE,PROFIT_BEFORE_WC_CHANGE,1.0,109183.0,117331.0,90332.0,101282.0
MFEC,FINANCIAL_STATEMENTS_Mfec.pdf,CF,thousand,9,,เงินฝากธนาคารที่มีขอ้ จากัดในการใช้,เงินฝากธนาคารที่มีขอ้ จากัดในการใช้,RESTRICTED_DEPOSITS,RESTRICTED_DEPOSITS,0.973,-45077.0,-43926.0,,
MFEC,FINANCIAL_STATEMENTS_Mfec.pdf,CF,thousand,9,,ลูกหนี้การค้าและลูกหนี้ หมุนเวียนอื่น,ลูกหนี้การค้าและลูกหนี้ หมุนเวียนอื่น,TRADE_RECEIVABLES,TRADE_RECEIVABLES,1.0,16287.0,390717.0,32083.0,335065.0
MFEC,FINANCIAL_STATEMENTS_Mfec.pdf,CF,thousand,9,,ลูกหนี้กิจการที่เกี่ยวข้องกัน,ลูกหนี้กิจการที่เกี่ยวข้องกัน,,,0.833,-3717.0,1460.0,-5816.0,-486.0
MFEC,FINANCIAL_STATEMENTS_Mfec.pdf,CF,thousand,9,,รายได้ที่ยงั ไม่ได้เรี ยกชาระ,รายได้ที่ยงั ไม่ได้เรี ยกชาระ,UNBILLED_REVENUE,UNBILLED_REVENUE,1.0,46389.0,-59795.0,44814.0,-46154.0
MFEC,FINANCIAL_STATEMENTS_Mfec.pdf,CF,thousand,9,,ต้นทุนงานระหว่างทาและต้นทุนบริ การจ่ายล่วงหน้า,ต้นทุนงานระหว่างทาและต้นทุนบริ การจ่ายล่วงหน้า,,,0.773,118623.0,-46676.0,94955.0,-47967.0
MFEC,FINANCIAL_STATEMENTS_Mfec.pdf,CF,thousand,9,,สิ นทรัพย์หมุนเวียนอื่น,สิ นทรัพย์หมุนเวียนอื่น,OTHER_CURRENT_ASSETS,OTHER_CURRENT_ASSETS,1.0,-3080.0,-16636.0,-2398.0,-18093.0
MFEC,FINANCIAL_STATEMENTS_Mfec.pdf,CF,thousand,9,,สิ นทรัพย์ไม่หมุนเวียนอื่น,สิ นทรัพย์ไม่หมุนเวียนอื่น,OTHER_NONCURRENT_ASSETS,OTHER_NONCURRENT_ASSETS,1.0,238.0,-172.0,,-100.0
MFEC,FINANCIAL_STATEMENTS_Mfec.pdf,CF,thousand,9,,เจ้าหนี้ การค้าและเจ้าหนี้ หมุนเวียนอื่น,เจ้าหนี้ การค้าและเจ้าหนี้ หมุนเวียนอื่น,TRADE_PAYABLES,TRADE_PAYABLES,1.0,-176074.0,38314.0,-224530.0,70809.0
MFEC,FINANCIAL_STATEMENTS_Mfec.pdf,CF,thousand,9,,เจ้าหนี้ กิจการที่เกี่ยวข้องกัน,เจ้าหนี้ กิจการที่เกี่ยวข้องกัน,TRADE_PAYABLES_RELATED,TRADE_PAYABLES_RELATED,0.914,-1508.0,-976.0,-10405.0,-8599.0
MFEC,FINANCIAL_STATEMENTS_Mfec.pdf,CF,thousand,9,,ค่าใช้จ่ายค้างจ่าย,ค่าใช้จ่ายค้างจ่าย,ACCRUED_EXPENSES,ACCRUED_EXPENSES,1.0,-150833.0,-159107.0,-141768.0,-126801.0
MFEC,FINANCIAL_STATEMENTS_Mfec.pdf,CF,thousand,9,,รายได้รับล่วงหน้า,รายได้รับล่วงหน้า,DEFERRED_REVENUE,DEFERRED_REVENUE,1.0,-77857.0,-144242.0,-48576.0,-123455.0
MFEC,FINANCIAL_STATEMENTS_Mfec.pdf,CF,thousand,9,,ต้นทุนที่ยงั ไม่เรี ยกชาระ,ต้นทุนที่ยงั ไม่เรี ยกชาระ,,,0.72,16446.0,1948.0,14359.0,-968.0
MFEC,FINANCIAL_STATEMENTS_Mfec.pdf,CF,thousand,9,,หนี้สินหมุนเวียนอื่น,หนี้สินหมุนเวียนอื่น,OTHER_CURRENT_LIAB,OTHER_CURRENT_LIAB,1.0,4024.0,6898.0,4479.0,7932.0
MFEC,FINANCIAL_STATEMENTS_Mfec.pdf,CF,thousand,9,,เงินสดจาก (ใช้ไปใน) กิจกรรมดาเนิ นงาน,เงินสดจาก (ใช้ไปใน) กิจกรรมดาเนิ นงาน,CF_OPERATING_BEFORE_ITEMS,CF_OPERATING_BEFORE_ITEMS,1.0,-146956.0,85138.0,-152471.0,142465.0
MFEC,FINANCIAL_STATEMENTS_Mfec.pdf,CF,thousand,9,,เงินสดจ่ายค่าเสี ยหายจากงานโครงการ,เงินสดจ่ายค่าเสี ยหายจากงานโครงการ,,,0.556,-6.0,,-6.0,
MFEC,FINANCIAL_STATEMENTS_Mfec.pdf,CF,thousand,9,,เงินสดจ่ายค่าเสี ยหายจากการฟ้ องร้ อง,เงินสดจ่ายค่าเสี ยหายจากการฟ้ องร้ อง,,,0.739,-200.0,,,
MFEC,FINANCIAL_STATEMENTS_Mfec.pdf,CF,thousand,9,,เงินสดจ่ายค่ารื้ อถอนสิ นทรัพย์,เงินสดจ่ายค่ารื้ อถอนสิ นทรัพย์,,,0.552,,-171.0,,-171.0
MFEC,FINANCIAL_STATEMENTS_Mfec.pdf,CF,thousand,9,,สาหรับผลประโยชน์พนักงาน,เงินสดจ่ายประมาณการหนี้ สินไม่หมุนเวียน สาหรับผลประโยชน์พนักงาน,EMPLOYEE_BENEFIT_PAID,EMPLOYEE_BENEFIT_PAID,1.0,-4561.0,-2235.0,-4917.0,-2235.0
MFEC,FINANCIAL_STATEMENTS_Mfec.pdf,CF,thousand,9,,จ่ายภาษีเงินได้,จ่ายภาษีเงินได้,,,0.875,-40042.0,-38703.0,-36895.0,-34020.0
MFEC,FINANCIAL_STATEMENTS_Mfec.pdf,CF,thousand,9,,เงินสดสุทธิจำก (ใช้ ไปใน) กิจกรรมดำเนินงำน,เงินสดสุทธิจำก (ใช้ ไปใน) กิจกรรมดำเนินงำน,CF_OPERATING,CF_OPERATING,1.0,-191765.0,44029.0,-194289.0,106039.0
MFEC,FINANCIAL_STATEMENTS_Mfec.pdf,CF,thousand,10,กระแสเงินสดจากกิจกรรมลงทุน,เงินสดจ่ายเพื่อซื้ อเงินลงทุนในตราสารหนี้ ประเภทกองทุนรวม,เงินสดจ่ายเพื่อซื้ อเงินลงทุนในตราสารหนี้ ประเภทกองทุนรวม,,,0.621,-95500.0,-51300.0,,
MFEC,FINANCIAL_STATEMENTS_Mfec.pdf,CF,thousand,10,กระแสเงินสดจากกิจกรรมลงทุน,เงินสดรับจากการขายเงินลงทุนในตราสารหนี้ประเภทกองทุนรวม,เงินสดรับจากการขายเงินลงทุนในตราสารหนี้ประเภทกองทุนรวม,,,0.674,24500.0,100000.0,,
MFEC,FINANCIAL_STATEMENTS_Mfec.pdf,CF,thousand,10,กระแสเงินสดจากกิจกรรมลงทุน,เงินสดรับจากการขายเงินลงทุนในบริ ษทั ร่ วม,เงินสดรับจากการขายเงินลงทุนในบริ ษทั ร่ วม,,,0.875,,40848.0,,40848.0
MFEC,FINANCIAL_STATEMENTS_Mfec.pdf,CF,thousand,10,กระแสเงินสดจากกิจกรรมลงทุน,เงินสดจ่ายเงินให้กยู้ ืมระยะสั้นแก่กิจการที่เกี่ยวข้องกัน,เงินสดจ่ายเงินให้กยู้ ืมระยะสั้นแก่กิจการที่เกี่ยวข้องกัน,,,0.889,,-9900.0,,-9900.0
MFEC,FINANCIAL_STATEMENTS_Mfec.pdf,CF,thousand,10,กระแสเงินสดจากกิจกรรมลงทุน,เงินสดรับจากเงินให้กยู้ ืมระยะสั้นแก่กิจการที่เกี่ยวข้องกัน,เงินสดรับจากเงินให้กยู้ ืมระยะสั้นแก่กิจการที่เกี่ยวข้องกัน,,,0.857,,,2500.0,20000.0
MFEC,FINANCIAL_STATEMENTS_Mfec.pdf,CF,thousand,10,กระแสเงินสดจากกิจกรรมลงทุน,เงินสดจ่ายเงินให้กยู้ ืมระยะสั้นแก่กิจการที่ไม่เกี่ยวข้องกัน,เงินสดจ่ายเงินให้กยู้ ืมระยะสั้นแก่กิจการที่ไม่เกี่ยวข้องกัน,,,0.873,,-10000.0,,
MFEC,FINANCIAL_STATEMENTS_Mfec.pdf,CF,thousand,10,กระแสเงินสดจากกิจกรรมลงทุน,เงินสดรับจากเงินให้กยู้ ืมระยะยาวแก่กิจการที่ไม่เกี่ยวข้องกัน,เงินสดรับจากเงินให้กยู้ ืมระยะยาวแก่กิจการที่ไม่เกี่ยวข้องกัน,,,0.842,,1250.0,,
MFEC,FINANCIAL_STATEMENTS_Mfec.pdf,CF,thousand,10,กระแสเงินสดจากกิจกรรมลงทุน,เงินสดรับจากการขายอุปกรณ์,เงินสดรับจากการขายอุปกรณ์,PROCEEDS_SALE_EQUIPMENT,PROCEEDS_SALE_EQUIPMENT,1.0,19.0,135.0,,135.0
MFEC,FINANCIAL_STATEMENTS_Mfec.pdf,CF,thousand,10,กระแสเงินสดจากกิจกรรมลงทุน,เงินสดจ่ายเพื่อซื้ อส่ วนปรับปรุ งอาคารและอุปกรณ์,เงินสดจ่ายเพื่อซื้ อส่ วนปรับปรุ งอาคารและอุปกรณ์,,,0.783,-3788.0,-6830.0,-2986.0,-6794.0
MFEC,FINANCIAL_STATEMENTS_Mfec.pdf,CF,thousand,10,กระแสเงินสดจากกิจกรรมลงทุน,เงินสดจ่ายเพื่อซื้ อสิ นทรัพย์ไม่มีตวั ตน,เงินสดจ่ายเพื่อซื้ อสิ นทรัพย์ไม่มีตวั ตน,,,0.706,-3022.0,-2487.0,-7.0,
MFEC,FINANCIAL_STATEMENTS_Mfec.pdf,CF,thousand,10,กระแสเงินสดจากกิจกรรมลงทุน,เงินสดรับจากดอกเบี้ย,เงินสดรับจากดอกเบี้ย,INTEREST_RECEIVED,INTEREST_RECEIVED,1.0,870.0,618.0,863.0,697.0
MFEC,FINANCIAL_STATEMENTS_Mfec.pdf,CF,thousand,10,กระแสเงินสดจากกิจกรรมลงทุน,เงินปั นผลรับ,กระแสเงินสดจากกิจกรรมลงทุน เงินปั นผลรับ,DIVIDEND_RECEIVED,DIVIDEND_RECEIVED,1.0,1780.0,,5750.0,
MFEC,FINANCIAL_STATEMENTS_Mfec.pdf,CF,thousand,10,กระแสเงินสดจากกิจกรรมลงทุน,เงินสดสุทธิจำก (ใช้ ไปใน) กิจกรรมลงทุน,เงินสดสุทธิจำก (ใช้ ไปใน) กิจกรรมลงทุน,CF_INVESTING,CF_INVESTING,1.0,-75141.0,62334.0,6120.0,44986.0
MFEC,FINANCIAL_STATEMENTS_Mfec.pdf,CF,thousand,10,กระแสเงินสดจากกิจกรรมจัดหาเงิน,เงินกูย้ ืมระยะสั้นจากสถาบันการเงินลดลง,เงินกูย้ ืมระยะสั้นจากสถาบันการเงินลดลง,SHORT_TERM_BORROWINGS,SHORT_TERM_BORROWINGS,0.905,-70946.0,-260258.0,-70946.0,-260258.0
MFEC,FINANCIAL_STATEMENTS_Mfec.pdf,CF,thousand,10,กระแสเงินสดจากกิจกรรมจัดหาเงิน,เงินสดรับจากเงินกูย้ ืมระยะสั้นจากกิจการที่เกี่ยวข้องกัน,เงินสดรับจากเงินกูย้ ืมระยะสั้นจากกิจการที่เกี่ยวข้องกัน,,,0.857,,197754.0,,197754.0
MFEC,FINANCIAL_STATEMENTS_Mfec.pdf,CF,thousand,10,กระแสเงินสดจากกิจกรรมจัดหาเงิน,จ่ายชาระหนี้ สินภายใต้สญ ั ญาเช่า,จ่ายชาระหนี้ สินภายใต้สญ ั ญาเช่า,,,0.72,-10757.0,-10426.0,-8835.0,-8560.0
MFEC,FINANCIAL_STATEMENTS_Mfec.pdf,CF,thousand,10,กระแสเงินสดจากกิจกรรมจัดหาเงิน,จ่ายชาระเจ้าหนี้ คา่ สิ นค้าผ่อนชาระ,จ่ายชาระเจ้าหนี้ คา่ สิ นค้าผ่อนชาระ,,,0.656,,-4850.0,,-4850.0
MFEC,FINANCIAL_STATEMENTS_Mfec.pdf,CF,thousand,10,กระแสเงินสดจากกิจกรรมจัดหาเงิน,จ่ายดอกเบี้ย,จ่ายดอกเบี้ย,,,0.875,-23.0,-1098.0,-21.0,-1098.0
MFEC,FINANCIAL_STATEMENTS_Mfec.pdf,CF,thousand,10,กระแสเงินสดจากกิจกรรมจัดหาเงิน,เงินสดรับจากส่ วนได้เสี ยที่ไม่มีอานาจควบคุมของบริ ษทั ย่อย,เงินสดรับจากส่ วนได้เสี ยที่ไม่มีอานาจควบคุมของบริ ษทั ย่อย,,,0.8,750.0,,,
MFEC,FINANCIAL_STATEMENTS_Mfec.pdf,CF,thousand,10,กระแสเงินสดจากกิจกรรมจัดหาเงิน,บริ ษทั ย่อยจ่ายเงินปันผลให้ผมู้ ีส่วนได้เสี ยที่ไม่มีอานาจควบคุม,บริ ษทั ย่อยจ่ายเงินปันผลให้ผมู้ ีส่วนได้เสี ยที่ไม่มีอานาจควบคุม,SE_DIVIDEND_TO_NCI,SE_DIVIDEND_TO_NCI,1.0,-2279.0,,,
MFEC,FINANCIAL_STATEMENTS_Mfec.pdf,CF,thousand,10,กระแสเงินสดจากกิจกรรมจัดหาเงิน,เงินสดสุทธิใช้ ไปในกิจกรรมจัดหำเงิน,เงินสดสุทธิใช้ ไปในกิจกรรมจัดหำเงิน,CF_FINANCING,CF_FINANCING,1.0,-83255.0,-78878.0,-79802.0,-77012.0
MFEC,FINANCIAL_STATEMENTS_Mfec.pdf,CF,thousand,10,กระแสเงินสดจากกิจกรรมจัดหาเงิน,เงินสดและรำยกำรเทียบเท่ ำเงินสดเพิ่มขึน้ (ลดลง) สุ ทธิ,เงินสดและรำยกำรเทียบเท่ ำเงินสดเพิ่มขึน้ (ลดลง) สุ ทธิ,CASH_NET_CHANGE,CASH_NET_CHANGE,1.0,-350161.0,27485.0,-267971.0,74013.0
MFEC,FINANCIAL_STATEMENTS_Mfec.pdf,CF,thousand,10,กระแสเงินสดจากกิจกรรมจัดหาเงิน,ผลกระทบจากการเปลี่ยนแปลงในอัตราแลกเปลี่ยน,ผลกระทบจากการเปลี่ยนแปลงในอัตราแลกเปลี่ยน,CASH_FX_EFFECT,CASH_FX_EFFECT_AFTER,1.0,1978.0,,1978.0,
MFEC,FINANCIAL_STATEMENTS_Mfec.pdf,CF,thousand,10,กระแสเงินสดจากกิจกรรมจัดหาเงิน,เงินสดและรายการเทียบเท่าเงินสดต้นงวด,เงินสดและรายการเทียบเท่าเงินสดต้นงวด,CASH_BEGIN,CASH_BEGIN,1.0,615736.0,199323.0,396902.0,45212.0
MFEC,FINANCIAL_STATEMENTS_Mfec.pdf,CF,thousand,10,กระแสเงินสดจากกิจกรรมจัดหาเงิน,เงินสดและรำยกำรเทียบเท่ ำเงินสดปลำยงวด,เงินสดและรำยกำรเทียบเท่ ำเงินสดปลำยงวด,CASH_END,CASH_END,1.0,267553.0,226808.0,130909.0,119225.0
MFEC,FINANCIAL_STATEMENTS_Mfec.pdf,CF,thousand,10,รายการที่ไม่ใช่เงินสด,เงินปั นผลค้างรับจากบริ ษทั ร่ วม,เงินปั นผลค้างรับจากบริ ษทั ร่ วม,DIVIDEND_RECEIVABLE_ASSOCIATE,DIVIDEND_RECEIVABLE_ASSOCIATE,1.0,,6300.0,,
PTT,FINANCIAL_STATEMENTS_PTT.pdf,SE,baht,"6,7",งบรวม+งบเฉพาะกิจการ,ยอดคงเหลือ ณ วันที่ 1 มกราคม 2569,ยอดคงเหลือ ณ วันที่ 1 มกราคม,SE_OPENING,SE_OPENING,1.0,1652483610295.0,1656877084659.0,663866596785.0,677784392923.0
PTT,FINANCIAL_STATEMENTS_PTT.pdf,SE,baht,"6,6",งบรวม+งบเฉพาะกิจการ,ของบริษัทย่อย 15,ของบริษัทย่อย 15,,,0.667,18899704233.0,,,
PTT,FINANCIAL_STATEMENTS_PTT.pdf,SE,baht,6,งบรวม,เงินปันผลจ่ายของบริษัทย่อย,เงินปันผลจ่ายของบริษัทย่อย,,,0.8,-6710837072.0,-8352117050.0,,
PTT,FINANCIAL_STATEMENTS_PTT.pdf,SE,baht,6,งบรวม,การเพิ่มทุนของบริษัทย่อย,การเพิ่มทุนของบริษัทย่อย,,,0.6,8785276.0,24377601.0,,
PTT,FINANCIAL_STATEMENTS_PTT.pdf,SE,baht,6,งบรวม,สินทรัพย์สทุ ธิของบริษัทร่วม,สินทรัพย์สทุ ธิของบริษัทร่วม,,,0.645,322561814.0,,,
PTT,FINANCIAL_STATEMENTS_PTT.pdf,SE,baht,"6,7",งบรวม+งบเฉพาะกิจการ,กาไรสาหรับงวด,กาไรสาหรับงวด,NET_PROFIT,NET_PROFIT,1.0,41623449904.0,31814222870.0,20879146869.0,20300828274.0
PTT,FINANCIAL_STATEMENTS_PTT.pdf,SE,baht,"6,7",งบรวม+งบเฉพาะกิจการ,กาไรเบ็ดเสร็จอื่นสาหรับงวด,กาไรเบ็ดเสร็จอื่นสาหรับงวด,,,0.889,32658763582.0,,114464761.0,
PTT,FINANCIAL_STATEMENTS_PTT.pdf,SE,baht,"6,7",งบรวม+งบเฉพาะกิจการ,ยอดคงเหลือ ณ วันที่ 31 มีนาคม 2569,ยอดคงเหลือ ณ วันที่ 31 มีนาคม,SE_CLOSING,SE_CLOSING,1.0,1738711272687.0,1677850139129.0,684860208415.0,695358960617.0
PTT,FINANCIAL_STATEMENTS_PTT.pdf,SE,baht,"6,7",งบรวม+งบเฉพาะกิจการ,หุ้นทุนซื ้อคืน,หุ้นทุนซื ้อคืน,TREASURY_STOCK,TREASURY_STOCK,1.0,,-2555643437.0,,-2555643437.0
PTT,FINANCIAL_STATEMENTS_PTT.pdf,SE,baht,6,งบรวม,การเปลี่ยนแปลงส่วนได้ เสียในบริษัทย่อย,การเปลี่ยนแปลงส่วนได้ เสียในบริษัทย่อย,,,0.719,,74517714.0,,
PTT,FINANCIAL_STATEMENTS_PTT.pdf,SE,baht,"6,7",งบรวม+งบเฉพาะกิจการ,กาไร(ขาดทุน)เบ็ดเสร็จอื่นสาหรับงวด,กาไร(ขาดทุน)เบ็ดเสร็จอื่นสาหรับงวด,OCI_TOTAL,OCI_TOTAL,1.0,,-32303228.0,,-170617143.0
PTT,FINANCIAL_STATEMENTS_PTT.pdf,BS,baht,1,สินทรัพย์หมุนเวียน,เงินสดและรายการเทียบเท่าเงินสด,เงินสดและรายการเทียบเท่าเงินสด,CASH,CASH,1.0,425431356167.0,346817209753.0,83052483222.0,85515043725.0
PTT,FINANCIAL_STATEMENTS_PTT.pdf,BS,baht,1,สินทรัพย์หมุนเวียน,เงินลงทุนในสินทรัพย์ทางการเงินระยะสัน้,เงินลงทุนในสินทรัพย์ทางการเงินระยะสัน้,SHORT_TERM_INVEST,SHORT_TERM_INVEST,1.0,60291655687.0,55999907203.0,37191426519.0,30674315883.0
PTT,FINANCIAL_STATEMENTS_PTT.pdf,BS,baht,1,สินทรัพย์หมุนเวียน,ลูกหนี ้การค้ า 4,ลูกหนี ้การค้ า 4,TRADE_RECEIVABLES,TRADE_RECEIVABLES,1.0,266543436095.0,208413085466.0,182602157975.0,125747220248.0
PTT,FINANCIAL_STATEMENTS_PTT.pdf,BS,baht,1,สินทรัพย์หมุนเวียน,ลูกหนี ้หมุนเวียนอืน่,ลูกหนี ้หมุนเวียนอืน่,OTHER_RECEIVABLES,OTHER_RECEIVABLES,1.0,143676724733.0,61924485075.0,24336846365.0,9961446816.0
PTT,FINANCIAL_STATEMENTS_PTT.pdf,BS,baht,1,สินทรัพย์หมุนเวียน,เงินให้ ก้ ยู ืมระยะสั ้น,เงินให้ ก้ ยู ืมระยะสั ้น,SHORT_TERM_LOANS,SHORT_TERM_LOANS,1.0,1554554069.0,782344422.0,23182756948.0,5456965588.0
PTT,FINANCIAL_STATEMENTS_PTT.pdf,BS,baht,1,สินทรัพย์หมุนเวียน,สินค้ าคงเหลือ,สินค้ าคงเหลือ,INVENTORY,INVENTORY,1.0,192805230628.0,158774191741.0,20396118694.0,23277545076.0
PTT,FINANCIAL_STATEMENTS_PTT.pdf,BS,baht,1,สินทรัพย์หมุนเวียน,พัสดุคงเหลือ,พัสดุคงเหลือ,INVENTORY_SUPPLIES,INVENTORY_SUPPLIES,1.0,49975903048.0,50655141911.0,5707542897.0,5662372901.0
PTT,FINANCIAL_STATEMENTS_PTT.pdf,BS,baht,1,สินทรัพย์หมุนเวียน,สินทรัพย์ตราสารอนุพนั ธ์ หมุนเวียน,สินทรัพย์ตราสารอนุพนั ธ์ หมุนเวียน,DERIVATIVE_ASSETS_CURRENT,DERIVATIVE_ASSETS_CURRENT,1.0,33728108412.0,12473806795.0,5668880419.0,2797237967.0
PTT,FINANCIAL_STATEMENTS_PTT.pdf,BS,baht,1,สินทรัพย์หมุนเวียน,สินทรัพย์ทางการเงินหมุนเวียนอืน่,สินทรัพย์ทางการเงินหมุนเวียนอืน่,OTHER_CURRENT_FIN_ASSETS,OTHER_CURRENT_FIN_ASSETS,1.0,432937343.0,583017101.0,297742029.0,297742029.0
PTT,FINANCIAL_STATEMENTS_PTT.pdf,BS,baht,1,สินทรัพย์หมุนเวียน,สินทรัพย์หมุนเวียนอืน่,สินทรัพย์หมุนเวียนอืน่,OTHER_CURRENT_ASSETS,OTHER_CURRENT_ASSETS,1.0,6908795814.0,7577883318.0,2072813464.0,2546114330.0
PTT,FINANCIAL_STATEMENTS_PTT.pdf,BS,baht,1,สินทรัพย์หมุนเวียน,สินทรัพย์ที่ถือไว้ เพื่อขาย,สินทรัพย์ที่ถือไว้ เพื่อขาย,,,0.691,1325042684.0,1196186512.0,,
PTT,FINANCIAL_STATEMENTS_PTT.pdf,BS,baht,1,สินทรัพย์หมุนเวียน,รวมสินทรั พย์ หมุนเวียน,รวมสินทรั พย์ หมุนเวียน,TOTAL_CURRENT_ASSETS,TOTAL_CURRENT_ASSETS,1.0,1182673744680.0,905197259297.0,384508768532.0,291936004563.0
PTT,FINANCIAL_STATEMENTS_PTT.pdf,BS,baht,1,สินทรัพย์ไม่หมุนเวียน,เงินลงทุนในสินทรัพย์ทางการเงินระยะยาวอืน่,เงินลงทุนในสินทรัพย์ทางการเงินระยะยาวอืน่,LONG_TERM_INVEST,LONG_TERM_INVEST,1.0,37847654228.0,36160062475.0,16293092220.0,16472963576.0
PTT,FINANCIAL_STATEMENTS_PTT.pdf,BS,baht,1,สินทรัพย์ไม่หมุนเวียน,เงินลงทุนในบริ ษัทย่อย 6,เงินลงทุนในบริ ษัทย่อย 6,INVEST_SUBSIDIARY,INVEST_SUBSIDIARY,1.0,,,432019044384.0,432019044384.0
PTT,FINANCIAL_STATEMENTS_PTT.pdf,BS,baht,1,สินทรัพย์ไม่หมุนเวียน,เงินลงทุนในการร่ วมค้ า 6,เงินลงทุนในการร่ วมค้ า 6,INVEST_JV,INVEST_JV,1.0,66164132755.0,62944555724.0,4995664973.0,4979465773.0
PTT,FINANCIAL_STATEMENTS_PTT.pdf,BS,baht,1,สินทรัพย์ไม่หมุนเวียน,เงินลงทุนในบริ ษัทร่วม 6,เงินลงทุนในบริ ษัทร่วม 6,INVEST_ASSOCIATE,INVEST_ASSOCIATE,1.0,153791033103.0,149090188973.0,,
PTT,FINANCIAL_STATEMENTS_PTT.pdf,BS,baht,1,สินทรัพย์ไม่หมุนเวียน,เงินให้ ก้ ยู ืมระยะยาว,เงินให้ ก้ ยู ืมระยะยาว,LONG_TERM_LOANS,LONG_TERM_LOANS,1.0,23885094769.0,25092642198.0,17577073044.0,29672426837.0
PTT,FINANCIAL_STATEMENTS_PTT.pdf,BS,baht,1,สินทรัพย์ไม่หมุนเวียน,อสังหาริ มทรัพย์เพื่อการลงทุน 7,อสังหาริ มทรัพย์เพื่อการลงทุน 7,INVESTMENT_PROPERTY,INVESTMENT_PROPERTY,1.0,11206825393.0,11224088161.0,3955283497.0,3959210427.0
PTT,FINANCIAL_STATEMENTS_PTT.pdf,BS,baht,1,สินทรัพย์ไม่หมุนเวียน,ที่ดนิ อาคารและอุปกรณ์ 8,ที่ดนิ อาคารและอุปกรณ์ 8,PPE,PPE,1.0,1536194178416.0,1513937416570.0,239454114986.0,242474190781.0
PTT,FINANCIAL_STATEMENTS_PTT.pdf,BS,baht,1,สินทรัพย์ไม่หมุนเวียน,สินทรัพย์สทิ ธิการใช้ 9,สินทรัพย์สทิ ธิการใช้ 9,RIGHT_OF_USE,RIGHT_OF_USE,1.0,113985235613.0,115029840991.0,24300600688.0,23639141023.0
PTT,FINANCIAL_STATEMENTS_PTT.pdf,BS,baht,1,สินทรัพย์ไม่หมุนเวียน,ค่าความนิยม 10,ค่าความนิยม 10,GOODWILL,GOODWILL,1.0,169446735597.0,166778981380.0,,
PTT,FINANCIAL_STATEMENTS_PTT.pdf,BS,baht,1,สินทรัพย์ไม่หมุนเวียน,สินทรัพย์ไม่มีตวั ตนอืน่ นอกจากค่าความนิยม 11,สินทรัพย์ไม่มีตวั ตนอืน่ นอกจากค่าความนิยม 11,INTANGIBLES,INTANGIBLES,1.0,107295256804.0,108103396135.0,5098031567.0,5287589312.0
PTT,FINANCIAL_STATEMENTS_PTT.pdf,BS,baht,1,สินทรัพย์ไม่หมุนเวียน,สินทรัพย์ที่เกิดจากการสารวจและประเมินค่า 12,สินทรัพย์ที่เกิดจากการสารวจและประเมินค่า 12,,,0.697,82306474870.0,78541779988.0,,
PTT,FINANCIAL_STATEMENTS_PTT.pdf,BS,baht,1,สินทรัพย์ไม่หมุนเวียน,สินทรัพย์ภาษี เงินได้ รอการตัดบัญชี,สินทรัพย์ภาษี เงินได้ รอการตัดบัญชี,DEFERRED_TAX_ASSETS,DEFERRED_TAX_ASSETS,1.0,50608581746.0,52025882408.0,3946881082.0,3684532791.0
PTT,FINANCIAL_STATEMENTS_PTT.pdf,BS,baht,1,สินทรัพย์ไม่หมุนเวียน,สินทรัพย์ตราสารอนุพนั ธ์ ไม่หมุนเวียน,สินทรัพย์ตราสารอนุพนั ธ์ ไม่หมุนเวียน,DERIVATIVE_ASSETS_NONCURRENT,DERIVATIVE_ASSETS_NONCURRENT,1.0,3000927132.0,2896544908.0,202413301.0,298126734.0
PTT,FINANCIAL_STATEMENTS_PTT.pdf,BS,baht,1,สินทรัพย์ไม่หมุนเวียน,สินทรัพย์ทางการเงินไม่หมุนเวียนอืน่,สินทรัพย์ทางการเงินไม่หมุนเวียนอืน่,OTHER_NONCURRENT_FIN_ASSETS,OTHER_NONCURRENT_FIN_ASSETS,1.0,16626746113.0,15593299828.0,275791586.0,213939958.0
PTT,FINANCIAL_STATEMENTS_PTT.pdf,BS,baht,1,สินทรัพย์ไม่หมุนเวียน,สินทรัพย์ไม่หมุนเวียนอืน่,สินทรัพย์ไม่หมุนเวียนอืน่,OTHER_NONCURRENT_ASSETS,OTHER_NONCURRENT_ASSETS,1.0,28183338274.0,27044038871.0,1185057006.0,1190520958.0
PTT,FINANCIAL_STATEMENTS_PTT.pdf,BS,baht,1,สินทรัพย์ไม่หมุนเวียน,รวมสินทรั พย์ ไม่ หมุนเวียน,รวมสินทรั พย์ ไม่ หมุนเวียน,TOTAL_NONCURRENT_ASSETS,TOTAL_NONCURRENT_ASSETS,1.0,2400542214813.0,2364462718610.0,749303048334.0,763891152554.0
PTT,FINANCIAL_STATEMENTS_PTT.pdf,BS,baht,1,สินทรัพย์ไม่หมุนเวียน,รวมสินทรั พย์,รวมสินทรั พย์,TOTAL_ASSETS,TOTAL_ASSETS,1.0,3583215959493.0,3269659977907.0,1133811816866.0,1055827157117.0
PTT,FINANCIAL_STATEMENTS_PTT.pdf,BS,baht,2,หนี้สินหมุนเวียน,เงินเบิกเกินบัญชีและเงินกู้ยืมระยะสั ้นจากสถาบันการเงิน 13,เงินเบิกเกินบัญชีและเงินกู้ยืมระยะสั ้นจากสถาบันการเงิน 13,,,0.792,215873639421.0,150608741989.0,4000000000.0,
PTT,FINANCIAL_STATEMENTS_PTT.pdf,BS,baht,2,หนี้สินหมุนเวียน,เจ้ าหนี ้การค้ า,เจ้ าหนี ้การค้ า,TRADE_PAYABLES,TRADE_PAYABLES,1.0,281091551800.0,216149924458.0,161608040355.0,115949676787.0
PTT,FINANCIAL_STATEMENTS_PTT.pdf,BS,baht,2,หนี้สินหมุนเวียน,เจ้ าหนี ้หมุนเวียนอืน่,เจ้ าหนี ้หมุนเวียนอืน่,OTHER_PAYABLES,OTHER_PAYABLES,1.0,64280985851.0,68398296256.0,26341449606.0,23269841142.0
PTT,FINANCIAL_STATEMENTS_PTT.pdf,BS,baht,2,หนี้สินหมุนเวียน,ส่วนของเงินกู้ยืมระยะยาวที่ถึงกาหนดชาระภายในหนึ่งปี 13,ส่วนของเงินกู้ยืมระยะยาวที่ถึงกาหนดชาระภายในหนึ่งปี 13,CURRENT_PORTION_LT_BORROWINGS,CURRENT_PORTION_LT_BORROWINGS,1.0,88175599385.0,67325228827.0,20998070526.0,20996647966.0
PTT,FINANCIAL_STATEMENTS_PTT.pdf,BS,baht,2,หนี้สินหมุนเวียน,ส่วนของหนี ้สินตามสัญญาเช่าที่ถึงกาหนดชาระภายในหนึ่งปี 13,ส่วนของหนี ้สินตามสัญญาเช่าที่ถึงกาหนดชาระภายในหนึ่งปี 13,CURRENT_LEASE_LIABILITIES,CURRENT_LEASE_LIABILITIES,1.0,21528148319.0,20517851892.0,2141300212.0,1612827380.0
PTT,FINANCIAL_STATEMENTS_PTT.pdf,BS,baht,2,หนี้สินหมุนเวียน,เงินกู้ยืมระยะสัน้ 13,เงินกู้ยืมระยะสัน้ 13,SHORT_TERM_BORROWINGS,SHORT_TERM_BORROWINGS,1.0,205000000.0,210000000.0,28427475028.0,29670237561.0
PTT,FINANCIAL_STATEMENTS_PTT.pdf,BS,baht,2,หนี้สินหมุนเวียน,ภาษีเงินได้ ค้างจ่าย,ภาษีเงินได้ ค้างจ่าย,INCOME_TAX_PAYABLE,INCOME_TAX_PAYABLE,1.0,37527101105.0,20899295577.0,2888373201.0,885066448.0
PTT,FINANCIAL_STATEMENTS_PTT.pdf,BS,baht,2,หนี้สินหมุนเวียน,ประมาณการหนี ้สินค่ารื อ้ ถอนระยะสั ้น 14,ประมาณการหนี ้สินค่ารื อ้ ถอนระยะสั ้น 14,,,0.769,3299926341.0,3524590942.0,13394119.0,13359716.0
PTT,FINANCIAL_STATEMENTS_PTT.pdf,BS,baht,2,หนี้สินหมุนเวียน,หนี ้สินตราสารอนุพนั ธ์ หมุนเวียน,หนี ้สินตราสารอนุพนั ธ์ หมุนเวียน,,,0.85,73758816750.0,5373685463.0,3046558090.0,210893360.0
PTT,FINANCIAL_STATEMENTS_PTT.pdf,BS,baht,2,หนี้สินหมุนเวียน,หนี ้สินทางการเงินหมุนเวียนอืน่,หนี ้สินทางการเงินหมุนเวียนอืน่,OTHER_CURRENT_FIN_LIAB,OTHER_CURRENT_FIN_LIAB,1.0,7536768642.0,950346852.0,359386705.0,134911708.0
PTT,FINANCIAL_STATEMENTS_PTT.pdf,BS,baht,2,หนี้สินหมุนเวียน,หนี ้สินหมุนเวียนอืน่,หนี ้สินหมุนเวียนอืน่,OTHER_CURRENT_LIAB,OTHER_CURRENT_LIAB,1.0,12700805084.0,11407245966.0,3238660919.0,3255536545.0
PTT,FINANCIAL_STATEMENTS_PTT.pdf,BS,baht,2,หนี้สินหมุนเวียน,หนี ้สินที่เกี่ยวข้ องโดยตรงกับสินทรัพย์ที่ถือไว้ เพื่อขาย,หนี ้สินที่เกี่ยวข้ องโดยตรงกับสินทรัพย์ที่ถือไว้ เพื่อขาย,,,0.571,547846926.0,392705112.0,,
PTT,FINANCIAL_STATEMENTS_PTT.pdf,BS,baht,2,หนี้สินหมุนเวียน,รวมหนีส้ ินหมุนเวียน,รวมหนีส้ ินหมุนเวียน,TOTAL_CURRENT_LIAB,TOTAL_CURRENT_LIAB,1.0,806526189624.0,565757913334.0,253062708761.0,195998998613.0
PTT,FINANCIAL_STATEMENTS_PTT.pdf,BS,baht,2,หนี้สินไม่หมุนเวียน,เงินกู้ยืมระยะยาว 13,เงินกู้ยืมระยะยาว 13,LONG_TERM_BORROWINGS,LONG_TERM_BORROWINGS,1.0,647278065450.0,666425359814.0,169288589047.0,167254815549.0
PTT,FINANCIAL_STATEMENTS_PTT.pdf,BS,baht,2,หนี้สินไม่หมุนเวียน,หนี ้สินตามสัญญาเช่า 13,หนี ้สินตามสัญญาเช่า 13,LEASE_LIABILITIES,LEASE_LIABILITIES,1.0,80370733862.0,80717957830.0,7992079556.0,7292635850.0
PTT,FINANCIAL_STATEMENTS_PTT.pdf,BS,baht,2,หนี้สินไม่หมุนเวียน,หนี ้สินภาษี เงินได้ รอการตัดบัญชี,หนี ้สินภาษี เงินได้ รอการตัดบัญชี,DEFERRED_TAX_LIAB,DEFERRED_TAX_LIAB,1.0,70911097581.0,69675644845.0,,
PTT,FINANCIAL_STATEMENTS_PTT.pdf,BS,baht,2,หนี้สินไม่หมุนเวียน,ประมาณการหนี ้สินสาหรับผลประโยชน์พนักงาน,ประมาณการหนี ้สินสาหรับผลประโยชน์พนักงาน,EMPLOYEE_BENEFIT_PROVISION,EMPLOYEE_BENEFIT_PROVISION,1.0,39941803265.0,39446380895.0,9593112159.0,9407541595.0
PTT,FINANCIAL_STATEMENTS_PTT.pdf,BS,baht,2,หนี้สินไม่หมุนเวียน,ประมาณการหนี ้สินค่ารื อ้ ถอนระยะยาว 14,ประมาณการหนี ้สินค่ารื อ้ ถอนระยะยาว 14,,,0.769,141749159776.0,134501294615.0,121537466.0,120906523.0
PTT,FINANCIAL_STATEMENTS_PTT.pdf,BS,baht,2,หนี้สินไม่หมุนเวียน,เงินมัดจาถังก๊ าซ,เงินมัดจาถังก๊ าซ,,,0.727,13326280132.0,13328814002.0,,
PTT,FINANCIAL_STATEMENTS_PTT.pdf,BS,baht,2,หนี้สินไม่หมุนเวียน,หนี ้สินตราสารอนุพนั ธ์ ไม่หมุนเวียน,หนี ้สินตราสารอนุพนั ธ์ ไม่หมุนเวียน,,,0.857,7792088215.0,15799194455.0,3333246463.0,4841922136.0
PTT,FINANCIAL_STATEMENTS_PTT.pdf,BS,baht,2,หนี้สินไม่หมุนเวียน,หนี ้สินทางการเงินไม่หมุนเวียนอืน่,หนี ้สินทางการเงินไม่หมุนเวียนอืน่,OTHER_NONCURRENT_FIN_LIAB,OTHER_NONCURRENT_FIN_LIAB,1.0,12678611189.0,7335735362.0,1324054730.0,1238017589.0
PTT,FINANCIAL_STATEMENTS_PTT.pdf,BS,baht,2,หนี้สินไม่หมุนเวียน,หนี ้สินไม่หมุนเวียนอืน่,หนี ้สินไม่หมุนเวียนอืน่,OTHER_NONCURRENT_LIAB,OTHER_NONCURRENT_LIAB,1.0,23930657712.0,24188072460.0,4236280269.0,5805722477.0
PTT,FINANCIAL_STATEMENTS_PTT.pdf,BS,baht,2,หนี้สินไม่หมุนเวียน,รวมหนีส้ ินไม่ หมุนเวียน,รวมหนีส้ ินไม่ หมุนเวียน,TOTAL_NONCURRENT_LIAB,TOTAL_NONCURRENT_LIAB,1.0,1037978497182.0,1051418454278.0,195888899690.0,195961561719.0
PTT,FINANCIAL_STATEMENTS_PTT.pdf,BS,baht,2,หนี้สินไม่หมุนเวียน,รวมหนีส้ ิน,รวมหนีส้ ิน,TOTAL_LIABILITIES,TOTAL_LIABILITIES,1.0,1844504686806.0,1617176367612.0,448951608451.0,391960560332.0
PTT,FINANCIAL_STATEMENTS_PTT.pdf,BS,baht,3,ทุนจดทะเบียน,"หุ้นสามัญ 28,562,996,250 หุ้น มูลค่าหุ้นละ 1 บาท","หุ้นสามัญ 28,562,996,250 หุ้น มูลค่าหุ้นละ 1 บาท",,,0.0,28562996250.0,28562996250.0,28562996250.0,28562996250.0
PTT,FINANCIAL_STATEMENTS_PTT.pdf,BS,baht,3,ทุนจดทะเบียน,"หุ้นสามัญ 28,562,996,250 หุ้น มูลค่าหุ้นละ 1 บาท","หุ้นสามัญ 28,562,996,250 หุ้น มูลค่าหุ้นละ 1 บาท",,,0.623,28562996250.0,28562996250.0,28562996250.0,28562996250.0
PTT,FINANCIAL_STATEMENTS_PTT.pdf,BS,baht,3,ทุนจดทะเบียน,ส่วนเกินมูลค่าหุ้นสามัญ,ส่วนเกินมูลค่าหุ้นสามัญ,SHARE_PREMIUM,SHARE_PREMIUM,1.0,29211131966.0,29211131966.0,29211131966.0,29211131966.0
PTT,FINANCIAL_STATEMENTS_PTT.pdf,BS,baht,3,ทุนจดทะเบียน,ส่วนเกินทุนจากการเปลีย่ นแปลงส่วนได้ เสียในบริ ษัทย่อย,ส่วนเกินทุนจากการเปลีย่ นแปลงส่วนได้ เสียในบริ ษัทย่อย,,,0.841,33213226939.0,33213226939.0,,
PTT,FINANCIAL_STATEMENTS_PTT.pdf,BS,baht,3,ทุนจดทะเบียน,จัดสรรแล้ ว - ทุนสารองตามกฎหมาย,จัดสรรแล้ ว - ทุนสารองตามกฎหมาย,LEGAL_RESERVE,LEGAL_RESERVE,0.947,2857245725.0,2857245725.0,2857245725.0,2857245725.0
PTT,FINANCIAL_STATEMENTS_PTT.pdf,BS,baht,3,ทุนจดทะเบียน,จัดสรรแล้ ว - ทุนสารองเพื่อกองทุนประกันวินาศภัย,จัดสรรแล้ ว - ทุนสารองเพื่อกองทุนประกันวินาศภัย,,,0.553,1411283750.0,1411283750.0,1411283750.0,1411283750.0
PTT,FINANCIAL_STATEMENTS_PTT.pdf,BS,baht,3,ทุนจดทะเบียน,จัดสรรแล้ ว - สารองหุ้นทุนซื ้อคืน,จัดสรรแล้ ว - สารองหุ้นทุนซื ้อคืน,,,0.774,7552066570.0,7552066570.0,7552066570.0,7552066570.0
PTT,FINANCIAL_STATEMENTS_PTT.pdf,BS,baht,3,ทุนจดทะเบียน,ยังไม่ได้ จดั สรร,ยังไม่ได้ จดั สรร,RETAINED_EARNINGS,RETAINED_EARNINGS,1.0,1086625912864.0,1060722990881.0,622484655343.0,601605508474.0
PTT,FINANCIAL_STATEMENTS_PTT.pdf,BS,baht,3,ทุนจดทะเบียน,หุ้นทุนซื ้อคืน,หุ้นทุนซื ้อคืน,TREASURY_STOCK,TREASURY_STOCK,1.0,-7552066570.0,-7552066570.0,-7552066570.0,-7552066570.0
PTT,FINANCIAL_STATEMENTS_PTT.pdf,BS,baht,3,ทุนจดทะเบียน,องค์ประกอบอืน่ ของส่วนของผู้ถือหุ้น,องค์ประกอบอืน่ ของส่วนของผู้ถือหุ้น,OTHER_EQUITY_COMPONENTS,OTHER_EQUITY_COMPONENTS,1.0,-7574022147.0,-28556779775.0,332895381.0,218430620.0
PTT,FINANCIAL_STATEMENTS_PTT.pdf,BS,baht,3,ทุนจดทะเบียน,ส่วนของผู้ถือหุ้นของบริ ษัทฯ,ส่วนของผู้ถือหุ้นของบริ ษัทฯ,EQUITY_PARENT,EQUITY_PARENT,1.0,1174307775347.0,1127422095736.0,684860208415.0,663866596785.0
PTT,FINANCIAL_STATEMENTS_PTT.pdf,BS,baht,3,ทุนจดทะเบียน,ส่วนของผู้มีสว่ นได้ เสียที่ไม่มีอานาจควบคุมของบริ ษัทย่อย,ส่วนของผู้มีสว่ นได้ เสียที่ไม่มีอานาจควบคุมของบริ ษัทย่อย,NCI,NCI,1.0,564403497340.0,525061514559.0,,
PTT,FINANCIAL_STATEMENTS_PTT.pdf,BS,baht,3,ทุนจดทะเบียน,รวมส่ วนของผู้ถอื หุ้น,รวมส่ วนของผู้ถอื หุ้น,TOTAL_EQUITY,TOTAL_EQUITY,1.0,1738711272687.0,1652483610295.0,684860208415.0,663866596785.0
PTT,FINANCIAL_STATEMENTS_PTT.pdf,BS,baht,3,ทุนจดทะเบียน,รวมหนีส้ ินและส่ วนของผู้ถอื หุ้น,รวมหนีส้ ินและส่ วนของผู้ถอื หุ้น,TOTAL_LIAB_EQUITY,TOTAL_LIAB_EQUITY,1.0,3583215959493.0,3269659977907.0,1133811816866.0,1055827157117.0
PTT,FINANCIAL_STATEMENTS_PTT.pdf,IS,baht,4,,สาหรั บงวดสามเดือนสิน้ สุดวันที่,สาหรั บงวดสามเดือนสิน้ สุดวันที่,,,0.65,31.0,,,
PTT,FINANCIAL_STATEMENTS_PTT.pdf,IS,baht,4,,รายได้ จากการขายและการให้ บริ การ,รายได้ จากการขายและการให้ บริ การ,REVENUE,REVENUE,1.0,718729054591.0,700222970353.0,407592106728.0,405518000910.0
PTT,FINANCIAL_STATEMENTS_PTT.pdf,IS,baht,4,,ต้ นทุนขายและการให้ บริ การ 18,ต้ นทุนขายและการให้ บริ การ 18,COGS,COGS,1.0,546299228825.0,622808731146.0,381851031028.0,393877420483.0
PTT,FINANCIAL_STATEMENTS_PTT.pdf,IS,baht,4,,กาไรขัน้ ต้ น,กาไรขัน้ ต้ น,GROSS_PROFIT,GROSS_PROFIT,1.0,172429825766.0,77414239207.0,25741075700.0,11640580427.0
PTT,FINANCIAL_STATEMENTS_PTT.pdf,IS,baht,4,,รายได้ อนื่ 17,รายได้ อนื่ 17,OTHER_INCOME,OTHER_INCOME,1.0,12633140495.0,8293658007.0,18655104653.0,19498487761.0
PTT,FINANCIAL_STATEMENTS_PTT.pdf,IS,baht,4,,ขาดทุนจากตราสารอนุพนั ธ์,ขาดทุนจากตราสารอนุพนั ธ์,LOSS_DERIVATIVES,LOSS_DERIVATIVES,1.0,-70810299230.0,-960448390.0,-8378625568.0,-3717213400.0
PTT,FINANCIAL_STATEMENTS_PTT.pdf,IS,baht,4,,กาไร(ขาดทุน)จากอัตราแลกเปลีย่ นเงินตราต่างประเทศ,กาไร(ขาดทุน)จากอัตราแลกเปลีย่ นเงินตราต่างประเทศ,FX_GAIN,FX_GAIN,1.0,1121349975.0,4506865149.0,-2005038323.0,4108286004.0
PTT,FINANCIAL_STATEMENTS_PTT.pdf,IS,baht,4,,กาไรก่ อนค่ าใช้ จ่าย,กาไรก่ อนค่ าใช้ จ่าย,PROFIT_BEFORE_EXPENSES,PROFIT_BEFORE_EXPENSES,1.0,115374017006.0,89254313973.0,34012516462.0,31530140792.0
PTT,FINANCIAL_STATEMENTS_PTT.pdf,IS,baht,4,,ค่าใช้ จา่ ยในการขายและจัดจาหน่าย 18,ค่าใช้ จา่ ยในการขายและจัดจาหน่าย 18,SELLING_EXPENSES,SELLING_EXPENSES,1.0,11424498977.0,10578803872.0,4166838967.0,2364992660.0
PTT,FINANCIAL_STATEMENTS_PTT.pdf,IS,baht,4,,ค่าใช้ จา่ ยในการบริ หาร 18,ค่าใช้ จา่ ยในการบริ หาร 18,ADMIN_EXPENSES,ADMIN_EXPENSES,1.0,28963195733.0,16897619480.0,5572035528.0,5614652038.0
PTT,FINANCIAL_STATEMENTS_PTT.pdf,IS,baht,4,,ค่าภาคหลวง,ค่าภาคหลวง,ROYALTY_EXPENSE,ROYALTY_EXPENSE,1.0,3306297211.0,3229882541.0,,
PTT,FINANCIAL_STATEMENTS_PTT.pdf,IS,baht,4,,กาไรจากการดาเนินงาน,กาไรจากการดาเนินงาน,OPERATING_PROFIT,OPERATING_PROFIT,1.0,71680025085.0,58548008080.0,24273641967.0,23550496094.0
PTT,FINANCIAL_STATEMENTS_PTT.pdf,IS,baht,4,,ส่วนแบ่งกาไรจากเงินลงทุนในการร่ วมค้ าและบริ ษัทร่ วม 6,ส่วนแบ่งกาไรจากเงินลงทุนในการร่ วมค้ าและบริ ษัทร่ วม 6,SHARE_OF_PROFIT_ASSOCIATE,SHARE_OF_PROFIT_ASSOCIATE,1.0,2053814498.0,324941005.0,,
PTT,FINANCIAL_STATEMENTS_PTT.pdf,IS,baht,4,,กาไรก่ อนต้ นทุนทางการเงินและภาษีเงินได้,กาไรก่ อนต้ นทุนทางการเงินและภาษีเงินได้,PROFIT_BEFORE_FINANCE_TAX,PROFIT_BEFORE_FINANCE_TAX,1.0,73733839583.0,58872949085.0,24273641967.0,23550496094.0
PTT,FINANCIAL_STATEMENTS_PTT.pdf,IS,baht,4,,ต้ นทุนทางการเงิน,ต้ นทุนทางการเงิน,FINANCE_COST,FINANCE_COST,1.0,8238689111.0,10985050321.0,1398566414.0,1788453481.0
PTT,FINANCIAL_STATEMENTS_PTT.pdf,IS,baht,4,,กาไรก่ อนภาษีเงินได้,กาไรก่ อนภาษีเงินได้,PROFIT_BEFORE_TAX,PROFIT_BEFORE_TAX,1.0,65495150472.0,47887898764.0,22875075553.0,21762042613.0
PTT,FINANCIAL_STATEMENTS_PTT.pdf,IS,baht,4,,ค่าใช้ จา่ ยภาษี เงินได้,ค่าใช้ จา่ ยภาษี เงินได้,INCOME_TAX_EXPENSE,INCOME_TAX_EXPENSE,1.0,23871700568.0,16073675894.0,1995928684.0,1461214339.0
PTT,FINANCIAL_STATEMENTS_PTT.pdf,IS,baht,4,,กาไรสาหรั บงวด,กาไรสาหรั บงวด,NET_PROFIT,NET_PROFIT,1.0,41623449904.0,31814222870.0,20879146869.0,20300828274.0
PTT,FINANCIAL_STATEMENTS_PTT.pdf,IS,baht,4,การแบ่งปันกำไร,ส่วนที่เป็ นของผู้ถือหุ้นของบริ ษัทฯ,การแบ่งปันกำไร ส่วนที่เป็ นของผู้ถือหุ้นของบริ ษัทฯ,PROFIT_ATTRIB_PARENT,PROFIT_ATTRIB_PARENT,1.0,25738298847.0,23315488909.0,20879146869.0,20300828274.0
PTT,FINANCIAL_STATEMENTS_PTT.pdf,IS,baht,4,การแบ่งปันกำไร,ส่วนที่เป็ นของผู้มีสว่ นได้ เสียที่ไม่มีอานาจควบคุมของบริ ษัทย่อย,การแบ่งปันกำไร ส่วนที่เป็ นของผู้มีสว่ นได้ เสียที่ไม่มีอานาจควบคุมของบริ ษัทย่อย,PROFIT_ATTRIB_NCI,PROFIT_ATTRIB_NCI,1.0,15885151057.0,8498733961.0,,
PTT,FINANCIAL_STATEMENTS_PTT.pdf,IS,baht,4,การแบ่งปันกำไร,้ ้นฐาน 16,กาไรต่อหุ้นขันพื ้ ้นฐาน 16,EPS,EPS,1.0,0.91,0.81,0.74,0.71
PTT,FINANCIAL_STATEMENTS_PTT.pdf,IS,baht,5,,สาหรั บงวดสามเดือนสิน้ สุดวันที่,สาหรั บงวดสามเดือนสิน้ สุดวันที่,,,0.692,31.0,,,
PTT,FINANCIAL_STATEMENTS_PTT.pdf,IS,baht,5,,กาไรสาหรับงวด,กาไรสาหรับงวด,NET_PROFIT,NET_PROFIT,1.0,41623449904.0,31814222870.0,20879146869.0,20300828274.0
PTT,FINANCIAL_STATEMENTS_PTT.pdf,IS,baht,5,กำไรขาดทุนเบ็ดเสร็จอื่น,ที่เป็ นเงินตราต่างประเทศ,ผลต่างของอัตราแลกเปลีย่ นจากการแปลงค่างบการเงิน ที่เป็ นเงินตราต่างประเทศ,OCI_FX_TRANSLATION,OCI_FX_TRANSLATION,1.0,28835585539.0,2797651955.0,,
PTT,FINANCIAL_STATEMENTS_PTT.pdf,IS,baht,5,กำไรขาดทุนเบ็ดเสร็จอื่น,มูลค่ายุตธิ รรมผ่านกาไรขาดทุนเบ็ดเสร็ จอืน่,ขาดทุนจากเงินลงทุนในตราสารหนี ้ที่วดั มูลค่าด้ วย มูลค่ายุตธิ รรมผ่านกาไรขาดทุนเบ็ดเสร็ จอืน่,OCI_FVOCI_DEBT,OCI_FVOCI_DEBT,1.0,-321774.0,-243763924.0,,
PTT,FINANCIAL_STATEMENTS_PTT.pdf,IS,baht,5,กำไรขาดทุนเบ็ดเสร็จอื่น,มูลค่ายุตธิ รรมผ่านกาไรขาดทุนเบ็ดเสร็ จอืน่,ภาษีเงินได้ เกี่ยวกับเงินลงทุนในตราสารหนี ้ที่วดั มูลค่าด้ วย มูลค่ายุตธิ รรมผ่านกาไรขาดทุนเบ็ดเสร็ จอืน่,OCI_FVOCI_DEBT_TAX,OCI_FVOCI_DEBT_TAX,1.0,80038.0,66489613.0,,
PTT,FINANCIAL_STATEMENTS_PTT.pdf,IS,baht,5,กำไรขาดทุนเบ็ดเสร็จอื่น,กาไร(ขาดทุน)จากการป้องกันความเสีย่ งกระแสเงินสด,กาไร(ขาดทุน)จากการป้องกันความเสีย่ งกระแสเงินสด,OCI_CASHFLOW_HEDGE,OCI_CASHFLOW_HEDGE,1.0,3390227793.0,-2491291654.0,,
PTT,FINANCIAL_STATEMENTS_PTT.pdf,IS,baht,5,กำไรขาดทุนเบ็ดเสร็จอื่น,ภาษีเงินได้ เกี่ยวกับการป้องกันความเสีย่ งกระแสเงินสด,ภาษีเงินได้ เกี่ยวกับการป้องกันความเสีย่ งกระแสเงินสด,OCI_CASHFLOW_HEDGE_TAX,OCI_CASHFLOW_HEDGE_TAX,1.0,-1201527893.0,507122640.0,,
PTT,FINANCIAL_STATEMENTS_PTT.pdf,IS,baht,5,กำไรขาดทุนเบ็ดเสร็จอื่น,ส่วนแบ่งขาดทุนเบ็ดเสร็ จอืน่ ในการร่ วมค้ าและบริ ษัทร่ วม,ส่วนแบ่งขาดทุนเบ็ดเสร็ จอืน่ ในการร่ วมค้ าและบริ ษัทร่ วม,OCI_SHARE_ASSOCIATE_RECLASS,OCI_SHARE_ASSOCIATE_RECLASS,1.0,-267399928.0,-451797141.0,,
PTT,FINANCIAL_STATEMENTS_PTT.pdf,IS,baht,5,กำไรขาดทุนเบ็ดเสร็จอื่น,ที่กาหนดไว้,ขาดทุนจากการวัดมูลค่าใหม่ของผลประโยชน์พนักงาน ที่กาหนดไว้,OCI_REMEASURE_EMPLOYEE,OCI_REMEASURE_EMPLOYEE,1.0,-5746949.0,,,
PTT,FINANCIAL_STATEMENTS_PTT.pdf,IS,baht,5,กำไรขาดทุนเบ็ดเสร็จอื่น,ที่กาหนดไว้,ภาษีเงินได้ เกี่ยวกับการวัดมูลค่าใหม่ของผลประโยชน์พนักงาน ที่กาหนดไว้,OCI_REMEASURE_EMPLOYEE_TAX,OCI_REMEASURE_EMPLOYEE_TAX,1.0,886979.0,,,
PTT,FINANCIAL_STATEMENTS_PTT.pdf,IS,baht,5,กำไรขาดทุนเบ็ดเสร็จอื่น,มูลค่ายุตธิ รรมผ่านกาไรขาดทุนเบ็ดเสร็ จอืน่,กาไร(ขาดทุน)จากเงินลงทุนในตราสารทุนที่กาหนดให้ วดั มูลค่าด้ วย มูลค่ายุตธิ รรมผ่านกาไรขาดทุนเบ็ดเสร็ จอืน่,OCI_FVOCI_EQUITY,OCI_FVOCI_EQUITY,1.0,1120487733.0,-1246062407.0,143080952.0,-213271428.0
PTT,FINANCIAL_STATEMENTS_PTT.pdf,IS,baht,5,กำไรขาดทุนเบ็ดเสร็จอื่น,มูลค่ายุตธิ รรมผ่านกาไรขาดทุนเบ็ดเสร็ จอืน่,ภาษีเงินได้ เกี่ยวกับเงินลงทุนในตราสารทุนที่กาหนดให้ วดั มูลค่าด้ วย มูลค่ายุตธิ รรมผ่านกาไรขาดทุนเบ็ดเสร็ จอืน่,OCI_FVOCI_EQUITY_TAX,OCI_FVOCI_EQUITY_TAX,1.0,336100024.0,1325397393.0,-28616191.0,42654285.0
PTT,FINANCIAL_STATEMENTS_PTT.pdf,IS,baht,5,กำไรขาดทุนเบ็ดเสร็จอื่น,ส่วนแบ่งกาไร(ขาดทุน)เบ็ดเสร็ จอืน่ ในการร่ วมค้ าและบริ ษัทร่ วม,ส่วนแบ่งกาไร(ขาดทุน)เบ็ดเสร็ จอืน่ ในการร่ วมค้ าและบริ ษัทร่ วม,OCI_SHARE_ASSOCIATE_NORECLASS,OCI_SHARE_ASSOCIATE_NORECLASS,1.0,450231937.0,-200225804.0,,
PTT,FINANCIAL_STATEMENTS_PTT.pdf,IS,baht,5,กำไรขาดทุนเบ็ดเสร็จอื่น,กาไร(ขาดทุน)เบ็ดเสร็ จอืน่ สาหรับงวด - สุทธิจากภาษี,กาไร(ขาดทุน)เบ็ดเสร็ จอืน่ สาหรับงวด - สุทธิจากภาษี,OCI_TOTAL,OCI_TOTAL,1.0,32658603499.0,63520671.0,114464761.0,-170617143.0
PTT,FINANCIAL_STATEMENTS_PTT.pdf,IS,baht,5,กำไรขาดทุนเบ็ดเสร็จอื่น,กาไรเบ็ดเสร็ จรวมสาหรั บงวด,กาไรเบ็ดเสร็ จรวมสาหรั บงวด,TOTAL_COMPREHENSIVE_INCOME,TOTAL_COMPREHENSIVE_INCOME,1.0,74282053403.0,31877743541.0,20993611630.0,20130211131.0
PTT,FINANCIAL_STATEMENTS_PTT.pdf,IS,baht,5,การแบ่งปันกำไรเบ็ดเสร็จรวม,ส่วนที่เป็ นของผู้ถือหุ้นของบริ ษัทฯ,การแบ่งปันกำไรเบ็ดเสร็จรวม ส่วนที่เป็ นของผู้ถือหุ้นของบริ ษัทฯ,TCI_ATTRIB_PARENT,TCI_ATTRIB_PARENT,1.0,46730678342.0,22435577657.0,20993611630.0,20130211131.0
PTT,FINANCIAL_STATEMENTS_PTT.pdf,IS,baht,5,การแบ่งปันกำไรเบ็ดเสร็จรวม,ส่วนที่เป็ นของผู้มีสว่ นได้ เสียที่ไม่มีอานาจควบคุมของบริ ษัทย่อย,การแบ่งปันกำไรเบ็ดเสร็จรวม ส่วนที่เป็ นของผู้มีสว่ นได้ เสียที่ไม่มีอานาจควบคุมของบริ ษัทย่อย,TCI_ATTRIB_NCI,TCI_ATTRIB_NCI,1.0,27551375061.0,9442165884.0,,
PTT,FINANCIAL_STATEMENTS_PTT.pdf,CF,baht,8,กระแสเงินสดจากกิจกรรมดำเนินงาน,กาไรก่อนภาษี เงินได้,กาไรก่อนภาษี เงินได้,PROFIT_BEFORE_TAX,PROFIT_BEFORE_TAX,1.0,65495150472.0,47887898764.0,22875075553.0,21762042613.0
PTT,FINANCIAL_STATEMENTS_PTT.pdf,CF,baht,8,กระแสเงินสดจากกิจกรรมดำเนินงาน,ค่าเสือ่ มราคาและค่าตัดจาหน่าย,ค่าเสือ่ มราคาและค่าตัดจาหน่าย,DEPRECIATION_AMORTISATION,DEPRECIATION_AMORTISATION,1.0,42012103516.0,44800493596.0,5051507146.0,4849894314.0
PTT,FINANCIAL_STATEMENTS_PTT.pdf,CF,baht,8,กระแสเงินสดจากกิจกรรมดำเนินงาน,กาไรจากการจาหน่ายสินทรัพย์,กาไรจากการจาหน่ายสินทรัพย์,,,0.667,-37256580.0,-62605326.0,-2201529.0,-276832.0
PTT,FINANCIAL_STATEMENTS_PTT.pdf,CF,baht,8,กระแสเงินสดจากกิจกรรมดำเนินงาน,กาไรจากการจาหน่ายเงินลงทุน,กาไรจากการจาหน่ายเงินลงทุน,,,0.69,-169252072.0,,,
PTT,FINANCIAL_STATEMENTS_PTT.pdf,CF,baht,8,กระแสเงินสดจากกิจกรรมดำเนินงาน,กาไรจากการซื ้อคืนหุ้นกู้,กาไรจากการซื ้อคืนหุ้นกู้,,,0.697,-2436168611.0,-173697941.0,,
PTT,FINANCIAL_STATEMENTS_PTT.pdf,CF,baht,8,กระแสเงินสดจากกิจกรรมดำเนินงาน,(โอนกลับ)ค่าเผือ่ การด้ อยค่าของสินทรัพย์,(โอนกลับ)ค่าเผือ่ การด้ อยค่าของสินทรัพย์,,,0.6,10265554807.0,-193598925.0,,
PTT,FINANCIAL_STATEMENTS_PTT.pdf,CF,baht,8,กระแสเงินสดจากกิจกรรมดำเนินงาน,(โอนกลับ)ค่าเผือ่ การด้ อยค่าของเงินลงทุน,(โอนกลับ)ค่าเผือ่ การด้ อยค่าของเงินลงทุน,,,0.654,5234876.0,-479545969.0,23000800.0,
PTT,FINANCIAL_STATEMENTS_PTT.pdf,CF,baht,8,กระแสเงินสดจากกิจกรรมดำเนินงาน,ส่วนแบ่งกาไรจากเงินลงทุนในการร่ วมค้ าและบริ ษัทร่ วม,ส่วนแบ่งกาไรจากเงินลงทุนในการร่ วมค้ าและบริ ษัทร่ วม,SHARE_OF_PROFIT_ASSOCIATE,SHARE_OF_PROFIT_ASSOCIATE,1.0,-2053814498.0,-324941005.0,,
PTT,FINANCIAL_STATEMENTS_PTT.pdf,CF,baht,8,กระแสเงินสดจากกิจกรรมดำเนินงาน,ประมาณการหนี ้สินสาหรับผลประโยชน์พนักงาน,ประมาณการหนี ้สินสาหรับผลประโยชน์พนักงาน,EMPLOYEE_BENEFIT_PROVISION,EMPLOYEE_BENEFIT_PROVISION,1.0,1057961971.0,1046120280.0,197971845.0,175488777.0
PTT,FINANCIAL_STATEMENTS_PTT.pdf,CF,baht,8,กระแสเงินสดจากกิจกรรมดำเนินงาน,กาไรจากอัตราแลกเปลีย่ น,กาไรจากอัตราแลกเปลีย่ น,FX_GAIN,FX_GAIN,1.0,-3485251790.0,-1125906458.0,-367430633.0,-37310386.0
PTT,FINANCIAL_STATEMENTS_PTT.pdf,CF,baht,8,กระแสเงินสดจากกิจกรรมดำเนินงาน,(กาไร)ขาดทุนจากตราสารอนุพนั ธ์,(กาไร)ขาดทุนจากตราสารอนุพนั ธ์,LOSS_DERIVATIVES,LOSS_DERIVATIVES,0.938,61214389821.0,-3297787881.0,-589104881.0,260567554.0
PTT,FINANCIAL_STATEMENTS_PTT.pdf,CF,baht,8,กระแสเงินสดจากกิจกรรมดำเนินงาน,ที่ยงั ไม่เกิดขึ ้นจริ ง,ที่ยงั ไม่เกิดขึ ้นจริ ง,,,0.734,-15280323164.0,1242792405.0,-1099428056.0,-126246434.0
PTT,FINANCIAL_STATEMENTS_PTT.pdf,CF,baht,8,กระแสเงินสดจากกิจกรรมดำเนินงาน,(กาไร)ขาดทุนจากการวัดมูลค่ายุตธิ รรมของเงินลงทุนผ่านกาไรขาดทุน,(กาไร)ขาดทุนจากการวัดมูลค่ายุตธิ รรมของเงินลงทุนผ่านกาไรขาดทุน,,,0.667,-341831131.0,32430734.0,-172868027.0,24655966.0
PTT,FINANCIAL_STATEMENTS_PTT.pdf,CF,baht,8,กระแสเงินสดจากกิจกรรมดำเนินงาน,(โอนกลับ)ผลขาดทุนด้ านเครดิตของลูกหนี ้และสินทรัพย์อนื่,(โอนกลับ)ผลขาดทุนด้ านเครดิตของลูกหนี ้และสินทรัพย์อนื่,,,0.55,31075408.0,-432077995.0,251154.0,-21529160.0
PTT,FINANCIAL_STATEMENTS_PTT.pdf,CF,baht,8,กระแสเงินสดจากกิจกรรมดำเนินงาน,ค่าใช้ จา่ ยในการสารวจตัดจาหน่าย,ค่าใช้ จา่ ยในการสารวจตัดจาหน่าย,,,0.788,112215352.0,231878261.0,,
PTT,FINANCIAL_STATEMENTS_PTT.pdf,CF,baht,8,กระแสเงินสดจากกิจกรรมดำเนินงาน,(โอนกลับ)ค่าเผือ่ การปรับมูลค่าสินค้ าคงเหลือ,(โอนกลับ)ค่าเผือ่ การปรับมูลค่าสินค้ าคงเหลือ,,,0.62,-5728502464.0,138318911.0,-4052109150.0,-934167451.0
PTT,FINANCIAL_STATEMENTS_PTT.pdf,CF,baht,8,กระแสเงินสดจากกิจกรรมดำเนินงาน,(โอนกลับ)สารองพัสดุสิ ้นเปลืองเสือ่ มสภาพ,(โอนกลับ)สารองพัสดุสิ ้นเปลืองเสือ่ มสภาพ,,,0.597,-54796627.0,100906496.0,-294840.0,-21234.0
PTT,FINANCIAL_STATEMENTS_PTT.pdf,CF,baht,8,กระแสเงินสดจากกิจกรรมดำเนินงาน,เงินปันผลรับ,เงินปันผลรับ,DIVIDEND_INCOME,DIVIDEND_INCOME,1.0,-301261873.0,-689266685.0,-14020997467.0,-15459586751.0
PTT,FINANCIAL_STATEMENTS_PTT.pdf,CF,baht,8,กระแสเงินสดจากกิจกรรมดำเนินงาน,ดอกเบี ้ยรับ,ดอกเบี ้ยรับ,INTEREST_INCOME_CF,INTEREST_INCOME_CF,1.0,-2927963063.0,-4405484016.0,-964734833.0,-1221777628.0
PTT,FINANCIAL_STATEMENTS_PTT.pdf,CF,baht,8,กระแสเงินสดจากกิจกรรมดำเนินงาน,ต้ นทุนทางการเงิน,ต้ นทุนทางการเงิน,FINANCE_COST,FINANCE_COST,1.0,8238689111.0,10985050321.0,1398566414.0,1788453481.0
PTT,FINANCIAL_STATEMENTS_PTT.pdf,CF,baht,8,กระแสเงินสดจากกิจกรรมดำเนินงาน,และหนี ้สินดาเนินงาน,กาไรจากการดาเนินงานก่อนการเปลีย่ นแปลงในสินทรัพย์ และหนี ้สินดาเนินงาน,PROFIT_BEFORE_WC_CHANGE,PROFIT_BEFORE_WC_CHANGE,1.0,155731385475.0,95282947559.0,8217728455.0,11092068048.0
PTT,FINANCIAL_STATEMENTS_PTT.pdf,CF,baht,9,,ลูกหนี ้การค้ า,ลูกหนี ้การค้ า,TRADE_RECEIVABLES,TRADE_RECEIVABLES,1.0,-57030593324.0,11490421263.0,-56193819000.0,10495914349.0
PTT,FINANCIAL_STATEMENTS_PTT.pdf,CF,baht,9,,ลูกหนี ้หมุนเวียนอืน่,ลูกหนี ้หมุนเวียนอืน่,OTHER_RECEIVABLES,OTHER_RECEIVABLES,1.0,-80539661097.0,4447418291.0,-2025454057.0,979212999.0
PTT,FINANCIAL_STATEMENTS_PTT.pdf,CF,baht,9,,สินค้ าคงเหลือและพัสดุคงเหลือ,สินค้ าคงเหลือและพัสดุคงเหลือ,,,0.828,-28098155151.0,-12410530327.0,6888287131.0,-4318643968.0
PTT,FINANCIAL_STATEMENTS_PTT.pdf,CF,baht,9,,สินทรัพย์หมุนเวียนอืน่,สินทรัพย์หมุนเวียนอืน่,OTHER_CURRENT_ASSETS,OTHER_CURRENT_ASSETS,1.0,822001339.0,-469757271.0,475160123.0,-245423750.0
PTT,FINANCIAL_STATEMENTS_PTT.pdf,CF,baht,9,,สินทรัพย์ไม่หมุนเวียนอืน่,สินทรัพย์ไม่หมุนเวียนอืน่,OTHER_NONCURRENT_ASSETS,OTHER_NONCURRENT_ASSETS,1.0,-2720732979.0,-537134973.0,-56126879.0,72990526.0
PTT,FINANCIAL_STATEMENTS_PTT.pdf,CF,baht,9,,เจ้ าหนี ้การค้ า,เจ้ าหนี ้การค้ า,TRADE_PAYABLES,TRADE_PAYABLES,1.0,62780069837.0,-612141981.0,43374492126.0,3926715217.0
PTT,FINANCIAL_STATEMENTS_PTT.pdf,CF,baht,9,,เจ้ าหนี ้หมุนเวียนอืน่,เจ้ าหนี ้หมุนเวียนอืน่,OTHER_PAYABLES,OTHER_PAYABLES,1.0,3954845312.0,-23946304382.0,4924807209.0,-911023542.0
PTT,FINANCIAL_STATEMENTS_PTT.pdf,CF,baht,9,,หนี ้สินหมุนเวียนอืน่,หนี ้สินหมุนเวียนอืน่,OTHER_CURRENT_LIAB,OTHER_CURRENT_LIAB,1.0,1247161624.0,5895807790.0,207633774.0,-519454715.0
PTT,FINANCIAL_STATEMENTS_PTT.pdf,CF,baht,9,,หนี ้สินไม่หมุนเวียนอืน่,หนี ้สินไม่หมุนเวียนอืน่,OTHER_NONCURRENT_LIAB,OTHER_NONCURRENT_LIAB,1.0,9758996162.0,-1664326442.0,-1531778888.0,-98944961.0
PTT,FINANCIAL_STATEMENTS_PTT.pdf,CF,baht,9,,เงินสดรับจากการดาเนินงาน,เงินสดรับจากการดาเนินงาน,,,0.812,65905317198.0,77476399527.0,4280929994.0,20473410203.0
PTT,FINANCIAL_STATEMENTS_PTT.pdf,CF,baht,9,,เงินสดจ่ายภาษี เงินได้,เงินสดจ่ายภาษี เงินได้,INCOME_TAX_PAID,INCOME_TAX_PAID,1.0,-7748636549.0,-8814855082.0,-283586412.0,-383299090.0
PTT,FINANCIAL_STATEMENTS_PTT.pdf,CF,baht,9,,เงินสดสุทธิได้ มาจากกิจกรรมดาเนินงาน,เงินสดสุทธิได้ มาจากกิจกรรมดาเนินงาน,CF_OPERATING,CF_OPERATING,1.0,58156680649.0,68661544445.0,3997343582.0,20090111113.0
PTT,FINANCIAL_STATEMENTS_PTT.pdf,CF,baht,10,กระแสเงินสดจากกิจกรรมลงทุน,เงินสดจ่ายสาหรับที่ดนิ อาคารและอุปกรณ์ และอสังหาริ มทรัพย์เพื่อการลงทุน,เงินสดจ่ายสาหรับที่ดนิ อาคารและอุปกรณ์ และอสังหาริ มทรัพย์เพื่อการลงทุน,,,0.61,-50110262044.0,-34265149011.0,-2189679862.0,-3905195551.0
PTT,FINANCIAL_STATEMENTS_PTT.pdf,CF,baht,10,กระแสเงินสดจากกิจกรรมลงทุน,เงินสดจ่ายสาหรับสินทรัพย์ไม่มีตวั ตนอืน่ นอกจากค่าความนิยม,เงินสดจ่ายสาหรับสินทรัพย์ไม่มีตวั ตนอืน่ นอกจากค่าความนิยม,,,0.839,-1430316498.0,-3279452599.0,-371716052.0,-33761258.0
PTT,FINANCIAL_STATEMENTS_PTT.pdf,CF,baht,10,กระแสเงินสดจากกิจกรรมลงทุน,เงินสดจ่ายสาหรับการสารวจและประเมินค่า,เงินสดจ่ายสาหรับการสารวจและประเมินค่า,,,0.73,-669671475.0,-655350303.0,,
PTT,FINANCIAL_STATEMENTS_PTT.pdf,CF,baht,10,กระแสเงินสดจากกิจกรรมลงทุน,เงินสดจ่ายสาหรับสินทรัพย์สทิ ธิการใช้,เงินสดจ่ายสาหรับสินทรัพย์สทิ ธิการใช้,,,0.706,-16724005.0,-35177209.0,,-715419.0
PTT,FINANCIAL_STATEMENTS_PTT.pdf,CF,baht,10,กระแสเงินสดจากกิจกรรมลงทุน,เงินสดจ่ายสาหรับเงินลงทุนในสินทรัพย์ทางการเงินระยะยาวอืน่,เงินสดจ่ายสาหรับเงินลงทุนในสินทรัพย์ทางการเงินระยะยาวอืน่,,,0.833,-732975461.0,-823777366.0,-529948298.0,-686249188.0
PTT,FINANCIAL_STATEMENTS_PTT.pdf,CF,baht,10,กระแสเงินสดจากกิจกรรมลงทุน,เงินสดจ่ายสาหรับเงินลงทุนในการร่ วมค้ าและบริ ษัทร่ วม,เงินสดจ่ายสาหรับเงินลงทุนในการร่ วมค้ าและบริ ษัทร่ วม,,,0.754,-3158363987.0,-295827799.0,-39200000.0,
PTT,FINANCIAL_STATEMENTS_PTT.pdf,CF,baht,10,กระแสเงินสดจากกิจกรรมลงทุน,เงินสดจ่ายสาหรับเงินให้ ก้ ยู ืมระยะยาว,เงินสดจ่ายสาหรับเงินให้ ก้ ยู ืมระยะยาว,,,0.75,-281723390.0,-284794370.0,,
PTT,FINANCIAL_STATEMENTS_PTT.pdf,CF,baht,10,กระแสเงินสดจากกิจกรรมลงทุน,เงินสดจ่ายสาหรับตราสารอนุพนั ธ์,เงินสดจ่ายสาหรับตราสารอนุพนั ธ์,,,0.761,-5455785.0,,,
PTT,FINANCIAL_STATEMENTS_PTT.pdf,CF,baht,10,กระแสเงินสดจากกิจกรรมลงทุน,สินทรัพย์ไม่มีตวั ตนอืน่ นอกจากค่าความนิยม และสินทรัพย์สทิ ธิการใช้,สินทรัพย์ไม่มีตวั ตนอืน่ นอกจากค่าความนิยม และสินทรัพย์สทิ ธิการใช้,,,0.8,226319971.0,646678710.0,1567740.0,589269.0
PTT,FINANCIAL_STATEMENTS_PTT.pdf,CF,baht,10,กระแสเงินสดจากกิจกรรมลงทุน,เงินสดรับจากการบังคับหลักประกันตามสัญญา,เงินสดรับจากการบังคับหลักประกันตามสัญญา,,,0.744,,12240631945.0,,
PTT,FINANCIAL_STATEMENTS_PTT.pdf,CF,baht,10,กระแสเงินสดจากกิจกรรมลงทุน,เงินสดรับจากการขายเงินลงทุนในสินทรัพย์ทางการเงินระยะยาวอืน่,เงินสดรับจากการขายเงินลงทุนในสินทรัพย์ทางการเงินระยะยาวอืน่,,,0.806,62127399.0,2621560563.0,,11691803.0
PTT,FINANCIAL_STATEMENTS_PTT.pdf,CF,baht,10,กระแสเงินสดจากกิจกรรมลงทุน,เงินสดรับจากการลดสัดส่วนเงินลงทุนในการร่ วมค้ า,เงินสดรับจากการลดสัดส่วนเงินลงทุนในการร่ วมค้ า,,,0.732,,4179965292.0,,
PTT,FINANCIAL_STATEMENTS_PTT.pdf,CF,baht,10,กระแสเงินสดจากกิจกรรมลงทุน,เงินสดรับจากการขายเงินลงทุนในการร่ วมค้ าและบริ ษัทร่ วม,เงินสดรับจากการขายเงินลงทุนในการร่ วมค้ าและบริ ษัทร่ วม,,,0.794,1143065617.0,,,
PTT,FINANCIAL_STATEMENTS_PTT.pdf,CF,baht,10,กระแสเงินสดจากกิจกรรมลงทุน,เงินสดรับคืนเงินให้ ก้ ยู ืมระยะยาว,เงินสดรับคืนเงินให้ ก้ ยู ืมระยะยาว,,,0.771,1692487929.0,151183135.0,12186500000.0,
PTT,FINANCIAL_STATEMENTS_PTT.pdf,CF,baht,10,กระแสเงินสดจากกิจกรรมลงทุน,เงินสดรับจากค่างวดตามสัญญาเช่า,เงินสดรับจากค่างวดตามสัญญาเช่า,,,0.8,1755730.0,,21291536.0,19535805.0
PTT,FINANCIAL_STATEMENTS_PTT.pdf,CF,baht,10,กระแสเงินสดจากกิจกรรมลงทุน,เงินสดรับจากตราสารอนุพนั ธ์,เงินสดรับจากตราสารอนุพนั ธ์,,,0.841,168198770.0,21084859.0,168198770.0,18063585.0
PTT,FINANCIAL_STATEMENTS_PTT.pdf,CF,baht,10,กระแสเงินสดจากกิจกรรมลงทุน,้ ่มขึ ้น)ลดลง,้ ่มขึ ้น)ลดลง,,,0.792,-823265007.0,611730765.0,-17271433794.0,-30490951.0
PTT,FINANCIAL_STATEMENTS_PTT.pdf,CF,baht,10,กระแสเงินสดจากกิจกรรมลงทุน,เงินลงทุนในสินทรัพย์ทางการเงินระยะสัน(เพิ้ ่มขึ ้น)ลดลง,เงินลงทุนในสินทรัพย์ทางการเงินระยะสัน(เพิ้ ่มขึ ้น)ลดลง,,,0.852,-1562996175.0,-12105718315.0,-4389359660.0,1596426666.0
PTT,FINANCIAL_STATEMENTS_PTT.pdf,CF,baht,10,กระแสเงินสดจากกิจกรรมลงทุน,เงินสดรับจากดอกเบี ้ย,เงินสดรับจากดอกเบี ้ย,INTEREST_RECEIVED,INTEREST_RECEIVED,1.0,1884978686.0,2601997012.0,551287415.0,840120123.0
PTT,FINANCIAL_STATEMENTS_PTT.pdf,CF,baht,10,กระแสเงินสดจากกิจกรรมลงทุน,เงินสดรับจากเงินปันผล,กระแสเงินสดจากกิจกรรมลงทุน เงินสดรับจากเงินปันผล,DIVIDEND_RECEIVED,DIVIDEND_RECEIVED,1.0,378093700.0,1011391104.0,2175614193.0,1995121745.0
PTT,FINANCIAL_STATEMENTS_PTT.pdf,CF,baht,10,กระแสเงินสดจากกิจกรรมลงทุน,เงินสดสุทธิใช้ ไปในกิจกรรมลงทุน,เงินสดสุทธิใช้ ไปในกิจกรรมลงทุน,CF_INVESTING,CF_INVESTING,1.0,-53234726025.0,-27659023587.0,-9686878012.0,-174863371.0
PTT,FINANCIAL_STATEMENTS_PTT.pdf,CF,baht,11,กระแสเงินสดจากกิจกรรมจัดหาเงิน,เงินสดรับจากการกู้ยืมระยะยาว,เงินสดรับจากการกู้ยืมระยะยาว,,,0.812,19039607797.0,20742575202.0,,
PTT,FINANCIAL_STATEMENTS_PTT.pdf,CF,baht,11,กระแสเงินสดจากกิจกรรมจัดหาเงิน,เงินสดจ่ายคืนเงินกู้ยืมระยะยาว,เงินสดจ่ายคืนเงินกู้ยืมระยะยาว,,,0.692,-24111308998.0,-27901947296.0,,
PTT,FINANCIAL_STATEMENTS_PTT.pdf,CF,baht,11,กระแสเงินสดจากกิจกรรมจัดหาเงิน,เงินสดจ่ายค่างวดตามสัญญาเช่า,เงินสดจ่ายค่างวดตามสัญญาเช่า,,,0.667,-5904356400.0,-5580895684.0,-431706391.0,-600435266.0
PTT,FINANCIAL_STATEMENTS_PTT.pdf,CF,baht,11,กระแสเงินสดจากกิจกรรมจัดหาเงิน,เงินสดรับจากตราสารอนุพนั ธ์,เงินสดรับจากตราสารอนุพนั ธ์,,,0.771,668500000.0,88501103.0,,
PTT,FINANCIAL_STATEMENTS_PTT.pdf,CF,baht,11,กระแสเงินสดจากกิจกรรมจัดหาเงิน,เงินสดจ่ายตราสารอนุพนั ธ์,เงินสดจ่ายตราสารอนุพนั ธ์,,,0.733,-1747967488.0,,,
PTT,FINANCIAL_STATEMENTS_PTT.pdf,CF,baht,11,กระแสเงินสดจากกิจกรรมจัดหาเงิน,เงินกู้ยืมระยะสั ้นเพิ่มขึ ้น(ลดลง),เงินกู้ยืมระยะสั ้นเพิ่มขึ ้น(ลดลง),,,0.692,-5082640.0,-7610481693.0,-1242762533.0,6387653987.0
PTT,FINANCIAL_STATEMENTS_PTT.pdf,CF,baht,11,กระแสเงินสดจากกิจกรรมจัดหาเงิน,เงินเบิกเกินบัญชีและเงินกู้ยืมระยะสั ้นจากสถาบันการเงินเพิ่มขึ ้น(ลดลง),เงินเบิกเกินบัญชีและเงินกู้ยืมระยะสั ้นจากสถาบันการเงินเพิ่มขึ ้น(ลดลง),,,0.679,61943226756.0,-6287715056.0,4000000000.0,
PTT,FINANCIAL_STATEMENTS_PTT.pdf,CF,baht,11,กระแสเงินสดจากกิจกรรมจัดหาเงิน,เงินสดจ่ายต้ นทุนทางการเงิน,เงินสดจ่ายต้ นทุนทางการเงิน,INTEREST_PAID,INTEREST_PAID,1.0,-6303982042.0,-7543541993.0,-1621298794.0,-1679091305.0
PTT,FINANCIAL_STATEMENTS_PTT.pdf,CF,baht,11,กระแสเงินสดจากกิจกรรมจัดหาเงิน,เงินสดรับจากการออกหุ้นสามัญของบริ ษัทย่อย,เงินสดรับจากการออกหุ้นสามัญของบริ ษัทย่อย,,,0.642,6996376.0,24377500.0,,
PTT,FINANCIAL_STATEMENTS_PTT.pdf,CF,baht,11,กระแสเงินสดจากกิจกรรมจัดหาเงิน,เงินสดรับจากการเปลีย่ นสัดส่วนเงินลงทุนในบริ ษัทย่อย,เงินสดรับจากการเปลีย่ นสัดส่วนเงินลงทุนในบริ ษัทย่อย,,,0.776,987699.0,,,
PTT,FINANCIAL_STATEMENTS_PTT.pdf,CF,baht,11,กระแสเงินสดจากกิจกรรมจัดหาเงิน,เงินสดจ่ายซื ้อหุ้นทุนซื ้อคืน,เงินสดจ่ายซื ้อหุ้นทุนซื ้อคืน,,,0.696,,-2555643437.0,,-2555643437.0
PTT,FINANCIAL_STATEMENTS_PTT.pdf,CF,baht,11,กระแสเงินสดจากกิจกรรมจัดหาเงิน,เงินสดรับสุทธิจากการออกหุ้นกู้ด้อยสิทธิที่มีลกั ษณะคล้ ายทุน,เงินสดรับสุทธิจากการออกหุ้นกู้ด้อยสิทธิที่มีลกั ษณะคล้ ายทุน,,,0.607,18899704233.0,,,
PTT,FINANCIAL_STATEMENTS_PTT.pdf,CF,baht,11,กระแสเงินสดจากกิจกรรมจัดหาเงิน,เงินปันผลจ่าย,เงินปันผลจ่าย,SE_DIVIDEND,SE_DIVIDEND,1.0,-20852448.0,-21301744.0,-1648062.0,-270726.0
PTT,FINANCIAL_STATEMENTS_PTT.pdf,CF,baht,11,กระแสเงินสดจากกิจกรรมจัดหาเงิน,เงินสดสุทธิได้ มาจาก(ใช้ ไปใน)กิจกรรมจัดหาเงิน,เงินสดสุทธิได้ มาจาก(ใช้ ไปใน)กิจกรรมจัดหาเงิน,CF_FINANCING,CF_FINANCING,1.0,62465472845.0,-36646073098.0,702584220.0,1552213253.0
PTT,FINANCIAL_STATEMENTS_PTT.pdf,CF,baht,11,กระแสเงินสดจากกิจกรรมจัดหาเงิน,ผลกระทบจากอัตราแลกเปลีย่ นในเงินสดและรายการเทียบเท่าเงินสด,ผลกระทบจากอัตราแลกเปลีย่ นในเงินสดและรายการเทียบเท่าเงินสด,CASH_FX_EFFECT,CASH_FX_EFFECT,1.0,8856395262.0,949874116.0,2524389707.0,795348946.0
PTT,FINANCIAL_STATEMENTS_PTT.pdf,CF,baht,11,กระแสเงินสดจากกิจกรรมจัดหาเงิน,ผลต่างจากการแปลงค่างบการเงิน,ผลต่างจากการแปลงค่างบการเงิน,CF_TRANSLATION,CF_TRANSLATION,1.0,2359307873.0,808467898.0,,
PTT,FINANCIAL_STATEMENTS_PTT.pdf,CF,baht,11,กระแสเงินสดจากกิจกรรมจัดหาเงิน,เงินสดและรายการเทียบเท่าเงินสดที่ถกู จัดประเภทเป็ นสินทรัพย์ที่ถือไว้ เพื่อขาย,เงินสดและรายการเทียบเท่าเงินสดที่ถกู จัดประเภทเป็ นสินทรัพย์ที่ถือไว้ เพื่อขาย,CASH_RECLASS_HELD_FOR_SALE,CASH_RECLASS_HELD_FOR_SALE,1.0,11015810.0,,,
PTT,FINANCIAL_STATEMENTS_PTT.pdf,CF,baht,11,กระแสเงินสดจากกิจกรรมจัดหาเงิน,เงินสดและรายการเทียบเท่าเงินสดเพิ่มขึ ้น(ลดลง)สุทธิ,เงินสดและรายการเทียบเท่าเงินสดเพิ่มขึ ้น(ลดลง)สุทธิ,CASH_NET_CHANGE,CASH_NET_CHANGE,1.0,78614146414.0,6114789774.0,-2462560503.0,22262809941.0
PTT,FINANCIAL_STATEMENTS_PTT.pdf,CF,baht,11,กระแสเงินสดจากกิจกรรมจัดหาเงิน,เงินสดและรายการเทียบเท่าเงินสด ณ วันต้ นงวด,เงินสดและรายการเทียบเท่าเงินสด ณ วันต้ นงวด,CASH_BEGIN,CASH_BEGIN,1.0,346817209753.0,405138726787.0,85515043725.0,78861923355.0
PTT,FINANCIAL_STATEMENTS_PTT.pdf,CF,baht,11,กระแสเงินสดจากกิจกรรมจัดหาเงิน,เงินสดและรายการเทียบเท่ าเงินสด ณ วันปลายงวด,เงินสดและรายการเทียบเท่ าเงินสด ณ วันปลายงวด,CASH_END,CASH_END,1.0,425431356167.0,411253516561.0,83052483222.0,101124733296.0
PTT,FINANCIAL_STATEMENTS_PTT.pdf,CF,baht,11,รายการที่ไม่ใช่เงินสด,เจ้ าหนี ้จากการซื ้อสินทรัพย์ถาวร,เจ้ าหนี ้จากการซื ้อสินทรัพย์ถาวร,,,0.545,33192339154.0,29547605922.0,369315278.0,426490022.0
PTT,FINANCIAL_STATEMENTS_PTT.pdf,CF,baht,11,รายการที่ไม่ใช่เงินสด,เจ้ าหนี ้จากการซื ้อสินทรัพย์ไม่มีตวั ตนอืน่ นอกจากค่าความนิยม,เจ้ าหนี ้จากการซื ้อสินทรัพย์ไม่มีตวั ตนอืน่ นอกจากค่าความนิยม,,,0.852,29988032.0,104622067.0,5304131.0,8231250.0
STANLEY,Thai-Stanley_Q1_June69-T1-1.pdf,SE,baht,"7,7,8,8",งบรวม+งบเฉพาะกิจการ,ยอดคงเหลือต้นรอบระยะเวลา ณ วันที่ 1 เมษายน พ.ศ. 2568,ยอดคงเหลือต้นรอบระยะเวลา ณ วันที่ 1 เมษายน พ.ศ. 2568,,,0.415,21399798962.0,,19690523684.0,
STANLEY,Thai-Stanley_Q1_June69-T1-1.pdf,SE,baht,"7,7,8,8",งบรวม+งบเฉพาะกิจการ,กําไร(ขาดทุน)เบ็ดเสร็จรวมสําหรับรอบระยะเวลา,กําไร(ขาดทุน)เบ็ดเสร็จรวมสําหรับรอบระยะเวลา,,,0.826,333686447.0,,704924287.0,
STANLEY,Thai-Stanley_Q1_June69-T1-1.pdf,SE,baht,"7,8,8",งบรวม+งบเฉพาะกิจการ,เงินปั นผลจ่าย,เงินปั นผลจ่าย,SE_DIVIDEND,SE_DIVIDEND,1.0,-919500000.0,,-919500000.0,
STANLEY,Thai-Stanley_Q1_June69-T1-1.pdf,SE,baht,"7,7,8,8",งบรวม+งบเฉพาะกิจการ,ยอดคงเหลือสิ้ นรอบระยะเวลา ณ วันที่ 30 มิ ถนุ ายน พ.ศ. 2568,ยอดคงเหลือสิ้ นรอบระยะเวลา ณ วันที่ 30 มิ ถนุ ายน พ.ศ. 2568,,,0.379,20813985409.0,,19475947971.0,
STANLEY,Thai-Stanley_Q1_June69-T1-1.pdf,SE,baht,7,งบรวม,เงินปั นผลค้างจ่าย 16,เงินปั นผลค้างจ่าย 16,SE_DIVIDEND_DECLARED,SE_DIVIDEND_DECLARED,1.0,-1302625000.0,,,
STANLEY,Thai-Stanley_Q1_June69-T1-1.pdf,BS,baht,3,สินทรัพย์หมุนเวียน,เงินสดและรายการเทียบเท่าเงินสด,เงินสดและรายการเทียบเท่าเงินสด,CASH,CASH,1.0,468538132.0,1094380390.0,468538132.0,1094380390.0
STANLEY,Thai-Stanley_Q1_June69-T1-1.pdf,BS,baht,3,สินทรัพย์หมุนเวียน,เงินลงทุนระยะสัน้ 6,เงินลงทุนระยะสัน้ 6,SHORT_TERM_INVESTMENTS,SHORT_TERM_INVESTMENTS,1.0,9594600000.0,8217870000.0,9594600000.0,8217870000.0
STANLEY,Thai-Stanley_Q1_June69-T1-1.pdf,BS,baht,3,สินทรัพย์หมุนเวียน,ลูกหนีก้ ารค้าและลูกหนีห้ มุนเวียนอื่น สุทธิ 7,ลูกหนีก้ ารค้าและลูกหนีห้ มุนเวียนอื่น,TRADE_RECEIVABLES,TRADE_RECEIVABLES,1.0,1682764759.0,1785324005.0,1682764759.0,1785324005.0
STANLEY,Thai-Stanley_Q1_June69-T1-1.pdf,BS,baht,3,สินทรัพย์หมุนเวียน,สินค้าคงเหลือ สุทธิ 9,สินค้าคงเหลือ,INVENTORY,INVENTORY,1.0,1201000644.0,1041220703.0,1201000644.0,1041220703.0
STANLEY,Thai-Stanley_Q1_June69-T1-1.pdf,BS,baht,3,สินทรัพย์หมุนเวียน,ภายในหนึง่ ปี 10,เงินให้กยู้ มื แก่พนักงานทีถ่ งึ กําหนดรับชําระ ภายในหนึง่ ปี 10,EMPLOYEE_LOANS_CURRENT,EMPLOYEE_LOANS_CURRENT,1.0,59897337.0,63032071.0,59897337.0,63032071.0
STANLEY,Thai-Stanley_Q1_June69-T1-1.pdf,BS,baht,3,สินทรัพย์หมุนเวียน,สินทรัพย์อนุพนั ธ์ทางการเงิน สุทธิ 5,สินทรัพย์หมุนเวียน สินทรัพย์อนุพนั ธ์ทางการเงิน สุทธิ 5,DERIVATIVE_ASSETS_CURRENT,DERIVATIVE_ASSETS_CURRENT,1.0,,41324.0,,41324.0
STANLEY,Thai-Stanley_Q1_June69-T1-1.pdf,BS,baht,3,สินทรัพย์หมุนเวียน,สินทรัพย์หมุนเวียนอื่น,สินทรัพย์หมุนเวียนอื่น,OTHER_CURRENT_ASSETS,OTHER_CURRENT_ASSETS,1.0,22861813.0,30670950.0,22861813.0,30670950.0
STANLEY,Thai-Stanley_Q1_June69-T1-1.pdf,BS,baht,3,สินทรัพย์หมุนเวียน,รวมสิ นทรัพย์หมุนเวียน,รวมสิ นทรัพย์หมุนเวียน,TOTAL_CURRENT_ASSETS,TOTAL_CURRENT_ASSETS,1.0,13029662685.0,12232539443.0,13029662685.0,12232539443.0
STANLEY,Thai-Stanley_Q1_June69-T1-1.pdf,BS,baht,3,สินทรัพย์ไม่หมุนเวียน,วิธรี าคาทุนตัดจําหน่าย 11,สินทรัพย์ทางการเงินอื่นทีว่ ดั มูลค่าด้วย วิธรี าคาทุนตัดจําหน่าย 11,AMORTISED_COST_ASSETS,AMORTISED_COST_ASSETS,1.0,19784940.0,19725791.0,19784940.0,19725791.0
STANLEY,Thai-Stanley_Q1_June69-T1-1.pdf,BS,baht,3,สินทรัพย์ไม่หมุนเวียน,เงินให้กยู้ มื แก่พนักงาน สุทธิ 10,เงินให้กยู้ มื แก่พนักงาน,EMPLOYEE_LOANS,EMPLOYEE_LOANS,1.0,48353178.0,61859321.0,48353178.0,61859321.0
STANLEY,Thai-Stanley_Q1_June69-T1-1.pdf,BS,baht,3,สินทรัพย์ไม่หมุนเวียน,มูลค่ายุตธิ รรมผ่านกําไรขาดทุนเบ็ดเสร็จอื่น 5,สินทรัพย์ทางการเงินทีว่ ดั มูลค่าด้วย มูลค่ายุตธิ รรมผ่านกําไรขาดทุนเบ็ดเสร็จอื่น 5,FVOCI_ASSETS,FVOCI_ASSETS,1.0,2012624845.0,1940227308.0,2012624845.0,1940227308.0
STANLEY,Thai-Stanley_Q1_June69-T1-1.pdf,BS,baht,3,สินทรัพย์ไม่หมุนเวียน,เงินลงทุนในบริษทั ร่วม 12,เงินลงทุนในบริษทั ร่วม 12,INVEST_ASSOCIATE,INVEST_ASSOCIATE,1.0,1658090103.0,1995656288.0,54044189.0,54044189.0
STANLEY,Thai-Stanley_Q1_June69-T1-1.pdf,BS,baht,3,สินทรัพย์ไม่หมุนเวียน,เงินลงทุนในการร่วมค้า 12,เงินลงทุนในการร่วมค้า 12,INVEST_JV,INVEST_JV,1.0,24043245.0,24140447.0,3132500.0,3132500.0
STANLEY,Thai-Stanley_Q1_June69-T1-1.pdf,BS,baht,3,สินทรัพย์ไม่หมุนเวียน,ทีด่ นิ อาคาร และอุปกรณ์ สุทธิ 13,ทีด่ นิ อาคาร และอุปกรณ์ สุทธิ 13,PPE,PPE,1.0,6965285867.0,7051836350.0,6965285867.0,7051836350.0
STANLEY,Thai-Stanley_Q1_June69-T1-1.pdf,BS,baht,3,สินทรัพย์ไม่หมุนเวียน,สินทรัพย์ไม่มตี วั ตน สุทธิ,สินทรัพย์ไม่มตี วั ตน,INTANGIBLES,INTANGIBLES,1.0,1079774246.0,1048188875.0,1079774246.0,1048188875.0
STANLEY,Thai-Stanley_Q1_June69-T1-1.pdf,BS,baht,3,สินทรัพย์ไม่หมุนเวียน,สินทรัพย์ไม่หมุนเวียนอื่น สุทธิ,สินทรัพย์ไม่หมุนเวียนอื่น,OTHER_NONCURRENT_ASSETS,OTHER_NONCURRENT_ASSETS,1.0,17206450.0,15434597.0,17206450.0,15434597.0
STANLEY,Thai-Stanley_Q1_June69-T1-1.pdf,BS,baht,3,สินทรัพย์ไม่หมุนเวียน,รวมสิ นทรัพย์ไม่หมุนเวียน,รวมสิ นทรัพย์ไม่หมุนเวียน,TOTAL_NONCURRENT_ASSETS,TOTAL_NONCURRENT_ASSETS,1.0,11825162874.0,12157068977.0,10200206215.0,10194448931.0
STANLEY,Thai-Stanley_Q1_June69-T1-1.pdf,BS,baht,3,สินทรัพย์ไม่หมุนเวียน,รวมสิ นทรัพย์,รวมสิ นทรัพย์,TOTAL_ASSETS,TOTAL_ASSETS,1.0,24854825559.0,24389608420.0,23229868900.0,22426988374.0
STANLEY,Thai-Stanley_Q1_June69-T1-1.pdf,BS,baht,4,หนี้สินหมุนเวียน,เจ้าหนีก้ ารค้า - บริษทั อื่น,เจ้าหนีก้ ารค้า - บริษทั อื่น,TRADE_PAYABLES_OTHER,TRADE_PAYABLES_OTHER,1.0,373647128.0,371900813.0,373647128.0,371900813.0
STANLEY,Thai-Stanley_Q1_June69-T1-1.pdf,BS,baht,4,หนี้สินหมุนเวียน,เจ้าหนีก้ ารค้า - กิจการทีเ่ กีย่ วข้องกัน 8,เจ้าหนีก้ ารค้า - กิจการทีเ่ กีย่ วข้องกัน 8,TRADE_PAYABLES_RELATED,TRADE_PAYABLES_RELATED,1.0,356071032.0,295405384.0,356071032.0,295405384.0
STANLEY,Thai-Stanley_Q1_June69-T1-1.pdf,BS,baht,4,หนี้สินหมุนเวียน,เจ้าหนีห้ มุนเวียนอื่น - บริษทั อื่น,เจ้าหนีห้ มุนเวียนอื่น - บริษทั อื่น,OTHER_PAYABLES_OTHER,OTHER_PAYABLES_OTHER,1.0,141242997.0,208613706.0,141242997.0,208613706.0
STANLEY,Thai-Stanley_Q1_June69-T1-1.pdf,BS,baht,4,หนี้สินหมุนเวียน,เจ้าหนีห้ มุนเวียนอื่น - กิจการทีเ่ กีย่ วข้องกัน 8,เจ้าหนีห้ มุนเวียนอื่น - กิจการทีเ่ กีย่ วข้องกัน 8,OTHER_PAYABLES_RELATED,OTHER_PAYABLES_RELATED,1.0,148069760.0,183663775.0,148069760.0,183663775.0
STANLEY,Thai-Stanley_Q1_June69-T1-1.pdf,BS,baht,4,หนี้สินหมุนเวียน,หนีส้ นิ อนุพนั ธ์ทางการเงิน สุทธิ 5,หนี้สินหมุนเวียน หนีส้ นิ อนุพนั ธ์ทางการเงิน สุทธิ 5,DERIVATIVE_LIAB_CURRENT,DERIVATIVE_LIAB_CURRENT,1.0,12420.0,,12420.0,
STANLEY,Thai-Stanley_Q1_June69-T1-1.pdf,BS,baht,4,หนี้สินหมุนเวียน,ภาษีเงินได้นิตบิ ุคคลค้างจ่าย,ภาษีเงินได้นิตบิ ุคคลค้างจ่าย,INCOME_TAX_PAYABLE,INCOME_TAX_PAYABLE,1.0,315476253.0,163039112.0,315476253.0,163039112.0
STANLEY,Thai-Stanley_Q1_June69-T1-1.pdf,BS,baht,4,หนี้สินหมุนเวียน,ค่าใช้จา่ ยค้างจ่าย 14,ค่าใช้จา่ ยค้างจ่าย 14,ACCRUED_EXPENSES,ACCRUED_EXPENSES,1.0,323449241.0,353431255.0,323449241.0,353431255.0
STANLEY,Thai-Stanley_Q1_June69-T1-1.pdf,BS,baht,4,หนี้สินหมุนเวียน,เงินปั นผลค้างจ่าย,เงินปั นผลค้างจ่าย,DIVIDEND_PAYABLE,DIVIDEND_PAYABLE,1.0,1306436427.0,,1306436427.0,
STANLEY,Thai-Stanley_Q1_June69-T1-1.pdf,BS,baht,4,หนี้สินหมุนเวียน,รวมหนี้ สินหมุนเวียน,รวมหนี้ สินหมุนเวียน,TOTAL_CURRENT_LIAB,TOTAL_CURRENT_LIAB,1.0,2964405258.0,1576054045.0,2964405258.0,1576054045.0
STANLEY,Thai-Stanley_Q1_June69-T1-1.pdf,BS,baht,4,หนี้สินไม่หมุนเวียน,หนีส้ นิ ภาษีเงินได้รอการตัดบัญชี สุทธิ,หนีส้ นิ ภาษีเงินได้รอการตัดบัญชี,DEFERRED_TAX_LIAB,DEFERRED_TAX_LIAB,1.0,616291215.0,667116868.0,291299882.0,274592858.0
STANLEY,Thai-Stanley_Q1_June69-T1-1.pdf,BS,baht,4,หนี้สินไม่หมุนเวียน,ภาระผูกพันผลประโยชน์พนักงาน,ภาระผูกพันผลประโยชน์พนักงาน,EMPLOYEE_BENEFIT_PROVISION_NONCURRENT,EMPLOYEE_BENEFIT_PROVISION_NONCURRENT,1.0,456508765.0,449019141.0,456508765.0,449019141.0
STANLEY,Thai-Stanley_Q1_June69-T1-1.pdf,BS,baht,4,หนี้สินไม่หมุนเวียน,รวมหนี้ สินไม่หมุนเวียน,รวมหนี้ สินไม่หมุนเวียน,TOTAL_NONCURRENT_LIAB,TOTAL_NONCURRENT_LIAB,1.0,1072799980.0,1116136009.0,747808647.0,723611999.0
STANLEY,Thai-Stanley_Q1_June69-T1-1.pdf,BS,baht,4,หนี้สินไม่หมุนเวียน,รวมหนี้ สิน,รวมหนี้ สิน,TOTAL_LIABILITIES,TOTAL_LIABILITIES,1.0,4037205238.0,2692190054.0,3712213905.0,2299666044.0
STANLEY,Thai-Stanley_Q1_June69-T1-1.pdf,BS,baht,4,ทุนจดทะเบียน,มูลค่าทีต่ ราไว้หนุ้ ละ 5 บาท,"ทุนจดทะเบียน หุน้ สามัญ 76,625,000 หุน้ มูลค่าทีต่ ราไว้หนุ้ ละ 5 บาท",REGISTERED_CAPITAL,REGISTERED_CAPITAL,1.0,383125000.0,383125000.0,383125000.0,383125000.0
STANLEY,Thai-Stanley_Q1_June69-T1-1.pdf,BS,baht,4,ทุนที่ออกและชำระแล้ว,มูลค่าทีต่ ราไว้หนุ้ ละ 5 บาท,"ทุนที่ออกและชำระแล้ว หุน้ สามัญ 76,625,000 หุน้ มูลค่าทีต่ ราไว้หนุ้ ละ 5 บาท",SHARE_CAPITAL,SHARE_CAPITAL,1.0,383125000.0,383125000.0,383125000.0,383125000.0
STANLEY,Thai-Stanley_Q1_June69-T1-1.pdf,BS,baht,4,ทุนที่ออกและชำระแล้ว,ส่วนเกินมูลค่าหุน้,ส่วนเกินมูลค่าหุน้,SHARE_PREMIUM,SHARE_PREMIUM,1.0,504250000.0,504250000.0,504250000.0,504250000.0
STANLEY,Thai-Stanley_Q1_June69-T1-1.pdf,BS,baht,4,ทุนที่ออกและชำระแล้ว,- สํารองตามกฎหมาย,จัดสรรแล้ว - สํารองตามกฎหมาย,LEGAL_RESERVE,LEGAL_RESERVE,1.0,38312500.0,38312500.0,38312500.0,38312500.0
STANLEY,Thai-Stanley_Q1_June69-T1-1.pdf,BS,baht,4,ทุนที่ออกและชำระแล้ว,ยังไม่ได้จดั สรร,ยังไม่ได้จดั สรร,RETAINED_EARNINGS,RETAINED_EARNINGS,1.0,18749855971.0,19690830368.0,17066415881.0,17734001246.0
STANLEY,Thai-Stanley_Q1_June69-T1-1.pdf,BS,baht,4,ทุนที่ออกและชำระแล้ว,องค์ประกอบอื่นของส่วนของเจ้าของ,องค์ประกอบอื่นของส่วนของเจ้าของ,OTHER_EQUITY_COMPONENTS,OTHER_EQUITY_COMPONENTS,1.0,1142076850.0,1080900498.0,1525551614.0,1467633584.0
STANLEY,Thai-Stanley_Q1_June69-T1-1.pdf,BS,baht,4,ทุนที่ออกและชำระแล้ว,รวมส่วนของเจ้าของ,รวมส่วนของเจ้าของ,TOTAL_EQUITY,TOTAL_EQUITY,1.0,20817620321.0,21697418366.0,19517654995.0,20127322330.0
STANLEY,Thai-Stanley_Q1_June69-T1-1.pdf,BS,baht,4,ทุนที่ออกและชำระแล้ว,รวมหนี้ สินและส่วนของเจ้าของ,รวมหนี้ สินและส่วนของเจ้าของ,TOTAL_LIAB_EQUITY,TOTAL_LIAB_EQUITY,1.0,24854825559.0,24389608420.0,23229868900.0,22426988374.0
STANLEY,Thai-Stanley_Q1_June69-T1-1.pdf,IS,baht,5,,รายได้จากการขายและการให้บริการ,รายได้จากการขายและการให้บริการ,REVENUE,REVENUE,1.0,2645883140.0,2923191156.0,2645883140.0,2923191156.0
STANLEY,Thai-Stanley_Q1_June69-T1-1.pdf,IS,baht,5,,ต้นทุนขายและการให้บริการ,ต้นทุนขายและการให้บริการ,COGS,COGS,1.0,-2038848667.0,-2292642249.0,-2038848667.0,-2292642249.0
STANLEY,Thai-Stanley_Q1_June69-T1-1.pdf,IS,baht,5,,กําไรขัน้ ต้น,กําไรขัน้ ต้น,GROSS_PROFIT,GROSS_PROFIT,1.0,607034473.0,630548907.0,607034473.0,630548907.0
STANLEY,Thai-Stanley_Q1_June69-T1-1.pdf,IS,baht,5,,- เงินปั นผลรับ 8,- เงินปั นผลรับ 8,DIVIDEND_INCOME,DIVIDEND_INCOME,1.0,,4480666.0,427886263.0,424415064.0
STANLEY,Thai-Stanley_Q1_June69-T1-1.pdf,IS,baht,5,,- กําไรจากอัตราแลกเปลีย่ น สุทธิ,- กําไรจากอัตราแลกเปลีย่ น,FX_GAIN,FX_GAIN,1.0,23176672.0,-8825012.0,23176672.0,-8825012.0
STANLEY,Thai-Stanley_Q1_June69-T1-1.pdf,IS,baht,5,,- กําไรอื่น สุทธิ,- กําไรอื่น สุทธิ,,,0.833,47269.0,112652.0,47269.0,112652.0
STANLEY,Thai-Stanley_Q1_June69-T1-1.pdf,IS,baht,5,,- ดอกเบีย้ รับ,- ดอกเบีย้ รับ,INTEREST_INCOME_CF,INTEREST_INCOME_CF,1.0,18197352.0,38362027.0,18197352.0,38362027.0
STANLEY,Thai-Stanley_Q1_June69-T1-1.pdf,IS,baht,5,,กําไรก่อนค่าใช้จ่าย,กําไรก่อนค่าใช้จ่าย,PROFIT_BEFORE_EXPENSES,PROFIT_BEFORE_EXPENSES,1.0,652352750.0,675321652.0,1080239013.0,1095256050.0
STANLEY,Thai-Stanley_Q1_June69-T1-1.pdf,IS,baht,5,,ค่าใช้จ่ายในการขาย,ค่าใช้จ่ายในการขาย,SELLING_EXPENSES,SELLING_EXPENSES,1.0,-168008872.0,-186526219.0,-168008872.0,-186526219.0
STANLEY,Thai-Stanley_Q1_June69-T1-1.pdf,IS,baht,5,,ค่าใช้จ่ายในการบริหาร,ค่าใช้จ่ายในการบริหาร,ADMIN_EXPENSES,ADMIN_EXPENSES,1.0,-121302400.0,-119714833.0,-121302400.0,-119714833.0
STANLEY,Thai-Stanley_Q1_June69-T1-1.pdf,IS,baht,5,,รวมค่าใช้จ่าย,รวมค่าใช้จ่าย,TOTAL_EXPENSES,TOTAL_EXPENSES,1.0,-289311272.0,-306241052.0,-289311272.0,-306241052.0
STANLEY,Thai-Stanley_Q1_June69-T1-1.pdf,IS,baht,5,,กําไรจากการดําเนิ นงาน,กําไรจากการดําเนิ นงาน,OPERATING_PROFIT,OPERATING_PROFIT,1.0,363041478.0,369080600.0,790927741.0,789014998.0
STANLEY,Thai-Stanley_Q1_June69-T1-1.pdf,IS,baht,5,,และการร่วมค้าตามวิธสี ว่ นได้เสีย 12,และการร่วมค้าตามวิธสี ว่ นได้เสีย 12,,,0.789,86149974.0,92468604.0,,
STANLEY,Thai-Stanley_Q1_June69-T1-1.pdf,IS,baht,5,,กําไรก่อนค่าใช้จ่ายภาษี เงิ นได้,กําไรก่อนค่าใช้จ่ายภาษี เงิ นได้,,,0.875,449191452.0,461549204.0,790927741.0,789014998.0
STANLEY,Thai-Stanley_Q1_June69-T1-1.pdf,IS,baht,5,,ค่าใช้จ่ายภาษีเงินได้ 15,ค่าใช้จ่ายภาษีเงินได้ 15,INCOME_TAX_EXPENSE,INCOME_TAX_EXPENSE,1.0,-87540849.0,-91925642.0,-155888106.0,-157418801.0
STANLEY,Thai-Stanley_Q1_June69-T1-1.pdf,IS,baht,5,,กําไรสุทธิ สาํ หรับรอบระยะเวลา,กําไรสุทธิ สาํ หรับรอบระยะเวลา,,,0.56,361650603.0,369623562.0,635039635.0,631596197.0
STANLEY,Thai-Stanley_Q1_June69-T1-1.pdf,IS,baht,5,กำไรต่อหุ้น,กําไรต่อหุ้นขัน้ พื้นฐาน,กําไรต่อหุ้นขัน้ พื้นฐาน,EPS,EPS,1.0,4.72,4.82,8.29,8.24
STANLEY,Thai-Stanley_Q1_June69-T1-1.pdf,IS,baht,6,,กําไรสุทธิ สาํ หรับรอบระยะเวลา,กําไรสุทธิ สาํ หรับรอบระยะเวลา,,,0.56,361650603.0,369623562.0,635039635.0,631596197.0
STANLEY,Thai-Stanley_Q1_June69-T1-1.pdf,IS,baht,6,กำไรขาดทุนเบ็ดเสร็จอื่น,ในตราสารทุนผ่านกําไรขาดทุนเบ็ดเสร็จอื่น,ในตราสารทุนผ่านกําไรขาดทุนเบ็ดเสร็จอื่น,,,0.743,72397537.0,91660113.0,72397537.0,91660113.0
STANLEY,Thai-Stanley_Q1_June69-T1-1.pdf,IS,baht,6,กำไรขาดทุนเบ็ดเสร็จอื่น,รายการใหม่ไปยังกําไรหรือขาดทุนในภายหลัง,รายการใหม่ไปยังกําไรหรือขาดทุนในภายหลัง,,,0.729,-14479507.0,-18332023.0,-14479507.0,-18332023.0
STANLEY,Thai-Stanley_Q1_June69-T1-1.pdf,IS,baht,6,กำไรขาดทุนเบ็ดเสร็จอื่น,กําไรหรือขาดทุนในภายหลัง,กําไรหรือขาดทุนในภายหลัง,,,0.846,57918030.0,73328090.0,57918030.0,73328090.0
STANLEY,Thai-Stanley_Q1_June69-T1-1.pdf,IS,baht,6,กำไรขาดทุนเบ็ดเสร็จอื่น,บริษทั ร่วมและการร่วมค้า,บริษทั ร่วมและการร่วมค้า,,,0.8,4072902.0,-136581506.0,,
STANLEY,Thai-Stanley_Q1_June69-T1-1.pdf,IS,baht,6,กำไรขาดทุนเบ็ดเสร็จอื่น,รายการใหม่เข้าไปยังกําไรหรือขาดทุนในภายหลัง,รายการใหม่เข้าไปยังกําไรหรือขาดทุนในภายหลัง,,,0.721,-814580.0,27316301.0,,
STANLEY,Thai-Stanley_Q1_June69-T1-1.pdf,IS,baht,6,กำไรขาดทุนเบ็ดเสร็จอื่น,กําไรหรือขาดทุนในภายหลัง,กําไรหรือขาดทุนในภายหลัง,,,0.842,3258322.0,-109265205.0,,
STANLEY,Thai-Stanley_Q1_June69-T1-1.pdf,IS,baht,6,กำไรขาดทุนเบ็ดเสร็จอื่น,- สุทธิ จากภาษี,กำไรขาดทุนเบ็ดเสร็จอื่น - สุทธิ จากภาษี,OCI_TOTAL,OCI_TOTAL,0.93,61176352.0,-35937115.0,57918030.0,73328090.0
STANLEY,Thai-Stanley_Q1_June69-T1-1.pdf,IS,baht,6,กำไรขาดทุนเบ็ดเสร็จอื่น,กําไรเบ็ดเสร็จรวมสําหรับรอบระยะเวลา,กําไรเบ็ดเสร็จรวมสําหรับรอบระยะเวลา,,,0.789,422826955.0,333686447.0,692957665.0,704924287.0
STANLEY,Thai-Stanley_Q1_June69-T1-1.pdf,IS,baht,6,กำไรขาดทุนเบ็ดเสร็จอื่น,หมายเหตุประกอบข้อมูลทางการเงินระหว่างกาลเป็ นส่วนหนึง่ ของข้อมูลทางการเงินระหว่างกาลนี้,หมายเหตุประกอบข้อมูลทางการเงินระหว่างกาลเป็ นส่วนหนึง่ ของข้อมูลทางการเงินระหว่างกาลนี้,,,0.442,,,,5.0
STANLEY,Thai-Stanley_Q1_June69-T1-1.pdf,CF,baht,9,กระแสเงินสดจากกิจกรรมดำเนินงาน,กําไรก่อนภาษีเงินได้สาํ หรับรอบระยะเวลา,กําไรก่อนภาษีเงินได้สาํ หรับรอบระยะเวลา,,,0.645,449191452.0,461549204.0,790927741.0,789014998.0
STANLEY,Thai-Stanley_Q1_June69-T1-1.pdf,CF,baht,9,กระแสเงินสดจากกิจกรรมดำเนินงาน,- ค่าเสื่อมราคา 13,- ค่าเสื่อมราคา 13,,,0.833,235232529.0,264247408.0,235232529.0,264247408.0
STANLEY,Thai-Stanley_Q1_June69-T1-1.pdf,CF,baht,9,กระแสเงินสดจากกิจกรรมดำเนินงาน,- ค่าตัดจําหน่าย,- ค่าตัดจําหน่าย,,,0.773,49349514.0,51643858.0,49349514.0,51643858.0
STANLEY,Thai-Stanley_Q1_June69-T1-1.pdf,CF,baht,9,กระแสเงินสดจากกิจกรรมดำเนินงาน,- ดอกเบีย้ รับ,- ดอกเบีย้ รับ,INTEREST_INCOME_CF,INTEREST_INCOME_CF,1.0,-18197352.0,-38362027.0,-18197352.0,-38362027.0
STANLEY,Thai-Stanley_Q1_June69-T1-1.pdf,CF,baht,9,กระแสเงินสดจากกิจกรรมดำเนินงาน,- ส่วนแบ่งผลกําไรจากเงินลงทุนในบริษทั ร่วมและการร่วมค้า 12,- ส่วนแบ่งผลกําไรจากเงินลงทุนในบริษทั ร่วมและการร่วมค้า 12,,,0.836,-86149974.0,-92468604.0,,
STANLEY,Thai-Stanley_Q1_June69-T1-1.pdf,CF,baht,9,กระแสเงินสดจากกิจกรรมดำเนินงาน,มูลค่ายุตธิ รรมผ่านกําไรขาดทุนเบ็ดเสร็จอื่น 8,- สินทรัพย์ทางการเงินทีว่ ดั มูลค่าด้วย มูลค่ายุตธิ รรมผ่านกําไรขาดทุนเบ็ดเสร็จอื่น 8,FVOCI_ASSETS,FVOCI_ASSETS,1.0,,-4480666.0,,-4480666.0
STANLEY,Thai-Stanley_Q1_June69-T1-1.pdf,CF,baht,9,กระแสเงินสดจากกิจกรรมดำเนินงาน,"- เงินลงทุนในบริษทั ร่วม 8, 12","- เงินลงทุนในบริษทั ร่วม 8, 12",INVEST_ASSOCIATE,INVEST_ASSOCIATE,1.0,,,-427886263.0,-419934398.0
STANLEY,Thai-Stanley_Q1_June69-T1-1.pdf,CF,baht,9,กระแสเงินสดจากกิจกรรมดำเนินงาน,- (กําไร) ขาดทุนจากการจําหน่ายอุปกรณ์,- (กําไร) ขาดทุนจากการจําหน่ายอุปกรณ์,,,0.737,-35379.0,-997189.0,-35379.0,-997189.0
STANLEY,Thai-Stanley_Q1_June69-T1-1.pdf,CF,baht,9,กระแสเงินสดจากกิจกรรมดำเนินงาน,- (กําไร) ขาดทุนจากการวัดมูลค่าอนุ พนั ธ์ทางการเงิน,- (กําไร) ขาดทุนจากการวัดมูลค่าอนุ พนั ธ์ทางการเงิน,,,0.733,53744.0,15348.0,53744.0,15348.0
STANLEY,Thai-Stanley_Q1_June69-T1-1.pdf,CF,baht,9,กระแสเงินสดจากกิจกรรมดำเนินงาน,- ค่าเผื่อสินค้าเสื่อมสภาพและล้าสมัย,- ค่าเผื่อสินค้าเสื่อมสภาพและล้าสมัย,,,0.645,564506.0,1246874.0,564506.0,1246874.0
STANLEY,Thai-Stanley_Q1_June69-T1-1.pdf,CF,baht,9,กระแสเงินสดจากกิจกรรมดำเนินงาน,- ภาระผูกพันผลประโยชน์พนักงาน,- ภาระผูกพันผลประโยชน์พนักงาน,EMPLOYEE_BENEFIT_PROVISION_NONCURRENT,EMPLOYEE_BENEFIT_PROVISION_NONCURRENT,1.0,10935360.0,11072100.0,10935360.0,11072100.0
STANLEY,Thai-Stanley_Q1_June69-T1-1.pdf,CF,baht,9,กระแสเงินสดจากกิจกรรมดำเนินงาน,- กําไรจากอัตราแลกเปลีย่ นทีย่ งั ไม่เกิดขึน้,- กําไรจากอัตราแลกเปลีย่ นทีย่ งั ไม่เกิดขึน้,,,0.765,-3620666.0,-522760.0,-3620666.0,-522760.0
STANLEY,Thai-Stanley_Q1_June69-T1-1.pdf,CF,baht,9,กระแสเงินสดจากกิจกรรมดำเนินงาน,และหนีส้ นิ ดําเนินงาน,และหนีส้ นิ ดําเนินงาน,,,0.821,637323734.0,652943546.0,637323734.0,652943546.0
STANLEY,Thai-Stanley_Q1_June69-T1-1.pdf,CF,baht,9,กระแสเงินสดจากกิจกรรมดำเนินงาน,- ลูกหนีก้ ารค้าและลูกหนีอ้ ่นื,- ลูกหนีก้ ารค้าและลูกหนีอ้ ่นื,TRADE_RECEIVABLES,TRADE_RECEIVABLES,1.0,109814513.0,-29761609.0,109814513.0,-29761609.0
STANLEY,Thai-Stanley_Q1_June69-T1-1.pdf,CF,baht,9,กระแสเงินสดจากกิจกรรมดำเนินงาน,- สินค้าคงเหลือ,- สินค้าคงเหลือ,INVENTORY,INVENTORY,1.0,-160344447.0,-105832373.0,-160344447.0,-105832373.0
STANLEY,Thai-Stanley_Q1_June69-T1-1.pdf,CF,baht,9,กระแสเงินสดจากกิจกรรมดำเนินงาน,- สินทรัพย์หมุนเวียนอื่น,- สินทรัพย์หมุนเวียนอื่น,OTHER_CURRENT_ASSETS,OTHER_CURRENT_ASSETS,1.0,7809137.0,3884810.0,7809137.0,3884810.0
STANLEY,Thai-Stanley_Q1_June69-T1-1.pdf,CF,baht,9,กระแสเงินสดจากกิจกรรมดำเนินงาน,- สินทรัพย์ไม่หมุนเวียนอื่น,- สินทรัพย์ไม่หมุนเวียนอื่น,OTHER_NONCURRENT_ASSETS,OTHER_NONCURRENT_ASSETS,1.0,-1771853.0,-1270636.0,-1771853.0,-1270636.0
STANLEY,Thai-Stanley_Q1_June69-T1-1.pdf,CF,baht,9,กระแสเงินสดจากกิจกรรมดำเนินงาน,- เจ้าหนีก้ ารค้า - บริษทั อื่น,- เจ้าหนีก้ ารค้า - บริษทั อื่น,TRADE_PAYABLES_OTHER,TRADE_PAYABLES_OTHER,1.0,-1656489.0,23461670.0,-1656489.0,23461670.0
STANLEY,Thai-Stanley_Q1_June69-T1-1.pdf,CF,baht,9,กระแสเงินสดจากกิจกรรมดำเนินงาน,- เจ้าหนีก้ ารค้า - กิจการทีเ่ กีย่ วข้องกัน,- เจ้าหนีก้ ารค้า - กิจการทีเ่ กีย่ วข้องกัน,TRADE_PAYABLES_RELATED,TRADE_PAYABLES_RELATED,1.0,60665648.0,29974338.0,60665648.0,29974338.0
STANLEY,Thai-Stanley_Q1_June69-T1-1.pdf,CF,baht,9,กระแสเงินสดจากกิจกรรมดำเนินงาน,- เจ้าหนีอ้ ่นื - บริษทั อื่น,- เจ้าหนีอ้ ่นื - บริษทั อื่น,,,0.786,-34850085.0,10704812.0,-34850085.0,10704812.0
STANLEY,Thai-Stanley_Q1_June69-T1-1.pdf,CF,baht,9,กระแสเงินสดจากกิจกรรมดำเนินงาน,- เจ้าหนีอ้ ่นื - กิจการทีเ่ กีย่ วข้องกัน,- เจ้าหนีอ้ ่นื - กิจการทีเ่ กีย่ วข้องกัน,,,0.865,-36120106.0,-19569290.0,-36120106.0,-19569290.0
STANLEY,Thai-Stanley_Q1_June69-T1-1.pdf,CF,baht,9,กระแสเงินสดจากกิจกรรมดำเนินงาน,- ค่าใช้จา่ ยค้างจ่าย,- ค่าใช้จา่ ยค้างจ่าย,ACCRUED_EXPENSES,ACCRUED_EXPENSES,1.0,-26170587.0,-31810596.0,-26170587.0,-31810596.0
STANLEY,Thai-Stanley_Q1_June69-T1-1.pdf,CF,baht,9,กระแสเงินสดจากกิจกรรมดำเนินงาน,- จ่ายค่าตอบแทนพนักงานหลังออกจากงาน,- จ่ายค่าตอบแทนพนักงานหลังออกจากงาน,,,0.605,-3445736.0,-9880177.0,-3445736.0,-9880177.0
STANLEY,Thai-Stanley_Q1_June69-T1-1.pdf,CF,baht,9,กระแสเงินสดจากกิจกรรมดำเนินงาน,เงินสดได้มาจากการดําเนินงาน,เงินสดได้มาจากการดําเนินงาน,CF_OPERATING_BEFORE_ITEMS,CF_OPERATING_BEFORE_ITEMS,0.909,551253729.0,522844495.0,551253729.0,522844495.0
STANLEY,Thai-Stanley_Q1_June69-T1-1.pdf,CF,baht,9,กระแสเงินสดจากกิจกรรมดำเนินงาน,- รับดอกเบีย้,- รับดอกเบีย้,,,0.8,3462146.0,4375789.0,3462146.0,4375789.0
STANLEY,Thai-Stanley_Q1_June69-T1-1.pdf,CF,baht,9,กระแสเงินสดจากกิจกรรมดำเนินงาน,- จ่ายภาษีเงินได้,- จ่ายภาษีเงินได้,,,0.875,-1223448.0,-536946.0,-1223448.0,-536946.0
STANLEY,Thai-Stanley_Q1_June69-T1-1.pdf,CF,baht,9,กระแสเงินสดจากกิจกรรมดำเนินงาน,เงินสดสุทธิได้มาจากกิจกรรมดําเนินงาน,เงินสดสุทธิได้มาจากกิจกรรมดําเนินงาน,CF_OPERATING,CF_OPERATING,1.0,553492427.0,526683338.0,553492427.0,526683338.0
STANLEY,Thai-Stanley_Q1_June69-T1-1.pdf,CF,baht,10,กระแสเงินสดจากกิจกรรมลงทุน,เงินสดจ่ายสําหรับเงินให้กยู้ มื แก่พนักงาน 10,เงินสดจ่ายสําหรับเงินให้กยู้ มื แก่พนักงาน 10,,,0.757,-643000.0,-160366475.0,-643000.0,-160366475.0
STANLEY,Thai-Stanley_Q1_June69-T1-1.pdf,CF,baht,10,กระแสเงินสดจากกิจกรรมลงทุน,เงินสดรับจากการรับชําระหนีเ้ งินให้กยู้ มื แก่พนักงาน 10,เงินสดรับจากการรับชําระหนีเ้ งินให้กยู้ มื แก่พนักงาน 10,,,0.75,17283877.0,65011560.0,17283877.0,65011560.0
STANLEY,Thai-Stanley_Q1_June69-T1-1.pdf,CF,baht,10,กระแสเงินสดจากกิจกรรมลงทุน,เงินสดจ่ายเพื่อซือ้ ทีด่ นิ อาคาร และอุปกรณ์,เงินสดจ่ายเพื่อซือ้ ทีด่ นิ อาคาร และอุปกรณ์,,,0.706,-179781585.0,-164508515.0,-179781585.0,-164508515.0
STANLEY,Thai-Stanley_Q1_June69-T1-1.pdf,CF,baht,10,กระแสเงินสดจากกิจกรรมลงทุน,เงินสดรับจากการจําหน่ายอุปกรณ์,เงินสดรับจากการจําหน่ายอุปกรณ์,PROCEEDS_SALE_EQUIPMENT,PROCEEDS_SALE_EQUIPMENT,1.0,35385.0,997243.0,35385.0,997243.0
STANLEY,Thai-Stanley_Q1_June69-T1-1.pdf,CF,baht,10,กระแสเงินสดจากกิจกรรมลงทุน,ดอกเบีย้ รับจากเงินลงทุนระยะสัน้,ดอกเบีย้ รับจากเงินลงทุนระยะสัน้,,,0.761,12104802.0,17287726.0,12104802.0,17287726.0
STANLEY,Thai-Stanley_Q1_June69-T1-1.pdf,CF,baht,10,กระแสเงินสดจากกิจกรรมลงทุน,มูลค่ายุตธิ รรมผ่านกําไรขาดทุนเบ็ดเสร็จอื่น,- เงินลงทุนในตราสารทุนทีว่ ดั มูลค่าด้วย มูลค่ายุตธิ รรมผ่านกําไรขาดทุนเบ็ดเสร็จอื่น,OCI_FVOCI_DEBT,OCI_FVOCI_DEBT,0.918,,4480666.0,,4480666.0
STANLEY,Thai-Stanley_Q1_June69-T1-1.pdf,CF,baht,10,กระแสเงินสดจากกิจกรรมลงทุน,"- เงินลงทุนในบริษทั ร่วม 8, 12","- เงินลงทุนในบริษทั ร่วม 8, 12",INVEST_ASSOCIATE,INVEST_ASSOCIATE,1.0,427886263.0,419934398.0,427886263.0,419934398.0
STANLEY,Thai-Stanley_Q1_June69-T1-1.pdf,CF,baht,10,กระแสเงินสดจากกิจกรรมลงทุน,เงินสดจ่ายเพื่อซือ้ สินทรัพย์ไม่มตี วั ตน,เงินสดจ่ายเพื่อซือ้ สินทรัพย์ไม่มตี วั ตน,,,0.706,-81829885.0,-70438795.0,-81829885.0,-70438795.0
STANLEY,Thai-Stanley_Q1_June69-T1-1.pdf,CF,baht,10,กระแสเงินสดจากกิจกรรมลงทุน,เงินสดรับจากเงินลงทุนระยะสัน้ 6,เงินสดรับจากเงินลงทุนระยะสัน้ 6,,,0.857,3199661000.0,1913000000.0,3199661000.0,1913000000.0
STANLEY,Thai-Stanley_Q1_June69-T1-1.pdf,CF,baht,10,กระแสเงินสดจากกิจกรรมลงทุน,เงินสดจ่ายสําหรับเงินลงทุนระยะสัน้ 6,เงินสดจ่ายสําหรับเงินลงทุนระยะสัน้ 6,,,0.778,-4576391000.0,-2660000000.0,-4576391000.0,-2660000000.0
STANLEY,Thai-Stanley_Q1_June69-T1-1.pdf,CF,baht,10,กระแสเงินสดจากกิจกรรมลงทุน,เงินสดสุทธิใช้ไปในกิจกรรมลงทุน,เงินสดสุทธิใช้ไปในกิจกรรมลงทุน,CF_INVESTING,CF_INVESTING,1.0,-1181674143.0,-634602192.0,-1181674143.0,-634602192.0
STANLEY,Thai-Stanley_Q1_June69-T1-1.pdf,CF,baht,10,กระแสเงินสดจากกิจกรรมจัดหาเงิน,เงิ นสดและรายการเทียบเท่าเงิ นสดลดลงสุทธิ,เงิ นสดและรายการเทียบเท่าเงิ นสดลดลงสุทธิ,CASH_NET_CHANGE,CASH_NET_CHANGE,1.0,-628181716.0,-107918854.0,-628181716.0,-107918854.0
STANLEY,Thai-Stanley_Q1_June69-T1-1.pdf,CF,baht,10,กระแสเงินสดจากกิจกรรมจัดหาเงิน,เงินสดและรายการเทียบเท่าเงินสดต้นรอบระยะเวลา,เงินสดและรายการเทียบเท่าเงินสดต้นรอบระยะเวลา,CASH_BEGIN,CASH_BEGIN,1.0,1094380390.0,1356922774.0,1094380390.0,1356922774.0
STANLEY,Thai-Stanley_Q1_June69-T1-1.pdf,CF,baht,10,กระแสเงินสดจากกิจกรรมจัดหาเงิน,ผลกระทบของการเปลีย่ นแปลงอัตราแลกเปลีย่ น,ผลกระทบของการเปลีย่ นแปลงอัตราแลกเปลีย่ น,CASH_FX_EFFECT,CASH_FX_EFFECT_AFTER,1.0,2339458.0,708589.0,2339458.0,708589.0
STANLEY,Thai-Stanley_Q1_June69-T1-1.pdf,CF,baht,10,กระแสเงินสดจากกิจกรรมจัดหาเงิน,เงินสดและรายการเทียบเท่าเงินสดปลายรอบระยะเวลา,เงินสดและรายการเทียบเท่าเงินสดปลายรอบระยะเวลา,CASH_END,CASH_END,1.0,468538132.0,1249712509.0,468538132.0,1249712509.0
STANLEY,Thai-Stanley_Q1_June69-T1-1.pdf,CF,baht,10,กระแสเงินสดจากกิจกรรมจัดหาเงิน,และสินทรัพย์ไม่มตี วั ตน,และสินทรัพย์ไม่มตี วั ตน,INTANGIBLES,INTANGIBLES,0.96,42062821.0,118759316.0,42062821.0,118759316.0
STANLEY,Thai-Stanley_Q1_June69-T1-1.pdf,CF,baht,10,กระแสเงินสดจากกิจกรรมจัดหาเงิน,และอุปกรณ์ - กิจการทีเ่ กีย่ วข้องกัน,และอุปกรณ์ - กิจการทีเ่ กีย่ วข้องกัน,,,0.789,854309.0,3334586.0,854309.0,3334586.0
STANLEY,Thai-Stanley_Q1_June69-T1-1.pdf,CF,baht,10,กระแสเงินสดจากกิจกรรมจัดหาเงิน,ยอดคงเหลือหนีส้ นิ ทีเ่ กิดจากการจ่ายเงินปั นผล,ยอดคงเหลือหนีส้ นิ ทีเ่ กิดจากการจ่ายเงินปั นผล,,,0.65,1302625000.0,919500000.0,1302625000.0,919500000.0
CPF,pdf_th_FINANCIAL_STATEMENTS_CPF.pdf,SE,thousand,"9,10,11",งบรวม+งบเฉพาะกิจการ,ยอดคงเหลือ ณ วันที่ 1 มกราคม 2569,ยอดคงเหลือ ณ วันที่ 1 มกราคม,SE_OPENING,SE_OPENING,1.0,251859488.0,293223542.0,153192000.0,155928374.0
CPF,pdf_th_FINANCIAL_STATEMENTS_CPF.pdf,SE,thousand,"9,10,11",งบรวม+งบเฉพาะกิจการ,ซื้ อหุ ้นคืน 7,ซื้ อหุ ้นคืน 7,,,0.571,-644344.0,-47439.0,-320405.0,
CPF,pdf_th_FINANCIAL_STATEMENTS_CPF.pdf,SE,thousand,"9,10",งบรวม,เงินปั นผลจ่าย,เงินปั นผลจ่าย,SE_DIVIDEND,SE_DIVIDEND,1.0,-15217.0,,,
CPF,pdf_th_FINANCIAL_STATEMENTS_CPF.pdf,SE,thousand,"9,10,11",งบรวม+งบเฉพาะกิจการ,รวมการจัดสรรส่ วนทุนให้ ผ้ ูถอื หุ้น,รวมการจัดสรรส่ วนทุนให้ ผ้ ูถอื หุ้น,,,0.629,-659561.0,-47439.0,-320405.0,
CPF,pdf_th_FINANCIAL_STATEMENTS_CPF.pdf,SE,thousand,"9,10",งบรวม,บริ ษทั ย่อยออกหุ ้นเพิ่มทุน,บริ ษทั ย่อยออกหุ ้นเพิ่มทุน,,,0.467,740478.0,,,
CPF,pdf_th_FINANCIAL_STATEMENTS_CPF.pdf,SE,thousand,"9,10",งบรวม,รวมการเปลี่ยนแปลงในส่ วนได้ เสียของบริษทั ย่อย,รวมการเปลี่ยนแปลงในส่ วนได้ เสียของบริษทั ย่อย,,,0.755,740478.0,,,
CPF,pdf_th_FINANCIAL_STATEMENTS_CPF.pdf,SE,thousand,"9,10,11",งบรวม+งบเฉพาะกิจการ,รวมรายการกับผู้ถือหุ้นที่บันทึกโดยตรงเข้ าส่ วนของผู้ถือหุ้น,รวมรายการกับผู้ถือหุ้นที่บันทึกโดยตรงเข้ าส่ วนของผู้ถือหุ้น,SE_SHAREHOLDER_TXN_TOTAL,SE_SHAREHOLDER_TXN_TOTAL,1.0,80917.0,-47439.0,-320405.0,
CPF,pdf_th_FINANCIAL_STATEMENTS_CPF.pdf,SE,thousand,"9,10,9,10,11,11",งบรวม+งบเฉพาะกิจการ,- กาไรจากการวัดมูลค่าใหม่ของผลประโยชน์พนักงานที่กาหนดไว้,- กาไรจากการวัดมูลค่าใหม่ของผลประโยชน์พนักงานที่กาหนดไว้,OCI_REMEASURE_EMPLOYEE,OCI_REMEASURE_EMPLOYEE,0.914,366109.0,-129418.0,95045.0,-41356.0
CPF,pdf_th_FINANCIAL_STATEMENTS_CPF.pdf,SE,thousand,"9,10,11",งบรวม+งบเฉพาะกิจการ,รวมกาไร (ขาดทุน) เบ็ดเสร็จสาหรับงวด,รวมกาไร (ขาดทุน) เบ็ดเสร็จสาหรับงวด,SE_TCI,SE_TCI,1.0,13227766.0,16856648.0,366518.0,-1678755.0
CPF,pdf_th_FINANCIAL_STATEMENTS_CPF.pdf,SE,thousand,"9,10,11",งบรวม+งบเฉพาะกิจการ,- สุทธิ จากภาษีเงินได้,- สุทธิ จากภาษีเงินได้,,,0.667,-270881.0,-336446.0,-270881.0,-336446.0
CPF,pdf_th_FINANCIAL_STATEMENTS_CPF.pdf,SE,thousand,"9,10,11",งบรวม+งบเฉพาะกิจการ,ยอดคงเหลือ ณ วันที่ 31 มีนาคม 2569,ยอดคงเหลือ ณ วันที่ 31 มีนาคม,SE_CLOSING,SE_CLOSING,1.0,264897290.0,309696305.0,152967232.0,153913173.0
CPF,pdf_th_FINANCIAL_STATEMENTS_CPF.pdf,SE,thousand,11,งบเฉพาะกิจการ,ขาดทุน,ขาดทุน,SE_PROFIT,SE_PROFIT,1.0,,,,-1637861.0
CPF,pdf_th_FINANCIAL_STATEMENTS_CPF.pdf,BS,thousand,1,สินทรัพย์หมุนเวียน,เงินสดและรายการเทียบเท่าเงินสด,เงินสดและรายการเทียบเท่าเงินสด,CASH,CASH,1.0,22933621.0,23370662.0,889235.0,933303.0
CPF,pdf_th_FINANCIAL_STATEMENTS_CPF.pdf,BS,thousand,1,สินทรัพย์หมุนเวียน,เงินฝากสถาบันการเงินที่มีขอ้ จากัดในการเบิกใช้,เงินฝากสถาบันการเงินที่มีขอ้ จากัดในการเบิกใช้,,,0.744,48685.0,28136.0,,
CPF,pdf_th_FINANCIAL_STATEMENTS_CPF.pdf,BS,thousand,1,สินทรัพย์หมุนเวียน,ลูกหนี้ การค้าและลูกหนี้ หมุนเวียนอื่น 10,ลูกหนี้ การค้าและลูกหนี้ หมุนเวียนอื่น 10,TRADE_RECEIVABLES,TRADE_RECEIVABLES,1.0,43083808.0,41033612.0,1545568.0,1488857.0
CPF,pdf_th_FINANCIAL_STATEMENTS_CPF.pdf,BS,thousand,1,สินทรัพย์หมุนเวียน,ค่าใช้จ่ายจ่ายล่วงหน้า,ค่าใช้จ่ายจ่ายล่วงหน้า,,,0.717,2385225.0,2336456.0,140428.0,168631.0
CPF,pdf_th_FINANCIAL_STATEMENTS_CPF.pdf,BS,thousand,1,สินทรัพย์หมุนเวียน,เงินปันผลค้างรับ 2,เงินปันผลค้างรับ 2,,,0.889,1081.0,1025.0,,4586151.0
CPF,pdf_th_FINANCIAL_STATEMENTS_CPF.pdf,BS,thousand,1,สินทรัพย์หมุนเวียน,รายได้คา้ งรับ,รายได้คา้ งรับ,,,0.727,932559.0,932749.0,1158878.0,633126.0
CPF,pdf_th_FINANCIAL_STATEMENTS_CPF.pdf,BS,thousand,1,สินทรัพย์หมุนเวียน,เงินจ่ายล่วงหน้าค่าสิ นค้า,เงินจ่ายล่วงหน้าค่าสิ นค้า,,,0.764,3565488.0,3280636.0,,
CPF,pdf_th_FINANCIAL_STATEMENTS_CPF.pdf,BS,thousand,1,สินทรัพย์หมุนเวียน,เงินให้กยู้ มื ระยะสั้นแก่กิจการที่เกี่ยวข้องกัน 2,เงินให้กยู้ มื ระยะสั้นแก่กิจการที่เกี่ยวข้องกัน 2,SHORT_TERM_LOANS_RELATED,SHORT_TERM_LOANS_RELATED,1.0,,15656.0,30358485.0,27381676.0
CPF,pdf_th_FINANCIAL_STATEMENTS_CPF.pdf,BS,thousand,1,สินทรัพย์หมุนเวียน,สิ นค้าคงเหลือ,สิ นค้าคงเหลือ,INVENTORY,INVENTORY,1.0,62212166.0,61310591.0,1848223.0,1783459.0
CPF,pdf_th_FINANCIAL_STATEMENTS_CPF.pdf,BS,thousand,1,สินทรัพย์หมุนเวียน,สิ นทรัพย์ชีวภาพหมุนเวียน,สิ นทรัพย์ชีวภาพหมุนเวียน,,,0.8,49379889.0,46902891.0,615208.0,562328.0
CPF,pdf_th_FINANCIAL_STATEMENTS_CPF.pdf,BS,thousand,1,สินทรัพย์หมุนเวียน,สิ นทรัพย์ทางการเงินหมุนเวียนอื่น 10,สิ นทรัพย์ทางการเงินหมุนเวียนอื่น 10,OTHER_CURRENT_FIN_ASSETS,OTHER_CURRENT_FIN_ASSETS,1.0,3821535.0,4594371.0,6510.0,3207.0
CPF,pdf_th_FINANCIAL_STATEMENTS_CPF.pdf,BS,thousand,1,สินทรัพย์หมุนเวียน,สิ นทรัพย์หมุนเวียนอื่น,สิ นทรัพย์หมุนเวียนอื่น,OTHER_CURRENT_ASSETS,OTHER_CURRENT_ASSETS,1.0,8439749.0,7909972.0,17455.0,14827.0
CPF,pdf_th_FINANCIAL_STATEMENTS_CPF.pdf,BS,thousand,1,สินทรัพย์หมุนเวียน,สิ นทรัพย์ที่ถือไว้เพื่อขาย,สิ นทรัพย์ที่ถือไว้เพื่อขาย,,,0.691,36353.0,36532.0,,
CPF,pdf_th_FINANCIAL_STATEMENTS_CPF.pdf,BS,thousand,1,สินทรัพย์หมุนเวียน,รวมสินทรัพย์หมุนเวียน,รวมสินทรัพย์หมุนเวียน,TOTAL_CURRENT_ASSETS,TOTAL_CURRENT_ASSETS,1.0,196840159.0,191753289.0,36579990.0,37555565.0
CPF,pdf_th_FINANCIAL_STATEMENTS_CPF.pdf,BS,thousand,2,สินทรัพย์ไม่หมุนเวียน,สิ นทรัพย์ทางการเงินไม่หมุนเวียนอื่น 10,สิ นทรัพย์ทางการเงินไม่หมุนเวียนอื่น 10,OTHER_NONCURRENT_FIN_ASSETS,OTHER_NONCURRENT_FIN_ASSETS,1.0,235914.0,241263.0,,
CPF,pdf_th_FINANCIAL_STATEMENTS_CPF.pdf,BS,thousand,2,สินทรัพย์ไม่หมุนเวียน,เงินลงทุนในตราสารทุน 10,เงินลงทุนในตราสารทุน 10,,,0.727,21514781.0,14064169.0,7271750.0,909635.0
CPF,pdf_th_FINANCIAL_STATEMENTS_CPF.pdf,BS,thousand,2,สินทรัพย์ไม่หมุนเวียน,เงินลงทุนในบริ ษทั ย่อย 3,เงินลงทุนในบริ ษทั ย่อย 3,INVEST_SUBSIDIARY,INVEST_SUBSIDIARY,1.0,,,281333761.0,280151988.0
CPF,pdf_th_FINANCIAL_STATEMENTS_CPF.pdf,BS,thousand,2,สินทรัพย์ไม่หมุนเวียน,เงินลงทุนในบริ ษทั ร่ วม 4,เงินลงทุนในบริ ษทั ร่ วม 4,INVEST_ASSOCIATE,INVEST_ASSOCIATE,1.0,249592959.0,244872346.0,11751125.0,11751125.0
CPF,pdf_th_FINANCIAL_STATEMENTS_CPF.pdf,BS,thousand,2,สินทรัพย์ไม่หมุนเวียน,เงินลงทุนในการร่ วมค้า 4,เงินลงทุนในการร่ วมค้า 4,INVEST_JV,INVEST_JV,1.0,22274292.0,21678483.0,4506624.0,4506624.0
CPF,pdf_th_FINANCIAL_STATEMENTS_CPF.pdf,BS,thousand,2,สินทรัพย์ไม่หมุนเวียน,"เงินให้กยู้ มื ระยะยาวแก่กิจการที่เกี่ยวข้องกัน 2, 10","เงินให้กยู้ มื ระยะยาวแก่กิจการที่เกี่ยวข้องกัน 2, 10",LONG_TERM_LOANS_RELATED,LONG_TERM_LOANS_RELATED,1.0,439934.0,862409.0,2020000.0,
CPF,pdf_th_FINANCIAL_STATEMENTS_CPF.pdf,BS,thousand,2,สินทรัพย์ไม่หมุนเวียน,อสังหาริ มทรัพย์เพื่อการลงทุน,อสังหาริ มทรัพย์เพื่อการลงทุน,INVESTMENT_PROPERTY,INVESTMENT_PROPERTY,1.0,8260921.0,8261703.0,2696115.0,2696115.0
CPF,pdf_th_FINANCIAL_STATEMENTS_CPF.pdf,BS,thousand,2,สินทรัพย์ไม่หมุนเวียน,ที่ดิน อาคารและอุปกรณ์ 5,ที่ดิน อาคารและอุปกรณ์ 5,PPE,PPE,1.0,253636071.0,251749776.0,18982018.0,19014933.0
CPF,pdf_th_FINANCIAL_STATEMENTS_CPF.pdf,BS,thousand,2,สินทรัพย์ไม่หมุนเวียน,สิ นทรัพย์สิทธิการใช้,สิ นทรัพย์สิทธิการใช้,RIGHT_OF_USE,RIGHT_OF_USE,1.0,36763122.0,36249906.0,595461.0,592389.0
CPF,pdf_th_FINANCIAL_STATEMENTS_CPF.pdf,BS,thousand,2,สินทรัพย์ไม่หมุนเวียน,ค่าความนิ ยม,ค่าความนิ ยม,GOODWILL,GOODWILL,1.0,58263324.0,56722939.0,,
CPF,pdf_th_FINANCIAL_STATEMENTS_CPF.pdf,BS,thousand,2,สินทรัพย์ไม่หมุนเวียน,สิ นทรัพย์ไม่มีตวั ตนอื่น,สิ นทรัพย์ไม่มีตวั ตนอื่น,INTANGIBLES,INTANGIBLES,1.0,12674553.0,12526762.0,26758.0,28550.0
CPF,pdf_th_FINANCIAL_STATEMENTS_CPF.pdf,BS,thousand,2,สินทรัพย์ไม่หมุนเวียน,สิ นทรัพย์ชีวภาพไม่หมุนเวียน,สิ นทรัพย์ชีวภาพไม่หมุนเวียน,,,0.812,11346730.0,11379823.0,,
CPF,pdf_th_FINANCIAL_STATEMENTS_CPF.pdf,BS,thousand,2,สินทรัพย์ไม่หมุนเวียน,สิ นทรัพย์ภาษีเงินได้รอการตัดบัญชี,สิ นทรัพย์ภาษีเงินได้รอการตัดบัญชี,DEFERRED_TAX_ASSETS,DEFERRED_TAX_ASSETS,1.0,8480559.0,8248987.0,3360208.0,3365550.0
CPF,pdf_th_FINANCIAL_STATEMENTS_CPF.pdf,BS,thousand,2,สินทรัพย์ไม่หมุนเวียน,สิ นทรัพย์ไม่หมุนเวียนอื่น,สิ นทรัพย์ไม่หมุนเวียนอื่น,OTHER_NONCURRENT_ASSETS,OTHER_NONCURRENT_ASSETS,1.0,3406969.0,3184228.0,27672.0,27150.0
CPF,pdf_th_FINANCIAL_STATEMENTS_CPF.pdf,BS,thousand,2,สินทรัพย์ไม่หมุนเวียน,รวมสินทรัพย์ไม่ หมุนเวียน,รวมสินทรัพย์ไม่ หมุนเวียน,TOTAL_NONCURRENT_ASSETS,TOTAL_NONCURRENT_ASSETS,1.0,686890129.0,670042794.0,332571492.0,323044059.0
CPF,pdf_th_FINANCIAL_STATEMENTS_CPF.pdf,BS,thousand,2,สินทรัพย์ไม่หมุนเวียน,รวมสินทรัพย์,รวมสินทรัพย์,TOTAL_ASSETS,TOTAL_ASSETS,1.0,883730288.0,861796083.0,369151482.0,360599624.0
CPF,pdf_th_FINANCIAL_STATEMENTS_CPF.pdf,BS,thousand,3,หนี้สินหมุนเวียน,จากสถาบันการเงิน,จากสถาบันการเงิน,,,0.792,74746626.0,64300363.0,2000000.0,
CPF,pdf_th_FINANCIAL_STATEMENTS_CPF.pdf,BS,thousand,3,หนี้สินหมุนเวียน,ตัว๋ แลกเงิน,ตัว๋ แลกเงิน,,,0.786,91159548.0,85010794.0,43770387.0,37336610.0
CPF,pdf_th_FINANCIAL_STATEMENTS_CPF.pdf,BS,thousand,3,หนี้สินหมุนเวียน,เจ้าหนี้ การค้าและเจ้าหนี้ หมุนเวียนอื่น,เจ้าหนี้ การค้าและเจ้าหนี้ หมุนเวียนอื่น,TRADE_PAYABLES,TRADE_PAYABLES,1.0,39131191.0,37984791.0,860964.0,984982.0
CPF,pdf_th_FINANCIAL_STATEMENTS_CPF.pdf,BS,thousand,3,หนี้สินหมุนเวียน,ค่าใช้จ่ายค้างจ่าย,ค่าใช้จ่ายค้างจ่าย,ACCRUED_EXPENSES,ACCRUED_EXPENSES,1.0,14400544.0,14588237.0,1413968.0,1807207.0
CPF,pdf_th_FINANCIAL_STATEMENTS_CPF.pdf,BS,thousand,3,หนี้สินหมุนเวียน,กาหนดชาระภายในหนึ่ งปี 10,ส่ วนของเงินกูย้ มื ระยะยาวจากสถาบันการเงินที่ถึง กาหนดชาระภายในหนึ่ งปี 10,CURRENT_PORTION_LT_BORROWINGS,CURRENT_PORTION_LT_BORROWINGS,0.921,26624003.0,41105237.0,,
CPF,pdf_th_FINANCIAL_STATEMENTS_CPF.pdf,BS,thousand,3,หนี้สินหมุนเวียน,ภายในหนึ่ งปี,ส่ วนของหนี้ สินตามสัญญาเช่าที่ถึงกาหนดชาระ ภายในหนึ่ งปี,CURRENT_LEASE_LIABILITIES,CURRENT_LEASE_LIABILITIES,1.0,5575713.0,5136076.0,142701.0,137009.0
CPF,pdf_th_FINANCIAL_STATEMENTS_CPF.pdf,BS,thousand,3,หนี้สินหมุนเวียน,ส่ วนของหุ้นกูท้ ี่ถึงกาหนดชาระภายในหนึ่ งปี 10,ส่ วนของหุ้นกูท้ ี่ถึงกาหนดชาระภายในหนึ่ งปี 10,,,0.873,6389100.0,22803600.0,4989100.0,18053600.0
CPF,pdf_th_FINANCIAL_STATEMENTS_CPF.pdf,BS,thousand,3,หนี้สินหมุนเวียน,เงินกูย้ มื ระยะสั้นจากกิจการที่เกี่ยวข้องกัน 2,เงินกูย้ มื ระยะสั้นจากกิจการที่เกี่ยวข้องกัน 2,SHORT_TERM_BORROWINGS_RELATED,SHORT_TERM_BORROWINGS_RELATED,1.0,2513659.0,2043039.0,44102768.0,42922768.0
CPF,pdf_th_FINANCIAL_STATEMENTS_CPF.pdf,BS,thousand,3,หนี้สินหมุนเวียน,ภาษีเงินได้นิติบุคคลค้างจ่าย,ภาษีเงินได้นิติบุคคลค้างจ่าย,INCOME_TAX_PAYABLE,INCOME_TAX_PAYABLE,1.0,3681576.0,2901255.0,,
CPF,pdf_th_FINANCIAL_STATEMENTS_CPF.pdf,BS,thousand,3,หนี้สินหมุนเวียน,หนี้ สินทางการเงินหมุนเวียนอื่น 10,หนี้ สินทางการเงินหมุนเวียนอื่น 10,OTHER_CURRENT_FIN_LIAB,OTHER_CURRENT_FIN_LIAB,1.0,2553149.0,2667820.0,7086.0,71398.0
CPF,pdf_th_FINANCIAL_STATEMENTS_CPF.pdf,BS,thousand,3,หนี้สินหมุนเวียน,หนี้ สินหมุนเวียนอื่น,หนี้ สินหมุนเวียนอื่น,OTHER_CURRENT_LIAB,OTHER_CURRENT_LIAB,1.0,7608964.0,7416717.0,320369.0,433784.0
CPF,pdf_th_FINANCIAL_STATEMENTS_CPF.pdf,BS,thousand,3,หนี้สินหมุนเวียน,รวมหนีส้ ิ นหมุนเวียน,รวมหนีส้ ิ นหมุนเวียน,TOTAL_CURRENT_LIAB,TOTAL_CURRENT_LIAB,1.0,274384073.0,285957929.0,97607343.0,101747358.0
CPF,pdf_th_FINANCIAL_STATEMENTS_CPF.pdf,BS,thousand,3,หนี้สินไม่หมุนเวียน,เงินกูย้ มื ระยะยาวจากสถาบันการเงิน 10,เงินกูย้ มื ระยะยาวจากสถาบันการเงิน 10,LONG_TERM_BORROWINGS,LONG_TERM_BORROWINGS,1.0,86375414.0,78803246.0,,
CPF,pdf_th_FINANCIAL_STATEMENTS_CPF.pdf,BS,thousand,3,หนี้สินไม่หมุนเวียน,หนี้ สินตามสัญญาเช่า,หนี้ สินตามสัญญาเช่า,LEASE_LIABILITIES,LEASE_LIABILITIES,1.0,31695150.0,31466389.0,460916.0,470498.0
CPF,pdf_th_FINANCIAL_STATEMENTS_CPF.pdf,BS,thousand,3,หนี้สินไม่หมุนเวียน,"หุ้นกู้ 6, 10","หุ้นกู้ 6, 10",DEBENTURES,DEBENTURES,1.0,199174693.0,186116556.0,116042650.0,102985222.0
CPF,pdf_th_FINANCIAL_STATEMENTS_CPF.pdf,BS,thousand,3,หนี้สินไม่หมุนเวียน,หนี้ สินภาษีเงินได้รอการตัดบัญชี,หนี้ สินภาษีเงินได้รอการตัดบัญชี,DEFERRED_TAX_LIAB,DEFERRED_TAX_LIAB,1.0,15598520.0,15172519.0,,
CPF,pdf_th_FINANCIAL_STATEMENTS_CPF.pdf,BS,thousand,3,หนี้สินไม่หมุนเวียน,ประมาณการหนี้ สินสาหรับผลประโยชน์พนักงาน,ประมาณการหนี้ สินสาหรับผลประโยชน์พนักงาน,EMPLOYEE_BENEFIT_PROVISION,EMPLOYEE_BENEFIT_PROVISION,1.0,8965069.0,9274657.0,2073341.0,2204546.0
CPF,pdf_th_FINANCIAL_STATEMENTS_CPF.pdf,BS,thousand,3,หนี้สินไม่หมุนเวียน,หนี้ สินทางการเงินไม่หมุนเวียนอื่น 10,หนี้ สินทางการเงินไม่หมุนเวียนอื่น 10,OTHER_NONCURRENT_FIN_LIAB,OTHER_NONCURRENT_FIN_LIAB,1.0,1491812.0,2031676.0,,
CPF,pdf_th_FINANCIAL_STATEMENTS_CPF.pdf,BS,thousand,3,หนี้สินไม่หมุนเวียน,หนี้ สินไม่หมุนเวียนอื่น,หนี้ สินไม่หมุนเวียนอื่น,OTHER_NONCURRENT_LIAB,OTHER_NONCURRENT_LIAB,1.0,1148267.0,1113623.0,,
CPF,pdf_th_FINANCIAL_STATEMENTS_CPF.pdf,BS,thousand,3,หนี้สินไม่หมุนเวียน,รวมหนีส้ ิ นไม่หมุนเวียน,รวมหนีส้ ิ นไม่หมุนเวียน,TOTAL_NONCURRENT_LIAB,TOTAL_NONCURRENT_LIAB,1.0,344448925.0,323978666.0,118576907.0,105660266.0
CPF,pdf_th_FINANCIAL_STATEMENTS_CPF.pdf,BS,thousand,3,หนี้สินไม่หมุนเวียน,รวมหนีส้ ิ น,รวมหนีส้ ิ น,TOTAL_LIABILITIES,TOTAL_LIABILITIES,1.0,618832998.0,609936595.0,216184250.0,207407624.0
CPF,pdf_th_FINANCIAL_STATEMENTS_CPF.pdf,BS,thousand,4,ส่วนของผู้ถือหุ้น,ทุนจดทะเบียน (หุ้ นสามัญ มูลค่ า 1 บาทต่ อหุ้ น),ทุนจดทะเบียน (หุ้ นสามัญ มูลค่ า 1 บาทต่ อหุ้ น),,,0.533,9087251.0,9087251.0,9087251.0,9087251.0
CPF,pdf_th_FINANCIAL_STATEMENTS_CPF.pdf,BS,thousand,4,ทุนที่ออกและชำระแล้ว,(หุ้ นสามัญ มูลค่ า 1 บาทต่ อหุ้ น),(หุ้ นสามัญ มูลค่ า 1 บาทต่ อหุ้ น),,,0.611,8406963.0,8406963.0,8406963.0,8406963.0
CPF,pdf_th_FINANCIAL_STATEMENTS_CPF.pdf,BS,thousand,4,ทุนที่ออกและชำระแล้ว,ส่ วนเกินมูลค่าหุ้นสามัญ,ส่ วนเกินมูลค่าหุ้นสามัญ,SHARE_PREMIUM,SHARE_PREMIUM,1.0,55960752.0,55960752.0,55070725.0,55070725.0
CPF,pdf_th_FINANCIAL_STATEMENTS_CPF.pdf,BS,thousand,4,ทุนที่ออกและชำระแล้ว,ในบริ ษทั ย่อย และบริ ษทั ร่ วม,ในบริ ษทั ย่อย และบริ ษทั ร่ วม,,,0.78,-14934509.0,-15276934.0,,
CPF,pdf_th_FINANCIAL_STATEMENTS_CPF.pdf,BS,thousand,4,ทุนที่ออกและชำระแล้ว,ภายใต้การควบคุมเดียวกัน,ส่ วนเกิน (ต่ากว่า) ทุนจากการรวมธุรกิจ ภายใต้การควบคุมเดียวกัน,BUSINESS_COMBINATION_SURPLUS,BUSINESS_COMBINATION_SURPLUS,0.971,-9917.0,-9917.0,490423.0,490423.0
CPF,pdf_th_FINANCIAL_STATEMENTS_CPF.pdf,BS,thousand,4,ทุนที่ออกและชำระแล้ว,ส่ วนเกินทุนอื่น,ส่ วนเกินทุนอื่น,,,0.71,3688893.0,3688893.0,3470021.0,3470021.0
CPF,pdf_th_FINANCIAL_STATEMENTS_CPF.pdf,BS,thousand,4,ทุนที่ออกและชำระแล้ว,ทุนสารองตามกฎหมาย,ทุนสารองตามกฎหมาย,LEGAL_RESERVE,LEGAL_RESERVE,1.0,929166.0,929166.0,929166.0,929166.0
CPF,pdf_th_FINANCIAL_STATEMENTS_CPF.pdf,BS,thousand,4,ทุนที่ออกและชำระแล้ว,สารองหุ้นทุนซื้ อคืน,สารองหุ้นทุนซื้ อคืน,TREASURY_SHARE_RESERVE,TREASURY_SHARE_RESERVE,1.0,5256158.0,4935753.0,5256158.0,4935753.0
CPF,pdf_th_FINANCIAL_STATEMENTS_CPF.pdf,BS,thousand,4,ทุนที่ออกและชำระแล้ว,ยังไม่ได้จดั สรร,ยังไม่ได้จดั สรร,RETAINED_EARNINGS,RETAINED_EARNINGS,1.0,152435600.0,147667873.0,47900562.0,48067473.0
CPF,pdf_th_FINANCIAL_STATEMENTS_CPF.pdf,BS,thousand,4,ทุนที่ออกและชำระแล้ว,หุ้นทุนซื้ อคืน 7,หุ้นทุนซื้ อคืน 7,TREASURY_STOCK,TREASURY_STOCK,1.0,-11094015.0,-10449671.0,-5256158.0,-4935753.0
CPF,pdf_th_FINANCIAL_STATEMENTS_CPF.pdf,BS,thousand,4,ทุนที่ออกและชำระแล้ว,หุ้นกูด้ อ้ ยสิ ทธิที่มีลกั ษณะคล้ายทุน,หุ้นกูด้ อ้ ยสิ ทธิที่มีลกั ษณะคล้ายทุน,,,0.524,26932000.0,26932000.0,26932000.0,26932000.0
CPF,pdf_th_FINANCIAL_STATEMENTS_CPF.pdf,BS,thousand,4,ทุนที่ออกและชำระแล้ว,องค์ประกอบอื่นของส่วนของผูถ้ ือหุ้น,องค์ประกอบอื่นของส่วนของผูถ้ ือหุ้น,OTHER_EQUITY_COMPONENTS,OTHER_EQUITY_COMPONENTS,1.0,16798962.0,9966650.0,9767372.0,9825229.0
CPF,pdf_th_FINANCIAL_STATEMENTS_CPF.pdf,BS,thousand,4,ทุนที่ออกและชำระแล้ว,รวมส่ วนของบริษทั ใหญ่,รวมส่ วนของบริษทั ใหญ่,,,0.743,244370053.0,232751528.0,152967232.0,153192000.0
CPF,pdf_th_FINANCIAL_STATEMENTS_CPF.pdf,BS,thousand,4,ทุนที่ออกและชำระแล้ว,ส่ วนได้เสี ยที่ไม่มีอานาจควบคุม,ส่ วนได้เสี ยที่ไม่มีอานาจควบคุม,NCI,NCI,1.0,20527237.0,19107960.0,,
CPF,pdf_th_FINANCIAL_STATEMENTS_CPF.pdf,BS,thousand,4,ทุนที่ออกและชำระแล้ว,รวมส่ วนของผู้ถือหุ้น,รวมส่ วนของผู้ถือหุ้น,TOTAL_EQUITY,TOTAL_EQUITY,1.0,264897290.0,251859488.0,152967232.0,153192000.0
CPF,pdf_th_FINANCIAL_STATEMENTS_CPF.pdf,BS,thousand,4,ทุนที่ออกและชำระแล้ว,รวมหนีส้ ิ นและส่ วนของผู้ถือหุ้น,รวมหนีส้ ิ นและส่ วนของผู้ถือหุ้น,TOTAL_LIAB_EQUITY,TOTAL_LIAB_EQUITY,1.0,883730288.0,861796083.0,369151482.0,360599624.0
CPF,pdf_th_FINANCIAL_STATEMENTS_CPF.pdf,IS,thousand,5,,วันที่ 31 มีนาคม วันที่,วันที่ 31 มีนาคม วันที่,,,0.56,,,31.0,
CPF,pdf_th_FINANCIAL_STATEMENTS_CPF.pdf,IS,thousand,5,รายได้,รายได้จากการขายสิ นค้า 8,รายได้จากการขายสิ นค้า 8,,,0.75,136697330.0,144174821.0,5184663.0,5122785.0
CPF,pdf_th_FINANCIAL_STATEMENTS_CPF.pdf,IS,thousand,5,รายได้,รายได้ดอกเบี้ย,รายได้ดอกเบี้ย,FINANCE_INCOME,FINANCE_INCOME,1.0,325490.0,339416.0,479662.0,375856.0
CPF,pdf_th_FINANCIAL_STATEMENTS_CPF.pdf,IS,thousand,5,รายได้,เงินปั นผลรับ 2,เงินปั นผลรับ 2,DIVIDEND_INCOME,DIVIDEND_INCOME,1.0,,,119625.0,
CPF,pdf_th_FINANCIAL_STATEMENTS_CPF.pdf,IS,thousand,5,รายได้,กาไรจากเงินลงทุน,กาไรจากเงินลงทุน,,,0.87,,1192.0,,
CPF,pdf_th_FINANCIAL_STATEMENTS_CPF.pdf,IS,thousand,5,รายได้,กาไรจากอัตราแลกเปลี่ยนสุ ทธิ,กาไรจากอัตราแลกเปลี่ยนสุ ทธิ,,,0.897,27859.0,159360.0,1221441.0,
CPF,pdf_th_FINANCIAL_STATEMENTS_CPF.pdf,IS,thousand,5,รายได้,รายได้อื่น,รายได้อื่น,OTHER_INCOME,OTHER_INCOME,1.0,599954.0,792185.0,76742.0,65683.0
CPF,pdf_th_FINANCIAL_STATEMENTS_CPF.pdf,IS,thousand,5,รายได้,รวมรายได้,รวมรายได้,TOTAL_REVENUE,TOTAL_REVENUE,1.0,137650633.0,145466974.0,7082133.0,5564324.0
CPF,pdf_th_FINANCIAL_STATEMENTS_CPF.pdf,IS,thousand,5,ค่าใช้จ่าย,ต้นทุนขายสิ นค้า 14,ต้นทุนขายสิ นค้า 14,,,0.636,115408054.0,117729907.0,4277104.0,4638881.0
CPF,pdf_th_FINANCIAL_STATEMENTS_CPF.pdf,IS,thousand,5,ค่าใช้จ่าย,ต้นทุนในการจัดจาหน่าย,ต้นทุนในการจัดจาหน่าย,,,0.788,4176979.0,4170098.0,191055.0,207861.0
CPF,pdf_th_FINANCIAL_STATEMENTS_CPF.pdf,IS,thousand,5,ค่าใช้จ่าย,ค่าใช้จ่ายในการบริ หาร,ค่าใช้จ่ายในการบริ หาร,ADMIN_EXPENSES,ADMIN_EXPENSES,1.0,7691311.0,8071042.0,577784.0,632542.0
CPF,pdf_th_FINANCIAL_STATEMENTS_CPF.pdf,IS,thousand,5,ค่าใช้จ่าย,ยุติธรรมของสิ นทรัพย์ชีวภาพ,ยุติธรรมของสิ นทรัพย์ชีวภาพ,,,0.638,-529587.0,-37915.0,,
CPF,pdf_th_FINANCIAL_STATEMENTS_CPF.pdf,IS,thousand,5,ค่าใช้จ่าย,ขาดทุนจากอัตราแลกเปลี่ยนสุ ทธิ,ขาดทุนจากอัตราแลกเปลี่ยนสุ ทธิ,,,0.711,,,,37040.0
CPF,pdf_th_FINANCIAL_STATEMENTS_CPF.pdf,IS,thousand,5,ค่าใช้จ่าย,ต้นทุนทางการเงินของหนี้ สินตามสัญญาเช่า,ต้นทุนทางการเงินของหนี้ สินตามสัญญาเช่า,,,0.615,747307.0,780956.0,8103.0,7146.0
CPF,pdf_th_FINANCIAL_STATEMENTS_CPF.pdf,IS,thousand,5,ค่าใช้จ่าย,ต้นทุนทางการเงินอื่น,ต้นทุนทางการเงินอื่น,FINANCE_COST,FINANCE_COST,0.909,4749712.0,5311002.0,1658680.0,1520133.0
CPF,pdf_th_FINANCIAL_STATEMENTS_CPF.pdf,IS,thousand,5,ค่าใช้จ่าย,รวมค่ าใช้ จ่าย,รวมค่ าใช้ จ่าย,TOTAL_EXPENSES,TOTAL_EXPENSES,1.0,132243776.0,136025090.0,6712726.0,7043603.0
CPF,pdf_th_FINANCIAL_STATEMENTS_CPF.pdf,IS,thousand,5,ค่าใช้จ่าย,และการร่ วมค้าที่ใช้วิธีส่วนได้เสี ย 4,และการร่ วมค้าที่ใช้วิธีส่วนได้เสี ย 4,,,0.865,1366550.0,3443232.0,,
CPF,pdf_th_FINANCIAL_STATEMENTS_CPF.pdf,IS,thousand,5,ค่าใช้จ่าย,กาไร (ขาดทุน) ก่ อนค่ าใช้ จ่ายภาษีเงินได้,กาไร (ขาดทุน) ก่ อนค่ าใช้ จ่ายภาษีเงินได้,PROFIT_BEFORE_TAX,PROFIT_BEFORE_TAX,1.0,6773407.0,12885116.0,369407.0,-1479279.0
CPF,pdf_th_FINANCIAL_STATEMENTS_CPF.pdf,IS,thousand,5,ค่าใช้จ่าย,ค่าใช้จ่ายภาษีเงินได้,ค่าใช้จ่ายภาษีเงินได้,INCOME_TAX_EXPENSE,INCOME_TAX_EXPENSE,1.0,1437727.0,3255089.0,56593.0,158582.0
CPF,pdf_th_FINANCIAL_STATEMENTS_CPF.pdf,IS,thousand,5,ค่าใช้จ่าย,กาไร (ขาดทุน) สาหรับงวด,กาไร (ขาดทุน) สาหรับงวด,NET_PROFIT,NET_PROFIT,1.0,5335680.0,9630027.0,312814.0,-1637861.0
CPF,pdf_th_FINANCIAL_STATEMENTS_CPF.pdf,IS,thousand,7,,วันที่,วันที่,,,0.571,31.0,,31.0,
CPF,pdf_th_FINANCIAL_STATEMENTS_CPF.pdf,IS,thousand,7,,กาไร (ขาดทุน) สาหรับงวด,กาไร (ขาดทุน) สาหรับงวด,NET_PROFIT,NET_PROFIT,1.0,5335680.0,9630027.0,312814.0,-1637861.0
CPF,pdf_th_FINANCIAL_STATEMENTS_CPF.pdf,IS,thousand,7,กำไรขาดทุนเบ็ดเสร็จอื่น,ผลต่างของอัตราแลกเปลี่ยนจากการแปลงค่างบการเงิน,ผลต่างของอัตราแลกเปลี่ยนจากการแปลงค่างบการเงิน,FX_TRANSLATION,FX_TRANSLATION,1.0,3351953.0,8931110.0,,
CPF,pdf_th_FINANCIAL_STATEMENTS_CPF.pdf,IS,thousand,7,กำไรขาดทุนเบ็ดเสร็จอื่น,ความเสี่ ยงกระแสเงินสด,ผลกาไร (ขาดทุน) จากการป้ องกัน ความเสี่ ยงกระแสเงินสด,OCI_CASHFLOW_HEDGE,OCI_CASHFLOW_HEDGE,0.966,450841.0,-901668.0,78003.0,76578.0
CPF,pdf_th_FINANCIAL_STATEMENTS_CPF.pdf,IS,thousand,7,กำไรขาดทุนเบ็ดเสร็จอื่น,และการร่ วมค้าที่ใช้วิธีส่วนได้เสี ย 4,ส่ วนแบ่งกาไรเบ็ดเสร็ จอื่นของบริ ษทั ร่ วม และการร่ วมค้าที่ใช้วิธีส่วนได้เสี ย 4,SHARE_OF_PROFIT_ASSOCIATE,SHARE_OF_PROFIT_ASSOCIATE,0.907,3367304.0,127161.0,,
CPF,pdf_th_FINANCIAL_STATEMENTS_CPF.pdf,IS,thousand,7,กำไรขาดทุนเบ็ดเสร็จอื่น,ไว้ในกาไรหรื อขาดทุนในภายหลัง,ไว้ในกาไรหรื อขาดทุนในภายหลัง,,,0.861,-95163.0,143015.0,-15600.0,-15316.0
CPF,pdf_th_FINANCIAL_STATEMENTS_CPF.pdf,IS,thousand,7,กำไรขาดทุนเบ็ดเสร็จอื่น,กาไรหรื อขาดทุนในภายหลัง,รวมรายการที่อาจถูกจัดประเภทใหม่ ไว้ ใน กาไรหรื อขาดทุนในภายหลัง,OCI_RECLASSIFIABLE_TOTAL,OCI_RECLASSIFIABLE_TOTAL,1.0,7074935.0,8299618.0,62403.0,61262.0
CPF,pdf_th_FINANCIAL_STATEMENTS_CPF.pdf,IS,thousand,7,กำไรขาดทุนเบ็ดเสร็จอื่น,กาไรขาดทุนเบ็ดเสร็ จอื่น,กาไรขาดทุนเบ็ดเสร็ จอื่น,SE_OCI,SE_OCI,1.0,764448.0,-960470.0,-129679.0,-76000.0
CPF,pdf_th_FINANCIAL_STATEMENTS_CPF.pdf,IS,thousand,7,กำไรขาดทุนเบ็ดเสร็จอื่น,ผลประโยชน์พนักงานที่กาหนดไว้,ผลกาไร (ขาดทุน) จากการวัดมูลค่าใหม่ของ ผลประโยชน์พนักงานที่กาหนดไว้,OCI_REMEASURE_EMPLOYEE,OCI_REMEASURE_EMPLOYEE,0.947,454715.0,-164660.0,118805.0,-51695.0
CPF,pdf_th_FINANCIAL_STATEMENTS_CPF.pdf,IS,thousand,7,กำไรขาดทุนเบ็ดเสร็จอื่น,ที่ใช้วิธีส่วนได้เสี ย 4,ที่ใช้วิธีส่วนได้เสี ย 4,,,0.75,-2444.0,32650.0,,
CPF,pdf_th_FINANCIAL_STATEMENTS_CPF.pdf,IS,thousand,7,กำไรขาดทุนเบ็ดเสร็จอื่น,ไว้ในกาไรหรื อขาดทุนในภายหลัง,ไว้ในกาไรหรื อขาดทุนในภายหลัง,,,0.861,-399568.0,19483.0,2175.0,25539.0
CPF,pdf_th_FINANCIAL_STATEMENTS_CPF.pdf,IS,thousand,7,กำไรขาดทุนเบ็ดเสร็จอื่น,กาไรหรื อขาดทุนในภายหลัง,รวมรายการที่จะไม่ ถูกจัดประเภทใหม่ ไว้ ใน กาไรหรื อขาดทุนในภายหลัง,OCI_NON_RECLASSIFIABLE_TOTAL,OCI_NON_RECLASSIFIABLE_TOTAL,1.0,817151.0,-1072997.0,-8699.0,-102156.0
CPF,pdf_th_FINANCIAL_STATEMENTS_CPF.pdf,IS,thousand,7,กำไรขาดทุนเบ็ดเสร็จอื่น,- สุทธิจากภาษี,กาไร (ขาดทุน) เบ็ดเสร็ จอื่นสาหรั บงวด - สุทธิจากภาษี,OCI_TOTAL,OCI_TOTAL,1.0,7892086.0,7226621.0,53704.0,-40894.0
CPF,pdf_th_FINANCIAL_STATEMENTS_CPF.pdf,IS,thousand,7,กำไรขาดทุนเบ็ดเสร็จอื่น,กาไร (ขาดทุน) เบ็ดเสร็ จรวมสาหรั บงวด,กาไร (ขาดทุน) เบ็ดเสร็ จรวมสาหรั บงวด,TOTAL_COMPREHENSIVE_INCOME,TOTAL_COMPREHENSIVE_INCOME,1.0,13227766.0,16856648.0,366518.0,-1678755.0
CPF,pdf_th_FINANCIAL_STATEMENTS_CPF.pdf,CF,thousand,12,,วันที่,วันที่,,,0.571,31.0,,31.0,
CPF,pdf_th_FINANCIAL_STATEMENTS_CPF.pdf,CF,thousand,12,กระแสเงินสดจากกิจกรรมดำเนินงาน,กาไร (ขาดทุน) สาหรับงวด,กาไร (ขาดทุน) สาหรับงวด,NET_PROFIT,NET_PROFIT,1.0,5335680.0,9630027.0,312814.0,-1637861.0
CPF,pdf_th_FINANCIAL_STATEMENTS_CPF.pdf,CF,thousand,12,กระแสเงินสดจากกิจกรรมดำเนินงาน,ค่าใช้จ่ายภาษีเงินได้,ค่าใช้จ่ายภาษีเงินได้,INCOME_TAX_EXPENSE,INCOME_TAX_EXPENSE,1.0,1437727.0,3255089.0,56593.0,158582.0
CPF,pdf_th_FINANCIAL_STATEMENTS_CPF.pdf,CF,thousand,12,กระแสเงินสดจากกิจกรรมดำเนินงาน,ต้นทุนทางการเงิน,ต้นทุนทางการเงิน,FINANCE_COST,FINANCE_COST,1.0,5497019.0,6091958.0,1666783.0,1527279.0
CPF,pdf_th_FINANCIAL_STATEMENTS_CPF.pdf,CF,thousand,12,กระแสเงินสดจากกิจกรรมดำเนินงาน,ค่าเสื่อมราคา,ค่าเสื่อมราคา,,,0.791,5829917.0,5826683.0,213565.0,239234.0
CPF,pdf_th_FINANCIAL_STATEMENTS_CPF.pdf,CF,thousand,12,กระแสเงินสดจากกิจกรรมดำเนินงาน,ค่าตัดจาหน่าย,ค่าตัดจาหน่าย,,,0.773,373901.0,379316.0,1890.0,2534.0
CPF,pdf_th_FINANCIAL_STATEMENTS_CPF.pdf,CF,thousand,12,กระแสเงินสดจากกิจกรรมดำเนินงาน,ค่าเสื่อมราคาของสิ นทรัพย์ชีวภาพ,ค่าเสื่อมราคาของสิ นทรัพย์ชีวภาพ,,,0.625,1682987.0,1974650.0,20365.0,22906.0
CPF,pdf_th_FINANCIAL_STATEMENTS_CPF.pdf,CF,thousand,12,กระแสเงินสดจากกิจกรรมดำเนินงาน,หนี้สูญของลูกหนี้การค้าและลูกหนี้หมุนเวียนอื่น,หนี้สูญของลูกหนี้การค้าและลูกหนี้หมุนเวียนอื่น,,,0.851,18820.0,68318.0,2500.0,1010.0
CPF,pdf_th_FINANCIAL_STATEMENTS_CPF.pdf,CF,thousand,12,กระแสเงินสดจากกิจกรรมดำเนินงาน,ประมาณการหนี้สินสาหรับผลประโยชน์พนักงาน,ประมาณการหนี้สินสาหรับผลประโยชน์พนักงาน,EMPLOYEE_BENEFIT_PROVISION,EMPLOYEE_BENEFIT_PROVISION,1.0,193011.0,199265.0,37848.0,38172.0
CPF,pdf_th_FINANCIAL_STATEMENTS_CPF.pdf,CF,thousand,12,กระแสเงินสดจากกิจกรรมดำเนินงาน,(กาไร) ขาดทุนจากอัตราแลกเปลี่ยนที่ยงั ไม่เกิดขึ้นจริ ง,(กาไร) ขาดทุนจากอัตราแลกเปลี่ยนที่ยงั ไม่เกิดขึ้นจริ ง,,,0.767,6640.0,43583.0,-1225943.0,34334.0
CPF,pdf_th_FINANCIAL_STATEMENTS_CPF.pdf,CF,thousand,12,กระแสเงินสดจากกิจกรรมดำเนินงาน,ของสิ นทรัพย์ชีวภาพ,ของสิ นทรัพย์ชีวภาพ,,,0.69,-529587.0,-37915.0,,
CPF,pdf_th_FINANCIAL_STATEMENTS_CPF.pdf,CF,thousand,12,กระแสเงินสดจากกิจกรรมดำเนินงาน,สิ นทรัพย์ทางการเงินที่ถือไว้เพือ่ ค้า,สิ นทรัพย์ทางการเงินที่ถือไว้เพือ่ ค้า,,,0.718,,-36558.0,,
CPF,pdf_th_FINANCIAL_STATEMENTS_CPF.pdf,CF,thousand,12,กระแสเงินสดจากกิจกรรมดำเนินงาน,กาไรจากเงินลงทุน,กาไรจากเงินลงทุน,,,0.87,,-1192.0,,
CPF,pdf_th_FINANCIAL_STATEMENTS_CPF.pdf,CF,thousand,12,กระแสเงินสดจากกิจกรรมดำเนินงาน,และการร่ วมค้าที่ใช้วิธีส่วนได้เสี ย 4,และการร่ วมค้าที่ใช้วิธีส่วนได้เสี ย 4,,,0.865,-1366550.0,-3443232.0,,
CPF,pdf_th_FINANCIAL_STATEMENTS_CPF.pdf,CF,thousand,12,กระแสเงินสดจากกิจกรรมดำเนินงาน,กลับรายการขาดทุนจากการปรับลดมูลค่าสิ นค้า,กลับรายการขาดทุนจากการปรับลดมูลค่าสิ นค้า,,,0.585,-95731.0,-63481.0,-24773.0,-3995.0
CPF,pdf_th_FINANCIAL_STATEMENTS_CPF.pdf,CF,thousand,12,กระแสเงินสดจากกิจกรรมดำเนินงาน,และสิ นทรัพย์สิทธิ การใช้,และสิ นทรัพย์สิทธิ การใช้,RIGHT_OF_USE,RIGHT_OF_USE,0.96,-47861.0,201202.0,-31137.0,222834.0
CPF,pdf_th_FINANCIAL_STATEMENTS_CPF.pdf,CF,thousand,12,กระแสเงินสดจากกิจกรรมดำเนินงาน,เงินปั นผลรับ,เงินปั นผลรับ,DIVIDEND_INCOME,DIVIDEND_INCOME,1.0,,,-119625.0,
CPF,pdf_th_FINANCIAL_STATEMENTS_CPF.pdf,CF,thousand,12,กระแสเงินสดจากกิจกรรมดำเนินงาน,รายได้ดอกเบี้ย,รายได้ดอกเบี้ย,FINANCE_INCOME,FINANCE_INCOME,1.0,-325490.0,-339416.0,-479662.0,-375856.0
CPF,pdf_th_FINANCIAL_STATEMENTS_CPF.pdf,CF,thousand,13,,วันที่,วันที่,,,0.571,31.0,,31.0,
CPF,pdf_th_FINANCIAL_STATEMENTS_CPF.pdf,CF,thousand,13,,ลูกหนี้การค้าและลูกหนี้หมุนเวียนอื่น,ลูกหนี้การค้าและลูกหนี้หมุนเวียนอื่น,TRADE_RECEIVABLES,TRADE_RECEIVABLES,1.0,-944346.0,-478444.0,-48592.0,428199.0
CPF,pdf_th_FINANCIAL_STATEMENTS_CPF.pdf,CF,thousand,13,,สิ นค้าคงเหลือ,สิ นค้าคงเหลือ,INVENTORY,INVENTORY,1.0,166624.0,1112603.0,-39991.0,152982.0
CPF,pdf_th_FINANCIAL_STATEMENTS_CPF.pdf,CF,thousand,13,,สิ นทรัพย์ชีวภาพ,สิ นทรัพย์ชีวภาพ,,,0.667,-2681338.0,513702.0,-73244.0,-46578.0
CPF,pdf_th_FINANCIAL_STATEMENTS_CPF.pdf,CF,thousand,13,,สิ นทรัพย์หมุนเวียนอื่น,สิ นทรัพย์หมุนเวียนอื่น,OTHER_CURRENT_ASSETS,OTHER_CURRENT_ASSETS,1.0,-660562.0,24683.0,-32268.0,-33559.0
CPF,pdf_th_FINANCIAL_STATEMENTS_CPF.pdf,CF,thousand,13,,สิ นทรัพย์ไม่หมุนเวียนอื่น,สิ นทรัพย์ไม่หมุนเวียนอื่น,OTHER_NONCURRENT_ASSETS,OTHER_NONCURRENT_ASSETS,1.0,-150225.0,-325770.0,-521.0,-189.0
CPF,pdf_th_FINANCIAL_STATEMENTS_CPF.pdf,CF,thousand,13,,เจ้าหนี้การค้าและเจ้าหนี้หมุนเวียนอื่น,เจ้าหนี้การค้าและเจ้าหนี้หมุนเวียนอื่น,TRADE_PAYABLES,TRADE_PAYABLES,1.0,409201.0,761099.0,16959.0,-45224.0
CPF,pdf_th_FINANCIAL_STATEMENTS_CPF.pdf,CF,thousand,13,,ค่าใช้จ่ายค้างจ่ายและหนี้สินอื่น,ค่าใช้จ่ายค้างจ่ายและหนี้สินอื่น,,,0.696,541263.0,-953829.0,65943.0,36866.0
CPF,pdf_th_FINANCIAL_STATEMENTS_CPF.pdf,CF,thousand,13,,ประมาณการหนี้สินสาหรับผลประโยชน์พนักงานจ่าย,ประมาณการหนี้สินสาหรับผลประโยชน์พนักงานจ่าย,EMPLOYEE_BENEFIT_PROVISION,EMPLOYEE_BENEFIT_PROVISION,0.963,-57218.0,-13374.0,-50249.0,
CPF,pdf_th_FINANCIAL_STATEMENTS_CPF.pdf,CF,thousand,13,,ภาษีเงินได้ (จ่ายออก) รับคืน,ภาษีเงินได้ (จ่ายออก) รับคืน,,,0.64,-1235919.0,-1516731.0,-559.0,9221.0
CPF,pdf_th_FINANCIAL_STATEMENTS_CPF.pdf,CF,thousand,13,,กระแสเงินสดสุ ทธิได้มาจากกิจกรรมดาเนินงาน,กระแสเงินสดสุ ทธิได้มาจากกิจกรรมดาเนินงาน,CF_OPERATING,CF_OPERATING,1.0,13397963.0,22872236.0,268696.0,730891.0
CPF,pdf_th_FINANCIAL_STATEMENTS_CPF.pdf,CF,thousand,13,กระแสเงินสดจากกิจกรรมลงทุน,เงินสดจ่ายเพือ่ ซื้อบริ ษทั ย่อย,เงินสดจ่ายเพือ่ ซื้อบริ ษทั ย่อย,,,0.698,-71725.0,-71611.0,,
CPF,pdf_th_FINANCIAL_STATEMENTS_CPF.pdf,CF,thousand,13,กระแสเงินสดจากกิจกรรมลงทุน,เงินสดจ่ายเพือ่ ซื้อเงินลงทุนและเพิม่ ทุน,เงินสดจ่ายเพือ่ ซื้อเงินลงทุนและเพิม่ ทุน,,,0.74,-7255380.0,,-7673568.0,-3685126.0
CPF,pdf_th_FINANCIAL_STATEMENTS_CPF.pdf,CF,thousand,13,กระแสเงินสดจากกิจกรรมลงทุน,เงินให้กยู้ มื ระยะสั้นแก่กิจการที่เกี่ยวข้องกัน (เพิม่ ขึ้น) ลดลง,เงินให้กยู้ มื ระยะสั้นแก่กิจการที่เกี่ยวข้องกัน (เพิม่ ขึ้น) ลดลง,,,0.857,15656.0,2777.0,-1787228.0,-115000.0
CPF,pdf_th_FINANCIAL_STATEMENTS_CPF.pdf,CF,thousand,13,กระแสเงินสดจากกิจกรรมลงทุน,เงินสดรับจากการให้กยู้ มื ระยะยาวแก่กิจการที่เกี่ยวข้องกัน,เงินสดรับจากการให้กยู้ มื ระยะยาวแก่กิจการที่เกี่ยวข้องกัน,,,0.857,432877.0,,5000.0,43000.0
CPF,pdf_th_FINANCIAL_STATEMENTS_CPF.pdf,CF,thousand,13,กระแสเงินสดจากกิจกรรมลงทุน,เงินสดจ่ายเพือ่ การให้กยู้ มื ระยะยาวแก่กิจการที่เกี่ยวข้องกัน,เงินสดจ่ายเพือ่ การให้กยู้ มื ระยะยาวแก่กิจการที่เกี่ยวข้องกัน,,,0.857,,,-2025000.0,
CPF,pdf_th_FINANCIAL_STATEMENTS_CPF.pdf,CF,thousand,13,กระแสเงินสดจากกิจกรรมลงทุน,และอสังหาริ มทรัพย์เพือ่ การลงทุน,และอสังหาริ มทรัพย์เพือ่ การลงทุน,INVESTMENT_PROPERTY,INVESTMENT_PROPERTY,0.973,163685.0,416944.0,1226.0,2558.0
CPF,pdf_th_FINANCIAL_STATEMENTS_CPF.pdf,CF,thousand,13,กระแสเงินสดจากกิจกรรมลงทุน,เงินสดจ่ายเพือ่ ซื้อที่ดิน อาคารและอุปกรณ์,เงินสดจ่ายเพือ่ ซื้อที่ดิน อาคารและอุปกรณ์,,,0.706,-2987476.0,-3295891.0,-101515.0,-50660.0
CPF,pdf_th_FINANCIAL_STATEMENTS_CPF.pdf,CF,thousand,13,กระแสเงินสดจากกิจกรรมลงทุน,เงินสดจ่ายเพือ่ ซื้อสิ นทรัพย์ไม่มีตวั ตนอื่น,เงินสดจ่ายเพือ่ ซื้อสิ นทรัพย์ไม่มีตวั ตนอื่น,,,0.737,-223155.0,-220586.0,-82.0,-416.0
CPF,pdf_th_FINANCIAL_STATEMENTS_CPF.pdf,CF,thousand,13,กระแสเงินสดจากกิจกรรมลงทุน,สิ นทรัพย์ทางการเงินอื่น (เพิม่ ขึ้น) ลดลง,สิ นทรัพย์ทางการเงินอื่น (เพิม่ ขึ้น) ลดลง,,,0.676,993756.0,-1979408.0,,
CPF,pdf_th_FINANCIAL_STATEMENTS_CPF.pdf,CF,thousand,13,กระแสเงินสดจากกิจกรรมลงทุน,เงินปั นผลรับ,กระแสเงินสดจากกิจกรรมลงทุน เงินปั นผลรับ,DIVIDEND_RECEIVED,DIVIDEND_RECEIVED,1.0,176542.0,7977.0,4705062.0,4425000.0
CPF,pdf_th_FINANCIAL_STATEMENTS_CPF.pdf,CF,thousand,13,กระแสเงินสดจากกิจกรรมลงทุน,ดอกเบี้ยรับ,ดอกเบี้ยรับ,INTEREST_INCOME_CF,INTEREST_INCOME_CF,1.0,330607.0,275763.0,36123.0,45473.0
CPF,pdf_th_FINANCIAL_STATEMENTS_CPF.pdf,CF,thousand,13,กระแสเงินสดจากกิจกรรมลงทุน,กระแสเงินสดสุ ทธิได้มาจาก (ใช้ ไปใน) กิจกรรมลงทุน,กระแสเงินสดสุ ทธิได้มาจาก (ใช้ ไปใน) กิจกรรมลงทุน,CF_INVESTING,CF_INVESTING,1.0,-8424613.0,-4864035.0,-6839982.0,664829.0
CPF,pdf_th_FINANCIAL_STATEMENTS_CPF.pdf,CF,thousand,14,,วันที่,วันที่,,,0.571,31.0,,31.0,
CPF,pdf_th_FINANCIAL_STATEMENTS_CPF.pdf,CF,thousand,14,กระแสเงินสดจากกิจกรรมจัดหาเงิน,เงินสดรับจากการออกหุน้ สามัญเพิม่ ทุนของบริ ษทั ย่อย,เงินสดรับจากการออกหุน้ สามัญเพิม่ ทุนของบริ ษทั ย่อย,,,0.635,740478.0,,,
CPF,pdf_th_FINANCIAL_STATEMENTS_CPF.pdf,CF,thousand,14,กระแสเงินสดจากกิจกรรมจัดหาเงิน,เงินสดจ่ายเพือ่ ซื้อหุน้ ทุนซื้อคืน,เงินสดจ่ายเพือ่ ซื้อหุน้ ทุนซื้อคืน,,,0.676,-785552.0,-47439.0,-461612.0,
CPF,pdf_th_FINANCIAL_STATEMENTS_CPF.pdf,CF,thousand,14,กระแสเงินสดจากกิจกรรมจัดหาเงิน,เงินกูย้ มื ระยะสั้นจากสถาบันการเงินเพิม่ ขึ้น (ลดลง),เงินกูย้ มื ระยะสั้นจากสถาบันการเงินเพิม่ ขึ้น (ลดลง),,,0.826,9329745.0,-9340837.0,2000000.0,
CPF,pdf_th_FINANCIAL_STATEMENTS_CPF.pdf,CF,thousand,14,กระแสเงินสดจากกิจกรรมจัดหาเงิน,ตัว๋ แลกเงินเพิม่ ขึ้น,ตัว๋ แลกเงินเพิม่ ขึ้น,,,0.727,5781503.0,11465080.0,6271289.0,4462029.0
CPF,pdf_th_FINANCIAL_STATEMENTS_CPF.pdf,CF,thousand,14,กระแสเงินสดจากกิจกรรมจัดหาเงิน,เงินกูย้ มื ระยะสั้นจากกิจการที่เกี่ยวข้องกันเพิม่ ขึ้น (ลดลง),เงินกูย้ มื ระยะสั้นจากกิจการที่เกี่ยวข้องกันเพิม่ ขึ้น (ลดลง),,,0.857,397962.0,-762827.0,1180000.0,-13595000.0
CPF,pdf_th_FINANCIAL_STATEMENTS_CPF.pdf,CF,thousand,14,กระแสเงินสดจากกิจกรรมจัดหาเงิน,เงินสดรับจากเงินกูย้ มื ระยะยาวจากสถาบันการเงิน,เงินสดรับจากเงินกูย้ มื ระยะยาวจากสถาบันการเงิน,,,0.826,18734865.0,9650607.0,,
CPF,pdf_th_FINANCIAL_STATEMENTS_CPF.pdf,CF,thousand,14,กระแสเงินสดจากกิจกรรมจัดหาเงิน,เงินสดจ่ายเพือ่ ชาระเงินกูย้ มื ระยะยาวจากสถาบันการเงิน,เงินสดจ่ายเพือ่ ชาระเงินกูย้ มื ระยะยาวจากสถาบันการเงิน,,,0.792,-28965871.0,-21420430.0,,-457770.0
CPF,pdf_th_FINANCIAL_STATEMENTS_CPF.pdf,CF,thousand,14,กระแสเงินสดจากกิจกรรมจัดหาเงิน,เงินสดจ่ายเพือ่ ชาระหนี้สินตามสัญญาเช่า,เงินสดจ่ายเพือ่ ชาระหนี้สินตามสัญญาเช่า,,,0.667,-1664708.0,-1663404.0,-60431.0,-48089.0
CPF,pdf_th_FINANCIAL_STATEMENTS_CPF.pdf,CF,thousand,14,กระแสเงินสดจากกิจกรรมจัดหาเงิน,เงินสดรับจากการออกหุน้ กู้ 6,เงินสดรับจากการออกหุน้ กู้ 6,,,0.842,13070000.0,28000000.0,13070000.0,16500000.0
CPF,pdf_th_FINANCIAL_STATEMENTS_CPF.pdf,CF,thousand,14,กระแสเงินสดจากกิจกรรมจัดหาเงิน,เงินสดจ่ายเพือ่ ชาระคืนหุน้ กู้,เงินสดจ่ายเพือ่ ชาระคืนหุน้ กู้,,,0.706,-16414500.0,-18905000.0,-13064500.0,-5460000.0
CPF,pdf_th_FINANCIAL_STATEMENTS_CPF.pdf,CF,thousand,14,กระแสเงินสดจากกิจกรรมจัดหาเงิน,เงินสดจ่ายชาระต้นทุนธุรกรรมทางการเงิน,เงินสดจ่ายชาระต้นทุนธุรกรรมทางการเงิน,,,0.8,-21860.0,-67592.0,-14027.0,-14582.0
CPF,pdf_th_FINANCIAL_STATEMENTS_CPF.pdf,CF,thousand,14,กระแสเงินสดจากกิจกรรมจัดหาเงิน,และส่วนได้เสี ยที่ไม่มีอานาจควบคุม,และส่วนได้เสี ยที่ไม่มีอานาจควบคุม,NCI,NCI,0.971,-15837.0,-14.0,-1.0,-14.0
CPF,pdf_th_FINANCIAL_STATEMENTS_CPF.pdf,CF,thousand,14,กระแสเงินสดจากกิจกรรมจัดหาเงิน,ดอกเบี้ยจ่าย,ดอกเบี้ยจ่าย,,,0.769,-6062120.0,-6166564.0,-2393500.0,-1963687.0
CPF,pdf_th_FINANCIAL_STATEMENTS_CPF.pdf,CF,thousand,14,กระแสเงินสดจากกิจกรรมจัดหาเงิน,กระแสเงินสดสุ ทธิได้มาจาก (ใช้ ไปใน) กิจกรรมจัดหาเงิน,กระแสเงินสดสุ ทธิได้มาจาก (ใช้ ไปใน) กิจกรรมจัดหาเงิน,CF_FINANCING,CF_FINANCING,1.0,-5875895.0,-9258420.0,6527218.0,-577113.0
CPF,pdf_th_FINANCIAL_STATEMENTS_CPF.pdf,CF,thousand,15,,วันที่,วันที่,,,0.571,31.0,,31.0,
CPF,pdf_th_FINANCIAL_STATEMENTS_CPF.pdf,CF,thousand,15,,ก่อนผลกระทบของอัตราแลกเปลี่ยน,เงินสดและรายการเทียบเท่าเงินสดเพิม่ ขึ้น (ลดลง) สุทธิ ก่อนผลกระทบของอัตราแลกเปลี่ยน,CASH_NET_CHANGE_BEFORE_FX,CASH_NET_CHANGE_BEFORE_FX,1.0,-902545.0,8749781.0,-44068.0,818607.0
CPF,pdf_th_FINANCIAL_STATEMENTS_CPF.pdf,CF,thousand,15,,เทียบเท่าเงินสด,ผลกระทบของอัตราแลกเปลี่ยนที่มีตอ่ เงินสดและรายการ เทียบเท่าเงินสด,CASH_FX_EFFECT,CASH_FX_EFFECT,1.0,458095.0,505188.0,,
CPF,pdf_th_FINANCIAL_STATEMENTS_CPF.pdf,CF,thousand,15,,เงินสดและรายการเทียบเท่าเงินสดเพิม่ ขึน้ (ลดลง) สุ ทธิ,เงินสดและรายการเทียบเท่าเงินสดเพิม่ ขึน้ (ลดลง) สุ ทธิ,CASH_NET_CHANGE,CASH_NET_CHANGE,1.0,-444450.0,9254969.0,-44068.0,818607.0
CPF,pdf_th_FINANCIAL_STATEMENTS_CPF.pdf,CF,thousand,15,,เงินสดและรายการเทียบเท่าเงินสด ณ 1 มกราคม,เงินสดและรายการเทียบเท่าเงินสด ณ 1 มกราคม,CASH_BEGIN,CASH_BEGIN,1.0,22961865.0,24032215.0,933303.0,1226831.0
CPF,pdf_th_FINANCIAL_STATEMENTS_CPF.pdf,CF,thousand,15,,เงินสดและรายการเทียบเท่าเงินสด ณ 31 มีนาคม,เงินสดและรายการเทียบเท่าเงินสด ณ 31 มีนาคม,CASH_END,CASH_END,1.0,22517415.0,33287184.0,889235.0,2045438.0
CPF,pdf_th_FINANCIAL_STATEMENTS_CPF.pdf,CF,thousand,15,ประกอบด้วย,เงินสดและรายการเทียบเท่าเงินสด,เงินสดและรายการเทียบเท่าเงินสด,CASH,CASH,1.0,22933621.0,35276759.0,889235.0,2045438.0
CPF,pdf_th_FINANCIAL_STATEMENTS_CPF.pdf,CF,thousand,15,ประกอบด้วย,เงินเบิกเกินบัญชี,ประกอบด้วย เงินเบิกเกินบัญชี,BANK_OVERDRAFT_IN_CASH,BANK_OVERDRAFT_IN_CASH,1.0,-416206.0,-1989575.0,,
CPF,pdf_th_FINANCIAL_STATEMENTS_CPF.pdf,CF,thousand,15,ประกอบด้วย,สุ ทธิ,สุ ทธิ,,,0.75,22517415.0,33287184.0,889235.0,2045438.0
