company,source,statement,unit,page,section,item_raw,item_used,concept,concept_eq,match_score,con_cur,con_prev,sep_cur,sep_prev
SCB,1q26-financial-statement-note-th_SCB.pdf,CF,thousand,13,,วันที่,วันที่,,,0.5,31.0,,31.0,
SCB,1q26-financial-statement-note-th_SCB.pdf,CF,thousand,13,กระแสเงินสดจากกิจกรรมดำเนินงาน,กาไรจากการดาเนิ นงานก่อนภาษีเงินได้,กาไรจากการดาเนิ นงานก่อนภาษีเงินได้,,,0.69,13576944.0,15334212.0,12633697.0,14563457.0
SCB,1q26-financial-statement-note-th_SCB.pdf,CF,thousand,13,กระแสเงินสดจากกิจกรรมดำเนินงาน,ค่าเสื่ อมราคาและรายจ่ายตัดบัญชี,ค่าเสื่ อมราคาและรายจ่ายตัดบัญชี,,,0.667,1132353.0,1619475.0,1127210.0,1600905.0
SCB,1q26-financial-statement-note-th_SCB.pdf,CF,thousand,13,กระแสเงินสดจากกิจกรรมดำเนินงาน,ผลขาดทุนด้านเครดิตที่คาดว่าจะเกิดขึ้น,ผลขาดทุนด้านเครดิตที่คาดว่าจะเกิดขึ้น,ECL,ECL,1.0,6544764.0,7101710.0,6432242.0,7086480.0
SCB,1q26-financial-statement-note-th_SCB.pdf,CF,thousand,13,กระแสเงินสดจากกิจกรรมดำเนินงาน,กลับรายการขาดทุนจากการด้อยค่าของอาคารและอุปกรณ์,กลับรายการขาดทุนจากการด้อยค่าของอาคารและอุปกรณ์,,,0.567,-2279.0,,-1454.0,
SCB,1q26-financial-statement-note-th_SCB.pdf,CF,thousand,13,กระแสเงินสดจากกิจกรรมดำเนินงาน,ขาดทุนจากการด้อยค่าของทรัพย์สินรอการขาย,ขาดทุนจากการด้อยค่าของทรัพย์สินรอการขาย,,,0.623,50156.0,70269.0,50156.0,70269.0
SCB,1q26-financial-statement-note-th_SCB.pdf,CF,thousand,13,กระแสเงินสดจากกิจกรรมดำเนินงาน,ประมาณการหนี้ สิน,ประมาณการหนี้ สิน,PROVISIONS,PROVISIONS,1.0,871187.0,310375.0,67627.0,283378.0
SCB,1q26-financial-statement-note-th_SCB.pdf,CF,thousand,13,กระแสเงินสดจากกิจกรรมดำเนินงาน,กาไรจากการขายอาคารและอุปกรณ์,กาไรจากการขายอาคารและอุปกรณ์,,,0.706,-2570.0,-315.0,-167.0,-315.0
SCB,1q26-financial-statement-note-th_SCB.pdf,CF,thousand,13,กระแสเงินสดจากกิจกรรมดำเนินงาน,ขาดทุนจากการตัดจาหน่ายอาคารและอุปกรณ์,ขาดทุนจากการตัดจาหน่ายอาคารและอุปกรณ์,,,0.667,1903.0,766.0,1901.0,766.0
SCB,1q26-financial-statement-note-th_SCB.pdf,CF,thousand,13,กระแสเงินสดจากกิจกรรมดำเนินงาน,ขาดทุนจากการตัดจาหน่ายสิ นทรัพย์ไม่มีตวั ตน,ขาดทุนจากการตัดจาหน่ายสิ นทรัพย์ไม่มีตวั ตน,,,0.656,4.0,,,
SCB,1q26-financial-statement-note-th_SCB.pdf,CF,thousand,13,กระแสเงินสดจากกิจกรรมดำเนินงาน,กาไรจากการขายทรัพย์สินรอการขาย,กาไรจากการขายทรัพย์สินรอการขาย,,,0.686,-205531.0,-304666.0,-205531.0,-304666.0
SCB,1q26-financial-statement-note-th_SCB.pdf,CF,thousand,13,กระแสเงินสดจากกิจกรรมดำเนินงาน,(กาไร) ขาดทุนสุทธิ จากเครื่ องมือทางการเงิน,(กาไร) ขาดทุนสุทธิ จากเครื่ องมือทางการเงิน,,,0.632,799080.0,-100868.0,821844.0,-105986.0
SCB,1q26-financial-statement-note-th_SCB.pdf,CF,thousand,13,กระแสเงินสดจากกิจกรรมดำเนินงาน,กาไรสุทธิ จากเงินลงทุน,กาไรสุทธิ จากเงินลงทุน,INVESTMENT_GAIN,INVESTMENT_GAIN,1.0,-123782.0,-93361.0,-42840.0,-93361.0
SCB,1q26-financial-statement-note-th_SCB.pdf,CF,thousand,13,กระแสเงินสดจากกิจกรรมดำเนินงาน,ส่วนแบ่งกาไรจากเงินลงทุนในบริ ษทั ร่ วม,ส่วนแบ่งกาไรจากเงินลงทุนในบริ ษทั ร่ วม,SHARE_OF_PROFIT_ASSOCIATE,SHARE_OF_PROFIT_ASSOCIATE,1.0,-102887.0,-82068.0,,
SCB,1q26-financial-statement-note-th_SCB.pdf,CF,thousand,13,กระแสเงินสดจากกิจกรรมดำเนินงาน,,กระแสเงินสดจากกิจกรรมดำเนินงาน,CF_OPERATING_BEFORE_ITEMS,CF_OPERATING_BEFORE_ITEMS,0.919,22539342.0,23855529.0,20884685.0,23100927.0
SCB,1q26-financial-statement-note-th_SCB.pdf,CF,thousand,13,กระแสเงินสดจากกิจกรรมดำเนินงาน,รายได้ดอกเบี้ยสุทธิ,รายได้ดอกเบี้ยสุทธิ,NET_INTEREST_INCOME,NET_INTEREST_INCOME,1.0,-20748064.0,-24837332.0,-20685833.0,-24746049.0
SCB,1q26-financial-statement-note-th_SCB.pdf,CF,thousand,13,กระแสเงินสดจากกิจกรรมดำเนินงาน,รายได้เงินปันผล,รายได้เงินปันผล,DIVIDEND_INCOME,DIVIDEND_INCOME,1.0,-10996.0,-11200.0,-10996.0,-11200.0
SCB,1q26-financial-statement-note-th_SCB.pdf,CF,thousand,13,กระแสเงินสดจากกิจกรรมดำเนินงาน,เงินสดรับดอกเบี้ย,เงินสดรับดอกเบี้ย,INTEREST_RECEIVED,INTEREST_RECEIVED,0.917,29725983.0,32018008.0,29668588.0,31909130.0
SCB,1q26-financial-statement-note-th_SCB.pdf,CF,thousand,13,กระแสเงินสดจากกิจกรรมดำเนินงาน,เงินสดจ่ายดอกเบี้ย,เงินสดจ่ายดอกเบี้ย,INTEREST_PAID,INTEREST_PAID,1.0,-7523399.0,-11411118.0,-7534003.0,-11420521.0
SCB,1q26-financial-statement-note-th_SCB.pdf,CF,thousand,13,กระแสเงินสดจากกิจกรรมดำเนินงาน,เงินสดจ่ายภาษีเงินได้,เงินสดจ่ายภาษีเงินได้,INCOME_TAX_PAID,INCOME_TAX_PAID,1.0,-358478.0,-330887.0,-266296.0,-241638.0
SCB,1q26-financial-statement-note-th_SCB.pdf,CF,thousand,13,กระแสเงินสดจากกิจกรรมดำเนินงาน,กาไรจากการดาเนิ นงานก่อนการเปลี่ยนแปลงในสิ นทรัพย์และหนี้ สินดาเนิ นงาน,กาไรจากการดาเนิ นงานก่อนการเปลี่ยนแปลงในสิ นทรัพย์และหนี้ สินดาเนิ นงาน,PROFIT_BEFORE_WC_CHANGE,PROFIT_BEFORE_WC_CHANGE,1.0,23624388.0,19283000.0,22056145.0,18590649.0
SCB,1q26-financial-statement-note-th_SCB.pdf,CF,thousand,13,กระแสเงินสดจากกิจกรรมดำเนินงาน,รายการระหว่างธนาคารและตลาดเงิน,รายการระหว่างธนาคารและตลาดเงิน,INTERBANK_LIAB,INTERBANK_LIAB,1.0,23985460.0,82472330.0,25165031.0,82909921.0
SCB,1q26-financial-statement-note-th_SCB.pdf,CF,thousand,13,กระแสเงินสดจากกิจกรรมดำเนินงาน,สิ นทรัพย์อนุพนั ธ์,สิ นทรัพย์อนุพนั ธ์,DERIVATIVE_ASSETS,DERIVATIVE_ASSETS,1.0,-4077029.0,4862800.0,-4069574.0,4867324.0
SCB,1q26-financial-statement-note-th_SCB.pdf,CF,thousand,13,กระแสเงินสดจากกิจกรรมดำเนินงาน,เงินลงทุนในหลักทรัพย์ระยะสั้น,เงินลงทุนในหลักทรัพย์ระยะสั้น,,,0.732,-16720094.0,-32625128.0,-16742858.0,-32620010.0
SCB,1q26-financial-statement-note-th_SCB.pdf,CF,thousand,13,กระแสเงินสดจากกิจกรรมดำเนินงาน,เงินให้สินเชื่อแก่ลูกหนี้,เงินให้สินเชื่อแก่ลูกหนี้,,,0.702,-66828396.0,-35871119.0,-66997605.0,-36276630.0
SCB,1q26-financial-statement-note-th_SCB.pdf,CF,thousand,13,กระแสเงินสดจากกิจกรรมดำเนินงาน,ทรัพย์สินรอการขาย,ทรัพย์สินรอการขาย,,,0.889,1640573.0,3238304.0,1640573.0,3238304.0
SCB,1q26-financial-statement-note-th_SCB.pdf,CF,thousand,13,กระแสเงินสดจากกิจกรรมดำเนินงาน,สิ นทรัพย์อื่น,สิ นทรัพย์อื่น,,,0.842,-5980601.0,27157.0,-5410875.0,70278.0
SCB,1q26-financial-statement-note-th_SCB.pdf,CF,thousand,14,,วันที่,วันที่,,,0.5,31.0,,,
SCB,1q26-financial-statement-note-th_SCB.pdf,CF,thousand,14,,เงินรับฝาก,เงินรับฝาก,DEPOSITS,DEPOSITS,1.0,68076553.0,-1627254.0,66745151.0,-1802366.0
SCB,1q26-financial-statement-note-th_SCB.pdf,CF,thousand,14,,รายการระหว่างธนาคารและตลาดเงิน,รายการระหว่างธนาคารและตลาดเงิน,INTERBANK_LIAB,INTERBANK_LIAB,1.0,19724222.0,-6805474.0,19659017.0,-6915805.0
SCB,1q26-financial-statement-note-th_SCB.pdf,CF,thousand,14,,หนี้ สินจ่ายคืนเมื่อทวงถาม,หนี้ สินจ่ายคืนเมื่อทวงถาม,PAYABLE_ON_DEMAND,PAYABLE_ON_DEMAND,1.0,546002.0,1394240.0,545948.0,1394258.0
SCB,1q26-financial-statement-note-th_SCB.pdf,CF,thousand,14,,หนี้ สินอนุพนั ธ์,หนี้ สินอนุพนั ธ์,DERIVATIVE_LIAB,DERIVATIVE_LIAB,1.0,5677045.0,-5092978.0,5676127.0,-5093164.0
SCB,1q26-financial-statement-note-th_SCB.pdf,CF,thousand,14,,ตราสารหนี้ ที่ออกและเงินกูย้ ืมระยะสั้น,ตราสารหนี้ ที่ออกและเงินกูย้ ืมระยะสั้น,,,0.889,-7189542.0,1699689.0,-7189542.0,1699689.0
SCB,1q26-financial-statement-note-th_SCB.pdf,CF,thousand,14,,หนี้ สินอื่น,หนี้ สินอื่น,OTHER_LIAB,OTHER_LIAB,1.0,-30312395.0,-20951914.0,-28600105.0,-20213907.0
SCB,1q26-financial-statement-note-th_SCB.pdf,CF,thousand,14,,เงินสดสุทธิได้ มาจากกิจกรรมดาเนินงาน,เงินสดสุทธิได้ มาจากกิจกรรมดาเนินงาน,CF_OPERATING,CF_OPERATING,1.0,12166186.0,10003653.0,12477433.0,9848541.0
SCB,1q26-financial-statement-note-th_SCB.pdf,CF,thousand,14,กระแสเงินสดจากกิจกรรมลงทุน,เงินสดจ่ายในการซื้ อหลักทรัพย์ที่วดั มูลค่ายุติธรรมผ่านกาไรขาดทุนเบ็ดเสร็ จอื่น,เงินสดจ่ายในการซื้ อหลักทรัพย์ที่วดั มูลค่ายุติธรรมผ่านกาไรขาดทุนเบ็ดเสร็ จอื่น,,,0.672,-64085516.0,-28466101.0,-64085516.0,-28466101.0
SCB,1q26-financial-statement-note-th_SCB.pdf,CF,thousand,14,กระแสเงินสดจากกิจกรรมลงทุน,เงินสดรับจากการขายหลักทรัพย์ที่วดั มูลค่ายุติธรรมผ่านกาไรขาดทุนเบ็ดเสร็ จอื่น,เงินสดรับจากการขายหลักทรัพย์ที่วดั มูลค่ายุติธรรมผ่านกาไรขาดทุนเบ็ดเสร็ จอื่น,,,0.667,32577752.0,12612670.0,32577752.0,12612670.0
SCB,1q26-financial-statement-note-th_SCB.pdf,CF,thousand,14,กระแสเงินสดจากกิจกรรมลงทุน,เงินสดจ่ายในการซื้ อหลักทรัพย์ที่วดั มูลค่าด้วยราคาทุนตัดจาหน่าย,เงินสดจ่ายในการซื้ อหลักทรัพย์ที่วดั มูลค่าด้วยราคาทุนตัดจาหน่าย,,,0.584,-199175.0,-83200.0,-199175.0,
SCB,1q26-financial-statement-note-th_SCB.pdf,CF,thousand,14,กระแสเงินสดจากกิจกรรมลงทุน,เงินสดรับจากการไถ่ถอนหลักทรัพย์ที่วดั มูลค่าด้วยราคาทุนตัดจาหน่าย,เงินสดรับจากการไถ่ถอนหลักทรัพย์ที่วดั มูลค่าด้วยราคาทุนตัดจาหน่าย,,,0.63,232100.0,,197031.0,
SCB,1q26-financial-statement-note-th_SCB.pdf,CF,thousand,14,กระแสเงินสดจากกิจกรรมลงทุน,เงินสดจ่ายในการซื้ อที่ดิน อาคารและอุปกรณ์,เงินสดจ่ายในการซื้ อที่ดิน อาคารและอุปกรณ์,,,0.72,-1220.0,-27.0,,
SCB,1q26-financial-statement-note-th_SCB.pdf,CF,thousand,14,กระแสเงินสดจากกิจกรรมลงทุน,เงินสดรับจากการขายที่ดิน อาคารและอุปกรณ์,เงินสดรับจากการขายที่ดิน อาคารและอุปกรณ์,,,0.829,3314.0,304.0,113.0,297.0
SCB,1q26-financial-statement-note-th_SCB.pdf,CF,thousand,14,กระแสเงินสดจากกิจกรรมลงทุน,เงินสดจ่ายในการซื้ อสิ นทรัพย์ไม่มีตวั ตน,เงินสดจ่ายในการซื้ อสิ นทรัพย์ไม่มีตวั ตน,,,0.693,-615454.0,-826242.0,-616975.0,-820187.0
SCB,1q26-financial-statement-note-th_SCB.pdf,CF,thousand,14,กระแสเงินสดจากกิจกรรมลงทุน,เงินสดรับจากการขายสิ นทรัพย์ไม่มีตวั ตน,เงินสดรับจากการขายสิ นทรัพย์ไม่มีตวั ตน,,,0.763,,144000.0,,144000.0
SCB,1q26-financial-statement-note-th_SCB.pdf,CF,thousand,14,กระแสเงินสดจากกิจกรรมลงทุน,เงินสดสุทธิใช้ ไปในกิจกรรมลงทุน,เงินสดสุทธิใช้ ไปในกิจกรรมลงทุน,CF_INVESTING,CF_INVESTING,1.0,-32088199.0,-16618596.0,-32126770.0,-16529321.0
SCB,1q26-financial-statement-note-th_SCB.pdf,CF,thousand,14,กระแสเงินสดจากกิจกรรมจัดหาเงิน,เงินสดรับจากการออกตราสารหนี้ ระยะยาว,เงินสดรับจากการออกตราสารหนี้ ระยะยาว,,,0.737,15652461.0,141163.0,15652461.0,141163.0
SCB,1q26-financial-statement-note-th_SCB.pdf,CF,thousand,14,กระแสเงินสดจากกิจกรรมจัดหาเงิน,เงินสดจ่ายชาระคืนเงินกูย้ ืมระยะยาว,เงินสดจ่ายชาระคืนเงินกูย้ ืมระยะยาว,,,0.667,-663.0,-652.0,-663.0,-652.0
SCB,1q26-financial-statement-note-th_SCB.pdf,CF,thousand,14,กระแสเงินสดจากกิจกรรมจัดหาเงิน,เงินสดจ่ายชาระหนี้ สินตามสัญญาเช่า,เงินสดจ่ายชาระหนี้ สินตามสัญญาเช่า,,,0.714,-134232.0,-205176.0,-112357.0,-171187.0
SCB,1q26-financial-statement-note-th_SCB.pdf,CF,thousand,14,กระแสเงินสดจากกิจกรรมจัดหาเงิน,เงินสดสุทธิได้ มาจาก (ใช้ ไปใน) กิจกรรมจัดหาเงิน,เงินสดสุทธิได้ มาจาก (ใช้ ไปใน) กิจกรรมจัดหาเงิน,CF_FINANCING,CF_FINANCING,1.0,15517566.0,-64665.0,15539441.0,-30676.0
SCB,1q26-financial-statement-note-th_SCB.pdf,CF,thousand,14,กระแสเงินสดจากกิจกรรมจัดหาเงิน,กาไร (ขาดทุน) จากการแปลงค่างบการเงินจากการดาเนิ นงานในต่างประเทศ,กาไร (ขาดทุน) จากการแปลงค่างบการเงินจากการดาเนิ นงานในต่างประเทศ,OCI_FX_TRANSLATION,OCI_FX_TRANSLATION,1.0,-71736.0,7522.0,-357860.0,21743.0
SCB,1q26-financial-statement-note-th_SCB.pdf,CF,thousand,14,กระแสเงินสดจากกิจกรรมจัดหาเงิน,เงินสดลดลงสุทธิ,เงินสดลดลงสุทธิ,,,0.714,-4476183.0,-6672086.0,-4467756.0,-6689713.0
SCB,1q26-financial-statement-note-th_SCB.pdf,CF,thousand,14,กระแสเงินสดจากกิจกรรมจัดหาเงิน,เงินสด ณ วันที่ 1 มกราคม,เงินสด ณ วันที่ 1 มกราคม,,,0.7,43835775.0,43765845.0,43676709.0,43629849.0
SCB,1q26-financial-statement-note-th_SCB.pdf,CF,thousand,14,กระแสเงินสดจากกิจกรรมจัดหาเงิน,เงินสด ณ วันที่ 31 มีนาคม,เงินสด ณ วันที่ 31 มีนาคม,,,0.708,39359592.0,37093759.0,39208953.0,36940136.0
TRUE,20260507-true-FSGroup-1q2026-th.pdf,CF,unknown,10,กระแสเงินสดจากกิจกรรมดำเนินงาน,กําไรก่อนภาษีเงินได้,กําไรก่อนภาษีเงินได้,PROFIT_BEFORE_TAX,PROFIT_BEFORE_TAX,1.0,6917249.0,1475086.0,452988.0,991121.0
TRUE,20260507-true-FSGroup-1q2026-th.pdf,CF,unknown,10,กระแสเงินสดจากกิจกรรมดำเนินงาน,ค่าเสือมราคาและค่าตัดจําหน่าย,ค่าเสือมราคาและค่าตัดจําหน่าย,DEPRECIATION_AMORTISATION,DEPRECIATION_AMORTISATION,1.0,17748015.0,17376961.0,260194.0,266811.0
TRUE,20260507-true-FSGroup-1q2026-th.pdf,CF,unknown,10,กระแสเงินสดจากกิจกรรมดำเนินงาน,ดอกเบียรับ,ดอกเบียรับ,INTEREST_INCOME_CF,INTEREST_INCOME_CF,1.0,-66228.0,-73765.0,-2111235.0,-1740051.0
TRUE,20260507-true-FSGroup-1q2026-th.pdf,CF,unknown,10,กระแสเงินสดจากกิจกรรมดำเนินงาน,ดอกเบียจ่าย 7,ดอกเบียจ่าย 7,,,0.773,4263134.0,4536849.0,2692065.0,2395743.0
TRUE,20260507-true-FSGroup-1q2026-th.pdf,CF,unknown,10,กระแสเงินสดจากกิจกรรมดำเนินงาน,ต้นทุนทางการเงินทีเกียวข้องกับใบอนุญาต 7,ต้นทุนทางการเงินทีเกียวข้องกับใบอนุญาต 7,,,0.592,381587.0,466436.0,,
TRUE,20260507-true-FSGroup-1q2026-th.pdf,CF,unknown,10,กระแสเงินสดจากกิจกรรมดำเนินงาน,เงินปั นผลรับ 17,เงินปั นผลรับ 17,DIVIDEND_INCOME,DIVIDEND_INCOME,1.0,-5959.0,,-485632.0,-485632.0
TRUE,20260507-true-FSGroup-1q2026-th.pdf,CF,unknown,10,กระแสเงินสดจากกิจกรรมดำเนินงาน,(กําไร)ขาดทุนจากการขายทีดิน อาคารและอุปกรณ์,(กําไร)ขาดทุนจากการขายทีดิน อาคารและอุปกรณ์,,,0.667,-49411.0,145381.0,920.0,-1291.0
TRUE,20260507-true-FSGroup-1q2026-th.pdf,CF,unknown,10,กระแสเงินสดจากกิจกรรมดำเนินงาน,(กําไร)ขาดทุนจากการยกเลิกสินทรัพย์สทิ ธิการใช้,(กําไร)ขาดทุนจากการยกเลิกสินทรัพย์สทิ ธิการใช้,,,0.69,-37852.0,36296.0,-225.0,-5331.0
TRUE,20260507-true-FSGroup-1q2026-th.pdf,CF,unknown,10,กระแสเงินสดจากกิจกรรมดำเนินงาน,ขาดทุนจากการด้อยค่าสินทรัพย์ -,ขาดทุนจากการด้อยค่าสินทรัพย์ -,,,0.679,,2609526.0,,945.0
TRUE,20260507-true-FSGroup-1q2026-th.pdf,CF,unknown,10,กระแสเงินสดจากกิจกรรมดำเนินงาน,ขาดทุนจากมูลค่าลดลงของสินค้าคงเหลือ,ขาดทุนจากมูลค่าลดลงของสินค้าคงเหลือ,,,0.58,75938.0,70211.0,,
TRUE,20260507-true-FSGroup-1q2026-th.pdf,CF,unknown,10,กระแสเงินสดจากกิจกรรมดำเนินงาน,ขาดทุนด้านเครดิตทีคาดว่าจะเกิดขึน(กลับรายการ),ขาดทุนด้านเครดิตทีคาดว่าจะเกิดขึน(กลับรายการ),,,0.809,582598.0,470330.0,,-209.0
TRUE,20260507-true-FSGroup-1q2026-th.pdf,CF,unknown,10,กระแสเงินสดจากกิจกรรมดำเนินงาน,ทีวัดมูลค่าผ่านกําไรหรือขาดทุน 5,ทีวัดมูลค่าผ่านกําไรหรือขาดทุน 5,,,0.782,-964.0,2753.0,,
TRUE,20260507-true-FSGroup-1q2026-th.pdf,CF,unknown,10,กระแสเงินสดจากกิจกรรมดำเนินงาน,ขาดทุนจากภาษีทไม่ ี สามารถขอคืนได้ - -,ขาดทุนจากภาษีทไม่ ี สามารถขอคืนได้ - -,,,0.625,,,38.0,144.0
TRUE,20260507-true-FSGroup-1q2026-th.pdf,CF,unknown,10,กระแสเงินสดจากกิจกรรมดำเนินงาน,ภาระผูกพันผลประโยชน์พนักงานทีเพิมขึน,ภาระผูกพันผลประโยชน์พนักงานทีเพิมขึน,,,0.629,69997.0,68826.0,30783.0,30343.0
TRUE,20260507-true-FSGroup-1q2026-th.pdf,CF,unknown,10,กระแสเงินสดจากกิจกรรมดำเนินงาน,(กําไร)ขาดทุนจากอัตราแลกเปลียนทียังไม่เกิดขึนจริง,(กําไร)ขาดทุนจากอัตราแลกเปลียนทียังไม่เกิดขึนจริง,,,0.767,-86918.0,-35327.0,-111.0,141.0
TRUE,20260507-true-FSGroup-1q2026-th.pdf,CF,unknown,10,กระแสเงินสดจากกิจกรรมดำเนินงาน,ส่วนแบ่งกําไรจากเงินลงทุน 9,ส่วนแบ่งกําไรจากเงินลงทุน 9,,,0.789,-745054.0,-753802.0,,
TRUE,20260507-true-FSGroup-1q2026-th.pdf,CF,unknown,10,กระแสเงินสดจากกิจกรรมดำเนินงาน,ภาระผูกพันผลประโยชน์พนักงาน - จ่ายชําระ,ภาระผูกพันผลประโยชน์พนักงาน - จ่ายชําระ,,,0.638,-24418.0,-67777.0,-17562.0,-34328.0
TRUE,20260507-true-FSGroup-1q2026-th.pdf,CF,unknown,10,กระแสเงินสดจากกิจกรรมดำเนินงาน,- ลูกหนีการค้าและลูกหนีหมุนเวียนอืน,- ลูกหนีการค้าและลูกหนีหมุนเวียนอืน,TRADE_RECEIVABLES,TRADE_RECEIVABLES,1.0,191840.0,317555.0,-394234.0,948450.0
TRUE,20260507-true-FSGroup-1q2026-th.pdf,CF,unknown,10,กระแสเงินสดจากกิจกรรมดำเนินงาน,- สินค้าคงเหลือ,- สินค้าคงเหลือ,INVENTORY,INVENTORY,1.0,39732.0,525551.0,37.0,-417.0
TRUE,20260507-true-FSGroup-1q2026-th.pdf,CF,unknown,10,กระแสเงินสดจากกิจกรรมดำเนินงาน,- สินทรัพย์หมุนเวียนอืน,- สินทรัพย์หมุนเวียนอืน,OTHER_CURRENT_ASSETS,OTHER_CURRENT_ASSETS,1.0,-697770.0,-1105660.0,3587.0,10566.0
TRUE,20260507-true-FSGroup-1q2026-th.pdf,CF,unknown,10,กระแสเงินสดจากกิจกรรมดำเนินงาน,- เงินลงทุนในค่าสิทธิสาํ หรับรายการภาพยนตร์,- เงินลงทุนในค่าสิทธิสาํ หรับรายการภาพยนตร์,,,0.641,-361590.0,-300994.0,,
TRUE,20260507-true-FSGroup-1q2026-th.pdf,CF,unknown,10,กระแสเงินสดจากกิจกรรมดำเนินงาน,- สินทรัพย์ไม่หมุนเวียนอืน,- สินทรัพย์ไม่หมุนเวียนอืน,OTHER_NONCURRENT_ASSETS,OTHER_NONCURRENT_ASSETS,1.0,14350.0,275687.0,875.0,14446.0
TRUE,20260507-true-FSGroup-1q2026-th.pdf,CF,unknown,10,กระแสเงินสดจากกิจกรรมดำเนินงาน,- เจ้าหนีการค้าและเจ้าหนีหมุนเวียนอืน,- เจ้าหนีการค้าและเจ้าหนีหมุนเวียนอืน,TRADE_PAYABLES,TRADE_PAYABLES,1.0,1087276.0,289362.0,-269282.0,-1456176.0
TRUE,20260507-true-FSGroup-1q2026-th.pdf,CF,unknown,10,กระแสเงินสดจากกิจกรรมดำเนินงาน,- หนีสินหมุนเวียนอืน,- หนีสินหมุนเวียนอืน,OTHER_CURRENT_LIAB,OTHER_CURRENT_LIAB,1.0,-608076.0,-123197.0,-505123.0,-116001.0
TRUE,20260507-true-FSGroup-1q2026-th.pdf,CF,unknown,10,กระแสเงินสดจากกิจกรรมดำเนินงาน,- หนีสินไม่หมุนเวียนอืน,- หนีสินไม่หมุนเวียนอืน,OTHER_NONCURRENT_LIAB,OTHER_NONCURRENT_LIAB,1.0,-1717.0,-80134.0,,-20397.0
TRUE,20260507-true-FSGroup-1q2026-th.pdf,CF,unknown,10,กระแสเงินสดจากกิจกรรมดำเนินงาน,เงินสดได้มาจาก(ใช้ไปใน)การดําเนินงาน,เงินสดได้มาจาก(ใช้ไปใน)การดําเนินงาน,CF_OPERATING_BEFORE_ITEMS,CF_OPERATING_BEFORE_ITEMS,1.0,28685759.0,26126154.0,-341917.0,798877.0
TRUE,20260507-true-FSGroup-1q2026-th.pdf,CF,unknown,10,กระแสเงินสดจากกิจกรรมดำเนินงาน,บวก เงินสดรับ - ดอกเบียรับ,บวก เงินสดรับ - ดอกเบียรับ,,,0.839,38855.0,37446.0,2635683.0,1482692.0
TRUE,20260507-true-FSGroup-1q2026-th.pdf,CF,unknown,10,กระแสเงินสดจากกิจกรรมดำเนินงาน,เงินสดรับ - ภาษีเงินได้,เงินสดรับ - ภาษีเงินได้,,,0.818,245364.0,280611.0,,
TRUE,20260507-true-FSGroup-1q2026-th.pdf,CF,unknown,10,กระแสเงินสดจากกิจกรรมดำเนินงาน,หัก เงินสดจ่าย - ดอกเบียจ่าย,หัก เงินสดจ่าย - ดอกเบียจ่าย,,,0.846,-4242710.0,-4813449.0,-2571444.0,-2571461.0
TRUE,20260507-true-FSGroup-1q2026-th.pdf,CF,unknown,10,กระแสเงินสดจากกิจกรรมดำเนินงาน,เงินสดจ่าย - ภาษีเงินได้,เงินสดจ่าย - ภาษีเงินได้,INCOME_TAX_PAID,INCOME_TAX_PAID,1.0,-435557.0,-471825.0,-93620.0,-49092.0
TRUE,20260507-true-FSGroup-1q2026-th.pdf,CF,unknown,10,กระแสเงินสดจากกิจกรรมดำเนินงาน,เงินสดสุทธิได้มาจาก(ใช้ไปใน)กิจกรรมดําเนินงาน,เงินสดสุทธิได้มาจาก(ใช้ไปใน)กิจกรรมดําเนินงาน,CF_OPERATING,CF_OPERATING,1.0,24291711.0,21158937.0,-371298.0,-338984.0
TRUE,20260507-true-FSGroup-1q2026-th.pdf,CF,unknown,11,กระแสเงินสดจากกิจกรรมลงทุน,เงินสดทีมีภาระผูกพันเพิมขึน,เงินสดทีมีภาระผูกพันเพิมขึน,,,0.735,-12434.0,-7861.0,-11733.0,-8385.0
TRUE,20260507-true-FSGroup-1q2026-th.pdf,CF,unknown,11,กระแสเงินสดจากกิจกรรมลงทุน,เงินให้กยู้ มื แก่กจิ การทีเกียวข้องกัน 21 - -,เงินให้กยู้ มื แก่กจิ การทีเกียวข้องกัน 21 - -,SHORT_TERM_LOANS_RELATED,SHORT_TERM_LOANS_RELATED,0.909,,,-14024371.0,-13841166.0
TRUE,20260507-true-FSGroup-1q2026-th.pdf,CF,unknown,11,กระแสเงินสดจากกิจกรรมลงทุน,เงินสดจ่ายซือทีดิน อาคารและอุปกรณ์,เงินสดจ่ายซือทีดิน อาคารและอุปกรณ์,,,0.75,-9394653.0,-7859815.0,-9903.0,-46.0
TRUE,20260507-true-FSGroup-1q2026-th.pdf,CF,unknown,11,กระแสเงินสดจากกิจกรรมลงทุน,เงินสดจ่ายซือสินทรัพย์ไม่มตี วั ตน,เงินสดจ่ายซือสินทรัพย์ไม่มตี วั ตน,,,0.75,-7451072.0,-14553893.0,-5009.0,
TRUE,20260507-true-FSGroup-1q2026-th.pdf,CF,unknown,11,กระแสเงินสดจากกิจกรรมลงทุน,เงินสดจ่ายซืออสังหาริมทรัพย์เพือการลงทุน,เงินสดจ่ายซืออสังหาริมทรัพย์เพือการลงทุน,,,0.667,-2425.0,-5892.0,,
TRUE,20260507-true-FSGroup-1q2026-th.pdf,CF,unknown,11,กระแสเงินสดจากกิจกรรมลงทุน,มูลค่ายุตธิ รรมผ่านกําไรหรือขาดทุน 5,มูลค่ายุตธิ รรมผ่านกําไรหรือขาดทุน 5,,,0.83,1450.0,8108.0,,
TRUE,20260507-true-FSGroup-1q2026-th.pdf,CF,unknown,11,กระแสเงินสดจากกิจกรรมลงทุน,มูลค่ายุตธิ รรมผ่านกําไรขาดทุนเบ็ดเสร็จอืน -,มูลค่ายุตธิ รรมผ่านกําไรขาดทุนเบ็ดเสร็จอืน -,,,0.735,,47725.0,,
TRUE,20260507-true-FSGroup-1q2026-th.pdf,CF,unknown,11,กระแสเงินสดจากกิจกรรมลงทุน,และสินทรัพย์ไม่มตี วั ตน,และสินทรัพย์ไม่มตี วั ตน,INTANGIBLES,INTANGIBLES,0.96,124793.0,85843.0,407.0,1392.0
TRUE,20260507-true-FSGroup-1q2026-th.pdf,CF,unknown,11,กระแสเงินสดจากกิจกรรมลงทุน,เงินสดรับจากเงินให้กยู้ มื แก่กจิ การทีเกียวข้องกัน 21 -,เงินสดรับจากเงินให้กยู้ มื แก่กจิ การทีเกียวข้องกัน 21 -,,,0.769,,3000.0,7075119.0,10239175.0
TRUE,20260507-true-FSGroup-1q2026-th.pdf,CF,unknown,11,กระแสเงินสดจากกิจกรรมลงทุน,"เงินปั นผลรับ 9, 17","กระแสเงินสดจากกิจกรรมลงทุน เงินปั นผลรับ 9, 17",DIVIDEND_RECEIVED,DIVIDEND_RECEIVED,1.0,507932.0,485632.0,485632.0,485632.0
TRUE,20260507-true-FSGroup-1q2026-th.pdf,CF,unknown,11,กระแสเงินสดจากกิจกรรมลงทุน,เงินสดสุทธิใช้ไปในกิจกรรมลงทุน,เงินสดสุทธิใช้ไปในกิจกรรมลงทุน,CF_INVESTING,CF_INVESTING,1.0,-16226409.0,-21797153.0,-6489858.0,-3123398.0
TRUE,20260507-true-FSGroup-1q2026-th.pdf,CF,unknown,11,กระแสเงินสดจากกิจกรรมจัดหาเงิน,เงินสดรับจากเงินกูย้ มื ระยะสัน,เงินสดรับจากเงินกูย้ มื ระยะสัน,,,0.8,3981977.0,13974903.0,3981977.0,11474903.0
TRUE,20260507-true-FSGroup-1q2026-th.pdf,CF,unknown,11,กระแสเงินสดจากกิจกรรมจัดหาเงิน,เงินสดรับจากเงินกูย้ มื,เงินสดรับจากเงินกูย้ มื,,,0.818,21911211.0,16382500.0,21911211.0,16382500.0
TRUE,20260507-true-FSGroup-1q2026-th.pdf,CF,unknown,11,กระแสเงินสดจากกิจกรรมจัดหาเงิน,เงินสดจ่ายชําระคืนเงินกูย้ มื ระยะสัน,เงินสดจ่ายชําระคืนเงินกูย้ มื ระยะสัน,,,0.694,-1600000.0,-7000882.0,-1600000.0,-7000000.0
TRUE,20260507-true-FSGroup-1q2026-th.pdf,CF,unknown,11,กระแสเงินสดจากกิจกรรมจัดหาเงิน,เงินสดจ่ายชําระคืนเงินกูย้ มื 14,เงินสดจ่ายชําระคืนเงินกูย้ มื 14,,,0.706,-28088600.0,-30892958.0,-19382200.0,-27159100.0
TRUE,20260507-true-FSGroup-1q2026-th.pdf,CF,unknown,11,กระแสเงินสดจากกิจกรรมจัดหาเงิน,เงินสดจ่ายชําระหนีสินตามสัญญาเช่า,เงินสดจ่ายชําระหนีสินตามสัญญาเช่า,,,0.714,-4665664.0,-4412775.0,-44001.0,-36084.0
TRUE,20260507-true-FSGroup-1q2026-th.pdf,CF,unknown,11,กระแสเงินสดจากกิจกรรมจัดหาเงิน,เงินสดสุทธิ(ใช้ไปใน)ได้มาจากกิจกรรมจัดหาเงิน,เงินสดสุทธิ(ใช้ไปใน)ได้มาจากกิจกรรมจัดหาเงิน,CF_FINANCING,CF_FINANCING,0.913,-8461076.0,-11949212.0,4866987.0,-6337781.0
TRUE,20260507-true-FSGroup-1q2026-th.pdf,CF,unknown,11,กระแสเงินสดจากกิจกรรมจัดหาเงิน,เงิ นสดและรายการเทียบเท่าเงิ นสดลดลงสุทธิ,เงิ นสดและรายการเทียบเท่าเงิ นสดลดลงสุทธิ,CASH_NET_CHANGE,CASH_NET_CHANGE,1.0,-395774.0,-12587428.0,-1994169.0,-9800163.0
TRUE,20260507-true-FSGroup-1q2026-th.pdf,CF,unknown,11,กระแสเงินสดจากกิจกรรมจัดหาเงิน,ยอดยกมาต้นรอบระยะเวลา,ยอดยกมาต้นรอบระยะเวลา,,,0.667,17890903.0,26831693.0,4437493.0,12059508.0
TRUE,20260507-true-FSGroup-1q2026-th.pdf,CF,unknown,11,กระแสเงินสดจากกิจกรรมจัดหาเงิน,ผลกระทบจากการเปลียนแปลงของอัตราแลกเปลียน,ผลกระทบจากการเปลียนแปลงของอัตราแลกเปลียน,CASH_FX_EFFECT,CASH_FX_EFFECT_AFTER,0.929,6995.0,4611.0,,
TRUE,20260507-true-FSGroup-1q2026-th.pdf,CF,unknown,11,กระแสเงินสดจากกิจกรรมจัดหาเงิน,ยอดคงเหลือสินรอบระยะเวลา,ยอดคงเหลือสินรอบระยะเวลา,,,0.645,17502124.0,14248876.0,2443324.0,2259345.0
GABLE,20260512-gable-fs-1q2026-th.pdf,CF,thousand,7,กระแสเงินสดจากกิจกรรมดำเนินงาน,ก ําไร (ขาดทุน) ก ่อนภาษี,ก ําไร (ขาดทุน) ก ่อนภาษี,,,0.783,103368.0,-557.0,196857.0,-15828.0
GABLE,20260512-gable-fs-1q2026-th.pdf,CF,thousand,7,กระแสเงินสดจากกิจกรรมดำเนินงาน,ค ่าเสืBอมราคาและค ่าตัดจําหน่าย,ค ่าเสืBอมราคาและค ่าตัดจําหน่าย,DEPRECIATION_AMORTISATION,DEPRECIATION_AMORTISATION,1.0,18777.0,20896.0,13456.0,16090.0
GABLE,20260512-gable-fs-1q2026-th.pdf,CF,thousand,7,กระแสเงินสดจากกิจกรรมดำเนินงาน,โอนกลับขาดทุนจากการด้อยค ่าของสินทรัพย์ทางการเงิน,โอนกลับขาดทุนจากการด้อยค ่าของสินทรัพย์ทางการเงิน,,,0.758,-257.0,,-257.0,
GABLE,20260512-gable-fs-1q2026-th.pdf,CF,thousand,7,กระแสเงินสดจากกิจกรรมดำเนินงาน,ส่วนแบ่งขาดทุน (ก ําไร) จากเงินลงทุนในบริษทั ร่วม,ส่วนแบ่งขาดทุน (ก ําไร) จากเงินลงทุนในบริษทั ร่วม,SHARE_OF_PROFIT_ASSOCIATE,SHARE_OF_PROFIT_ASSOCIATE,0.926,69.0,-104.0,,
GABLE,20260512-gable-fs-1q2026-th.pdf,CF,thousand,7,กระแสเงินสดจากกิจกรรมดำเนินงาน,ประมาณการหนีส@ ินสําหรับผลประโยชน์พนักงาน,ประมาณการหนีส@ ินสําหรับผลประโยชน์พนักงาน,EMPLOYEE_BENEFIT_PROVISION,EMPLOYEE_BENEFIT_PROVISION,1.0,7108.0,5994.0,5730.0,4798.0
GABLE,20260512-gable-fs-1q2026-th.pdf,CF,thousand,7,กระแสเงินสดจากกิจกรรมดำเนินงาน,ผลขาดทุนจากการประมาณการหนีส@ ินขาดทุนโครงการ (โอนกลับ),ผลขาดทุนจากการประมาณการหนีส@ ินขาดทุนโครงการ (โอนกลับ),,,0.543,81.0,-665.0,159.0,-848.0
GABLE,20260512-gable-fs-1q2026-th.pdf,CF,thousand,7,กระแสเงินสดจากกิจกรรมดำเนินงาน,ขาดทุน (ก ําไร) จากอัตราแลกเปลียB นทียB งั ไม่เก ิดขึ@นจริง,ขาดทุน (ก ําไร) จากอัตราแลกเปลียB นทียB งั ไม่เก ิดขึ@นจริง,,,0.7,-607.0,98.0,-406.0,23.0
GABLE,20260512-gable-fs-1q2026-th.pdf,CF,thousand,7,กระแสเงินสดจากกิจกรรมดำเนินงาน,และหนีส@ ินทางการเงิน,และหนีส@ ินทางการเงิน,,,0.778,-11390.0,-1463.0,-6262.0,-1446.0
GABLE,20260512-gable-fs-1q2026-th.pdf,CF,thousand,7,กระแสเงินสดจากกิจกรรมดำเนินงาน,ก ําไรจากปรับมูลค ่ายุตธิ รรมของเงินลงทุนในหลักทรัพย์เพือB ค ้า,ก ําไรจากปรับมูลค ่ายุตธิ รรมของเงินลงทุนในหลักทรัพย์เพือB ค ้า,,,0.543,-21.0,-40.0,,
GABLE,20260512-gable-fs-1q2026-th.pdf,CF,thousand,7,กระแสเงินสดจากกิจกรรมดำเนินงาน,ค ่าใช้จ่ายจากการจ่ายโดยใช้หุน้ เป็ นเกณฑ์,ค ่าใช้จ่ายจากการจ่ายโดยใช้หุน้ เป็ นเกณฑ์,,,0.824,14.0,311.0,,275.0
GABLE,20260512-gable-fs-1q2026-th.pdf,CF,thousand,7,กระแสเงินสดจากกิจกรรมดำเนินงาน,รายได้เงินปันผล,รายได้เงินปันผล,DIVIDEND_INCOME,DIVIDEND_INCOME,1.0,,,-120000.0,
GABLE,20260512-gable-fs-1q2026-th.pdf,CF,thousand,7,กระแสเงินสดจากกิจกรรมดำเนินงาน,รายได้ทางการเงิน,รายได้ทางการเงิน,FINANCE_INCOME,FINANCE_INCOME,1.0,-43.0,-25.0,-194.0,-257.0
GABLE,20260512-gable-fs-1q2026-th.pdf,CF,thousand,7,กระแสเงินสดจากกิจกรรมดำเนินงาน,ต้นทุนทางการเงิน,ต้นทุนทางการเงิน,FINANCE_COST,FINANCE_COST,1.0,1055.0,1134.0,799.0,807.0
GABLE,20260512-gable-fs-1q2026-th.pdf,CF,thousand,7,กระแสเงินสดจากกิจกรรมดำเนินงาน,และหนีส@ ินด ําเนินงาน,ก ําไรจากการด ําเนินงานก ่อนการเปลียB นแปลงในสินทรัพย์ และหนีส@ ินด ําเนินงาน,PROFIT_BEFORE_WC_CHANGE,PROFIT_BEFORE_WC_CHANGE,1.0,118154.0,25579.0,89882.0,3614.0
GABLE,20260512-gable-fs-1q2026-th.pdf,CF,thousand,7,กระแสเงินสดจากกิจกรรมดำเนินงาน,ลูกหนีก@ ารค ้าและลูกหนีห@ มุนเวียนอืนB,ลูกหนีก@ ารค ้าและลูกหนีห@ มุนเวียนอืนB,TRADE_RECEIVABLES,TRADE_RECEIVABLES,1.0,269965.0,426860.0,196317.0,243618.0
GABLE,20260512-gable-fs-1q2026-th.pdf,CF,thousand,7,กระแสเงินสดจากกิจกรรมดำเนินงาน,รายได้ทยีB งั ไม่เรียกช ําระ,รายได้ทยีB งั ไม่เรียกช ําระ,UNBILLED_REVENUE,UNBILLED_REVENUE,1.0,-129099.0,-18139.0,-137289.0,-33403.0
GABLE,20260512-gable-fs-1q2026-th.pdf,CF,thousand,7,กระแสเงินสดจากกิจกรรมดำเนินงาน,สินค ้าคงเหลือ,สินค ้าคงเหลือ,INVENTORY,INVENTORY,1.0,-24216.0,-23809.0,-24364.0,-30578.0
GABLE,20260512-gable-fs-1q2026-th.pdf,CF,thousand,7,กระแสเงินสดจากกิจกรรมดำเนินงาน,ต้นทุนบริการและค ่าใช้จ่ายอืนB จ่ายล่วงหน้า,ต้นทุนบริการและค ่าใช้จ่ายอืนB จ่ายล่วงหน้า,PREPAID_SERVICE_COST,PREPAID_SERVICE_COST,1.0,57811.0,-72403.0,16345.0,-39093.0
GABLE,20260512-gable-fs-1q2026-th.pdf,CF,thousand,7,กระแสเงินสดจากกิจกรรมดำเนินงาน,สินทรัพย์หมุนเวียนอืนB,สินทรัพย์หมุนเวียนอืนB,OTHER_CURRENT_ASSETS,OTHER_CURRENT_ASSETS,1.0,4575.0,-522.0,4288.0,2501.0
GABLE,20260512-gable-fs-1q2026-th.pdf,CF,thousand,7,กระแสเงินสดจากกิจกรรมดำเนินงาน,สินทรัพย์ไ ม่หมุนเวียนอืนB,สินทรัพย์ไ ม่หมุนเวียนอืนB,OTHER_NONCURRENT_ASSETS,OTHER_NONCURRENT_ASSETS,1.0,-869.0,10.0,-868.0,10.0
GABLE,20260512-gable-fs-1q2026-th.pdf,CF,thousand,7,กระแสเงินสดจากกิจกรรมดำเนินงาน,เจ้าหนีก@ ารค ้าและเจ้าหนีห@ มุนเวียนอืนB,เจ้าหนีก@ ารค ้าและเจ้าหนีห@ มุนเวียนอืนB,TRADE_PAYABLES,TRADE_PAYABLES,1.0,-267151.0,-320289.0,-286712.0,-252840.0
GABLE,20260512-gable-fs-1q2026-th.pdf,CF,thousand,7,กระแสเงินสดจากกิจกรรมดำเนินงาน,รายได้รับล่วงหน้า,รายได้รับล่วงหน้า,DEFERRED_REVENUE,DEFERRED_REVENUE,1.0,-171020.0,5196.0,-96345.0,-4184.0
GABLE,20260512-gable-fs-1q2026-th.pdf,CF,thousand,7,กระแสเงินสดจากกิจกรรมดำเนินงาน,ค ่าใช้จ่ายค ้างจ่าย,ค ่าใช้จ่ายค ้างจ่าย,ACCRUED_EXPENSES,ACCRUED_EXPENSES,1.0,-133713.0,-146813.0,-95594.0,-95562.0
GABLE,20260512-gable-fs-1q2026-th.pdf,CF,thousand,7,กระแสเงินสดจากกิจกรรมดำเนินงาน,หนีส@ ินหมุนเวียนอืนB,หนีส@ ินหมุนเวียนอืนB,OTHER_CURRENT_LIAB,OTHER_CURRENT_LIAB,1.0,-27112.0,-13436.0,-16376.0,-8816.0
GABLE,20260512-gable-fs-1q2026-th.pdf,CF,thousand,7,กระแสเงินสดจากกิจกรรมดำเนินงาน,ผลประโยชน์ของพนักงานทีจB ่ายในระหว่างงวด,ผลประโยชน์ของพนักงานทีจB ่ายในระหว่างงวด,,,0.582,-382.0,-19851.0,,-19739.0
GABLE,20260512-gable-fs-1q2026-th.pdf,CF,thousand,7,กระแสเงินสดจากกิจกรรมดำเนินงาน,เงินสดใช้ไปในก ิจกรรมด ําเนินงาน,เงินสดใช้ไปในก ิจกรรมด ําเนินงาน,CF_OPERATING_BEFORE_ITEMS,CF_OPERATING_BEFORE_ITEMS,1.0,-303057.0,-157617.0,-350716.0,-234472.0
GABLE,20260512-gable-fs-1q2026-th.pdf,CF,thousand,7,กระแสเงินสดจากกิจกรรมดำเนินงาน,เงินสดรับจากภาษีเงินได้หกั ณ ทีจB ่าย,เงินสดรับจากภาษีเงินได้หกั ณ ทีจB ่าย,,,0.75,,8131.0,,
GABLE,20260512-gable-fs-1q2026-th.pdf,CF,thousand,7,กระแสเงินสดจากกิจกรรมดำเนินงาน,จ่ายดอกเบีย@,จ่ายดอกเบีย@,,,0.875,-1038.0,-1050.0,-799.0,-739.0
GABLE,20260512-gable-fs-1q2026-th.pdf,CF,thousand,7,กระแสเงินสดจากกิจกรรมดำเนินงาน,จ่ายภาษีเงินได้,จ่ายภาษีเงินได้,,,0.875,-35506.0,-42774.0,-25772.0,-28635.0
GABLE,20260512-gable-fs-1q2026-th.pdf,CF,thousand,7,กระแสเงินสดจากกิจกรรมดำเนินงาน,เงินสดสุทธิใช้ไปในกิจกรรมดําเน ินงาน,เงินสดสุทธิใช้ไปในกิจกรรมดําเน ินงาน,CF_OPERATING,CF_OPERATING,1.0,-339601.0,-193310.0,-377287.0,-263846.0
GABLE,20260512-gable-fs-1q2026-th.pdf,CF,thousand,8,กระแสเงินสดจากกิจกรรมลงทุน,ซือ@ อุปกรณ์,ซือ@ อุปกรณ์,,,0.833,-578.0,-5873.0,-572.0,-5686.0
GABLE,20260512-gable-fs-1q2026-th.pdf,CF,thousand,8,กระแสเงินสดจากกิจกรรมลงทุน,ซือ@ สินทรัพย์ไ ม่มีตวั ตน,ซือ@ สินทรัพย์ไ ม่มีตวั ตน,INTANGIBLES,INTANGIBLES,0.923,-5705.0,-4844.0,,-100.0
GABLE,20260512-gable-fs-1q2026-th.pdf,CF,thousand,8,กระแสเงินสดจากกิจกรรมลงทุน,เงินสดรับจากเงินปันผล,กระแสเงินสดจากกิจกรรมลงทุน เงินสดรับจากเงินปันผล,DIVIDEND_RECEIVED,DIVIDEND_RECEIVED,1.0,,,120000.0,
GABLE,20260512-gable-fs-1q2026-th.pdf,CF,thousand,8,กระแสเงินสดจากกิจกรรมลงทุน,เงินสดรับจากดอกเบีย@,เงินสดรับจากดอกเบีย@,INTEREST_RECEIVED,INTEREST_RECEIVED,1.0,43.0,25.0,211.0,309.0
GABLE,20260512-gable-fs-1q2026-th.pdf,CF,thousand,8,กระแสเงินสดจากกิจกรรมลงทุน,เงินสดสุทธิจาก (ใช้ไปใน) กิจกรรมลงทุน,เงินสดสุทธิจาก (ใช้ไปใน) กิจกรรมลงทุน,CF_INVESTING,CF_INVESTING,1.0,-6240.0,-10692.0,119639.0,-5477.0
GABLE,20260512-gable-fs-1q2026-th.pdf,CF,thousand,8,กระแสเงินสดจากกิจกรรมจัดหาเงิน,เงินสดรับจากเงินกยืู้ มระยะสั@นจากสถาบันการเงิน,เงินสดรับจากเงินกยืู้ มระยะสั@นจากสถาบันการเงิน,,,0.826,,50000.0,,
GABLE,20260512-gable-fs-1q2026-th.pdf,CF,thousand,8,กระแสเงินสดจากกิจกรรมจัดหาเงิน,เงินสดจ่ายช ําระค ืนเงินกยืู้ มระยะสั@นจากสถาบันการเงิน,เงินสดจ่ายช ําระค ืนเงินกยืู้ มระยะสั@นจากสถาบันการเงิน,,,0.792,,-50000.0,,
GABLE,20260512-gable-fs-1q2026-th.pdf,CF,thousand,8,กระแสเงินสดจากกิจกรรมจัดหาเงิน,ช ําระค ืนเงินต้นของหนีส@ ินตามสัญญาเช่า,ช ําระค ืนเงินต้นของหนีส@ ินตามสัญญาเช่า,,,0.645,-4739.0,-6095.0,-3830.0,-5193.0
GABLE,20260512-gable-fs-1q2026-th.pdf,CF,thousand,8,กระแสเงินสดจากกิจกรรมจัดหาเงิน,เงินสดรับล่วงหน้าค ่าหุน้,เงินสดรับล่วงหน้าค ่าหุน้,SHARE_SUBSCRIPTION_ADVANCE,SHARE_SUBSCRIPTION_ADVANCE,1.0,4090.0,,,
GABLE,20260512-gable-fs-1q2026-th.pdf,CF,thousand,8,กระแสเงินสดจากกิจกรรมจัดหาเงิน,เงินสดสุทธิใช้ไปในกิจกรรมจัดหาเงิน,เงินสดสุทธิใช้ไปในกิจกรรมจัดหาเงิน,CF_FINANCING,CF_FINANCING,1.0,-649.0,-6095.0,-3830.0,-5193.0
GABLE,20260512-gable-fs-1q2026-th.pdf,CF,thousand,8,กระแสเงินสดจากกิจกรรมจัดหาเงิน,ผลต่างจากการแปลงค ่างบการเงินเพิมB ขึ@น (ลดลง),ผลต่างจากการแปลงค ่างบการเงินเพิมB ขึ@น (ลดลง),CF_TRANSLATION,CF_TRANSLATION,1.0,121.0,-5.0,,
GABLE,20260512-gable-fs-1q2026-th.pdf,CF,thousand,8,กระแสเงินสดจากกิจกรรมจัดหาเงิน,เงินสดและรายการเทียบเท่าเงินสดลดลงสุทธิ,เงินสดและรายการเทียบเท่าเงินสดลดลงสุทธิ,CASH_NET_CHANGE,CASH_NET_CHANGE,1.0,-346369.0,-210102.0,-261478.0,-274516.0
GABLE,20260512-gable-fs-1q2026-th.pdf,CF,thousand,8,กระแสเงินสดจากกิจกรรมจัดหาเงิน,ผลกระทบจากการเปลียB นแปลงในอัตราแลกเปลียB น,ผลกระทบจากการเปลียB นแปลงในอัตราแลกเปลียB น,CASH_FX_EFFECT,CASH_FX_EFFECT_AFTER,1.0,310.0,,122.0,
GABLE,20260512-gable-fs-1q2026-th.pdf,CF,thousand,8,กระแสเงินสดจากกิจกรรมจัดหาเงิน,เงินสดและรายการเทียบเท่าเงินสดต้นงวด,เงินสดและรายการเทียบเท่าเงินสดต้นงวด,CASH_BEGIN,CASH_BEGIN,1.0,1687287.0,1065976.0,1022940.0,787315.0
GABLE,20260512-gable-fs-1q2026-th.pdf,CF,thousand,8,กระแสเงินสดจากกิจกรรมจัดหาเงิน,เงินสดและรายการเทียบเท่าเงินสดปลายงวด,เงินสดและรายการเทียบเท่าเงินสดปลายงวด,CASH_END,CASH_END,1.0,1341228.0,855874.0,761584.0,512799.0
GABLE,20260512-gable-fs-1q2026-th.pdf,CF,thousand,8,รายการที่ไม่ใช่เงินสด,สินทรัพย์สิทธิการใช้เพิมB ขึ@นจากหนีส@ ินตามสัญญาเช่า,สินทรัพย์สิทธิการใช้เพิมB ขึ@นจากหนีส@ ินตามสัญญาเช่า,,,0.619,1334.0,3070.0,1334.0,2652.0
GABLE,20260512-gable-fs-1q2026-th.pdf,CF,thousand,8,รายการที่ไม่ใช่เงินสด,การเพิมB ขึ@นของต้นทุนบริการและหนีส@ ินตามสัญญาเช่า,การเพิมB ขึ@นของต้นทุนบริการและหนีส@ ินตามสัญญาเช่า,,,0.529,,770.0,,770.0
BBIK,20260513-bbik-fs-1q2026-th.pdf,CF,baht,10,กระแสเงินสดจากกิจกรรมดำเนินงาน,ก ําไรสําหรับงวด,ก ําไรสําหรับงวด,NET_PROFIT,NET_PROFIT,1.0,80062716.0,72767364.0,29383462.0,79093599.0
BBIK,20260513-bbik-fs-1q2026-th.pdf,CF,baht,10,กระแสเงินสดจากกิจกรรมดำเนินงาน,ค ่าใช้จ่ายภาษีเงินได้,ค ่าใช้จ่ายภาษีเงินได้,INCOME_TAX_EXPENSE,INCOME_TAX_EXPENSE,1.0,3918940.0,3732407.0,3113175.0,4292678.0
BBIK,20260513-bbik-fs-1q2026-th.pdf,CF,baht,10,กระแสเงินสดจากกิจกรรมดำเนินงาน,ค ่าเสื8อมราคาและค ่าตัดจําหน่าย,ค ่าเสื8อมราคาและค ่าตัดจําหน่าย,DEPRECIATION_AMORTISATION,DEPRECIATION_AMORTISATION,1.0,5658851.0,5609212.0,4011923.0,3940501.0
BBIK,20260513-bbik-fs-1q2026-th.pdf,CF,baht,10,กระแสเงินสดจากกิจกรรมดำเนินงาน,ค ่าใช้จ่ายผลประโยชน์พนักงานหลังออกจากงานและผลประโยชน์ระยะยาวอืน,ค ่าใช้จ่ายผลประโยชน์พนักงานหลังออกจากงานและผลประโยชน์ระยะยาวอืน,POST_EMPLOYMENT_BENEFIT_EXPENSE,POST_EMPLOYMENT_BENEFIT_EXPENSE,1.0,4373130.0,3619020.0,1247182.0,1667020.0
BBIK,20260513-bbik-fs-1q2026-th.pdf,CF,baht,10,กระแสเงินสดจากกิจกรรมดำเนินงาน,กลับรายการการลดมูลค ่าของงานบริการระหว่างท ํา,กลับรายการการลดมูลค ่าของงานบริการระหว่างท ํา,,,0.564,-517167.0,-283471.0,,
BBIK,20260513-bbik-fs-1q2026-th.pdf,CF,baht,10,กระแสเงินสดจากกิจกรรมดำเนินงาน,(กลับรายการ) ประมาณการผลขาดทุนของโครงการ,(กลับรายการ) ประมาณการผลขาดทุนของโครงการ,,,0.595,691764.0,-101818.0,,
BBIK,20260513-bbik-fs-1q2026-th.pdf,CF,baht,10,กระแสเงินสดจากกิจกรรมดำเนินงาน,กลับรายการประมาณการรับประก ันค ุณภาพงาน,กลับรายการประมาณการรับประก ันค ุณภาพงาน,,,0.837,-1907974.0,-4965737.0,-15526.0,-3838158.0
BBIK,20260513-bbik-fs-1q2026-th.pdf,CF,baht,10,กระแสเงินสดจากกิจกรรมดำเนินงาน,(ก ําไร) ขาดทุนจากอัตราแลกเปลีย นทีย งั ไม่เก ิดขึDน,(ก ําไร) ขาดทุนจากอัตราแลกเปลีย นทีย งั ไม่เก ิดขึDน,,,0.772,-1717347.0,-133962.0,-1941329.0,112783.0
BBIK,20260513-bbik-fs-1q2026-th.pdf,CF,baht,10,กระแสเงินสดจากกิจกรรมดำเนินงาน,ขาดทุนจากการขายหรือตัดจําหน่ายสินทรัพย์,ขาดทุนจากการขายหรือตัดจําหน่ายสินทรัพย์,,,0.733,11143.0,53.0,11143.0,
BBIK,20260513-bbik-fs-1q2026-th.pdf,CF,baht,10,กระแสเงินสดจากกิจกรรมดำเนินงาน,(ก ําไร) ขาดทุนในงานบริการระหว่างท ําของการร่วมค ้า,(ก ําไร) ขาดทุนในงานบริการระหว่างท ําของการร่วมค ้า,,,0.588,242742.0,-28466.0,,
BBIK,20260513-bbik-fs-1q2026-th.pdf,CF,baht,10,กระแสเงินสดจากกิจกรรมดำเนินงาน,ส่วนแบ่งก ําไรของบริษทั ร่วมและการร่วมค ้าทีใ8 ช้วิธีส่วนได้เสีย,ส่วนแบ่งก ําไรของบริษทั ร่วมและการร่วมค ้าทีใ8 ช้วิธีส่วนได้เสีย,SHARE_OF_PROFIT_ASSOCIATE,SHARE_OF_PROFIT_ASSOCIATE,1.0,-7050420.0,-9356055.0,,
BBIK,20260513-bbik-fs-1q2026-th.pdf,CF,baht,10,กระแสเงินสดจากกิจกรรมดำเนินงาน,เงินปันผลรับ,เงินปันผลรับ,DIVIDEND_INCOME,DIVIDEND_INCOME,1.0,,-1474321.0,,-36474321.0
BBIK,20260513-bbik-fs-1q2026-th.pdf,CF,baht,10,กระแสเงินสดจากกิจกรรมดำเนินงาน,รายได้ทางการเงิน,รายได้ทางการเงิน,FINANCE_INCOME,FINANCE_INCOME,1.0,-843387.0,-728272.0,-766216.0,-615448.0
BBIK,20260513-bbik-fs-1q2026-th.pdf,CF,baht,10,กระแสเงินสดจากกิจกรรมดำเนินงาน,ต้นทุนทางการเงิน,ต้นทุนทางการเงิน,FINANCE_COST,FINANCE_COST,1.0,1629812.0,1755700.0,788445.0,843155.0
BBIK,20260513-bbik-fs-1q2026-th.pdf,CF,baht,10,กระแสเงินสดจากกิจกรรมดำเนินงาน,ลูกหนีกD ารค ้าและลูกหนีหD มุนเวียนอืน,ลูกหนีกD ารค ้าและลูกหนีหD มุนเวียนอืน,TRADE_RECEIVABLES,TRADE_RECEIVABLES,1.0,126853381.0,44870972.0,66189355.0,14183534.0
BBIK,20260513-bbik-fs-1q2026-th.pdf,CF,baht,10,กระแสเงินสดจากกิจกรรมดำเนินงาน,สินทรัพย์ทเี8 ก ิดจากสัญญา - หมุนเวียน,สินทรัพย์ทเี8 ก ิดจากสัญญา - หมุนเวียน,CONTRACT_ASSETS_CURRENT,CONTRACT_ASSETS_CURRENT,1.0,-9276917.0,63536557.0,11971165.0,89596935.0
BBIK,20260513-bbik-fs-1q2026-th.pdf,CF,baht,10,กระแสเงินสดจากกิจกรรมดำเนินงาน,งานบริการระหว่างท ํา,งานบริการระหว่างท ํา,WIP,WIP,1.0,-1121767.0,-1504563.0,-931011.0,957549.0
BBIK,20260513-bbik-fs-1q2026-th.pdf,CF,baht,10,กระแสเงินสดจากกิจกรรมดำเนินงาน,ต้นทุนส่วนเพิม ในการได้มาซึ8งสัญญาทีท ําก ับลูกค ้า - หมุนเวียน,ต้นทุนส่วนเพิม ในการได้มาซึ8งสัญญาทีท ําก ับลูกค ้า - หมุนเวียน,CONTRACT_ACQUISITION_COST_CURRENT,CONTRACT_ACQUISITION_COST_CURRENT,0.915,358776.0,-103671.0,,
BBIK,20260513-bbik-fs-1q2026-th.pdf,CF,baht,10,กระแสเงินสดจากกิจกรรมดำเนินงาน,สินทรัพย์หมุนเวียนอืน,สินทรัพย์หมุนเวียนอืน,OTHER_CURRENT_ASSETS,OTHER_CURRENT_ASSETS,1.0,1265510.0,-1640415.0,3709385.0,-1467581.0
BBIK,20260513-bbik-fs-1q2026-th.pdf,CF,baht,10,กระแสเงินสดจากกิจกรรมดำเนินงาน,สินทรัพย์ไ ม่หมุนเวียนอืน,สินทรัพย์ไ ม่หมุนเวียนอืน,OTHER_NONCURRENT_ASSETS,OTHER_NONCURRENT_ASSETS,1.0,455291.0,-1086873.0,-4071.0,295563.0
BBIK,20260513-bbik-fs-1q2026-th.pdf,CF,baht,10,กระแสเงินสดจากกิจกรรมดำเนินงาน,เจ้าหนีกD ารค ้าและเจ้าหนีหD มุนเวียนอืน,เจ้าหนีกD ารค ้าและเจ้าหนีหD มุนเวียนอืน,TRADE_PAYABLES,TRADE_PAYABLES,1.0,-75368878.0,-69021135.0,-25063520.0,-38526581.0
BBIK,20260513-bbik-fs-1q2026-th.pdf,CF,baht,10,กระแสเงินสดจากกิจกรรมดำเนินงาน,หนีสD ินทีเ8 ก ิดจากสัญญา - หมุนเวียน,หนีสD ินทีเ8 ก ิดจากสัญญา - หมุนเวียน,,,0.842,-1894891.0,14420142.0,-331359.0,-1437940.0
BBIK,20260513-bbik-fs-1q2026-th.pdf,CF,baht,10,กระแสเงินสดจากกิจกรรมดำเนินงาน,หนีสD ินหมุนเวียนอืน,หนีสD ินหมุนเวียนอืน,OTHER_CURRENT_LIAB,OTHER_CURRENT_LIAB,1.0,-7557972.0,-764704.0,-5247123.0,228766.0
BBIK,20260513-bbik-fs-1q2026-th.pdf,CF,baht,10,กระแสเงินสดจากกิจกรรมดำเนินงาน,จ่ายผลประโยชน์พนักงาน,จ่ายผลประโยชน์พนักงาน,,,0.689,,-1019476.0,,
BBIK,20260513-bbik-fs-1q2026-th.pdf,CF,baht,10,กระแสเงินสดจากกิจกรรมดำเนินงาน,กระแสเงินสดสุทธิได้ มาจากการดําเน ินงาน,กระแสเงินสดสุทธิได้ มาจากการดําเน ินงาน,CF_OPERATING_BEFORE_ITEMS,CF_OPERATING_BEFORE_ITEMS,0.933,118265336.0,118098488.0,86125080.0,112852054.0
BBIK,20260513-bbik-fs-1q2026-th.pdf,CF,baht,10,กระแสเงินสดจากกิจกรรมดำเนินงาน,รับดอกเบียD,รับดอกเบียD,,,0.8,609352.0,905990.0,589878.0,760433.0
BBIK,20260513-bbik-fs-1q2026-th.pdf,CF,baht,10,กระแสเงินสดจากกิจกรรมดำเนินงาน,จ่ายดอกเบียD,จ่ายดอกเบียD,,,0.875,-28.0,-1268.0,-28.0,-1268.0
BBIK,20260513-bbik-fs-1q2026-th.pdf,CF,baht,10,กระแสเงินสดจากกิจกรรมดำเนินงาน,จ่ายภาษีเงินได้,จ่ายภาษีเงินได้,,,0.875,-6265076.0,-10847793.0,-3554501.0,-7840209.0
BBIK,20260513-bbik-fs-1q2026-th.pdf,CF,baht,10,กระแสเงินสดจากกิจกรรมดำเนินงาน,กระแสเงินสดสุทธิได้ มาจากกิจกรรมดําเน ินงาน,กระแสเงินสดสุทธิได้ มาจากกิจกรรมดําเน ินงาน,CF_OPERATING,CF_OPERATING,1.0,112609584.0,108155417.0,83160429.0,105771010.0
BBIK,20260513-bbik-fs-1q2026-th.pdf,CF,baht,10,กระแสเงินสดจากกิจกรรมดำเนินงาน,หมายเหตุประกอบงบการเงินเป็ นส่วนหนึ8งของงบการเงินระหว่างกาลนีD,หมายเหตุประกอบงบการเงินเป็ นส่วนหนึ8งของงบการเงินระหว่างกาลนีD,,,0.538,,,,8.0
BBIK,20260513-bbik-fs-1q2026-th.pdf,CF,baht,11,กระแสเงินสดจากกิจกรรมลงทุน,เงินฝากสถาบันการเงินทีม ีภาระผ ูกพันเพิม ขึDน,เงินฝากสถาบันการเงินทีม ีภาระผ ูกพันเพิม ขึDน,RESTRICTED_DEPOSITS,RESTRICTED_DEPOSITS,0.909,,-5696939.0,,-5696939.0
BBIK,20260513-bbik-fs-1q2026-th.pdf,CF,baht,11,กระแสเงินสดจากกิจกรรมลงทุน,ี8 องก ัน,ี8 องก ัน,,,0.857,,,,-4500000.0
BBIK,20260513-bbik-fs-1q2026-th.pdf,CF,baht,11,กระแสเงินสดจากกิจกรรมลงทุน,ี8 องก ัน,ี8 องก ัน,,,0.857,,,,4200000.0
BBIK,20260513-bbik-fs-1q2026-th.pdf,CF,baht,11,กระแสเงินสดจากกิจกรรมลงทุน,เงินสดรับจากเงินให้กยืู้ มระยะสัDนแก ่บริษทั อืน,เงินสดรับจากเงินให้กยืู้ มระยะสัDนแก ่บริษทั อืน,,,0.779,,5000000.0,,5000000.0
BBIK,20260513-bbik-fs-1q2026-th.pdf,CF,baht,11,กระแสเงินสดจากกิจกรรมลงทุน,เงินสดรับจากเงินปันผลจากเงินลงทุนในสินทรัพย์ทางการเงินไม่หมุนเวียนอืน,เงินสดรับจากเงินปันผลจากเงินลงทุนในสินทรัพย์ทางการเงินไม่หมุนเวียนอืน,,,0.688,,1474321.0,,1474321.0
BBIK,20260513-bbik-fs-1q2026-th.pdf,CF,baht,11,กระแสเงินสดจากกิจกรรมลงทุน,เงินสดรับจากเงินปันผลจากบริษทั ย่อย,เงินสดรับจากเงินปันผลจากบริษทั ย่อย,DIVIDEND_RECEIVED,DIVIDEND_RECEIVED,1.0,,,,35000000.0
BBIK,20260513-bbik-fs-1q2026-th.pdf,CF,baht,11,กระแสเงินสดจากกิจกรรมลงทุน,เงินสดจ่ายสุทธิจากการลงทุนในบริษทั ย่อย,เงินสดจ่ายสุทธิจากการลงทุนในบริษทั ย่อย,,,0.718,,-147166963.0,,-147166963.0
BBIK,20260513-bbik-fs-1q2026-th.pdf,CF,baht,11,กระแสเงินสดจากกิจกรรมลงทุน,เงินสดจ่ายสุทธิจากการลงทุนในการร่วมค ้า,เงินสดจ่ายสุทธิจากการลงทุนในการร่วมค ้า,,,0.703,-2500000.0,,,
BBIK,20260513-bbik-fs-1q2026-th.pdf,CF,baht,11,กระแสเงินสดจากกิจกรรมลงทุน,เงินสดจ่ายเพือ การซือD สินทรัพย์,เงินสดจ่ายเพือ การซือD สินทรัพย์,,,0.743,-361670.0,-501305.0,,-63255.0
BBIK,20260513-bbik-fs-1q2026-th.pdf,CF,baht,11,กระแสเงินสดจากกิจกรรมลงทุน,เงินสดจ่ายเพือ การพัฒนาสินทรัพย์ไ ม่มีตวั ตน,เงินสดจ่ายเพือ การพัฒนาสินทรัพย์ไ ม่มีตวั ตน,,,0.701,-2570046.0,-11481.0,,
BBIK,20260513-bbik-fs-1q2026-th.pdf,CF,baht,11,กระแสเงินสดจากกิจกรรมลงทุน,กระแสเงินสดสุทธิใช้ไปในกิจกรรมลงทุน,กระแสเงินสดสุทธิใช้ไปในกิจกรรมลงทุน,CF_INVESTING,CF_INVESTING,1.0,-5431716.0,-146902367.0,,-111752836.0
BBIK,20260513-bbik-fs-1q2026-th.pdf,CF,baht,11,กระแสเงินสดจากกิจกรรมจัดหาเงิน,เงินเบิกเก ินบัญชีจากสถาบันการเงินเพิม ขึDน (ลดลง),เงินเบิกเก ินบัญชีจากสถาบันการเงินเพิม ขึDน (ลดลง),,,0.826,-668.0,94618.0,-668.0,94618.0
BBIK,20260513-bbik-fs-1q2026-th.pdf,CF,baht,11,กระแสเงินสดจากกิจกรรมจัดหาเงิน,จ่ายช ําระหนีสD ินตามสัญญาเช่า,จ่ายช ําระหนีสD ินตามสัญญาเช่า,,,0.833,-3527119.0,-3178172.0,-2999764.0,-2650817.0
BBIK,20260513-bbik-fs-1q2026-th.pdf,CF,baht,11,กระแสเงินสดจากกิจกรรมจัดหาเงิน,กระแสเงินสดสุทธิใช้ไปในกิจกรรมจัดหาเงิน,กระแสเงินสดสุทธิใช้ไปในกิจกรรมจัดหาเงิน,CF_FINANCING,CF_FINANCING,1.0,-3527787.0,-3083554.0,-3000432.0,-2556199.0
BBIK,20260513-bbik-fs-1q2026-th.pdf,CF,baht,11,กระแสเงินสดจากกิจกรรมจัดหาเงิน,ก่อนผลกระทบของอัตราแลกเปลียN น,เงินสดและรายการเทียบเท่าเงินสดเพิมN ขึIน (ลดลง) สุทธิ ก่อนผลกระทบของอัตราแลกเปลียN น,CASH_NET_CHANGE_BEFORE_FX,CASH_NET_CHANGE_BEFORE_FX,1.0,103650081.0,-41830504.0,80159997.0,-8538025.0
BBIK,20260513-bbik-fs-1q2026-th.pdf,CF,baht,11,กระแสเงินสดจากกิจกรรมจัดหาเงิน,ผลกระทบของอัตราแลกเปลีย นทีม ีตอ่ เงินสดและรายการเทียบเท่าเงินสด,ผลกระทบของอัตราแลกเปลีย นทีม ีตอ่ เงินสดและรายการเทียบเท่าเงินสด,CASH_FX_EFFECT,CASH_FX_EFFECT,1.0,2437295.0,-153269.0,2322019.0,-109749.0
BBIK,20260513-bbik-fs-1q2026-th.pdf,CF,baht,11,กระแสเงินสดจากกิจกรรมจัดหาเงิน,เงินสดและรายการเทียบเท่าเงินสดเพิมN ขึIน (ลดลง) สุทธิ,เงินสดและรายการเทียบเท่าเงินสดเพิมN ขึIน (ลดลง) สุทธิ,CASH_NET_CHANGE,CASH_NET_CHANGE,1.0,106087376.0,-41983773.0,82482016.0,-8647774.0
BBIK,20260513-bbik-fs-1q2026-th.pdf,CF,baht,11,กระแสเงินสดจากกิจกรรมจัดหาเงิน,ผลกระทบจากการแปลงค ่างบการเงินทีเ8 ป็ นเงินตราต่างประเทศ,ผลกระทบจากการแปลงค ่างบการเงินทีเ8 ป็ นเงินตราต่างประเทศ,CF_TRANSLATION,CF_TRANSLATION_AFTER,1.0,-201075.0,48508.0,,
BBIK,20260513-bbik-fs-1q2026-th.pdf,CF,baht,11,กระแสเงินสดจากกิจกรรมจัดหาเงิน,เงินสดและรายการเทียบเท่าเงินสด ณ วันต้ นงวด,เงินสดและรายการเทียบเท่าเงินสด ณ วันต้ นงวด,CASH_BEGIN,CASH_BEGIN,1.0,594139290.0,530203212.0,224439290.0,311455242.0
BBIK,20260513-bbik-fs-1q2026-th.pdf,CF,baht,11,กระแสเงินสดจากกิจกรรมจัดหาเงิน,เงินสดและรายการเทียบเท่าเงินสด ณ วันสิIนงวด,เงินสดและรายการเทียบเท่าเงินสด ณ วันสิIนงวด,CASH_END,CASH_END,1.0,700025591.0,488267947.0,306921306.0,302807468.0
BBIK,20260513-bbik-fs-1q2026-th.pdf,CF,baht,11,รายการที่ไม่ใช่เงินสด,- ซือD สินทรัพย์ถาวรยังไม่ไ ด้จ่ายช ําระ,- ซือD สินทรัพย์ถาวรยังไม่ไ ด้จ่ายช ําระ,,,0.516,128130.0,,,
BBIK,20260513-bbik-fs-1q2026-th.pdf,CF,baht,11,รายการที่ไม่ใช่เงินสด,- ผลตอบแทนพนักงานในการพัฒนาสินทรัพย์ไ ม่มีตวั ตนยังไม่ไ ด้จ่ายช ําระ,- ผลตอบแทนพนักงานในการพัฒนาสินทรัพย์ไ ม่มีตวั ตนยังไม่ไ ด้จ่ายช ําระ,,,0.48,37951.0,,,
BBIK,20260513-bbik-fs-1q2026-th.pdf,CF,baht,11,รายการที่ไม่ใช่เงินสด,- ปรับปรุงโปรแกรมคอมพิวเตอร์ระหว่างพัฒนาเป็ นต้นทุนบริการ,- ปรับปรุงโปรแกรมคอมพิวเตอร์ระหว่างพัฒนาเป็ นต้นทุนบริการ,,,0.531,,-164312.0,,
BBIK,20260513-bbik-fs-1q2026-th.pdf,CF,baht,11,รายการที่ไม่ใช่เงินสด,- สินทรัพย์สิทธิการใช้และหนีสD ินสัญญาเช่าเพิม ขึDน,- สินทรัพย์สิทธิการใช้และหนีสD ินสัญญาเช่าเพิม ขึDน,,,0.649,2640940.0,899435.0,2640940.0,899435.0
BBIK,20260513-bbik-fs-1q2026-th.pdf,CF,baht,11,รายการที่ไม่ใช่เงินสด,หมายเหตุประกอบงบการเงินเป็ นส่วนหนึ8งของงบการเงินระหว่างกาลนีD,หมายเหตุประกอบงบการเงินเป็ นส่วนหนึ8งของงบการเงินระหว่างกาลนีD,,,0.478,,,,9.0
PRG,20260513-prg-fs-1q2026-th.pdf,CF,thousand,9,กระแสเงินสดจากกิจกรรมดำเนินงาน,ก ําไร (ขาดทุน) ก ่อนภาษี,ก ําไร (ขาดทุน) ก ่อนภาษี,,,0.783,7331.0,1776.0,-380.0,-1687.0
PRG,20260513-prg-fs-1q2026-th.pdf,CF,thousand,9,กระแสเงินสดจากกิจกรรมดำเนินงาน,ค ่าเสืCอมราคาและค ่าตัดจําหน่าย,ค ่าเสืCอมราคาและค ่าตัดจําหน่าย,DEPRECIATION_AMORTISATION,DEPRECIATION_AMORTISATION,1.0,15251.0,14000.0,1315.0,1600.0
PRG,20260513-prg-fs-1q2026-th.pdf,CF,thousand,9,กระแสเงินสดจากกิจกรรมดำเนินงาน,ผลขาดทุนด้านเครดิตทีคC าดว่าจะเก ิดขึAน (โอนกลับ),ผลขาดทุนด้านเครดิตทีคC าดว่าจะเก ิดขึAน (โอนกลับ),,,0.894,189.0,-6.0,,-6.0
PRG,20260513-prg-fs-1q2026-th.pdf,CF,thousand,9,กระแสเงินสดจากกิจกรรมดำเนินงาน,ก ําไรจากการจําหน่ายและตัดจําหน่ายสินทรัพย์,ก ําไรจากการจําหน่ายและตัดจําหน่ายสินทรัพย์,,,0.655,-2.0,-11.0,-2.0,-6.0
PRG,20260513-prg-fs-1q2026-th.pdf,CF,thousand,9,กระแสเงินสดจากกิจกรรมดำเนินงาน,การปรับลดสินค ้าคงเหลือเป็ นมูลค ่าสุทธิทจีC ะได้รับ,การปรับลดสินค ้าคงเหลือเป็ นมูลค ่าสุทธิทจีC ะได้รับ,,,0.56,11.0,13.0,,
PRG,20260513-prg-fs-1q2026-th.pdf,CF,thousand,9,กระแสเงินสดจากกิจกรรมดำเนินงาน,ประมาณการหนีสA ินสําหรับผลประโยชน์พนักงาน,ประมาณการหนีสA ินสําหรับผลประโยชน์พนักงาน,EMPLOYEE_BENEFIT_PROVISION,EMPLOYEE_BENEFIT_PROVISION,1.0,633.0,540.0,166.0,48.0
PRG,20260513-prg-fs-1q2026-th.pdf,CF,thousand,9,กระแสเงินสดจากกิจกรรมดำเนินงาน,รายได้ทางการเงิน,รายได้ทางการเงิน,FINANCE_INCOME,FINANCE_INCOME,1.0,,,-13508.0,-12599.0
PRG,20260513-prg-fs-1q2026-th.pdf,CF,thousand,9,กระแสเงินสดจากกิจกรรมดำเนินงาน,ต้นทุนทางการเงิน,ต้นทุนทางการเงิน,FINANCE_COST,FINANCE_COST,1.0,1365.0,1566.0,2445.0,2854.0
PRG,20260513-prg-fs-1q2026-th.pdf,CF,thousand,9,กระแสเงินสดจากกิจกรรมดำเนินงาน,ในสินทรัพย์และหนีสA ินดําเนินงาน,ก ําไร (ขาดทุน) จากการด ําเนินงานก ่อนการเปลียC นแปลง ในสินทรัพย์และหนีสA ินดําเนินงาน,PROFIT_BEFORE_WC_CHANGE,PROFIT_BEFORE_WC_CHANGE,0.952,24778.0,17878.0,-9964.0,-9796.0
PRG,20260513-prg-fs-1q2026-th.pdf,CF,thousand,9,กระแสเงินสดจากกิจกรรมดำเนินงาน,ลูกหนีกA ารค ้าและลูกหนีหA มุนเวียนอืนC,ลูกหนีกA ารค ้าและลูกหนีหA มุนเวียนอืนC,TRADE_RECEIVABLES,TRADE_RECEIVABLES,1.0,-21156.0,-24894.0,2377.0,732.0
PRG,20260513-prg-fs-1q2026-th.pdf,CF,thousand,9,กระแสเงินสดจากกิจกรรมดำเนินงาน,สินค ้าคงเหลือ,สินค ้าคงเหลือ,INVENTORY,INVENTORY,1.0,-200528.0,-165305.0,-2.0,22.0
PRG,20260513-prg-fs-1q2026-th.pdf,CF,thousand,9,กระแสเงินสดจากกิจกรรมดำเนินงาน,สินทรัพย์หมุนเวียนอืนC,สินทรัพย์หมุนเวียนอืนC,OTHER_CURRENT_ASSETS,OTHER_CURRENT_ASSETS,1.0,-843.0,-2172.0,,3.0
PRG,20260513-prg-fs-1q2026-th.pdf,CF,thousand,9,กระแสเงินสดจากกิจกรรมดำเนินงาน,สินทรัพย์ไ ม่หมุนเวียนอืนC,สินทรัพย์ไ ม่หมุนเวียนอืนC,OTHER_NONCURRENT_ASSETS,OTHER_NONCURRENT_ASSETS,1.0,38.0,101.0,,18.0
PRG,20260513-prg-fs-1q2026-th.pdf,CF,thousand,9,กระแสเงินสดจากกิจกรรมดำเนินงาน,เจ้าหนีกA ารค ้าและเจ้าหนีหA มุนเวียนอืนC,เจ้าหนีกA ารค ้าและเจ้าหนีหA มุนเวียนอืนC,TRADE_PAYABLES,TRADE_PAYABLES,1.0,-37935.0,78629.0,-3663.0,-961.0
PRG,20260513-prg-fs-1q2026-th.pdf,CF,thousand,9,กระแสเงินสดจากกิจกรรมดำเนินงาน,หนีสA ินหมุนเวียนอืนC,หนีสA ินหมุนเวียนอืนC,OTHER_CURRENT_LIAB,OTHER_CURRENT_LIAB,1.0,511.0,1653.0,295.0,63.0
PRG,20260513-prg-fs-1q2026-th.pdf,CF,thousand,9,กระแสเงินสดจากกิจกรรมดำเนินงาน,จ่ายผลประโยชน์พนักงาน,จ่ายผลประโยชน์พนักงาน,,,0.689,,-233.0,,
PRG,20260513-prg-fs-1q2026-th.pdf,CF,thousand,9,กระแสเงินสดจากกิจกรรมดำเนินงาน,เงินสดสุทธิใช้ไปในกิจกรรมดําเน ินงาน,เงินสดสุทธิใช้ไปในกิจกรรมดําเน ินงาน,CF_OPERATING_BEFORE_ITEMS,CF_OPERATING_BEFORE_ITEMS,1.0,-235135.0,-94343.0,-10957.0,-9919.0
PRG,20260513-prg-fs-1q2026-th.pdf,CF,thousand,9,กระแสเงินสดจากกิจกรรมดำเนินงาน,จ่ายภาษีเงินได้,จ่ายภาษีเงินได้,,,0.875,-1229.0,-1724.0,-213.0,-291.0
PRG,20260513-prg-fs-1q2026-th.pdf,CF,thousand,9,กระแสเงินสดจากกิจกรรมดำเนินงาน,รับค ืนภาษีเงินได้,รับค ืนภาษีเงินได้,,,0.741,709.0,,709.0,
PRG,20260513-prg-fs-1q2026-th.pdf,CF,thousand,9,กระแสเงินสดจากกิจกรรมดำเนินงาน,เงินสดสุทธิใช้ไปในกิจกรรมดําเน ินงาน,เงินสดสุทธิใช้ไปในกิจกรรมดําเน ินงาน,CF_OPERATING,CF_OPERATING,1.0,-235655.0,-96067.0,-10461.0,-10210.0
PRG,20260513-prg-fs-1q2026-th.pdf,CF,thousand,10,กระแสเงินสดจากกิจกรรมลงทุน,เงินสดจ่ายให้กยืู้ มระยะสัAนแก ่บริษทั ย่อย,เงินสดจ่ายให้กยืู้ มระยะสัAนแก ่บริษทั ย่อย,SHORT_TERM_LOANS_RELATED,SHORT_TERM_LOANS_RELATED,0.9,,,-383438.0,-364112.0
PRG,20260513-prg-fs-1q2026-th.pdf,CF,thousand,10,กระแสเงินสดจากกิจกรรมลงทุน,เงินสดรับช ําระจากเงินให้กยืู้ มระยะสัAนแก ่บริษทั ย่อย,เงินสดรับช ําระจากเงินให้กยืู้ มระยะสัAนแก ่บริษทั ย่อย,,,0.783,,,157415.0,249130.0
PRG,20260513-prg-fs-1q2026-th.pdf,CF,thousand,10,กระแสเงินสดจากกิจกรรมลงทุน,เงินสดรับจากการจําหน่ายสินทรัพย์,เงินสดรับจากการจําหน่ายสินทรัพย์,,,0.806,2.0,712.0,2.0,706.0
PRG,20260513-prg-fs-1q2026-th.pdf,CF,thousand,10,กระแสเงินสดจากกิจกรรมลงทุน,เงินสดรับจากรายได้ดอกเบียA,เงินสดรับจากรายได้ดอกเบียA,,,0.897,,,12593.0,27115.0
PRG,20260513-prg-fs-1q2026-th.pdf,CF,thousand,10,กระแสเงินสดจากกิจกรรมลงทุน,เงินสดจ่ายซือA สินทรัพย์ไ ม่มีตวั ตน,เงินสดจ่ายซือA สินทรัพย์ไ ม่มีตวั ตน,,,0.75,-60.0,-320.0,,-320.0
PRG,20260513-prg-fs-1q2026-th.pdf,CF,thousand,10,กระแสเงินสดจากกิจกรรมลงทุน,เงินสดจ่ายซือA อาคาร ส่วนปรับปรุงอาคาร เครืCองจักรและอุปกรณ์,เงินสดจ่ายซือA อาคาร ส่วนปรับปรุงอาคาร เครืCองจักรและอุปกรณ์,,,0.667,-1322.0,-3045.0,-18.0,
PRG,20260513-prg-fs-1q2026-th.pdf,CF,thousand,10,กระแสเงินสดจากกิจกรรมลงทุน,เงินสดจ่ายซือA พืชเพือC การให้ผลิตผล,เงินสดจ่ายซือA พืชเพือC การให้ผลิตผล,,,0.75,-69.0,,,
PRG,20260513-prg-fs-1q2026-th.pdf,CF,thousand,10,กระแสเงินสดจากกิจกรรมลงทุน,เงินสดจ่ายซือA อสังหาริมทรัพย์เพือC การลงทุน,เงินสดจ่ายซือA อสังหาริมทรัพย์เพือC การลงทุน,,,0.667,-4580.0,-2888.0,,
PRG,20260513-prg-fs-1q2026-th.pdf,CF,thousand,10,กระแสเงินสดจากกิจกรรมลงทุน,เงินสดสุทธิใช้ไปในกิจกรรมลงทุน,เงินสดสุทธิใช้ไปในกิจกรรมลงทุน,CF_INVESTING,CF_INVESTING,1.0,-6029.0,-5541.0,-213446.0,-87481.0
PRG,20260513-prg-fs-1q2026-th.pdf,CF,thousand,10,กระแสเงินสดจากกิจกรรมจัดหาเงิน,เงินสดรับจากเงินกยืู้ มระยะสัAนจากสถาบันการเงิน,เงินสดรับจากเงินกยืู้ มระยะสัAนจากสถาบันการเงิน,,,0.826,261000.0,445000.0,261000.0,445000.0
PRG,20260513-prg-fs-1q2026-th.pdf,CF,thousand,10,กระแสเงินสดจากกิจกรรมจัดหาเงิน,จ่ายช ําระค ืนเงินกยืู้ มระยะสัAนจากสถาบันการเงิน,จ่ายช ําระค ืนเงินกยืู้ มระยะสัAนจากสถาบันการเงิน,,,0.864,-48000.0,-508000.0,-48000.0,-508000.0
PRG,20260513-prg-fs-1q2026-th.pdf,CF,thousand,10,กระแสเงินสดจากกิจกรรมจัดหาเงิน,เงินสดรับจากเงินกยืู้ มระยะสัAนจากบริษทั ย่อย,เงินสดรับจากเงินกยืู้ มระยะสัAนจากบริษทั ย่อย,,,0.818,,,10230.0,21370.0
PRG,20260513-prg-fs-1q2026-th.pdf,CF,thousand,10,กระแสเงินสดจากกิจกรรมจัดหาเงิน,จ่ายช ําระค ืนเงินกยืู้ มระยะสัAนจากบริษทั ย่อย,จ่ายช ําระค ืนเงินกยืู้ มระยะสัAนจากบริษทั ย่อย,,,0.857,,,-7370.0,-19440.0
PRG,20260513-prg-fs-1q2026-th.pdf,CF,thousand,10,กระแสเงินสดจากกิจกรรมจัดหาเงิน,ช ําระค ืนเงินต้นของหนีสA ินตามสัญญาเช่า,ช ําระค ืนเงินต้นของหนีสA ินตามสัญญาเช่า,,,0.645,-1376.0,-1151.0,-149.0,-268.0
PRG,20260513-prg-fs-1q2026-th.pdf,CF,thousand,10,กระแสเงินสดจากกิจกรรมจัดหาเงิน,จ่ายดอกเบียA,จ่ายดอกเบียA,,,0.875,-1163.0,-1477.0,-2356.0,-3042.0
PRG,20260513-prg-fs-1q2026-th.pdf,CF,thousand,10,กระแสเงินสดจากกิจกรรมจัดหาเงิน,เงินเพิมC ทุนจากการใช้สิทธิของใบสําค ัญแสดงสิทธิซอืA หุน้ สามัญ,เงินเพิมC ทุนจากการใช้สิทธิของใบสําค ัญแสดงสิทธิซอืA หุน้ สามัญ,,,0.709,292.0,174603.0,292.0,174603.0
PRG,20260513-prg-fs-1q2026-th.pdf,CF,thousand,10,กระแสเงินสดจากกิจกรรมจัดหาเงิน,เงินสดสุทธิจากกิจกรรมจัดหาเงิน,เงินสดสุทธิจากกิจกรรมจัดหาเงิน,CF_FINANCING,CF_FINANCING,1.0,210753.0,108975.0,213647.0,110223.0
PRG,20260513-prg-fs-1q2026-th.pdf,CF,thousand,10,กระแสเงินสดจากกิจกรรมจัดหาเงิน,เงินสดและรายการเทียบเท่าเงินสดเพิม ขึEน (ลดลง) สุทธิ,เงินสดและรายการเทียบเท่าเงินสดเพิม ขึEน (ลดลง) สุทธิ,CASH_NET_CHANGE,CASH_NET_CHANGE,1.0,-30931.0,7367.0,-10260.0,12532.0
PRG,20260513-prg-fs-1q2026-th.pdf,CF,thousand,10,กระแสเงินสดจากกิจกรรมจัดหาเงิน,เงินสดและรายการเทียบเท่าเงินสดต้นงวด,เงินสดและรายการเทียบเท่าเงินสดต้นงวด,CASH_BEGIN,CASH_BEGIN,1.0,62397.0,41377.0,15430.0,7079.0
PRG,20260513-prg-fs-1q2026-th.pdf,CF,thousand,10,กระแสเงินสดจากกิจกรรมจัดหาเงิน,เงินสดและรายการเทียบเท่าเงินสดปลายงวด,เงินสดและรายการเทียบเท่าเงินสดปลายงวด,CASH_END,CASH_END,1.0,31466.0,48744.0,5170.0,19611.0
PRG,20260513-prg-fs-1q2026-th.pdf,CF,thousand,10,รายการที่ไม่ใช่เงินสด,สินทรัพย์สิทธิการใช้แสดงอยูภ่ ายใต้ทดีC นิ อาคารและอุปกรณ์เพิมC ขึAน,สินทรัพย์สิทธิการใช้แสดงอยูภ่ ายใต้ทดีC นิ อาคารและอุปกรณ์เพิมC ขึAน,,,0.519,4579.0,,,
PRG,20260513-prg-fs-1q2026-th.pdf,CF,thousand,10,รายการที่ไม่ใช่เงินสด,โอนอสังหาริมทรัพย์เพือC การลงทุนเป็ น ทีดC นิ อาคารและอุปกรณ์,โอนอสังหาริมทรัพย์เพือC การลงทุนเป็ น ทีดC นิ อาคารและอุปกรณ์,,,0.522,363.0,419.0,,
SAT,20260514-sat-fs-1q2026-th.pdf,CF,thousand,11,,วันที่,วันที่,,,0.5,31.0,,31.0,
SAT,20260514-sat-fs-1q2026-th.pdf,CF,thousand,11,กระแสเงินสดจากกิจกรรมดำเนินงาน,กาไร (ขาดทุน) สาหรับงวด,กาไร (ขาดทุน) สาหรับงวด,NET_PROFIT,NET_PROFIT,1.0,210622.0,188409.0,4072.0,-21556.0
SAT,20260514-sat-fs-1q2026-th.pdf,CF,thousand,11,กระแสเงินสดจากกิจกรรมดำเนินงาน,ค่าใช้จ่าย (รายได้) ภาษีเงินได้,ค่าใช้จ่าย (รายได้) ภาษีเงินได้,,,0.857,13221.0,31839.0,23.0,-18.0
SAT,20260514-sat-fs-1q2026-th.pdf,CF,thousand,11,กระแสเงินสดจากกิจกรรมดำเนินงาน,ต้นทุนทางการเงิน,ต้นทุนทางการเงิน,FINANCE_COST,FINANCE_COST,1.0,859.0,1165.0,491.0,215.0
SAT,20260514-sat-fs-1q2026-th.pdf,CF,thousand,11,กระแสเงินสดจากกิจกรรมดำเนินงาน,ค่าเสื่ อมราคาและค่าตัดจาหน่าย,ค่าเสื่ อมราคาและค่าตัดจาหน่าย,DEPRECIATION_AMORTISATION,DEPRECIATION_AMORTISATION,1.0,125891.0,125593.0,7240.0,5594.0
SAT,20260514-sat-fs-1q2026-th.pdf,CF,thousand,11,กระแสเงินสดจากกิจกรรมดำเนินงาน,ตัดจาหน่ายที่ดิน อาคารและอุปกรณ์,ตัดจาหน่ายที่ดิน อาคารและอุปกรณ์,,,0.8,2157.0,3308.0,,47.0
SAT,20260514-sat-fs-1q2026-th.pdf,CF,thousand,11,กระแสเงินสดจากกิจกรรมดำเนินงาน,ดอกเบี้ยรับ,ดอกเบี้ยรับ,INTEREST_INCOME_CF,INTEREST_INCOME_CF,1.0,-4634.0,-6116.0,-1793.0,-2453.0
SAT,20260514-sat-fs-1q2026-th.pdf,CF,thousand,11,กระแสเงินสดจากกิจกรรมดำเนินงาน,ขาดทุนจากการปรับมูลค่าสิ นค้า,ขาดทุนจากการปรับมูลค่าสิ นค้า,,,0.657,653.0,7264.0,,
SAT,20260514-sat-fs-1q2026-th.pdf,CF,thousand,11,กระแสเงินสดจากกิจกรรมดำเนินงาน,(กาไร) ขาดทุนจากอัตราแลกเปลี่ยนที่ยงั ไม่เกิดขึ้นจริ ง,(กาไร) ขาดทุนจากอัตราแลกเปลี่ยนที่ยงั ไม่เกิดขึ้นจริ ง,,,0.767,-5351.0,98.0,,
SAT,20260514-sat-fs-1q2026-th.pdf,CF,thousand,11,กระแสเงินสดจากกิจกรรมดำเนินงาน,กาไรจากการจาหน่ายที่ดิน อาคารและอุปกรณ์,กาไรจากการจาหน่ายที่ดิน อาคารและอุปกรณ์,,,0.706,-157.0,-243.0,,
SAT,20260514-sat-fs-1q2026-th.pdf,CF,thousand,11,กระแสเงินสดจากกิจกรรมดำเนินงาน,(กาไร) ขาดทุนที่ยงั ไม่เกิดขึ้นจากสิ นทรัพย์ทางการเงินหมุนเวียนอื่น,(กาไร) ขาดทุนที่ยงั ไม่เกิดขึ้นจากสิ นทรัพย์ทางการเงินหมุนเวียนอื่น,,,0.714,5127.0,-1643.0,4626.0,-1102.0
SAT,20260514-sat-fs-1q2026-th.pdf,CF,thousand,11,กระแสเงินสดจากกิจกรรมดำเนินงาน,กาไรจากการขายสิ นทรัพย์ทางการเงินหมุนเวียนอื่น,กาไรจากการขายสิ นทรัพย์ทางการเงินหมุนเวียนอื่น,,,0.833,-9319.0,-3890.0,-6809.0,-1643.0
SAT,20260514-sat-fs-1q2026-th.pdf,CF,thousand,11,กระแสเงินสดจากกิจกรรมดำเนินงาน,ส่วนแบ่งกาไรของการร่ วมค้าและบริ ษทั ร่ วมที่ใช้วิธีส่วนได้เสี ย,ส่วนแบ่งกาไรของการร่ วมค้าและบริ ษทั ร่ วมที่ใช้วิธีส่วนได้เสี ย,,,0.794,-21716.0,-13325.0,,
SAT,20260514-sat-fs-1q2026-th.pdf,CF,thousand,11,กระแสเงินสดจากกิจกรรมดำเนินงาน,ประมาณการหนี้สินสาหรับผลประโยชน์พนักงาน,ประมาณการหนี้สินสาหรับผลประโยชน์พนักงาน,EMPLOYEE_BENEFIT_PROVISION,EMPLOYEE_BENEFIT_PROVISION,1.0,9262.0,9289.0,2723.0,2659.0
SAT,20260514-sat-fs-1q2026-th.pdf,CF,thousand,11,กระแสเงินสดจากกิจกรรมดำเนินงาน,,กระแสเงินสดจากกิจกรรมดำเนินงาน,CF_OPERATING_BEFORE_ITEMS,CF_OPERATING_BEFORE_ITEMS,0.919,326615.0,341748.0,10573.0,-18257.0
SAT,20260514-sat-fs-1q2026-th.pdf,CF,thousand,11,กระแสเงินสดจากกิจกรรมดำเนินงาน,ลูกหนี้ การค้า,ลูกหนี้ การค้า,TRADE_RECEIVABLES,TRADE_RECEIVABLES,1.0,-184873.0,-50.0,,
SAT,20260514-sat-fs-1q2026-th.pdf,CF,thousand,11,กระแสเงินสดจากกิจกรรมดำเนินงาน,ลูกหนี้ อื่น,ลูกหนี้ อื่น,,,0.791,10873.0,-1112.0,-46235.0,-24662.0
SAT,20260514-sat-fs-1q2026-th.pdf,CF,thousand,11,กระแสเงินสดจากกิจกรรมดำเนินงาน,สิ นค้าคงเหลือ,สิ นค้าคงเหลือ,INVENTORY,INVENTORY,1.0,60563.0,-19975.0,,
SAT,20260514-sat-fs-1q2026-th.pdf,CF,thousand,11,กระแสเงินสดจากกิจกรรมดำเนินงาน,สิ นทรัพย์ไม่หมุนเวียนอื่น,สิ นทรัพย์ไม่หมุนเวียนอื่น,OTHER_NONCURRENT_ASSETS,OTHER_NONCURRENT_ASSETS,1.0,-1787.0,-1886.0,67.0,-668.0
SAT,20260514-sat-fs-1q2026-th.pdf,CF,thousand,11,กระแสเงินสดจากกิจกรรมดำเนินงาน,เจ้าหนี้ การค้า,เจ้าหนี้ การค้า,TRADE_PAYABLES,TRADE_PAYABLES,1.0,68992.0,83551.0,,
SAT,20260514-sat-fs-1q2026-th.pdf,CF,thousand,11,กระแสเงินสดจากกิจกรรมดำเนินงาน,เจ้าหนี้ อื่น,เจ้าหนี้ อื่น,OTHER_PAYABLES,OTHER_PAYABLES,1.0,96841.0,54482.0,8533.0,-8308.0
SAT,20260514-sat-fs-1q2026-th.pdf,CF,thousand,11,กระแสเงินสดจากกิจกรรมดำเนินงาน,หนี้สินไม่หมุนเวียนอื่น,หนี้สินไม่หมุนเวียนอื่น,OTHER_NONCURRENT_LIAB,OTHER_NONCURRENT_LIAB,1.0,-16.0,-1.0,-17.0,-1.0
SAT,20260514-sat-fs-1q2026-th.pdf,CF,thousand,11,กระแสเงินสดจากกิจกรรมดำเนินงาน,กระแสเงินสดสุทธิได้มาจาก (ใช้ไปใน) การดาเนิ นงาน,กระแสเงินสดสุทธิได้มาจาก (ใช้ไปใน) การดาเนิ นงาน,CF_OPERATING_BEFORE_ITEMS,CF_OPERATING_BEFORE_ITEMS,1.0,377208.0,456757.0,-27079.0,-51896.0
SAT,20260514-sat-fs-1q2026-th.pdf,CF,thousand,11,กระแสเงินสดจากกิจกรรมดำเนินงาน,ผลประโยชน์พนักงานจ่ายออก,ผลประโยชน์พนักงานจ่ายออก,,,0.656,-7651.0,-14565.0,-7651.0,-14184.0
SAT,20260514-sat-fs-1q2026-th.pdf,CF,thousand,11,กระแสเงินสดจากกิจกรรมดำเนินงาน,ภาษีเงินได้จ่ายออก,ภาษีเงินได้จ่ายออก,,,0.737,-2656.0,-1125.0,-1995.0,-479.0
SAT,20260514-sat-fs-1q2026-th.pdf,CF,thousand,11,กระแสเงินสดจากกิจกรรมดำเนินงาน,กระแสเงินสดสุ ทธิได้มาจาก (ใช้ ไปใน) กิจกรรมดาเนินงาน,กระแสเงินสดสุ ทธิได้มาจาก (ใช้ ไปใน) กิจกรรมดาเนินงาน,CF_OPERATING,CF_OPERATING,1.0,366901.0,441067.0,-36725.0,-66559.0
SAT,20260514-sat-fs-1q2026-th.pdf,CF,thousand,12,,วันที่,วันที่,,,0.5,31.0,,31.0,
SAT,20260514-sat-fs-1q2026-th.pdf,CF,thousand,12,กระแสเงินสดจากกิจกรรมลงทุน,เงินฝากสถาบันการเงินที่มีขอ้ จากัดในการใช้ลดลง,เงินฝากสถาบันการเงินที่มีขอ้ จากัดในการใช้ลดลง,,,0.711,,3000.0,,
SAT,20260514-sat-fs-1q2026-th.pdf,CF,thousand,12,กระแสเงินสดจากกิจกรรมลงทุน,ดอกเบี้ยรับ,ดอกเบี้ยรับ,INTEREST_INCOME_CF,INTEREST_INCOME_CF,1.0,25203.0,8219.0,1145.0,2996.0
SAT,20260514-sat-fs-1q2026-th.pdf,CF,thousand,12,กระแสเงินสดจากกิจกรรมลงทุน,เงินสดจ่ายเพื่อซื้อสิ นทรัพย์ทางการเงินหมุนเวียนอื่น,เงินสดจ่ายเพื่อซื้อสิ นทรัพย์ทางการเงินหมุนเวียนอื่น,,,0.8,-1222138.0,-503712.0,-435000.0,
SAT,20260514-sat-fs-1q2026-th.pdf,CF,thousand,12,กระแสเงินสดจากกิจกรรมลงทุน,เงินสดรับจากการขายสิ นทรัพย์ทางการเงินหมุนเวียนอื่น,เงินสดรับจากการขายสิ นทรัพย์ทางการเงินหมุนเวียนอื่น,,,0.769,1137468.0,587017.0,473503.0,123899.0
SAT,20260514-sat-fs-1q2026-th.pdf,CF,thousand,12,กระแสเงินสดจากกิจกรรมลงทุน,เงินให้กยู้ มื ระยะสั้นแก่บริ ษทั ที่เกี่ยวข้องกัน,เงินให้กยู้ มื ระยะสั้นแก่บริ ษทั ที่เกี่ยวข้องกัน,SHORT_TERM_LOANS_RELATED,SHORT_TERM_LOANS_RELATED,1.0,-3000.0,-5000.0,-28000.0,-30000.0
SAT,20260514-sat-fs-1q2026-th.pdf,CF,thousand,12,กระแสเงินสดจากกิจกรรมลงทุน,เงินสดรับชาระคืนจากเงินให้กยู้ มื ระยะสั้นแก่บริ ษทั ที่เกี่ยวข้องกัน,เงินสดรับชาระคืนจากเงินให้กยู้ มื ระยะสั้นแก่บริ ษทั ที่เกี่ยวข้องกัน,,,0.8,6000.0,5000.0,31500.0,30000.0
SAT,20260514-sat-fs-1q2026-th.pdf,CF,thousand,12,กระแสเงินสดจากกิจกรรมลงทุน,เงินสดจ่ายเพื่อซื้อที่ดิน อาคารและอุปกรณ์,เงินสดจ่ายเพื่อซื้อที่ดิน อาคารและอุปกรณ์,,,0.706,-75575.0,-55844.0,-1212.0,-100.0
SAT,20260514-sat-fs-1q2026-th.pdf,CF,thousand,12,กระแสเงินสดจากกิจกรรมลงทุน,เงินสดรับจากการขายที่ดิน อาคารและอุปกรณ์,เงินสดรับจากการขายที่ดิน อาคารและอุปกรณ์,,,0.829,1369.0,243.0,,
SAT,20260514-sat-fs-1q2026-th.pdf,CF,thousand,12,กระแสเงินสดจากกิจกรรมลงทุน,เงินสดจ่ายเพื่อซื้อสิ นทรัพย์ไม่มีตวั ตน,เงินสดจ่ายเพื่อซื้อสิ นทรัพย์ไม่มีตวั ตน,,,0.706,-1452.0,-2079.0,-1153.0,-217.0
SAT,20260514-sat-fs-1q2026-th.pdf,CF,thousand,12,กระแสเงินสดจากกิจกรรมลงทุน,เงินสดรับจากการขายสิ นทรัพย์ทางการเงินไม่หมุนเวียนอื่น,เงินสดรับจากการขายสิ นทรัพย์ทางการเงินไม่หมุนเวียนอื่น,,,0.778,,49000.0,,49000.0
SAT,20260514-sat-fs-1q2026-th.pdf,CF,thousand,12,กระแสเงินสดจากกิจกรรมลงทุน,กระแสเงินสดสุ ทธิได้มาจาก (ใช้ ไปใน) กิจกรรมลงทุน,กระแสเงินสดสุ ทธิได้มาจาก (ใช้ ไปใน) กิจกรรมลงทุน,CF_INVESTING,CF_INVESTING,1.0,-132125.0,85844.0,40783.0,175578.0
SAT,20260514-sat-fs-1q2026-th.pdf,CF,thousand,12,กระแสเงินสดจากกิจกรรมจัดหาเงิน,ดอกเบี้ยจ่าย,ดอกเบี้ยจ่าย,,,0.769,-860.0,-1169.0,-491.0,-215.0
SAT,20260514-sat-fs-1q2026-th.pdf,CF,thousand,12,กระแสเงินสดจากกิจกรรมจัดหาเงิน,ชาระคืนเงินเบิกเกินบัญชี,ชาระคืนเงินเบิกเกินบัญชี,,,0.818,,-18.0,,
SAT,20260514-sat-fs-1q2026-th.pdf,CF,thousand,12,กระแสเงินสดจากกิจกรรมจัดหาเงิน,เงินสดรับจากเงินกูย้ มื ระยะสั้นจากสถาบันการเงิน,เงินสดรับจากเงินกูย้ มื ระยะสั้นจากสถาบันการเงิน,,,0.826,5400.0,9100.0,,
SAT,20260514-sat-fs-1q2026-th.pdf,CF,thousand,12,กระแสเงินสดจากกิจกรรมจัดหาเงิน,เงินสดจ่ายเพื่อชาระเงินกูย้ มื จากสถาบันการเงิน,เงินสดจ่ายเพื่อชาระเงินกูย้ มื จากสถาบันการเงิน,,,0.682,-6300.0,-14947.0,,
SAT,20260514-sat-fs-1q2026-th.pdf,CF,thousand,12,กระแสเงินสดจากกิจกรรมจัดหาเงิน,เงินสดจ่ายชาระหนี้สินตามสัญญาเช่า,เงินสดจ่ายชาระหนี้สินตามสัญญาเช่า,,,0.714,-9265.0,-6889.0,-3088.0,-3283.0
SAT,20260514-sat-fs-1q2026-th.pdf,CF,thousand,12,กระแสเงินสดจากกิจกรรมจัดหาเงิน,กระแสเงินสดสุ ทธิใช้ ไปในกิจกรรมจัดหาเงิน,กระแสเงินสดสุ ทธิใช้ ไปในกิจกรรมจัดหาเงิน,CF_FINANCING,CF_FINANCING,1.0,-11025.0,-13923.0,-3579.0,-3498.0
SAT,20260514-sat-fs-1q2026-th.pdf,CF,thousand,12,กระแสเงินสดจากกิจกรรมจัดหาเงิน,ก่อนผลกระทบของอัตราแลกเปลี่ยน,เงินสดและรายการเทียบเท่าเงินสดเพิ่มขึ้นสุ ทธิ ก่อนผลกระทบของอัตราแลกเปลี่ยน,CASH_NET_CHANGE_BEFORE_FX,CASH_NET_CHANGE_BEFORE_FX,0.957,223751.0,512988.0,479.0,105521.0
SAT,20260514-sat-fs-1q2026-th.pdf,CF,thousand,12,กระแสเงินสดจากกิจกรรมจัดหาเงิน,ผลกระทบของอัตราแลกเปลี่ยนที่มีต่อเงินสดและรายการเทียบเท่าเงินสด,ผลกระทบของอัตราแลกเปลี่ยนที่มีต่อเงินสดและรายการเทียบเท่าเงินสด,CASH_FX_EFFECT,CASH_FX_EFFECT,1.0,2394.0,-233.0,,
SAT,20260514-sat-fs-1q2026-th.pdf,CF,thousand,12,กระแสเงินสดจากกิจกรรมจัดหาเงิน,เงินสดและรายการเทียบเท่ าเงินสดเพิม่ ขึน้ สุ ทธิ,เงินสดและรายการเทียบเท่ าเงินสดเพิม่ ขึน้ สุ ทธิ,CASH_NET_CHANGE,CASH_NET_CHANGE,1.0,226145.0,512755.0,479.0,105521.0
SAT,20260514-sat-fs-1q2026-th.pdf,CF,thousand,12,กระแสเงินสดจากกิจกรรมจัดหาเงิน,เงินสดและรายการเทียบเท่าเงินสด ณ 1 มกราคม,เงินสดและรายการเทียบเท่าเงินสด ณ 1 มกราคม,CASH_BEGIN,CASH_BEGIN,1.0,1260266.0,1453796.0,102343.0,284830.0
SAT,20260514-sat-fs-1q2026-th.pdf,CF,thousand,12,กระแสเงินสดจากกิจกรรมจัดหาเงิน,เงินสดและรายการเทียบเท่ าเงินสด ณ 31 มีนาคม,เงินสดและรายการเทียบเท่ าเงินสด ณ 31 มีนาคม,CASH_END,CASH_END,1.0,1486411.0,1966551.0,102822.0,390351.0
SAT,20260514-sat-fs-1q2026-th.pdf,CF,thousand,12,รายการที่ไม่ใช่เงินสด,สิ นทรัพย์สิทธิการใช้เพิ่มขึ้น,สิ นทรัพย์สิทธิการใช้เพิ่มขึ้น,,,0.857,2419.0,27092.0,,3753.0
SAT,20260514-sat-fs-1q2026-th.pdf,CF,thousand,12,รายการที่ไม่ใช่เงินสด,โอนจากที่ดิน อาคารและอุปกรณ์ไปยังสิ นค้าคงเหลือ,โอนจากที่ดิน อาคารและอุปกรณ์ไปยังสิ นค้าคงเหลือ,,,0.619,,1169.0,,
AIS,FINANCIAL_STATEMENTS_AIS.pdf,CF,thousand,10,กระแสเงินสดจากกิจกรรมดำเนินงาน,กาไรสาหรับงวด,กาไรสาหรับงวด,NET_PROFIT,NET_PROFIT,1.0,13495939.0,10584017.0,13495505.0,10583526.0
AIS,FINANCIAL_STATEMENTS_AIS.pdf,CF,thousand,10,กระแสเงินสดจากกิจกรรมดำเนินงาน,ค่าเสื่ อมราคาและค่าตัดจาหน่าย 7,ค่าเสื่ อมราคาและค่าตัดจาหน่าย 7,DEPRECIATION_AMORTISATION,DEPRECIATION_AMORTISATION,1.0,13523555.0,14805469.0,42432.0,42681.0
AIS,FINANCIAL_STATEMENTS_AIS.pdf,CF,thousand,10,กระแสเงินสดจากกิจกรรมดำเนินงาน,รายได้ทางการเงิน,รายได้ทางการเงิน,FINANCE_INCOME,FINANCE_INCOME,1.0,-92333.0,-118977.0,-347044.0,-489047.0
AIS,FINANCIAL_STATEMENTS_AIS.pdf,CF,thousand,10,กระแสเงินสดจากกิจกรรมดำเนินงาน,ต้นทุนทางการเงิน,ต้นทุนทางการเงิน,FINANCE_COST,FINANCE_COST,1.0,1871902.0,2080596.0,523977.0,481440.0
AIS,FINANCIAL_STATEMENTS_AIS.pdf,CF,thousand,10,กระแสเงินสดจากกิจกรรมดำเนินงาน,ผลขาดทุนด้านเครดิ ตที่คาดว่าจะเกิดขึ้น,ผลขาดทุนด้านเครดิ ตที่คาดว่าจะเกิดขึ้น,ECL,ECL,1.0,529756.0,460870.0,,
AIS,FINANCIAL_STATEMENTS_AIS.pdf,CF,thousand,10,กระแสเงินสดจากกิจกรรมดำเนินงาน,ขาดทุนจากสิ นค้าล้าสมัย การลดมูลค่าของสิ นค้า และตัดจาหน่ายสิ นค้าคงเหลือ,ขาดทุนจากสิ นค้าล้าสมัย การลดมูลค่าของสิ นค้า และตัดจาหน่ายสิ นค้าคงเหลือ,,,0.553,-1983.0,-11267.0,,
AIS,FINANCIAL_STATEMENTS_AIS.pdf,CF,thousand,10,กระแสเงินสดจากกิจกรรมดำเนินงาน,(กลับรายการ) ขาดทุนจากการยกเลิกสิ นทรัพย์ที่เกิดจากสัญญา,(กลับรายการ) ขาดทุนจากการยกเลิกสิ นทรัพย์ที่เกิดจากสัญญา,,,0.596,2842.0,-1902.0,,
AIS,FINANCIAL_STATEMENTS_AIS.pdf,CF,thousand,10,กระแสเงินสดจากกิจกรรมดำเนินงาน,ขาดทุนจากการด้อยค่า ขาดทุนจากการขายและตัดจาหน่ายสิ นทรัพย์ 7,ขาดทุนจากการด้อยค่า ขาดทุนจากการขายและตัดจาหน่ายสิ นทรัพย์ 7,IMPAIRMENT_AND_DISPOSAL_LOSS,IMPAIRMENT_AND_DISPOSAL_LOSS,1.0,216083.0,108026.0,420.0,49.0
AIS,FINANCIAL_STATEMENTS_AIS.pdf,CF,thousand,10,กระแสเงินสดจากกิจกรรมดำเนินงาน,จากการวัดมูลค่ายุติธรรมของตราสารอนุพนั ธ์สุทธิ,จากการวัดมูลค่ายุติธรรมของตราสารอนุพนั ธ์สุทธิ,,,0.831,-48750.0,-82458.0,-73.0,-1.0
AIS,FINANCIAL_STATEMENTS_AIS.pdf,CF,thousand,10,กระแสเงินสดจากกิจกรรมดำเนินงาน,"ส่ วนแบ่งกาไรของบริ ษทั ย่อย บริ ษทั ร่ วม และการร่ วมค้าที่ใช้วิธีส่วนได้เสี ย 5, 6","ส่ วนแบ่งกาไรของบริ ษทั ย่อย บริ ษทั ร่ วม และการร่ วมค้าที่ใช้วิธีส่วนได้เสี ย 5, 6",SHARE_OF_PROFIT_ASSOCIATE,SHARE_OF_PROFIT_ASSOCIATE,0.907,-289776.0,-248986.0,-13428963.0,-10449314.0
AIS,FINANCIAL_STATEMENTS_AIS.pdf,CF,thousand,10,กระแสเงินสดจากกิจกรรมดำเนินงาน,(กลับรายการ) ค่าใช้จ่ายผลประโยชน์พนักงาน,(กลับรายการ) ค่าใช้จ่ายผลประโยชน์พนักงาน,,,0.612,60929.0,53190.0,-19870.0,7891.0
AIS,FINANCIAL_STATEMENTS_AIS.pdf,CF,thousand,10,กระแสเงินสดจากกิจกรรมดำเนินงาน,ค่าใช้จ่ายภาษีเงินได้,ค่าใช้จ่ายภาษีเงินได้,INCOME_TAX_EXPENSE,INCOME_TAX_EXPENSE,1.0,3302547.0,2580867.0,8084.0,7297.0
AIS,FINANCIAL_STATEMENTS_AIS.pdf,CF,thousand,10,กระแสเงินสดจากกิจกรรมดำเนินงาน,ในสิ นทรัพย์และหนี้ สินดาเนินงาน,เงินสดได้มาจากการดาเนินงานก่อนการเปลี่ยนแปลง ในสิ นทรัพย์และหนี้ สินดาเนินงาน,PROFIT_BEFORE_WC_CHANGE,PROFIT_BEFORE_WC_CHANGE,1.0,32570711.0,30209445.0,274468.0,184522.0
AIS,FINANCIAL_STATEMENTS_AIS.pdf,CF,thousand,10,กระแสเงินสดจากกิจกรรมดำเนินงาน,เงินฝากธนาคารที่สามารถใช้เป็ นการเฉพาะ,เงินฝากธนาคารที่สามารถใช้เป็ นการเฉพาะ,RESTRICTED_DEPOSITS,RESTRICTED_DEPOSITS,1.0,164888.0,109901.0,,
AIS,FINANCIAL_STATEMENTS_AIS.pdf,CF,thousand,10,กระแสเงินสดจากกิจกรรมดำเนินงาน,ลูกหนี้ การค้าและลูกหนี้ หมุนเวียนอื่น,ลูกหนี้ การค้าและลูกหนี้ หมุนเวียนอื่น,TRADE_RECEIVABLES,TRADE_RECEIVABLES,1.0,-233815.0,648500.0,-195823.0,-431300.0
AIS,FINANCIAL_STATEMENTS_AIS.pdf,CF,thousand,10,กระแสเงินสดจากกิจกรรมดำเนินงาน,สิ นทรัพย์ที่เกิดจากสัญญา,สิ นทรัพย์ที่เกิดจากสัญญา,CONTRACT_ASSETS,CONTRACT_ASSETS,1.0,-62936.0,-55146.0,,
AIS,FINANCIAL_STATEMENTS_AIS.pdf,CF,thousand,10,กระแสเงินสดจากกิจกรรมดำเนินงาน,สิ นค้าคงเหลือ,สิ นค้าคงเหลือ,INVENTORY,INVENTORY,1.0,223661.0,1636953.0,,
AIS,FINANCIAL_STATEMENTS_AIS.pdf,CF,thousand,10,กระแสเงินสดจากกิจกรรมดำเนินงาน,สิ นทรัพย์หมุนเวียนอื่น,สิ นทรัพย์หมุนเวียนอื่น,OTHER_CURRENT_ASSETS,OTHER_CURRENT_ASSETS,1.0,42850.0,165700.0,-17860.0,-3967.0
AIS,FINANCIAL_STATEMENTS_AIS.pdf,CF,thousand,10,กระแสเงินสดจากกิจกรรมดำเนินงาน,สิ นทรัพย์ทางการเงินอื่น,สิ นทรัพย์ทางการเงินอื่น,,,0.824,-55778.0,,-55778.0,
AIS,FINANCIAL_STATEMENTS_AIS.pdf,CF,thousand,10,กระแสเงินสดจากกิจกรรมดำเนินงาน,สิ นทรัพย์ไม่หมุนเวียนอื่น,สิ นทรัพย์ไม่หมุนเวียนอื่น,OTHER_NONCURRENT_ASSETS,OTHER_NONCURRENT_ASSETS,1.0,-2630.0,-27574.0,-2440.0,-18788.0
AIS,FINANCIAL_STATEMENTS_AIS.pdf,CF,thousand,10,กระแสเงินสดจากกิจกรรมดำเนินงาน,เจ้าหนี้ การค้าและเจ้าหนี้ หมุนเวียนอื่น,เจ้าหนี้ การค้าและเจ้าหนี้ หมุนเวียนอื่น,TRADE_PAYABLES,TRADE_PAYABLES,1.0,-679670.0,828219.0,-285102.0,-209581.0
AIS,FINANCIAL_STATEMENTS_AIS.pdf,CF,thousand,10,กระแสเงินสดจากกิจกรรมดำเนินงาน,รายได้ค่าบริ การรับล่วงหน้า,รายได้ค่าบริ การรับล่วงหน้า,,,0.8,-265110.0,430643.0,,
AIS,FINANCIAL_STATEMENTS_AIS.pdf,CF,thousand,10,กระแสเงินสดจากกิจกรรมดำเนินงาน,รายได้ค่าบริ การเช่าใช้อุปกรณ์โครงข่ายรับล่วงหน้า,รายได้ค่าบริ การเช่าใช้อุปกรณ์โครงข่ายรับล่วงหน้า,,,0.568,-197483.0,-197764.0,,
AIS,FINANCIAL_STATEMENTS_AIS.pdf,CF,thousand,10,กระแสเงินสดจากกิจกรรมดำเนินงาน,เงินรับล่วงหน้าจากลูกค้า,เงินรับล่วงหน้าจากลูกค้า,,,0.714,-191455.0,-84113.0,,
AIS,FINANCIAL_STATEMENTS_AIS.pdf,CF,thousand,10,กระแสเงินสดจากกิจกรรมดำเนินงาน,หนี้ สินหมุนเวียนอื่น,หนี้ สินหมุนเวียนอื่น,OTHER_CURRENT_LIAB,OTHER_CURRENT_LIAB,1.0,-4656.0,-76586.0,16881.0,1174.0
AIS,FINANCIAL_STATEMENTS_AIS.pdf,CF,thousand,10,กระแสเงินสดจากกิจกรรมดำเนินงาน,หนี้ สินทางการเงินอื่น,หนี้ สินทางการเงินอื่น,,,0.8,-15360.0,-6447.0,,
AIS,FINANCIAL_STATEMENTS_AIS.pdf,CF,thousand,10,กระแสเงินสดจากกิจกรรมดำเนินงาน,หนี้ สินไม่หมุนเวียนอื่น,หนี้ สินไม่หมุนเวียนอื่น,OTHER_NONCURRENT_LIAB,OTHER_NONCURRENT_LIAB,1.0,-6350.0,-7587.0,,
AIS,FINANCIAL_STATEMENTS_AIS.pdf,CF,thousand,10,กระแสเงินสดจากกิจกรรมดำเนินงาน,เงินสดได้มาจาก (ใช้ไปใน) กิจกรรมดาเนินงาน,เงินสดได้มาจาก (ใช้ไปใน) กิจกรรมดาเนินงาน,CF_OPERATING_BEFORE_ITEMS,CF_OPERATING_BEFORE_ITEMS,1.0,31286867.0,33574144.0,-265654.0,-477940.0
AIS,FINANCIAL_STATEMENTS_AIS.pdf,CF,thousand,10,กระแสเงินสดจากกิจกรรมดำเนินงาน,จ่ายผลประโยชน์พนักงาน,จ่ายผลประโยชน์พนักงาน,,,0.689,-105750.0,-67854.0,-36976.0,-21179.0
AIS,FINANCIAL_STATEMENTS_AIS.pdf,CF,thousand,10,กระแสเงินสดจากกิจกรรมดำเนินงาน,ภาษีเงินได้จ่ายออก,ภาษีเงินได้จ่ายออก,,,0.737,-437347.0,-616132.0,-20919.0,-10627.0
AIS,FINANCIAL_STATEMENTS_AIS.pdf,CF,thousand,10,กระแสเงินสดจากกิจกรรมดำเนินงาน,กระแสเงินสดสุ ทธิได้ มาจาก (ใช้ ไปใน) กิจกรรมดาเนินงาน,กระแสเงินสดสุ ทธิได้ มาจาก (ใช้ ไปใน) กิจกรรมดาเนินงาน,CF_OPERATING,CF_OPERATING,1.0,30743770.0,32890158.0,-323549.0,-509746.0
AIS,FINANCIAL_STATEMENTS_AIS.pdf,CF,thousand,11,กระแสเงินสดจากกิจกรรมลงทุน,ดอกเบี้ยรับ,ดอกเบี้ยรับ,INTEREST_INCOME_CF,INTEREST_INCOME_CF,1.0,41119.0,56009.0,469625.0,548018.0
AIS,FINANCIAL_STATEMENTS_AIS.pdf,CF,thousand,11,กระแสเงินสดจากกิจกรรมลงทุน,ซื้ อที่ดิน อาคาร อุปกรณ์และสิ นทรัพย์ไม่มีตวั ตนอื่นนอกจากค่าความนิยม,ซื้ อที่ดิน อาคาร อุปกรณ์และสิ นทรัพย์ไม่มีตวั ตนอื่นนอกจากค่าความนิยม,,,0.788,-5485436.0,-5808871.0,-20879.0,-789.0
AIS,FINANCIAL_STATEMENTS_AIS.pdf,CF,thousand,11,กระแสเงินสดจากกิจกรรมลงทุน,เงินสดรับจากการจาหน่ายอุปกรณ์,เงินสดรับจากการจาหน่ายอุปกรณ์,PROCEEDS_SALE_EQUIPMENT,PROCEEDS_SALE_EQUIPMENT,1.0,56380.0,33965.0,369.0,21.0
AIS,FINANCIAL_STATEMENTS_AIS.pdf,CF,thousand,11,กระแสเงินสดจากกิจกรรมลงทุน,จ่ายชาระใบอนุญาตให้ใช้คลื่นความถี่โทรคมนาคม 9,จ่ายชาระใบอนุญาตให้ใช้คลื่นความถี่โทรคมนาคม 9,,,0.597,-4692550.0,-4692550.0,,
AIS,FINANCIAL_STATEMENTS_AIS.pdf,CF,thousand,11,กระแสเงินสดจากกิจกรรมลงทุน,เงินลงทุนระยะสั้นเพิ่มขึ้น,เงินลงทุนระยะสั้นเพิ่มขึ้น,,,0.767,-248.0,,,
AIS,FINANCIAL_STATEMENTS_AIS.pdf,CF,thousand,11,กระแสเงินสดจากกิจกรรมลงทุน,เงินสดจ่ายเพื่อลงทุนในตราสารทุน 14,เงินสดจ่ายเพื่อลงทุนในตราสารทุน 14,,,0.708,-547686.0,,,
AIS,FINANCIAL_STATEMENTS_AIS.pdf,CF,thousand,11,กระแสเงินสดจากกิจกรรมลงทุน,เงินลงทุนในบริ ษทั ร่ วมเพิ่มขึ้นสุทธิ 6,เงินลงทุนในบริ ษทั ร่ วมเพิ่มขึ้นสุทธิ 6,,,0.8,-2563121.0,,-1755000.0,
AIS,FINANCIAL_STATEMENTS_AIS.pdf,CF,thousand,11,กระแสเงินสดจากกิจกรรมลงทุน,เงินให้กยู้ มื ระยะสั้นแก่กิจการที่เกี่ยวข้องกันเพิ่มขึ้นสุทธิ 13,เงินให้กยู้ มื ระยะสั้นแก่กิจการที่เกี่ยวข้องกันเพิ่มขึ้นสุทธิ 13,,,0.873,,,-31291900.0,-97250.0
AIS,FINANCIAL_STATEMENTS_AIS.pdf,CF,thousand,11,กระแสเงินสดจากกิจกรรมลงทุน,เงินให้กยู้ มื ระยะยาวแก่กิจการที่เกี่ยวข้องกันเพิ่มขึ้นสุทธิ 13,เงินให้กยู้ มื ระยะยาวแก่กิจการที่เกี่ยวข้องกันเพิ่มขึ้นสุทธิ 13,,,0.873,-90000.0,-409250.0,,
AIS,FINANCIAL_STATEMENTS_AIS.pdf,CF,thousand,11,กระแสเงินสดจากกิจกรรมลงทุน,เงินสดรับจากการจาหน่ายเงินลงทุนในบริ ษทั ย่อย 5,เงินสดรับจากการจาหน่ายเงินลงทุนในบริ ษทั ย่อย 5,,,0.75,,,,400.0
AIS,FINANCIAL_STATEMENTS_AIS.pdf,CF,thousand,11,กระแสเงินสดจากกิจกรรมลงทุน,เงินสดรับจากการคืนทุนของบริ ษทั ร่ วม 6,เงินสดรับจากการคืนทุนของบริ ษทั ร่ วม 6,,,0.763,,243200.0,,243200.0
AIS,FINANCIAL_STATEMENTS_AIS.pdf,CF,thousand,11,กระแสเงินสดจากกิจกรรมลงทุน,เงินปั นผลรับ 6,กระแสเงินสดจากกิจกรรมลงทุน เงินปั นผลรับ 6,DIVIDEND_RECEIVED,DIVIDEND_RECEIVED,1.0,358067.0,8700.0,340667.0,352200.0
AIS,FINANCIAL_STATEMENTS_AIS.pdf,CF,thousand,11,กระแสเงินสดจากกิจกรรมลงทุน,กระแสเงินสดสุ ทธิได้ มาจาก (ใช้ ไปใน) กิจกรรมลงทุน,กระแสเงินสดสุ ทธิได้ มาจาก (ใช้ ไปใน) กิจกรรมลงทุน,CF_INVESTING,CF_INVESTING,1.0,-12923475.0,-10568797.0,-32257118.0,1045800.0
AIS,FINANCIAL_STATEMENTS_AIS.pdf,CF,thousand,11,กระแสเงินสดจากกิจกรรมจัดหาเงิน,จ่ายต้นทุนทางการเงิน,จ่ายต้นทุนทางการเงิน,INTEREST_PAID,INTEREST_PAID,1.0,-1010879.0,-1486863.0,-90193.0,-127105.0
AIS,FINANCIAL_STATEMENTS_AIS.pdf,CF,thousand,11,กระแสเงินสดจากกิจกรรมจัดหาเงิน,เงินสดจ่ายชาระหนี้ สินตามสัญญาเช่า 8,เงินสดจ่ายชาระหนี้ สินตามสัญญาเช่า 8,,,0.714,-3581862.0,-4368105.0,-39576.0,-38427.0
AIS,FINANCIAL_STATEMENTS_AIS.pdf,CF,thousand,11,กระแสเงินสดจากกิจกรรมจัดหาเงิน,เงินสดรับจากหุ ้นกูร้ ะยะยาว 8,เงินสดรับจากหุ ้นกูร้ ะยะยาว 8,PROCEEDS_DEBENTURE,PROCEEDS_DEBENTURE,1.0,31384800.0,,31384800.0,
AIS,FINANCIAL_STATEMENTS_AIS.pdf,CF,thousand,11,กระแสเงินสดจากกิจกรรมจัดหาเงิน,"เงินสดรับ (เงินสดจ่าย) จากเงินกูย้ มื ระยะสั้นจากกิจการที่เกี่ยวข้องกันสุทธิ 8, 13","เงินสดรับ (เงินสดจ่าย) จากเงินกูย้ มื ระยะสั้นจากกิจการที่เกี่ยวข้องกันสุทธิ 8, 13",,,0.738,,,-167000.0,1800000.0
AIS,FINANCIAL_STATEMENTS_AIS.pdf,CF,thousand,11,กระแสเงินสดจากกิจกรรมจัดหาเงิน,เงินสดจ่ายชาระเงินกูย้ มื ระยะยาว 8,เงินสดจ่ายชาระเงินกูย้ มื ระยะยาว 8,,,0.692,-1875000.0,-4030000.0,,
AIS,FINANCIAL_STATEMENTS_AIS.pdf,CF,thousand,11,กระแสเงินสดจากกิจกรรมจัดหาเงิน,เงินสดรับ (เงินสดจ่ายเพื่อซื้ อ) บริ ษทั ย่อยจากส่วนได้เสี ยที่ไม่มีอานาจควบคุม,เงินสดรับ (เงินสดจ่ายเพื่อซื้ อ) บริ ษทั ย่อยจากส่วนได้เสี ยที่ไม่มีอานาจควบคุม,,,0.657,-44.0,400.0,,
AIS,FINANCIAL_STATEMENTS_AIS.pdf,CF,thousand,11,กระแสเงินสดจากกิจกรรมจัดหาเงิน,กระแสเงินสดสุ ทธิได้ มาจาก (ใช้ ไปใน) กิจกรรมจัดหาเงิน,กระแสเงินสดสุ ทธิได้ มาจาก (ใช้ ไปใน) กิจกรรมจัดหาเงิน,CF_FINANCING,CF_FINANCING,1.0,24917015.0,-9884568.0,31088031.0,1634468.0
AIS,FINANCIAL_STATEMENTS_AIS.pdf,CF,thousand,11,กระแสเงินสดจากกิจกรรมจัดหาเงิน,ในสกุลเงินตราต่างประเทศ,ผลกระทบจากการเปลี่ยนแปลงอัตราแลกเปลี่ยนของยอดคงเหลือ ในสกุลเงินตราต่างประเทศ,CASH_FX_EFFECT,CASH_FX_EFFECT,1.0,3085.0,-2079.0,,
AIS,FINANCIAL_STATEMENTS_AIS.pdf,CF,thousand,11,กระแสเงินสดจากกิจกรรมจัดหาเงิน,เงินสดและรายการเทียบเท่ าเงินสดเพิม่ ขึน้ (ลดลง) สุ ทธิ,เงินสดและรายการเทียบเท่ าเงินสดเพิม่ ขึน้ (ลดลง) สุ ทธิ,CASH_NET_CHANGE,CASH_NET_CHANGE,1.0,42740395.0,12434714.0,-1492636.0,2170522.0
AIS,FINANCIAL_STATEMENTS_AIS.pdf,CF,thousand,11,กระแสเงินสดจากกิจกรรมจัดหาเงิน,เงินสดและรายการเทียบเท่าเงินสด ณ วันที่ 1 มกราคม,เงินสดและรายการเทียบเท่าเงินสด ณ วันที่ 1 มกราคม,CASH_BEGIN,CASH_BEGIN,1.0,25353770.0,22607069.0,1631552.0,3728525.0
AIS,FINANCIAL_STATEMENTS_AIS.pdf,CF,thousand,11,กระแสเงินสดจากกิจกรรมจัดหาเงิน,เงินสดและรายการเทียบเท่ าเงินสด ณ วันที่ 31 มีนาคม,เงินสดและรายการเทียบเท่ าเงินสด ณ วันที่ 31 มีนาคม,CASH_END,CASH_END,1.0,68094165.0,35041783.0,138916.0,5899047.0
AIS,FINANCIAL_STATEMENTS_AIS.pdf,CF,thousand,11,กระแสเงินสดจากกิจกรรมจัดหาเงิน,คลื่นความถี่โทรคมนาคม และหนี้ สินตามสัญญาเช่า,คลื่นความถี่โทรคมนาคม และหนี้ สินตามสัญญาเช่า,,,0.571,141137680.0,156841220.0,191656.0,273717.0
IIG,FINANCIAL_STATEMENTS_IIG.pdf,CF,unknown,14,กระแสเงินสดจากกิจกรรมดำเนินงาน,ขาดทุนก่อนภาษีเงินได้,ขาดทุนก่อนภาษีเงินได้,PROFIT_BEFORE_TAX,PROFIT_BEFORE_TAX,1.0,-17939431.0,-98797213.0,-12042528.0,-64247904.0
IIG,FINANCIAL_STATEMENTS_IIG.pdf,CF,unknown,14,กระแสเงินสดจากกิจกรรมดำเนินงาน,ค่าเสือ่ มราคาและค่าตัดจาหน่าย,ค่าเสือ่ มราคาและค่าตัดจาหน่าย,DEPRECIATION_AMORTISATION,DEPRECIATION_AMORTISATION,1.0,2025017.0,3886433.0,994740.0,980746.0
IIG,FINANCIAL_STATEMENTS_IIG.pdf,CF,unknown,14,กระแสเงินสดจากกิจกรรมดำเนินงาน,ต้นทุนทางการเงิน,ต้นทุนทางการเงิน,FINANCE_COST,FINANCE_COST,1.0,5994786.0,7712911.0,4825784.0,6636392.0
IIG,FINANCIAL_STATEMENTS_IIG.pdf,CF,unknown,14,กระแสเงินสดจากกิจกรรมดำเนินงาน,ดอกเบีย้ รับ,ดอกเบีย้ รับ,INTEREST_INCOME_CF,INTEREST_INCOME_CF,1.0,-390351.0,-349275.0,-1738064.0,-1220235.0
IIG,FINANCIAL_STATEMENTS_IIG.pdf,CF,unknown,14,กระแสเงินสดจากกิจกรรมดำเนินงาน,รายได้เงินปั นผลจากบริษทั ย่อย,รายได้เงินปั นผลจากบริษทั ย่อย,,,0.857,,,,-7200000.0
IIG,FINANCIAL_STATEMENTS_IIG.pdf,CF,unknown,14,กระแสเงินสดจากกิจกรรมดำเนินงาน,ค่าใช้จ่ายผลประโยชน์พนักงาน,ค่าใช้จ่ายผลประโยชน์พนักงาน,,,0.667,2984171.0,2883611.0,652805.0,761724.0
IIG,FINANCIAL_STATEMENTS_IIG.pdf,CF,unknown,14,กระแสเงินสดจากกิจกรรมดำเนินงาน,ผลขาดทุนด้านเครดิตทีค่ าดว่าจะเกิดขึน้,ผลขาดทุนด้านเครดิตทีค่ าดว่าจะเกิดขึน้,ECL,ECL,1.0,1132501.0,,1132501.0,
IIG,FINANCIAL_STATEMENTS_IIG.pdf,CF,unknown,14,กระแสเงินสดจากกิจกรรมดำเนินงาน,ขาดทุนจากการด้อยค่าเงินลงทุนในบริษทั ร่วม,ขาดทุนจากการด้อยค่าเงินลงทุนในบริษทั ร่วม,IMPAIRMENT_ASSOCIATE,IMPAIRMENT_ASSOCIATE,0.945,,,,44003273.0
IIG,FINANCIAL_STATEMENTS_IIG.pdf,CF,unknown,14,กระแสเงินสดจากกิจกรรมดำเนินงาน,ขาดทุนสุทธิจากการสูญเสียการควบคุมในบริษทั ย่อย,ขาดทุนสุทธิจากการสูญเสียการควบคุมในบริษทั ย่อย,LOSS_ON_DECONSOLIDATION,LOSS_ON_DECONSOLIDATION,1.0,,69360106.0,,
IIG,FINANCIAL_STATEMENTS_IIG.pdf,CF,unknown,14,กระแสเงินสดจากกิจกรรมดำเนินงาน,กาไรจากอัตราแลกเปลีย่ นทีย่ งั ไม่เกิดขึน้ จริง,กาไรจากอัตราแลกเปลีย่ นทีย่ งั ไม่เกิดขึน้ จริง,,,0.703,-1039129.0,-645065.0,-550568.0,-619231.0
IIG,FINANCIAL_STATEMENTS_IIG.pdf,CF,unknown,14,กระแสเงินสดจากกิจกรรมดำเนินงาน,ส่วนแบ่งขาดทุนในบริษทั ร่วมและการร่วมค้า - สุทธิ 13.1,ส่วนแบ่งขาดทุนในบริษทั ร่วมและการร่วมค้า,SHARE_OF_PROFIT_ASSOCIATE,SHARE_OF_PROFIT_ASSOCIATE,1.0,343840.0,2006229.0,,
IIG,FINANCIAL_STATEMENTS_IIG.pdf,CF,unknown,14,กระแสเงินสดจากกิจกรรมดำเนินงาน,ในสิ นทรัพย์และหนี้ สินดำเนิ นงำน,เงิ นสดใช้ไปในกำรดำเนิ นงำนก่อนกำรเปลี่ยนแปลง ในสิ นทรัพย์และหนี้ สินดำเนิ นงำน,PROFIT_BEFORE_WC_CHANGE,PROFIT_BEFORE_WC_CHANGE,0.92,-6888596.0,-13942263.0,-6725330.0,-20905235.0
IIG,FINANCIAL_STATEMENTS_IIG.pdf,CF,unknown,14,กระแสเงินสดจากกิจกรรมดำเนินงาน,ลูกหนี้การค้าและลูกหนี้หมุนเวียนอื่น,ลูกหนี้การค้าและลูกหนี้หมุนเวียนอื่น,TRADE_RECEIVABLES,TRADE_RECEIVABLES,1.0,-2597833.0,-32138721.0,-20122467.0,-20293926.0
IIG,FINANCIAL_STATEMENTS_IIG.pdf,CF,unknown,14,กระแสเงินสดจากกิจกรรมดำเนินงาน,ลูกหนี้ตามสัญญาให้บริการทีย่ งั ไม่ได้เรียกเก็บ,ลูกหนี้ตามสัญญาให้บริการทีย่ งั ไม่ได้เรียกเก็บ,,,0.889,-20614558.0,-4848226.0,1743009.0,1574804.0
IIG,FINANCIAL_STATEMENTS_IIG.pdf,CF,unknown,14,กระแสเงินสดจากกิจกรรมดำเนินงาน,คอมพิวเตอร์จ่ายล่วงหน้า,ค่าสิทธิจากการให้ใช้ใบอนุญาตการใช้โปรแกรม คอมพิวเตอร์จ่ายล่วงหน้า,PREPAID_LICENSE,PREPAID_LICENSE,1.0,-27954858.0,-82681520.0,-30300544.0,-88907152.0
IIG,FINANCIAL_STATEMENTS_IIG.pdf,CF,unknown,14,กระแสเงินสดจากกิจกรรมดำเนินงาน,สินทรัพย์หมุนเวียนอื่น,สินทรัพย์หมุนเวียนอื่น,OTHER_CURRENT_ASSETS,OTHER_CURRENT_ASSETS,1.0,-4148315.0,5243041.0,-505398.0,40847.0
IIG,FINANCIAL_STATEMENTS_IIG.pdf,CF,unknown,14,กระแสเงินสดจากกิจกรรมดำเนินงาน,สินทรัพย์ไม่หมุนเวียนอื่น,สินทรัพย์ไม่หมุนเวียนอื่น,OTHER_NONCURRENT_ASSETS,OTHER_NONCURRENT_ASSETS,1.0,4183611.0,-6656178.0,1132084.0,-2021166.0
IIG,FINANCIAL_STATEMENTS_IIG.pdf,CF,unknown,14,กระแสเงินสดจากกิจกรรมดำเนินงาน,เจ้าหนี้การค้าและเจ้าหนี้หมุนเวียนอื่น,เจ้าหนี้การค้าและเจ้าหนี้หมุนเวียนอื่น,TRADE_PAYABLES,TRADE_PAYABLES,1.0,-7301493.0,574938.0,6210406.0,11115425.0
IIG,FINANCIAL_STATEMENTS_IIG.pdf,CF,unknown,14,กระแสเงินสดจากกิจกรรมดำเนินงาน,รายได้รบั ล่วงหน้า,รายได้รบั ล่วงหน้า,DEFERRED_REVENUE,DEFERRED_REVENUE,1.0,65449662.0,123764465.0,43363196.0,107148464.0
IIG,FINANCIAL_STATEMENTS_IIG.pdf,CF,unknown,14,กระแสเงินสดจากกิจกรรมดำเนินงาน,หนี้สนิ หมุนเวียนอื่น,หนี้สนิ หมุนเวียนอื่น,OTHER_CURRENT_LIAB,OTHER_CURRENT_LIAB,1.0,10697655.0,23755858.0,9426650.0,23403018.0
IIG,FINANCIAL_STATEMENTS_IIG.pdf,CF,unknown,14,กระแสเงินสดจากกิจกรรมดำเนินงาน,จ่ายภาระผูกพันผลประโยชน์พนักงาน,จ่ายภาระผูกพันผลประโยชน์พนักงาน,,,0.657,-207517.0,,,
IIG,FINANCIAL_STATEMENTS_IIG.pdf,CF,unknown,14,กระแสเงินสดจากกิจกรรมดำเนินงาน,เงิ นสดได้มำจำกกำรดำเนิ นงำน,เงิ นสดได้มำจำกกำรดำเนิ นงำน,CF_OPERATING_BEFORE_ITEMS,CF_OPERATING_BEFORE_ITEMS,0.909,10617757.0,13071394.0,4221606.0,11155079.0
IIG,FINANCIAL_STATEMENTS_IIG.pdf,CF,unknown,14,กระแสเงินสดจากกิจกรรมดำเนินงาน,เงินสดรับจากดอกเบีย้ รับ,เงินสดรับจากดอกเบีย้ รับ,INTEREST_RECEIVED,INTEREST_RECEIVED,1.0,28853.0,43422.0,,137872.0
IIG,FINANCIAL_STATEMENTS_IIG.pdf,CF,unknown,14,กระแสเงินสดจากกิจกรรมดำเนินงาน,จ่ายภาษีเงินได้นติ บิ คุ คล,จ่ายภาษีเงินได้นติ บิ คุ คล,,,0.786,-5892819.0,-8845752.0,-2841316.0,-5443399.0
IIG,FINANCIAL_STATEMENTS_IIG.pdf,CF,unknown,14,กระแสเงินสดจากกิจกรรมดำเนินงาน,เงิ นสดสุทธิ ได้มำจำกกิ จกรรมดำเนิ นงำน,เงิ นสดสุทธิ ได้มำจำกกิ จกรรมดำเนิ นงำน,CF_OPERATING,CF_OPERATING,1.0,4753791.0,4269064.0,1380290.0,5849552.0
IIG,FINANCIAL_STATEMENTS_IIG.pdf,CF,unknown,14,กระแสเงินสดจากกิจกรรมดำเนินงาน,หมายเหตุประกอบข้อมูลทางการเงินเป็ นส่วนหนึ่งของข้อมูลทางการเงินระหว่างกาลนี้,หมายเหตุประกอบข้อมูลทางการเงินเป็ นส่วนหนึ่งของข้อมูลทางการเงินระหว่างกาลนี้,,,0.495,,,,8.0
IIG,FINANCIAL_STATEMENTS_IIG.pdf,CF,unknown,15,กระแสเงินสดจากกิจกรรมลงทุน,เงินสดรับ (จ่าย) สุทธิสาหรับเงินฝากสถาบันการเงินทีใ่ ช้เป็ นหลักประกัน,เงินสดรับ (จ่าย) สุทธิสาหรับเงินฝากสถาบันการเงินทีใ่ ช้เป็ นหลักประกัน,,,0.689,9250000.0,-1721000.0,9250000.0,-1716000.0
IIG,FINANCIAL_STATEMENTS_IIG.pdf,CF,unknown,15,กระแสเงินสดจากกิจกรรมลงทุน,เงินปั นผลรับจากบริษทั ย่อย,เงินปั นผลรับจากบริษทั ย่อย,DIVIDEND_INCOME,DIVIDEND_INCOME,1.0,,,,7200000.0
IIG,FINANCIAL_STATEMENTS_IIG.pdf,CF,unknown,15,กระแสเงินสดจากกิจกรรมลงทุน,เงินสดจ่ายเพือ่ ลงทุนในบริษทั ร่วม,เงินสดจ่ายเพือ่ ลงทุนในบริษทั ร่วม,,,0.824,,-1356600.0,,-1356600.0
IIG,FINANCIAL_STATEMENTS_IIG.pdf,CF,unknown,15,กระแสเงินสดจากกิจกรรมลงทุน,เงินสดรับจากเงินให้กยู้ มื ระยะสัน้ แก่กจิ การทีเ่ กีย่ วข้องกัน,เงินสดรับจากเงินให้กยู้ มื ระยะสัน้ แก่กจิ การทีเ่ กีย่ วข้องกัน,,,0.857,,,,1302691.0
IIG,FINANCIAL_STATEMENTS_IIG.pdf,CF,unknown,15,กระแสเงินสดจากกิจกรรมลงทุน,เงินสดจ่ายเพือ่ เงินให้กยู้ มื ระยะสัน้ แก่กจิ การทีเ่ กีย่ วข้องกัน 16,เงินสดจ่ายเพือ่ เงินให้กยู้ มื ระยะสัน้ แก่กจิ การทีเ่ กีย่ วข้องกัน 16,,,0.857,,-3600000.0,-2600000.0,-11400000.0
IIG,FINANCIAL_STATEMENTS_IIG.pdf,CF,unknown,15,กระแสเงินสดจากกิจกรรมลงทุน,เงินสดจ่ายเพือ่ ซือ้ อุปกรณ์,เงินสดจ่ายเพือ่ ซือ้ อุปกรณ์,,,0.754,,-406452.0,,-22421.0
IIG,FINANCIAL_STATEMENTS_IIG.pdf,CF,unknown,15,กระแสเงินสดจากกิจกรรมลงทุน,เงินสดจ่ายเพือ่ ซือ้ สินทรัพย์ไม่มตี วั ตน,เงินสดจ่ายเพือ่ ซือ้ สินทรัพย์ไม่มตี วั ตน,,,0.706,-467556.0,-7282029.0,,
IIG,FINANCIAL_STATEMENTS_IIG.pdf,CF,unknown,15,กระแสเงินสดจากกิจกรรมลงทุน,เป็ นบริษทั ร่วม,เป็ นบริษทั ร่วม,,,0.8,,-30741602.0,,
IIG,FINANCIAL_STATEMENTS_IIG.pdf,CF,unknown,15,กระแสเงินสดจากกิจกรรมลงทุน,เงิ นสดสุทธิ ได้มำจำก (ใช้ไปใน) กิ จกรรมลงทุน,เงิ นสดสุทธิ ได้มำจำก (ใช้ไปใน) กิ จกรรมลงทุน,CF_INVESTING,CF_INVESTING,1.0,8782444.0,-45107683.0,6650000.0,-5992330.0
IIG,FINANCIAL_STATEMENTS_IIG.pdf,CF,unknown,15,กระแสเงินสดจากกิจกรรมจัดหาเงิน,เงินสดรับ (จ่าย) สุทธิสาหรับเงินกูย้ มื ระยะสัน้ จากสถาบันการเงิน,เงินสดรับ (จ่าย) สุทธิสาหรับเงินกูย้ มื ระยะสัน้ จากสถาบันการเงิน,,,0.717,-19577344.0,12020000.0,-19577344.0,12000000.0
IIG,FINANCIAL_STATEMENTS_IIG.pdf,CF,unknown,15,กระแสเงินสดจากกิจกรรมจัดหาเงิน,เงินสดจ่ายคืนเงินกูย้ มื ระยะยาวจากสถาบันการเงิน,เงินสดจ่ายคืนเงินกูย้ มื ระยะยาวจากสถาบันการเงิน,,,0.826,-694028.0,-625591.0,-694028.0,-625591.0
IIG,FINANCIAL_STATEMENTS_IIG.pdf,CF,unknown,15,กระแสเงินสดจากกิจกรรมจัดหาเงิน,เงินสดรับจากเงินกูย้ มื ระยะสัน้ จากบริษทั ทีเ่ กีย่ วข้องกัน 16,เงินสดรับจากเงินกูย้ มื ระยะสัน้ จากบริษทั ทีเ่ กีย่ วข้องกัน 16,,,0.857,43700000.0,,43700000.0,3500000.0
IIG,FINANCIAL_STATEMENTS_IIG.pdf,CF,unknown,15,กระแสเงินสดจากกิจกรรมจัดหาเงิน,เงินสดจ่ายเพือ่ ชาระเงินกูย้ มื ระยะสัน้ จากบริษทั ทีเ่ กีย่ วข้องกัน 16,เงินสดจ่ายเพือ่ ชาระเงินกูย้ มื ระยะสัน้ จากบริษทั ทีเ่ กีย่ วข้องกัน 16,,,0.828,-43976683.0,-15799904.0,-31976683.0,-19299904.0
IIG,FINANCIAL_STATEMENTS_IIG.pdf,CF,unknown,15,กระแสเงินสดจากกิจกรรมจัดหาเงิน,เงินสดรับจากการออกหุน้ กูแ้ ปลงสภาพ,เงินสดรับจากการออกหุน้ กูแ้ ปลงสภาพ,PROCEEDS_CONVERTIBLE_DEBENTURE,PROCEEDS_CONVERTIBLE_DEBENTURE,1.0,,10000000.0,,10000000.0
IIG,FINANCIAL_STATEMENTS_IIG.pdf,CF,unknown,15,กระแสเงินสดจากกิจกรรมจัดหาเงิน,เงินสดจ่ายค่าธรรมเนียมในการออกหุน้ กูแ้ ปลงสภาพ,เงินสดจ่ายค่าธรรมเนียมในการออกหุน้ กูแ้ ปลงสภาพ,,,0.745,,-1000000.0,,-1000000.0
IIG,FINANCIAL_STATEMENTS_IIG.pdf,CF,unknown,15,กระแสเงินสดจากกิจกรรมจัดหาเงิน,แสดงสิทธิการซือ้ หุน้ สามัญ,เงินสดรับจากการออกหุน้ สามัญจากการใช้สทิ ธิใบสาคัญ แสดงสิทธิการซือ้ หุน้ สามัญ,PROCEEDS_WARRANT_EXERCISE,PROCEEDS_WARRANT_EXERCISE,1.0,,32.0,,32.0
IIG,FINANCIAL_STATEMENTS_IIG.pdf,CF,unknown,15,กระแสเงินสดจากกิจกรรมจัดหาเงิน,เงินสดจ่ายเพือ่ ชาระหนี้สนิ ตามสัญญาเช่า,เงินสดจ่ายเพือ่ ชาระหนี้สนิ ตามสัญญาเช่า,,,0.667,-1494633.0,-1621376.0,-952179.0,-959605.0
IIG,FINANCIAL_STATEMENTS_IIG.pdf,CF,unknown,15,กระแสเงินสดจากกิจกรรมจัดหาเงิน,ในบริษทั ย่อย,ในบริษทั ย่อย,,,0.755,,-4800000.0,,
IIG,FINANCIAL_STATEMENTS_IIG.pdf,CF,unknown,15,กระแสเงินสดจากกิจกรรมจัดหาเงิน,เงินสดจ่ายดอกเบีย้,เงินสดจ่ายดอกเบีย้,INTEREST_PAID,INTEREST_PAID,1.0,-6213406.0,-7204673.0,-4970304.0,-6360541.0
IIG,FINANCIAL_STATEMENTS_IIG.pdf,CF,unknown,15,กระแสเงินสดจากกิจกรรมจัดหาเงิน,เงิ นสดสุทธิ ใช้ไปในกิ จกรรมจัดหำเงิ น,เงิ นสดสุทธิ ใช้ไปในกิ จกรรมจัดหำเงิ น,CF_FINANCING,CF_FINANCING,1.0,-28256094.0,-9031512.0,-14470538.0,-2745609.0
IIG,FINANCIAL_STATEMENTS_IIG.pdf,CF,unknown,15,กระแสเงินสดจากกิจกรรมจัดหาเงิน,หมายเหตุประกอบข้อมูลทางการเงินเป็ นส่วนหนึ่งของข้อมูลทางการเงินระหว่างกาลนี้,หมายเหตุประกอบข้อมูลทางการเงินเป็ นส่วนหนึ่งของข้อมูลทางการเงินระหว่างกาลนี้,,,0.484,,,,9.0
IIG,FINANCIAL_STATEMENTS_IIG.pdf,CF,unknown,16,,เงิ นสดและรำยกำรเที ยบเท่ำเงิ นสดลดลง - สุทธิ,เงิ นสดและรำยกำรเที ยบเท่ำเงิ นสดลดลง - สุทธิ,CASH_NET_CHANGE,CASH_NET_CHANGE,1.0,-14719859.0,-49870131.0,-6440248.0,-2888387.0
IIG,FINANCIAL_STATEMENTS_IIG.pdf,CF,unknown,16,,เงิ นสดและรำยกำรเที ยบเท่ำเงิ นสด ณ วันต้นงวด,เงิ นสดและรำยกำรเที ยบเท่ำเงิ นสด ณ วันต้นงวด,CASH_BEGIN,CASH_BEGIN,1.0,45714185.0,79253187.0,17662105.0,20527332.0
IIG,FINANCIAL_STATEMENTS_IIG.pdf,CF,unknown,16,,เงินเบิกเกินบัญชีตน้ ปี,เงินเบิกเกินบัญชีตน้ ปี,BANK_OVERDRAFT_BEGIN,BANK_OVERDRAFT_BEGIN_AFTER,1.0,-21280016.0,-13740966.0,-11000026.0,-13723141.0
IIG,FINANCIAL_STATEMENTS_IIG.pdf,CF,unknown,16,,กาไรจากอัตราแลกเปลีย่ นของเงินสดและรายการเทียบเท่าเงินสด,กาไรจากอัตราแลกเปลีย่ นของเงินสดและรายการเทียบเท่าเงินสด,CASH_FX_EFFECT,CASH_FX_EFFECT_AFTER,1.0,1039129.0,645065.0,550568.0,619231.0
IIG,FINANCIAL_STATEMENTS_IIG.pdf,CF,unknown,16,,เงิ นสดและรำยกำรเที ยบเท่ำเงิ นสด ณ วันสิ้ นงวด,เงิ นสดและรำยกำรเที ยบเท่ำเงิ นสด ณ วันสิ้ นงวด,CASH_END,CASH_END,1.0,10753439.0,16287155.0,772399.0,4535035.0
IIG,FINANCIAL_STATEMENTS_IIG.pdf,CF,unknown,16,เงินสดและรายการเทียบเท่าเงินสดในงบกระแสเงินสด ประกอบด้วย,เงินสดและรายการเทียบเท่าเงินสด,เงินสดและรายการเทียบเท่าเงินสด,CASH,CASH,1.0,34057239.0,39858301.0,13807443.0,17885299.0
IIG,FINANCIAL_STATEMENTS_IIG.pdf,CF,unknown,16,เงินสดและรายการเทียบเท่าเงินสดในงบกระแสเงินสด ประกอบด้วย,เงินเบิกเกินบัญชี,เงินสดและรายการเทียบเท่าเงินสดในงบกระแสเงินสด ประกอบด้วย เงินเบิกเกินบัญชี,BANK_OVERDRAFT_IN_CASH,BANK_OVERDRAFT_IN_CASH,1.0,-23303800.0,-23571146.0,-13035044.0,-13350264.0
IIG,FINANCIAL_STATEMENTS_IIG.pdf,CF,unknown,16,เงินสดและรายการเทียบเท่าเงินสดในงบกระแสเงินสด ประกอบด้วย,เงิ นสดและรำยกำรเที ยบเท่ำเงิ นสด ณ วันสิ้ นงวด,เงิ นสดและรำยกำรเที ยบเท่ำเงิ นสด ณ วันสิ้ นงวด,CASH_END,CASH_END,1.0,10753439.0,16287155.0,772399.0,4535035.0
IIG,FINANCIAL_STATEMENTS_IIG.pdf,CF,unknown,16,รายการที่ไม่ใช่เงินสด,สินทรัพย์สทิ ธิการใช้ทเ่ี พิม่ ขึน้ จากสัญญาเช่า,สินทรัพย์สทิ ธิการใช้ทเ่ี พิม่ ขึน้ จากสัญญาเช่า,,,0.703,,9116578.0,,3758276.0
IIG,FINANCIAL_STATEMENTS_IIG.pdf,CF,unknown,16,รายการที่ไม่ใช่เงินสด,เจ้าหนี้ค่าซื้อเงินลงทุนในบริษทั ย่อย,เจ้าหนี้ค่าซื้อเงินลงทุนในบริษทั ย่อย,,,0.824,,8769241.0,,8769241.0
IIG,FINANCIAL_STATEMENTS_IIG.pdf,CF,unknown,16,รายการที่ไม่ใช่เงินสด,เงินปั นผลค้างจ่าย,เงินปั นผลค้างจ่าย,,,0.889,5017.0,5085.0,5017.0,5085.0
IIG,FINANCIAL_STATEMENTS_IIG.pdf,CF,unknown,16,รายการที่ไม่ใช่เงินสด,หมายเหตุประกอบข้อมูลทางการเงินเป็ นส่วนหนึ่งของข้อมูลทางการเงินระหว่างกาลนี้,หมายเหตุประกอบข้อมูลทางการเงินเป็ นส่วนหนึ่งของข้อมูลทางการเงินระหว่างกาลนี้,,,0.479,,,,10.0
MFEC,FINANCIAL_STATEMENTS_Mfec.pdf,CF,thousand,8,กระแสเงินสดจากกิจกรรมดำเนินงาน,กาไรก่อนภาษี,กาไรก่อนภาษี,PROFIT_BEFORE_TAX,PROFIT_BEFORE_TAX,1.0,95558.0,85137.0,84920.0,108227.0
MFEC,FINANCIAL_STATEMENTS_Mfec.pdf,CF,thousand,8,กระแสเงินสดจากกิจกรรมดำเนินงาน,ค่าเสื่ อมราคาและค่าตัดจาหน่าย,ค่าเสื่ อมราคาและค่าตัดจาหน่าย,DEPRECIATION_AMORTISATION,DEPRECIATION_AMORTISATION,1.0,22964.0,19690.0,19560.0,16913.0
MFEC,FINANCIAL_STATEMENTS_Mfec.pdf,CF,thousand,8,กระแสเงินสดจากกิจกรรมดำเนินงาน,(กาไร) ขาดทุนจากการจาหน่ายและตัดจาหน่ายอุปกรณ์,(กาไร) ขาดทุนจากการจาหน่ายและตัดจาหน่ายอุปกรณ์,,,0.622,18.0,-97.0,37.0,-97.0
MFEC,FINANCIAL_STATEMENTS_Mfec.pdf,CF,thousand,8,กระแสเงินสดจากกิจกรรมดำเนินงาน,ขาดทุนจากอัตราแลกเปลี่ยนที่ยงั ไม่เกิดขึ้นจริ ง,ขาดทุนจากอัตราแลกเปลี่ยนที่ยงั ไม่เกิดขึ้นจริ ง,,,0.724,3588.0,1174.0,4936.0,965.0
MFEC,FINANCIAL_STATEMENTS_Mfec.pdf,CF,thousand,8,กระแสเงินสดจากกิจกรรมดำเนินงาน,แก่กิจการที่ไม่เกี่ยวข้องกัน,แก่กิจการที่ไม่เกี่ยวข้องกัน,,,0.718,,-159.0,,
MFEC,FINANCIAL_STATEMENTS_Mfec.pdf,CF,thousand,8,กระแสเงินสดจากกิจกรรมดำเนินงาน,ประเภทกองทุนรวม,ประเภทกองทุนรวม,,,0.702,-145.0,-363.0,,
MFEC,FINANCIAL_STATEMENTS_Mfec.pdf,CF,thousand,8,กระแสเงินสดจากกิจกรรมดำเนินงาน,กาไรจากการขายเงินลงทุนในตราสารหนี้ประเภทกองทุนรวม,กาไรจากการขายเงินลงทุนในตราสารหนี้ประเภทกองทุนรวม,,,0.727,-24.0,-7.0,,
MFEC,FINANCIAL_STATEMENTS_Mfec.pdf,CF,thousand,8,กระแสเงินสดจากกิจกรรมดำเนินงาน,(กาไร) ขาดทุนจากการวัดมูลค่ายุติธรรมของตราสารอนุพนั ธ์,(กาไร) ขาดทุนจากการวัดมูลค่ายุติธรรมของตราสารอนุพนั ธ์,FV_LOSS_DERIVATIVES,FV_LOSS_DERIVATIVES,0.912,-21793.0,2409.0,-21793.0,2409.0
MFEC,FINANCIAL_STATEMENTS_Mfec.pdf,CF,thousand,8,กระแสเงินสดจากกิจกรรมดำเนินงาน,ค่าเผือ่ ผลขาดทุนด้านเครดิตที่คาดว่าจะเกิดขึ้น (โอนกลับ),ค่าเผือ่ ผลขาดทุนด้านเครดิตที่คาดว่าจะเกิดขึ้น (โอนกลับ),,,0.84,-1691.0,864.0,-1691.0,894.0
MFEC,FINANCIAL_STATEMENTS_Mfec.pdf,CF,thousand,8,กระแสเงินสดจากกิจกรรมดำเนินงาน,ประมาณการค่าปรับล่าช้าและผลเสี ยหายจากการฟ้ องร้อง (โอนกลับ),ประมาณการค่าปรับล่าช้าและผลเสี ยหายจากการฟ้ องร้อง (โอนกลับ),,,0.712,175.0,250.0,-210.0,72.0
MFEC,FINANCIAL_STATEMENTS_Mfec.pdf,CF,thousand,8,กระแสเงินสดจากกิจกรรมดำเนินงาน,ประมาณการหนี้ สินไม่หมุนเวียนสาหรับผลประโยชน์พนักงาน,ประมาณการหนี้ สินไม่หมุนเวียนสาหรับผลประโยชน์พนักงาน,EMPLOYEE_BENEFIT_PROVISION_NONCURRENT,EMPLOYEE_BENEFIT_PROVISION_NONCURRENT,1.0,7028.0,6887.0,6269.0,6152.0
MFEC,FINANCIAL_STATEMENTS_Mfec.pdf,CF,thousand,8,กระแสเงินสดจากกิจกรรมดำเนินงาน,รายได้เงินปันผล,รายได้เงินปันผล,DIVIDEND_INCOME,DIVIDEND_INCOME,1.0,,,-5750.0,
MFEC,FINANCIAL_STATEMENTS_Mfec.pdf,CF,thousand,8,กระแสเงินสดจากกิจกรรมดำเนินงาน,รายได้ทางการเงิน,รายได้ทางการเงิน,FINANCE_INCOME,FINANCE_INCOME,1.0,-1319.0,-2215.0,-844.0,-1378.0
MFEC,FINANCIAL_STATEMENTS_Mfec.pdf,CF,thousand,8,กระแสเงินสดจากกิจกรรมดำเนินงาน,ต้นทุนทางการเงิน,ต้นทุนทางการเงิน,FINANCE_COST,FINANCE_COST,1.0,2457.0,4638.0,2231.0,4293.0
MFEC,FINANCIAL_STATEMENTS_Mfec.pdf,CF,thousand,8,กระแสเงินสดจากกิจกรรมดำเนินงาน,ส่ วนแบ่ง (กาไร) ขาดทุนจากเงินลงทุนในการร่ วมค้าและบริ ษทั ร่ วม,ส่ วนแบ่ง (กาไร) ขาดทุนจากเงินลงทุนในการร่ วมค้าและบริ ษทั ร่ วม,,,0.885,-300.0,2390.0,,
MFEC,FINANCIAL_STATEMENTS_Mfec.pdf,CF,thousand,8,กระแสเงินสดจากกิจกรรมดำเนินงาน,กาไรจากการขายเงินลงทุนในบริ ษทั ร่ วม,กาไรจากการขายเงินลงทุนในบริ ษทั ร่ วม,GAIN_ON_SALE_INVESTMENT,GAIN_ON_SALE_INVESTMENT,1.0,,-3267.0,,-37168.0
MFEC,FINANCIAL_STATEMENTS_Mfec.pdf,CF,thousand,8,กระแสเงินสดจากกิจกรรมดำเนินงาน,และหนี้สินดาเนิ นงาน,กาไรจากการดาเนิ นงานก่อนการเปลี่ยนแปลงในสิ นทรัพย์ และหนี้สินดาเนิ นงาน,PROFIT_BEFORE_WC_CHANGE,PROFIT_BEFORE_WC_CHANGE,1.0,109183.0,117331.0,90332.0,101282.0
MFEC,FINANCIAL_STATEMENTS_Mfec.pdf,CF,thousand,9,,เงินฝากธนาคารที่มีขอ้ จากัดในการใช้,เงินฝากธนาคารที่มีขอ้ จากัดในการใช้,RESTRICTED_DEPOSITS,RESTRICTED_DEPOSITS,0.973,-45077.0,-43926.0,,
MFEC,FINANCIAL_STATEMENTS_Mfec.pdf,CF,thousand,9,,ลูกหนี้การค้าและลูกหนี้ หมุนเวียนอื่น,ลูกหนี้การค้าและลูกหนี้ หมุนเวียนอื่น,TRADE_RECEIVABLES,TRADE_RECEIVABLES,1.0,16287.0,390717.0,32083.0,335065.0
MFEC,FINANCIAL_STATEMENTS_Mfec.pdf,CF,thousand,9,,ลูกหนี้กิจการที่เกี่ยวข้องกัน,ลูกหนี้กิจการที่เกี่ยวข้องกัน,,,0.732,-3717.0,1460.0,-5816.0,-486.0
MFEC,FINANCIAL_STATEMENTS_Mfec.pdf,CF,thousand,9,,รายได้ที่ยงั ไม่ได้เรี ยกชาระ,รายได้ที่ยงั ไม่ได้เรี ยกชาระ,UNBILLED_REVENUE,UNBILLED_REVENUE,1.0,46389.0,-59795.0,44814.0,-46154.0
MFEC,FINANCIAL_STATEMENTS_Mfec.pdf,CF,thousand,9,,ต้นทุนงานระหว่างทาและต้นทุนบริ การจ่ายล่วงหน้า,ต้นทุนงานระหว่างทาและต้นทุนบริ การจ่ายล่วงหน้า,,,0.773,118623.0,-46676.0,94955.0,-47967.0
MFEC,FINANCIAL_STATEMENTS_Mfec.pdf,CF,thousand,9,,สิ นทรัพย์หมุนเวียนอื่น,สิ นทรัพย์หมุนเวียนอื่น,OTHER_CURRENT_ASSETS,OTHER_CURRENT_ASSETS,1.0,-3080.0,-16636.0,-2398.0,-18093.0
MFEC,FINANCIAL_STATEMENTS_Mfec.pdf,CF,thousand,9,,สิ นทรัพย์ไม่หมุนเวียนอื่น,สิ นทรัพย์ไม่หมุนเวียนอื่น,OTHER_NONCURRENT_ASSETS,OTHER_NONCURRENT_ASSETS,1.0,238.0,-172.0,,-100.0
MFEC,FINANCIAL_STATEMENTS_Mfec.pdf,CF,thousand,9,,เจ้าหนี้ การค้าและเจ้าหนี้ หมุนเวียนอื่น,เจ้าหนี้ การค้าและเจ้าหนี้ หมุนเวียนอื่น,TRADE_PAYABLES,TRADE_PAYABLES,1.0,-176074.0,38314.0,-224530.0,70809.0
MFEC,FINANCIAL_STATEMENTS_Mfec.pdf,CF,thousand,9,,เจ้าหนี้ กิจการที่เกี่ยวข้องกัน,เจ้าหนี้ กิจการที่เกี่ยวข้องกัน,,,0.75,-1508.0,-976.0,-10405.0,-8599.0
MFEC,FINANCIAL_STATEMENTS_Mfec.pdf,CF,thousand,9,,ค่าใช้จ่ายค้างจ่าย,ค่าใช้จ่ายค้างจ่าย,ACCRUED_EXPENSES,ACCRUED_EXPENSES,1.0,-150833.0,-159107.0,-141768.0,-126801.0
MFEC,FINANCIAL_STATEMENTS_Mfec.pdf,CF,thousand,9,,รายได้รับล่วงหน้า,รายได้รับล่วงหน้า,DEFERRED_REVENUE,DEFERRED_REVENUE,1.0,-77857.0,-144242.0,-48576.0,-123455.0
MFEC,FINANCIAL_STATEMENTS_Mfec.pdf,CF,thousand,9,,ต้นทุนที่ยงั ไม่เรี ยกชาระ,ต้นทุนที่ยงั ไม่เรี ยกชาระ,,,0.72,16446.0,1948.0,14359.0,-968.0
MFEC,FINANCIAL_STATEMENTS_Mfec.pdf,CF,thousand,9,,หนี้สินหมุนเวียนอื่น,หนี้สินหมุนเวียนอื่น,OTHER_CURRENT_LIAB,OTHER_CURRENT_LIAB,1.0,4024.0,6898.0,4479.0,7932.0
MFEC,FINANCIAL_STATEMENTS_Mfec.pdf,CF,thousand,9,,เงินสดจาก (ใช้ไปใน) กิจกรรมดาเนิ นงาน,เงินสดจาก (ใช้ไปใน) กิจกรรมดาเนิ นงาน,CF_OPERATING_BEFORE_ITEMS,CF_OPERATING_BEFORE_ITEMS,1.0,-146956.0,85138.0,-152471.0,142465.0
MFEC,FINANCIAL_STATEMENTS_Mfec.pdf,CF,thousand,9,,เงินสดจ่ายค่าเสี ยหายจากงานโครงการ,เงินสดจ่ายค่าเสี ยหายจากงานโครงการ,,,0.556,-6.0,,-6.0,
MFEC,FINANCIAL_STATEMENTS_Mfec.pdf,CF,thousand,9,,เงินสดจ่ายค่าเสี ยหายจากการฟ้ องร้ อง,เงินสดจ่ายค่าเสี ยหายจากการฟ้ องร้ อง,,,0.739,-200.0,,,
MFEC,FINANCIAL_STATEMENTS_Mfec.pdf,CF,thousand,9,,เงินสดจ่ายค่ารื้ อถอนสิ นทรัพย์,เงินสดจ่ายค่ารื้ อถอนสิ นทรัพย์,,,0.552,,-171.0,,-171.0
MFEC,FINANCIAL_STATEMENTS_Mfec.pdf,CF,thousand,9,,สาหรับผลประโยชน์พนักงาน,เงินสดจ่ายประมาณการหนี้ สินไม่หมุนเวียน สาหรับผลประโยชน์พนักงาน,EMPLOYEE_BENEFIT_PAID,EMPLOYEE_BENEFIT_PAID,1.0,-4561.0,-2235.0,-4917.0,-2235.0
MFEC,FINANCIAL_STATEMENTS_Mfec.pdf,CF,thousand,9,,จ่ายภาษีเงินได้,จ่ายภาษีเงินได้,,,0.875,-40042.0,-38703.0,-36895.0,-34020.0
MFEC,FINANCIAL_STATEMENTS_Mfec.pdf,CF,thousand,9,,เงินสดสุทธิจำก (ใช้ ไปใน) กิจกรรมดำเนินงำน,เงินสดสุทธิจำก (ใช้ ไปใน) กิจกรรมดำเนินงำน,CF_OPERATING,CF_OPERATING,1.0,-191765.0,44029.0,-194289.0,106039.0
MFEC,FINANCIAL_STATEMENTS_Mfec.pdf,CF,thousand,10,กระแสเงินสดจากกิจกรรมลงทุน,เงินสดจ่ายเพื่อซื้ อเงินลงทุนในตราสารหนี้ ประเภทกองทุนรวม,เงินสดจ่ายเพื่อซื้ อเงินลงทุนในตราสารหนี้ ประเภทกองทุนรวม,,,0.621,-95500.0,-51300.0,,
MFEC,FINANCIAL_STATEMENTS_Mfec.pdf,CF,thousand,10,กระแสเงินสดจากกิจกรรมลงทุน,เงินสดรับจากการขายเงินลงทุนในตราสารหนี้ประเภทกองทุนรวม,เงินสดรับจากการขายเงินลงทุนในตราสารหนี้ประเภทกองทุนรวม,,,0.674,24500.0,100000.0,,
MFEC,FINANCIAL_STATEMENTS_Mfec.pdf,CF,thousand,10,กระแสเงินสดจากกิจกรรมลงทุน,เงินสดรับจากการขายเงินลงทุนในบริ ษทั ร่ วม,เงินสดรับจากการขายเงินลงทุนในบริ ษทั ร่ วม,,,0.875,,40848.0,,40848.0
MFEC,FINANCIAL_STATEMENTS_Mfec.pdf,CF,thousand,10,กระแสเงินสดจากกิจกรรมลงทุน,เงินสดจ่ายเงินให้กยู้ ืมระยะสั้นแก่กิจการที่เกี่ยวข้องกัน,เงินสดจ่ายเงินให้กยู้ ืมระยะสั้นแก่กิจการที่เกี่ยวข้องกัน,,,0.889,,-9900.0,,-9900.0
MFEC,FINANCIAL_STATEMENTS_Mfec.pdf,CF,thousand,10,กระแสเงินสดจากกิจกรรมลงทุน,เงินสดรับจากเงินให้กยู้ ืมระยะสั้นแก่กิจการที่เกี่ยวข้องกัน,เงินสดรับจากเงินให้กยู้ ืมระยะสั้นแก่กิจการที่เกี่ยวข้องกัน,,,0.857,,,2500.0,20000.0
MFEC,FINANCIAL_STATEMENTS_Mfec.pdf,CF,thousand,10,กระแสเงินสดจากกิจกรรมลงทุน,เงินสดจ่ายเงินให้กยู้ ืมระยะสั้นแก่กิจการที่ไม่เกี่ยวข้องกัน,เงินสดจ่ายเงินให้กยู้ ืมระยะสั้นแก่กิจการที่ไม่เกี่ยวข้องกัน,,,0.873,,-10000.0,,
MFEC,FINANCIAL_STATEMENTS_Mfec.pdf,CF,thousand,10,กระแสเงินสดจากกิจกรรมลงทุน,เงินสดรับจากเงินให้กยู้ ืมระยะยาวแก่กิจการที่ไม่เกี่ยวข้องกัน,เงินสดรับจากเงินให้กยู้ ืมระยะยาวแก่กิจการที่ไม่เกี่ยวข้องกัน,,,0.842,,1250.0,,
MFEC,FINANCIAL_STATEMENTS_Mfec.pdf,CF,thousand,10,กระแสเงินสดจากกิจกรรมลงทุน,เงินสดรับจากการขายอุปกรณ์,เงินสดรับจากการขายอุปกรณ์,PROCEEDS_SALE_EQUIPMENT,PROCEEDS_SALE_EQUIPMENT,1.0,19.0,135.0,,135.0
MFEC,FINANCIAL_STATEMENTS_Mfec.pdf,CF,thousand,10,กระแสเงินสดจากกิจกรรมลงทุน,เงินสดจ่ายเพื่อซื้ อส่ วนปรับปรุ งอาคารและอุปกรณ์,เงินสดจ่ายเพื่อซื้ อส่ วนปรับปรุ งอาคารและอุปกรณ์,,,0.783,-3788.0,-6830.0,-2986.0,-6794.0
MFEC,FINANCIAL_STATEMENTS_Mfec.pdf,CF,thousand,10,กระแสเงินสดจากกิจกรรมลงทุน,เงินสดจ่ายเพื่อซื้ อสิ นทรัพย์ไม่มีตวั ตน,เงินสดจ่ายเพื่อซื้ อสิ นทรัพย์ไม่มีตวั ตน,,,0.706,-3022.0,-2487.0,-7.0,
MFEC,FINANCIAL_STATEMENTS_Mfec.pdf,CF,thousand,10,กระแสเงินสดจากกิจกรรมลงทุน,เงินสดรับจากดอกเบี้ย,เงินสดรับจากดอกเบี้ย,INTEREST_RECEIVED,INTEREST_RECEIVED,1.0,870.0,618.0,863.0,697.0
MFEC,FINANCIAL_STATEMENTS_Mfec.pdf,CF,thousand,10,กระแสเงินสดจากกิจกรรมลงทุน,เงินปั นผลรับ,กระแสเงินสดจากกิจกรรมลงทุน เงินปั นผลรับ,DIVIDEND_RECEIVED,DIVIDEND_RECEIVED,1.0,1780.0,,5750.0,
MFEC,FINANCIAL_STATEMENTS_Mfec.pdf,CF,thousand,10,กระแสเงินสดจากกิจกรรมลงทุน,เงินสดสุทธิจำก (ใช้ ไปใน) กิจกรรมลงทุน,เงินสดสุทธิจำก (ใช้ ไปใน) กิจกรรมลงทุน,CF_INVESTING,CF_INVESTING,1.0,-75141.0,62334.0,6120.0,44986.0
MFEC,FINANCIAL_STATEMENTS_Mfec.pdf,CF,thousand,10,กระแสเงินสดจากกิจกรรมจัดหาเงิน,เงินกูย้ ืมระยะสั้นจากสถาบันการเงินลดลง,เงินกูย้ ืมระยะสั้นจากสถาบันการเงินลดลง,SHORT_TERM_BORROWINGS,SHORT_TERM_BORROWINGS,0.905,-70946.0,-260258.0,-70946.0,-260258.0
MFEC,FINANCIAL_STATEMENTS_Mfec.pdf,CF,thousand,10,กระแสเงินสดจากกิจกรรมจัดหาเงิน,เงินสดรับจากเงินกูย้ ืมระยะสั้นจากกิจการที่เกี่ยวข้องกัน,เงินสดรับจากเงินกูย้ ืมระยะสั้นจากกิจการที่เกี่ยวข้องกัน,,,0.857,,197754.0,,197754.0
MFEC,FINANCIAL_STATEMENTS_Mfec.pdf,CF,thousand,10,กระแสเงินสดจากกิจกรรมจัดหาเงิน,จ่ายชาระหนี้ สินภายใต้สญ ั ญาเช่า,จ่ายชาระหนี้ สินภายใต้สญ ั ญาเช่า,,,0.72,-10757.0,-10426.0,-8835.0,-8560.0
MFEC,FINANCIAL_STATEMENTS_Mfec.pdf,CF,thousand,10,กระแสเงินสดจากกิจกรรมจัดหาเงิน,จ่ายชาระเจ้าหนี้ คา่ สิ นค้าผ่อนชาระ,จ่ายชาระเจ้าหนี้ คา่ สิ นค้าผ่อนชาระ,,,0.656,,-4850.0,,-4850.0
MFEC,FINANCIAL_STATEMENTS_Mfec.pdf,CF,thousand,10,กระแสเงินสดจากกิจกรรมจัดหาเงิน,จ่ายดอกเบี้ย,จ่ายดอกเบี้ย,,,0.875,-23.0,-1098.0,-21.0,-1098.0
MFEC,FINANCIAL_STATEMENTS_Mfec.pdf,CF,thousand,10,กระแสเงินสดจากกิจกรรมจัดหาเงิน,เงินสดรับจากส่ วนได้เสี ยที่ไม่มีอานาจควบคุมของบริ ษทั ย่อย,เงินสดรับจากส่ วนได้เสี ยที่ไม่มีอานาจควบคุมของบริ ษทั ย่อย,,,0.8,750.0,,,
MFEC,FINANCIAL_STATEMENTS_Mfec.pdf,CF,thousand,10,กระแสเงินสดจากกิจกรรมจัดหาเงิน,บริ ษทั ย่อยจ่ายเงินปันผลให้ผมู้ ีส่วนได้เสี ยที่ไม่มีอานาจควบคุม,บริ ษทั ย่อยจ่ายเงินปันผลให้ผมู้ ีส่วนได้เสี ยที่ไม่มีอานาจควบคุม,SE_DIVIDEND_TO_NCI,SE_DIVIDEND_TO_NCI,1.0,-2279.0,,,
MFEC,FINANCIAL_STATEMENTS_Mfec.pdf,CF,thousand,10,กระแสเงินสดจากกิจกรรมจัดหาเงิน,เงินสดสุทธิใช้ ไปในกิจกรรมจัดหำเงิน,เงินสดสุทธิใช้ ไปในกิจกรรมจัดหำเงิน,CF_FINANCING,CF_FINANCING,1.0,-83255.0,-78878.0,-79802.0,-77012.0
MFEC,FINANCIAL_STATEMENTS_Mfec.pdf,CF,thousand,10,กระแสเงินสดจากกิจกรรมจัดหาเงิน,เงินสดและรำยกำรเทียบเท่ ำเงินสดเพิ่มขึน้ (ลดลง) สุ ทธิ,เงินสดและรำยกำรเทียบเท่ ำเงินสดเพิ่มขึน้ (ลดลง) สุ ทธิ,CASH_NET_CHANGE,CASH_NET_CHANGE,1.0,-350161.0,27485.0,-267971.0,74013.0
MFEC,FINANCIAL_STATEMENTS_Mfec.pdf,CF,thousand,10,กระแสเงินสดจากกิจกรรมจัดหาเงิน,ผลกระทบจากการเปลี่ยนแปลงในอัตราแลกเปลี่ยน,ผลกระทบจากการเปลี่ยนแปลงในอัตราแลกเปลี่ยน,CASH_FX_EFFECT,CASH_FX_EFFECT_AFTER,1.0,1978.0,,1978.0,
MFEC,FINANCIAL_STATEMENTS_Mfec.pdf,CF,thousand,10,กระแสเงินสดจากกิจกรรมจัดหาเงิน,เงินสดและรายการเทียบเท่าเงินสดต้นงวด,เงินสดและรายการเทียบเท่าเงินสดต้นงวด,CASH_BEGIN,CASH_BEGIN,1.0,615736.0,199323.0,396902.0,45212.0
MFEC,FINANCIAL_STATEMENTS_Mfec.pdf,CF,thousand,10,กระแสเงินสดจากกิจกรรมจัดหาเงิน,เงินสดและรำยกำรเทียบเท่ ำเงินสดปลำยงวด,เงินสดและรำยกำรเทียบเท่ ำเงินสดปลำยงวด,CASH_END,CASH_END,1.0,267553.0,226808.0,130909.0,119225.0
MFEC,FINANCIAL_STATEMENTS_Mfec.pdf,CF,thousand,10,รายการที่ไม่ใช่เงินสด,เงินปั นผลค้างรับจากบริ ษทั ร่ วม,เงินปั นผลค้างรับจากบริ ษทั ร่ วม,DIVIDEND_RECEIVABLE_ASSOCIATE,DIVIDEND_RECEIVABLE_ASSOCIATE,1.0,,6300.0,,
PTT,FINANCIAL_STATEMENTS_PTT.pdf,CF,baht,8,กระแสเงินสดจากกิจกรรมดำเนินงาน,กาไรก่อนภาษี เงินได้,กาไรก่อนภาษี เงินได้,PROFIT_BEFORE_TAX,PROFIT_BEFORE_TAX,1.0,65495150472.0,47887898764.0,22875075553.0,21762042613.0
PTT,FINANCIAL_STATEMENTS_PTT.pdf,CF,baht,8,กระแสเงินสดจากกิจกรรมดำเนินงาน,ค่าเสือ่ มราคาและค่าตัดจาหน่าย,ค่าเสือ่ มราคาและค่าตัดจาหน่าย,DEPRECIATION_AMORTISATION,DEPRECIATION_AMORTISATION,1.0,42012103516.0,44800493596.0,5051507146.0,4849894314.0
PTT,FINANCIAL_STATEMENTS_PTT.pdf,CF,baht,8,กระแสเงินสดจากกิจกรรมดำเนินงาน,กาไรจากการจาหน่ายสินทรัพย์,กาไรจากการจาหน่ายสินทรัพย์,,,0.667,-37256580.0,-62605326.0,-2201529.0,-276832.0
PTT,FINANCIAL_STATEMENTS_PTT.pdf,CF,baht,8,กระแสเงินสดจากกิจกรรมดำเนินงาน,กาไรจากการจาหน่ายเงินลงทุน,กาไรจากการจาหน่ายเงินลงทุน,,,0.69,-169252072.0,,,
PTT,FINANCIAL_STATEMENTS_PTT.pdf,CF,baht,8,กระแสเงินสดจากกิจกรรมดำเนินงาน,กาไรจากการซื ้อคืนหุ้นกู้,กาไรจากการซื ้อคืนหุ้นกู้,,,0.697,-2436168611.0,-173697941.0,,
PTT,FINANCIAL_STATEMENTS_PTT.pdf,CF,baht,8,กระแสเงินสดจากกิจกรรมดำเนินงาน,(โอนกลับ)ค่าเผือ่ การด้ อยค่าของสินทรัพย์,(โอนกลับ)ค่าเผือ่ การด้ อยค่าของสินทรัพย์,,,0.6,10265554807.0,-193598925.0,,
PTT,FINANCIAL_STATEMENTS_PTT.pdf,CF,baht,8,กระแสเงินสดจากกิจกรรมดำเนินงาน,(โอนกลับ)ค่าเผือ่ การด้ อยค่าของเงินลงทุน,(โอนกลับ)ค่าเผือ่ การด้ อยค่าของเงินลงทุน,,,0.654,5234876.0,-479545969.0,23000800.0,
PTT,FINANCIAL_STATEMENTS_PTT.pdf,CF,baht,8,กระแสเงินสดจากกิจกรรมดำเนินงาน,ส่วนแบ่งกาไรจากเงินลงทุนในการร่ วมค้ าและบริ ษัทร่ วม,ส่วนแบ่งกาไรจากเงินลงทุนในการร่ วมค้ าและบริ ษัทร่ วม,,,0.868,-2053814498.0,-324941005.0,,
PTT,FINANCIAL_STATEMENTS_PTT.pdf,CF,baht,8,กระแสเงินสดจากกิจกรรมดำเนินงาน,ประมาณการหนี ้สินสาหรับผลประโยชน์พนักงาน,ประมาณการหนี ้สินสาหรับผลประโยชน์พนักงาน,EMPLOYEE_BENEFIT_PROVISION,EMPLOYEE_BENEFIT_PROVISION,1.0,1057961971.0,1046120280.0,197971845.0,175488777.0
PTT,FINANCIAL_STATEMENTS_PTT.pdf,CF,baht,8,กระแสเงินสดจากกิจกรรมดำเนินงาน,กาไรจากอัตราแลกเปลีย่ น,กาไรจากอัตราแลกเปลีย่ น,FX_GAIN,FX_GAIN,1.0,-3485251790.0,-1125906458.0,-367430633.0,-37310386.0
PTT,FINANCIAL_STATEMENTS_PTT.pdf,CF,baht,8,กระแสเงินสดจากกิจกรรมดำเนินงาน,(กาไร)ขาดทุนจากตราสารอนุพนั ธ์,(กาไร)ขาดทุนจากตราสารอนุพนั ธ์,,,0.688,61214389821.0,-3297787881.0,-589104881.0,260567554.0
PTT,FINANCIAL_STATEMENTS_PTT.pdf,CF,baht,8,กระแสเงินสดจากกิจกรรมดำเนินงาน,ที่ยงั ไม่เกิดขึ ้นจริ ง,ที่ยงั ไม่เกิดขึ ้นจริ ง,,,0.734,-15280323164.0,1242792405.0,-1099428056.0,-126246434.0
PTT,FINANCIAL_STATEMENTS_PTT.pdf,CF,baht,8,กระแสเงินสดจากกิจกรรมดำเนินงาน,(กาไร)ขาดทุนจากการวัดมูลค่ายุตธิ รรมของเงินลงทุนผ่านกาไรขาดทุน,(กาไร)ขาดทุนจากการวัดมูลค่ายุตธิ รรมของเงินลงทุนผ่านกาไรขาดทุน,,,0.667,-341831131.0,32430734.0,-172868027.0,24655966.0
PTT,FINANCIAL_STATEMENTS_PTT.pdf,CF,baht,8,กระแสเงินสดจากกิจกรรมดำเนินงาน,(โอนกลับ)ผลขาดทุนด้ านเครดิตของลูกหนี ้และสินทรัพย์อนื่,(โอนกลับ)ผลขาดทุนด้ านเครดิตของลูกหนี ้และสินทรัพย์อนื่,,,0.55,31075408.0,-432077995.0,251154.0,-21529160.0
PTT,FINANCIAL_STATEMENTS_PTT.pdf,CF,baht,8,กระแสเงินสดจากกิจกรรมดำเนินงาน,ค่าใช้ จา่ ยในการสารวจตัดจาหน่าย,ค่าใช้ จา่ ยในการสารวจตัดจาหน่าย,,,0.788,112215352.0,231878261.0,,
PTT,FINANCIAL_STATEMENTS_PTT.pdf,CF,baht,8,กระแสเงินสดจากกิจกรรมดำเนินงาน,(โอนกลับ)ค่าเผือ่ การปรับมูลค่าสินค้ าคงเหลือ,(โอนกลับ)ค่าเผือ่ การปรับมูลค่าสินค้ าคงเหลือ,,,0.62,-5728502464.0,138318911.0,-4052109150.0,-934167451.0
PTT,FINANCIAL_STATEMENTS_PTT.pdf,CF,baht,8,กระแสเงินสดจากกิจกรรมดำเนินงาน,(โอนกลับ)สารองพัสดุสิ ้นเปลืองเสือ่ มสภาพ,(โอนกลับ)สารองพัสดุสิ ้นเปลืองเสือ่ มสภาพ,,,0.597,-54796627.0,100906496.0,-294840.0,-21234.0
PTT,FINANCIAL_STATEMENTS_PTT.pdf,CF,baht,8,กระแสเงินสดจากกิจกรรมดำเนินงาน,เงินปันผลรับ,เงินปันผลรับ,DIVIDEND_INCOME,DIVIDEND_INCOME,1.0,-301261873.0,-689266685.0,-14020997467.0,-15459586751.0
PTT,FINANCIAL_STATEMENTS_PTT.pdf,CF,baht,8,กระแสเงินสดจากกิจกรรมดำเนินงาน,ดอกเบี ้ยรับ,ดอกเบี ้ยรับ,INTEREST_INCOME_CF,INTEREST_INCOME_CF,1.0,-2927963063.0,-4405484016.0,-964734833.0,-1221777628.0
PTT,FINANCIAL_STATEMENTS_PTT.pdf,CF,baht,8,กระแสเงินสดจากกิจกรรมดำเนินงาน,ต้ นทุนทางการเงิน,ต้ นทุนทางการเงิน,FINANCE_COST,FINANCE_COST,1.0,8238689111.0,10985050321.0,1398566414.0,1788453481.0
PTT,FINANCIAL_STATEMENTS_PTT.pdf,CF,baht,8,กระแสเงินสดจากกิจกรรมดำเนินงาน,และหนี ้สินดาเนินงาน,กาไรจากการดาเนินงานก่อนการเปลีย่ นแปลงในสินทรัพย์ และหนี ้สินดาเนินงาน,PROFIT_BEFORE_WC_CHANGE,PROFIT_BEFORE_WC_CHANGE,1.0,155731385475.0,95282947559.0,8217728455.0,11092068048.0
PTT,FINANCIAL_STATEMENTS_PTT.pdf,CF,baht,9,,ลูกหนี ้การค้ า,ลูกหนี ้การค้ า,TRADE_RECEIVABLES,TRADE_RECEIVABLES,1.0,-57030593324.0,11490421263.0,-56193819000.0,10495914349.0
PTT,FINANCIAL_STATEMENTS_PTT.pdf,CF,baht,9,,ลูกหนี ้หมุนเวียนอืน่,ลูกหนี ้หมุนเวียนอืน่,OTHER_RECEIVABLES,OTHER_RECEIVABLES,1.0,-80539661097.0,4447418291.0,-2025454057.0,979212999.0
PTT,FINANCIAL_STATEMENTS_PTT.pdf,CF,baht,9,,สินค้ าคงเหลือและพัสดุคงเหลือ,สินค้ าคงเหลือและพัสดุคงเหลือ,,,0.828,-28098155151.0,-12410530327.0,6888287131.0,-4318643968.0
PTT,FINANCIAL_STATEMENTS_PTT.pdf,CF,baht,9,,สินทรัพย์หมุนเวียนอืน่,สินทรัพย์หมุนเวียนอืน่,OTHER_CURRENT_ASSETS,OTHER_CURRENT_ASSETS,1.0,822001339.0,-469757271.0,475160123.0,-245423750.0
PTT,FINANCIAL_STATEMENTS_PTT.pdf,CF,baht,9,,สินทรัพย์ไม่หมุนเวียนอืน่,สินทรัพย์ไม่หมุนเวียนอืน่,OTHER_NONCURRENT_ASSETS,OTHER_NONCURRENT_ASSETS,1.0,-2720732979.0,-537134973.0,-56126879.0,72990526.0
PTT,FINANCIAL_STATEMENTS_PTT.pdf,CF,baht,9,,เจ้ าหนี ้การค้ า,เจ้ าหนี ้การค้ า,TRADE_PAYABLES,TRADE_PAYABLES,1.0,62780069837.0,-612141981.0,43374492126.0,3926715217.0
PTT,FINANCIAL_STATEMENTS_PTT.pdf,CF,baht,9,,เจ้ าหนี ้หมุนเวียนอืน่,เจ้ าหนี ้หมุนเวียนอืน่,OTHER_PAYABLES,OTHER_PAYABLES,1.0,3954845312.0,-23946304382.0,4924807209.0,-911023542.0
PTT,FINANCIAL_STATEMENTS_PTT.pdf,CF,baht,9,,หนี ้สินหมุนเวียนอืน่,หนี ้สินหมุนเวียนอืน่,OTHER_CURRENT_LIAB,OTHER_CURRENT_LIAB,1.0,1247161624.0,5895807790.0,207633774.0,-519454715.0
PTT,FINANCIAL_STATEMENTS_PTT.pdf,CF,baht,9,,หนี ้สินไม่หมุนเวียนอืน่,หนี ้สินไม่หมุนเวียนอืน่,OTHER_NONCURRENT_LIAB,OTHER_NONCURRENT_LIAB,1.0,9758996162.0,-1664326442.0,-1531778888.0,-98944961.0
PTT,FINANCIAL_STATEMENTS_PTT.pdf,CF,baht,9,,เงินสดรับจากการดาเนินงาน,เงินสดรับจากการดาเนินงาน,,,0.812,65905317198.0,77476399527.0,4280929994.0,20473410203.0
PTT,FINANCIAL_STATEMENTS_PTT.pdf,CF,baht,9,,เงินสดจ่ายภาษี เงินได้,เงินสดจ่ายภาษี เงินได้,INCOME_TAX_PAID,INCOME_TAX_PAID,1.0,-7748636549.0,-8814855082.0,-283586412.0,-383299090.0
PTT,FINANCIAL_STATEMENTS_PTT.pdf,CF,baht,9,,เงินสดสุทธิได้ มาจากกิจกรรมดาเนินงาน,เงินสดสุทธิได้ มาจากกิจกรรมดาเนินงาน,CF_OPERATING,CF_OPERATING,1.0,58156680649.0,68661544445.0,3997343582.0,20090111113.0
PTT,FINANCIAL_STATEMENTS_PTT.pdf,CF,baht,10,กระแสเงินสดจากกิจกรรมลงทุน,เงินสดจ่ายสาหรับที่ดนิ อาคารและอุปกรณ์ และอสังหาริ มทรัพย์เพื่อการลงทุน,เงินสดจ่ายสาหรับที่ดนิ อาคารและอุปกรณ์ และอสังหาริ มทรัพย์เพื่อการลงทุน,,,0.581,-50110262044.0,-34265149011.0,-2189679862.0,-3905195551.0
PTT,FINANCIAL_STATEMENTS_PTT.pdf,CF,baht,10,กระแสเงินสดจากกิจกรรมลงทุน,เงินสดจ่ายสาหรับสินทรัพย์ไม่มีตวั ตนอืน่ นอกจากค่าความนิยม,เงินสดจ่ายสาหรับสินทรัพย์ไม่มีตวั ตนอืน่ นอกจากค่าความนิยม,,,0.839,-1430316498.0,-3279452599.0,-371716052.0,-33761258.0
PTT,FINANCIAL_STATEMENTS_PTT.pdf,CF,baht,10,กระแสเงินสดจากกิจกรรมลงทุน,เงินสดจ่ายสาหรับการสารวจและประเมินค่า,เงินสดจ่ายสาหรับการสารวจและประเมินค่า,,,0.73,-669671475.0,-655350303.0,,
PTT,FINANCIAL_STATEMENTS_PTT.pdf,CF,baht,10,กระแสเงินสดจากกิจกรรมลงทุน,เงินสดจ่ายสาหรับสินทรัพย์สทิ ธิการใช้,เงินสดจ่ายสาหรับสินทรัพย์สทิ ธิการใช้,,,0.706,-16724005.0,-35177209.0,,-715419.0
PTT,FINANCIAL_STATEMENTS_PTT.pdf,CF,baht,10,กระแสเงินสดจากกิจกรรมลงทุน,เงินสดจ่ายสาหรับเงินลงทุนในสินทรัพย์ทางการเงินระยะยาวอืน่,เงินสดจ่ายสาหรับเงินลงทุนในสินทรัพย์ทางการเงินระยะยาวอืน่,,,0.833,-732975461.0,-823777366.0,-529948298.0,-686249188.0
PTT,FINANCIAL_STATEMENTS_PTT.pdf,CF,baht,10,กระแสเงินสดจากกิจกรรมลงทุน,เงินสดจ่ายสาหรับเงินลงทุนในการร่ วมค้ าและบริ ษัทร่ วม,เงินสดจ่ายสาหรับเงินลงทุนในการร่ วมค้ าและบริ ษัทร่ วม,,,0.675,-3158363987.0,-295827799.0,-39200000.0,
PTT,FINANCIAL_STATEMENTS_PTT.pdf,CF,baht,10,กระแสเงินสดจากกิจกรรมลงทุน,เงินสดจ่ายสาหรับเงินให้ ก้ ยู ืมระยะยาว,เงินสดจ่ายสาหรับเงินให้ ก้ ยู ืมระยะยาว,,,0.75,-281723390.0,-284794370.0,,
PTT,FINANCIAL_STATEMENTS_PTT.pdf,CF,baht,10,กระแสเงินสดจากกิจกรรมลงทุน,เงินสดจ่ายสาหรับตราสารอนุพนั ธ์,เงินสดจ่ายสาหรับตราสารอนุพนั ธ์,,,0.761,-5455785.0,,,
PTT,FINANCIAL_STATEMENTS_PTT.pdf,CF,baht,10,กระแสเงินสดจากกิจกรรมลงทุน,สินทรัพย์ไม่มีตวั ตนอืน่ นอกจากค่าความนิยม และสินทรัพย์สทิ ธิการใช้,สินทรัพย์ไม่มีตวั ตนอืน่ นอกจากค่าความนิยม และสินทรัพย์สทิ ธิการใช้,,,0.8,226319971.0,646678710.0,1567740.0,589269.0
PTT,FINANCIAL_STATEMENTS_PTT.pdf,CF,baht,10,กระแสเงินสดจากกิจกรรมลงทุน,เงินสดรับจากการบังคับหลักประกันตามสัญญา,เงินสดรับจากการบังคับหลักประกันตามสัญญา,,,0.744,,12240631945.0,,
PTT,FINANCIAL_STATEMENTS_PTT.pdf,CF,baht,10,กระแสเงินสดจากกิจกรรมลงทุน,เงินสดรับจากการขายเงินลงทุนในสินทรัพย์ทางการเงินระยะยาวอืน่,เงินสดรับจากการขายเงินลงทุนในสินทรัพย์ทางการเงินระยะยาวอืน่,,,0.806,62127399.0,2621560563.0,,11691803.0
PTT,FINANCIAL_STATEMENTS_PTT.pdf,CF,baht,10,กระแสเงินสดจากกิจกรรมลงทุน,เงินสดรับจากการลดสัดส่วนเงินลงทุนในการร่ วมค้ า,เงินสดรับจากการลดสัดส่วนเงินลงทุนในการร่ วมค้ า,,,0.732,,4179965292.0,,
PTT,FINANCIAL_STATEMENTS_PTT.pdf,CF,baht,10,กระแสเงินสดจากกิจกรรมลงทุน,เงินสดรับจากการขายเงินลงทุนในการร่ วมค้ าและบริ ษัทร่ วม,เงินสดรับจากการขายเงินลงทุนในการร่ วมค้ าและบริ ษัทร่ วม,,,0.764,1143065617.0,,,
PTT,FINANCIAL_STATEMENTS_PTT.pdf,CF,baht,10,กระแสเงินสดจากกิจกรรมลงทุน,เงินสดรับคืนเงินให้ ก้ ยู ืมระยะยาว,เงินสดรับคืนเงินให้ ก้ ยู ืมระยะยาว,,,0.771,1692487929.0,151183135.0,12186500000.0,
PTT,FINANCIAL_STATEMENTS_PTT.pdf,CF,baht,10,กระแสเงินสดจากกิจกรรมลงทุน,เงินสดรับจากค่างวดตามสัญญาเช่า,เงินสดรับจากค่างวดตามสัญญาเช่า,,,0.8,1755730.0,,21291536.0,19535805.0
PTT,FINANCIAL_STATEMENTS_PTT.pdf,CF,baht,10,กระแสเงินสดจากกิจกรรมลงทุน,เงินสดรับจากตราสารอนุพนั ธ์,เงินสดรับจากตราสารอนุพนั ธ์,,,0.841,168198770.0,21084859.0,168198770.0,18063585.0
PTT,FINANCIAL_STATEMENTS_PTT.pdf,CF,baht,10,กระแสเงินสดจากกิจกรรมลงทุน,้ ่มขึ ้น)ลดลง,้ ่มขึ ้น)ลดลง,,,0.792,-823265007.0,611730765.0,-17271433794.0,-30490951.0
PTT,FINANCIAL_STATEMENTS_PTT.pdf,CF,baht,10,กระแสเงินสดจากกิจกรรมลงทุน,เงินลงทุนในสินทรัพย์ทางการเงินระยะสัน(เพิ้ ่มขึ ้น)ลดลง,เงินลงทุนในสินทรัพย์ทางการเงินระยะสัน(เพิ้ ่มขึ ้น)ลดลง,,,0.852,-1562996175.0,-12105718315.0,-4389359660.0,1596426666.0
PTT,FINANCIAL_STATEMENTS_PTT.pdf,CF,baht,10,กระแสเงินสดจากกิจกรรมลงทุน,เงินสดรับจากดอกเบี ้ย,เงินสดรับจากดอกเบี ้ย,INTEREST_RECEIVED,INTEREST_RECEIVED,1.0,1884978686.0,2601997012.0,551287415.0,840120123.0
PTT,FINANCIAL_STATEMENTS_PTT.pdf,CF,baht,10,กระแสเงินสดจากกิจกรรมลงทุน,เงินสดรับจากเงินปันผล,กระแสเงินสดจากกิจกรรมลงทุน เงินสดรับจากเงินปันผล,DIVIDEND_RECEIVED,DIVIDEND_RECEIVED,1.0,378093700.0,1011391104.0,2175614193.0,1995121745.0
PTT,FINANCIAL_STATEMENTS_PTT.pdf,CF,baht,10,กระแสเงินสดจากกิจกรรมลงทุน,เงินสดสุทธิใช้ ไปในกิจกรรมลงทุน,เงินสดสุทธิใช้ ไปในกิจกรรมลงทุน,CF_INVESTING,CF_INVESTING,1.0,-53234726025.0,-27659023587.0,-9686878012.0,-174863371.0
PTT,FINANCIAL_STATEMENTS_PTT.pdf,CF,baht,11,กระแสเงินสดจากกิจกรรมจัดหาเงิน,เงินสดรับจากการกู้ยืมระยะยาว,เงินสดรับจากการกู้ยืมระยะยาว,,,0.812,19039607797.0,20742575202.0,,
PTT,FINANCIAL_STATEMENTS_PTT.pdf,CF,baht,11,กระแสเงินสดจากกิจกรรมจัดหาเงิน,เงินสดจ่ายคืนเงินกู้ยืมระยะยาว,เงินสดจ่ายคืนเงินกู้ยืมระยะยาว,,,0.692,-24111308998.0,-27901947296.0,,
PTT,FINANCIAL_STATEMENTS_PTT.pdf,CF,baht,11,กระแสเงินสดจากกิจกรรมจัดหาเงิน,เงินสดจ่ายค่างวดตามสัญญาเช่า,เงินสดจ่ายค่างวดตามสัญญาเช่า,,,0.667,-5904356400.0,-5580895684.0,-431706391.0,-600435266.0
PTT,FINANCIAL_STATEMENTS_PTT.pdf,CF,baht,11,กระแสเงินสดจากกิจกรรมจัดหาเงิน,เงินสดรับจากตราสารอนุพนั ธ์,เงินสดรับจากตราสารอนุพนั ธ์,,,0.771,668500000.0,88501103.0,,
PTT,FINANCIAL_STATEMENTS_PTT.pdf,CF,baht,11,กระแสเงินสดจากกิจกรรมจัดหาเงิน,เงินสดจ่ายตราสารอนุพนั ธ์,เงินสดจ่ายตราสารอนุพนั ธ์,,,0.706,-1747967488.0,,,
PTT,FINANCIAL_STATEMENTS_PTT.pdf,CF,baht,11,กระแสเงินสดจากกิจกรรมจัดหาเงิน,เงินกู้ยืมระยะสั ้นเพิ่มขึ ้น(ลดลง),เงินกู้ยืมระยะสั ้นเพิ่มขึ ้น(ลดลง),,,0.692,-5082640.0,-7610481693.0,-1242762533.0,6387653987.0
PTT,FINANCIAL_STATEMENTS_PTT.pdf,CF,baht,11,กระแสเงินสดจากกิจกรรมจัดหาเงิน,เงินเบิกเกินบัญชีและเงินกู้ยืมระยะสั ้นจากสถาบันการเงินเพิ่มขึ ้น(ลดลง),เงินเบิกเกินบัญชีและเงินกู้ยืมระยะสั ้นจากสถาบันการเงินเพิ่มขึ ้น(ลดลง),,,0.679,61943226756.0,-6287715056.0,4000000000.0,
PTT,FINANCIAL_STATEMENTS_PTT.pdf,CF,baht,11,กระแสเงินสดจากกิจกรรมจัดหาเงิน,เงินสดจ่ายต้ นทุนทางการเงิน,เงินสดจ่ายต้ นทุนทางการเงิน,INTEREST_PAID,INTEREST_PAID,1.0,-6303982042.0,-7543541993.0,-1621298794.0,-1679091305.0
PTT,FINANCIAL_STATEMENTS_PTT.pdf,CF,baht,11,กระแสเงินสดจากกิจกรรมจัดหาเงิน,เงินสดรับจากการออกหุ้นสามัญของบริ ษัทย่อย,เงินสดรับจากการออกหุ้นสามัญของบริ ษัทย่อย,,,0.642,6996376.0,24377500.0,,
PTT,FINANCIAL_STATEMENTS_PTT.pdf,CF,baht,11,กระแสเงินสดจากกิจกรรมจัดหาเงิน,เงินสดรับจากการเปลีย่ นสัดส่วนเงินลงทุนในบริ ษัทย่อย,เงินสดรับจากการเปลีย่ นสัดส่วนเงินลงทุนในบริ ษัทย่อย,,,0.776,987699.0,,,
PTT,FINANCIAL_STATEMENTS_PTT.pdf,CF,baht,11,กระแสเงินสดจากกิจกรรมจัดหาเงิน,เงินสดจ่ายซื ้อหุ้นทุนซื ้อคืน,เงินสดจ่ายซื ้อหุ้นทุนซื ้อคืน,,,0.696,,-2555643437.0,,-2555643437.0
PTT,FINANCIAL_STATEMENTS_PTT.pdf,CF,baht,11,กระแสเงินสดจากกิจกรรมจัดหาเงิน,เงินสดรับสุทธิจากการออกหุ้นกู้ด้อยสิทธิที่มีลกั ษณะคล้ ายทุน,เงินสดรับสุทธิจากการออกหุ้นกู้ด้อยสิทธิที่มีลกั ษณะคล้ ายทุน,,,0.607,18899704233.0,,,
PTT,FINANCIAL_STATEMENTS_PTT.pdf,CF,baht,11,กระแสเงินสดจากกิจกรรมจัดหาเงิน,เงินปันผลจ่าย,เงินปันผลจ่าย,SE_DIVIDEND,SE_DIVIDEND,1.0,-20852448.0,-21301744.0,-1648062.0,-270726.0
PTT,FINANCIAL_STATEMENTS_PTT.pdf,CF,baht,11,กระแสเงินสดจากกิจกรรมจัดหาเงิน,เงินสดสุทธิได้ มาจาก(ใช้ ไปใน)กิจกรรมจัดหาเงิน,เงินสดสุทธิได้ มาจาก(ใช้ ไปใน)กิจกรรมจัดหาเงิน,CF_FINANCING,CF_FINANCING,1.0,62465472845.0,-36646073098.0,702584220.0,1552213253.0
PTT,FINANCIAL_STATEMENTS_PTT.pdf,CF,baht,11,กระแสเงินสดจากกิจกรรมจัดหาเงิน,ผลกระทบจากอัตราแลกเปลีย่ นในเงินสดและรายการเทียบเท่าเงินสด,ผลกระทบจากอัตราแลกเปลีย่ นในเงินสดและรายการเทียบเท่าเงินสด,CASH_FX_EFFECT,CASH_FX_EFFECT,1.0,8856395262.0,949874116.0,2524389707.0,795348946.0
PTT,FINANCIAL_STATEMENTS_PTT.pdf,CF,baht,11,กระแสเงินสดจากกิจกรรมจัดหาเงิน,ผลต่างจากการแปลงค่างบการเงิน,ผลต่างจากการแปลงค่างบการเงิน,CF_TRANSLATION,CF_TRANSLATION,1.0,2359307873.0,808467898.0,,
PTT,FINANCIAL_STATEMENTS_PTT.pdf,CF,baht,11,กระแสเงินสดจากกิจกรรมจัดหาเงิน,เงินสดและรายการเทียบเท่าเงินสดที่ถกู จัดประเภทเป็ นสินทรัพย์ที่ถือไว้ เพื่อขาย,เงินสดและรายการเทียบเท่าเงินสดที่ถกู จัดประเภทเป็ นสินทรัพย์ที่ถือไว้ เพื่อขาย,CASH_RECLASS_HELD_FOR_SALE,CASH_RECLASS_HELD_FOR_SALE,1.0,11015810.0,,,
PTT,FINANCIAL_STATEMENTS_PTT.pdf,CF,baht,11,กระแสเงินสดจากกิจกรรมจัดหาเงิน,เงินสดและรายการเทียบเท่าเงินสดเพิ่มขึ ้น(ลดลง)สุทธิ,เงินสดและรายการเทียบเท่าเงินสดเพิ่มขึ ้น(ลดลง)สุทธิ,CASH_NET_CHANGE,CASH_NET_CHANGE,1.0,78614146414.0,6114789774.0,-2462560503.0,22262809941.0
PTT,FINANCIAL_STATEMENTS_PTT.pdf,CF,baht,11,กระแสเงินสดจากกิจกรรมจัดหาเงิน,เงินสดและรายการเทียบเท่าเงินสด ณ วันต้ นงวด,เงินสดและรายการเทียบเท่าเงินสด ณ วันต้ นงวด,CASH_BEGIN,CASH_BEGIN,1.0,346817209753.0,405138726787.0,85515043725.0,78861923355.0
PTT,FINANCIAL_STATEMENTS_PTT.pdf,CF,baht,11,กระแสเงินสดจากกิจกรรมจัดหาเงิน,เงินสดและรายการเทียบเท่ าเงินสด ณ วันปลายงวด,เงินสดและรายการเทียบเท่ าเงินสด ณ วันปลายงวด,CASH_END,CASH_END,1.0,425431356167.0,411253516561.0,83052483222.0,101124733296.0
PTT,FINANCIAL_STATEMENTS_PTT.pdf,CF,baht,11,รายการที่ไม่ใช่เงินสด,เจ้ าหนี ้จากการซื ้อสินทรัพย์ถาวร,เจ้ าหนี ้จากการซื ้อสินทรัพย์ถาวร,,,0.545,33192339154.0,29547605922.0,369315278.0,426490022.0
PTT,FINANCIAL_STATEMENTS_PTT.pdf,CF,baht,11,รายการที่ไม่ใช่เงินสด,เจ้ าหนี ้จากการซื ้อสินทรัพย์ไม่มีตวั ตนอืน่ นอกจากค่าความนิยม,เจ้ าหนี ้จากการซื ้อสินทรัพย์ไม่มีตวั ตนอืน่ นอกจากค่าความนิยม,,,0.852,29988032.0,104622067.0,5304131.0,8231250.0
STANLEY,Thai-Stanley_Q1_June69-T1-1.pdf,CF,unknown,9,กระแสเงินสดจากกิจกรรมดำเนินงาน,กําไรก่อนภาษีเงินได้สาํ หรับรอบระยะเวลา,กําไรก่อนภาษีเงินได้สาํ หรับรอบระยะเวลา,,,0.645,449191452.0,461549204.0,790927741.0,789014998.0
STANLEY,Thai-Stanley_Q1_June69-T1-1.pdf,CF,unknown,9,กระแสเงินสดจากกิจกรรมดำเนินงาน,- ค่าเสื่อมราคา 13,- ค่าเสื่อมราคา 13,,,0.833,235232529.0,264247408.0,235232529.0,264247408.0
STANLEY,Thai-Stanley_Q1_June69-T1-1.pdf,CF,unknown,9,กระแสเงินสดจากกิจกรรมดำเนินงาน,- ค่าตัดจําหน่าย,- ค่าตัดจําหน่าย,,,0.773,49349514.0,51643858.0,49349514.0,51643858.0
STANLEY,Thai-Stanley_Q1_June69-T1-1.pdf,CF,unknown,9,กระแสเงินสดจากกิจกรรมดำเนินงาน,- ดอกเบีย้ รับ,- ดอกเบีย้ รับ,INTEREST_INCOME_CF,INTEREST_INCOME_CF,1.0,-18197352.0,-38362027.0,-18197352.0,-38362027.0
STANLEY,Thai-Stanley_Q1_June69-T1-1.pdf,CF,unknown,9,กระแสเงินสดจากกิจกรรมดำเนินงาน,- ส่วนแบ่งผลกําไรจากเงินลงทุนในบริษทั ร่วมและการร่วมค้า 12,- ส่วนแบ่งผลกําไรจากเงินลงทุนในบริษทั ร่วมและการร่วมค้า 12,,,0.836,-86149974.0,-92468604.0,,
STANLEY,Thai-Stanley_Q1_June69-T1-1.pdf,CF,unknown,9,กระแสเงินสดจากกิจกรรมดำเนินงาน,มูลค่ายุตธิ รรมผ่านกําไรขาดทุนเบ็ดเสร็จอื่น 8,มูลค่ายุตธิ รรมผ่านกําไรขาดทุนเบ็ดเสร็จอื่น 8,,,0.884,,-4480666.0,,-4480666.0
STANLEY,Thai-Stanley_Q1_June69-T1-1.pdf,CF,unknown,9,กระแสเงินสดจากกิจกรรมดำเนินงาน,"- เงินลงทุนในบริษทั ร่วม 8, 12","- เงินลงทุนในบริษทั ร่วม 8, 12",INVEST_ASSOCIATE,INVEST_ASSOCIATE,1.0,,,-427886263.0,-419934398.0
STANLEY,Thai-Stanley_Q1_June69-T1-1.pdf,CF,unknown,9,กระแสเงินสดจากกิจกรรมดำเนินงาน,- (กําไร) ขาดทุนจากการจําหน่ายอุปกรณ์,- (กําไร) ขาดทุนจากการจําหน่ายอุปกรณ์,,,0.737,-35379.0,-997189.0,-35379.0,-997189.0
STANLEY,Thai-Stanley_Q1_June69-T1-1.pdf,CF,unknown,9,กระแสเงินสดจากกิจกรรมดำเนินงาน,- (กําไร) ขาดทุนจากการวัดมูลค่าอนุ พนั ธ์ทางการเงิน,- (กําไร) ขาดทุนจากการวัดมูลค่าอนุ พนั ธ์ทางการเงิน,,,0.733,53744.0,15348.0,53744.0,15348.0
STANLEY,Thai-Stanley_Q1_June69-T1-1.pdf,CF,unknown,9,กระแสเงินสดจากกิจกรรมดำเนินงาน,- ค่าเผื่อสินค้าเสื่อมสภาพและล้าสมัย,- ค่าเผื่อสินค้าเสื่อมสภาพและล้าสมัย,,,0.645,564506.0,1246874.0,564506.0,1246874.0
STANLEY,Thai-Stanley_Q1_June69-T1-1.pdf,CF,unknown,9,กระแสเงินสดจากกิจกรรมดำเนินงาน,- ภาระผูกพันผลประโยชน์พนักงาน,- ภาระผูกพันผลประโยชน์พนักงาน,,,0.682,10935360.0,11072100.0,10935360.0,11072100.0
STANLEY,Thai-Stanley_Q1_June69-T1-1.pdf,CF,unknown,9,กระแสเงินสดจากกิจกรรมดำเนินงาน,- กําไรจากอัตราแลกเปลีย่ นทีย่ งั ไม่เกิดขึน้,- กําไรจากอัตราแลกเปลีย่ นทีย่ งั ไม่เกิดขึน้,,,0.765,-3620666.0,-522760.0,-3620666.0,-522760.0
STANLEY,Thai-Stanley_Q1_June69-T1-1.pdf,CF,unknown,9,กระแสเงินสดจากกิจกรรมดำเนินงาน,และหนีส้ นิ ดําเนินงาน,และหนีส้ นิ ดําเนินงาน,,,0.821,637323734.0,652943546.0,637323734.0,652943546.0
STANLEY,Thai-Stanley_Q1_June69-T1-1.pdf,CF,unknown,9,กระแสเงินสดจากกิจกรรมดำเนินงาน,- ลูกหนีก้ ารค้าและลูกหนีอ้ ่นื,- ลูกหนีก้ ารค้าและลูกหนีอ้ ่นื,TRADE_RECEIVABLES,TRADE_RECEIVABLES,1.0,109814513.0,-29761609.0,109814513.0,-29761609.0
STANLEY,Thai-Stanley_Q1_June69-T1-1.pdf,CF,unknown,9,กระแสเงินสดจากกิจกรรมดำเนินงาน,- สินค้าคงเหลือ,- สินค้าคงเหลือ,INVENTORY,INVENTORY,1.0,-160344447.0,-105832373.0,-160344447.0,-105832373.0
STANLEY,Thai-Stanley_Q1_June69-T1-1.pdf,CF,unknown,9,กระแสเงินสดจากกิจกรรมดำเนินงาน,- สินทรัพย์หมุนเวียนอื่น,- สินทรัพย์หมุนเวียนอื่น,OTHER_CURRENT_ASSETS,OTHER_CURRENT_ASSETS,1.0,7809137.0,3884810.0,7809137.0,3884810.0
STANLEY,Thai-Stanley_Q1_June69-T1-1.pdf,CF,unknown,9,กระแสเงินสดจากกิจกรรมดำเนินงาน,- สินทรัพย์ไม่หมุนเวียนอื่น,- สินทรัพย์ไม่หมุนเวียนอื่น,OTHER_NONCURRENT_ASSETS,OTHER_NONCURRENT_ASSETS,1.0,-1771853.0,-1270636.0,-1771853.0,-1270636.0
STANLEY,Thai-Stanley_Q1_June69-T1-1.pdf,CF,unknown,9,กระแสเงินสดจากกิจกรรมดำเนินงาน,- เจ้าหนีก้ ารค้า - บริษทั อื่น,- เจ้าหนีก้ ารค้า - บริษทั อื่น,,,0.712,-1656489.0,23461670.0,-1656489.0,23461670.0
STANLEY,Thai-Stanley_Q1_June69-T1-1.pdf,CF,unknown,9,กระแสเงินสดจากกิจกรรมดำเนินงาน,- เจ้าหนีก้ ารค้า - กิจการทีเ่ กีย่ วข้องกัน,- เจ้าหนีก้ ารค้า - กิจการทีเ่ กีย่ วข้องกัน,,,0.744,60665648.0,29974338.0,60665648.0,29974338.0
STANLEY,Thai-Stanley_Q1_June69-T1-1.pdf,CF,unknown,9,กระแสเงินสดจากกิจกรรมดำเนินงาน,- เจ้าหนีอ้ ่นื - บริษทั อื่น,- เจ้าหนีอ้ ่นื - บริษทั อื่น,,,0.714,-34850085.0,10704812.0,-34850085.0,10704812.0
STANLEY,Thai-Stanley_Q1_June69-T1-1.pdf,CF,unknown,9,กระแสเงินสดจากกิจกรรมดำเนินงาน,- เจ้าหนีอ้ ่นื - กิจการทีเ่ กีย่ วข้องกัน,- เจ้าหนีอ้ ่นื - กิจการทีเ่ กีย่ วข้องกัน,,,0.714,-36120106.0,-19569290.0,-36120106.0,-19569290.0
STANLEY,Thai-Stanley_Q1_June69-T1-1.pdf,CF,unknown,9,กระแสเงินสดจากกิจกรรมดำเนินงาน,- ค่าใช้จา่ ยค้างจ่าย,- ค่าใช้จา่ ยค้างจ่าย,ACCRUED_EXPENSES,ACCRUED_EXPENSES,1.0,-26170587.0,-31810596.0,-26170587.0,-31810596.0
STANLEY,Thai-Stanley_Q1_June69-T1-1.pdf,CF,unknown,9,กระแสเงินสดจากกิจกรรมดำเนินงาน,- จ่ายค่าตอบแทนพนักงานหลังออกจากงาน,- จ่ายค่าตอบแทนพนักงานหลังออกจากงาน,,,0.605,-3445736.0,-9880177.0,-3445736.0,-9880177.0
STANLEY,Thai-Stanley_Q1_June69-T1-1.pdf,CF,unknown,9,กระแสเงินสดจากกิจกรรมดำเนินงาน,เงินสดได้มาจากการดําเนินงาน,เงินสดได้มาจากการดําเนินงาน,CF_OPERATING_BEFORE_ITEMS,CF_OPERATING_BEFORE_ITEMS,0.909,551253729.0,522844495.0,551253729.0,522844495.0
STANLEY,Thai-Stanley_Q1_June69-T1-1.pdf,CF,unknown,9,กระแสเงินสดจากกิจกรรมดำเนินงาน,- รับดอกเบีย้,- รับดอกเบีย้,,,0.8,3462146.0,4375789.0,3462146.0,4375789.0
STANLEY,Thai-Stanley_Q1_June69-T1-1.pdf,CF,unknown,9,กระแสเงินสดจากกิจกรรมดำเนินงาน,- จ่ายภาษีเงินได้,- จ่ายภาษีเงินได้,,,0.875,-1223448.0,-536946.0,-1223448.0,-536946.0
STANLEY,Thai-Stanley_Q1_June69-T1-1.pdf,CF,unknown,9,กระแสเงินสดจากกิจกรรมดำเนินงาน,เงินสดสุทธิได้มาจากกิจกรรมดําเนินงาน,เงินสดสุทธิได้มาจากกิจกรรมดําเนินงาน,CF_OPERATING,CF_OPERATING,1.0,553492427.0,526683338.0,553492427.0,526683338.0
STANLEY,Thai-Stanley_Q1_June69-T1-1.pdf,CF,unknown,10,กระแสเงินสดจากกิจกรรมลงทุน,เงินสดจ่ายสําหรับเงินให้กยู้ มื แก่พนักงาน 10,เงินสดจ่ายสําหรับเงินให้กยู้ มื แก่พนักงาน 10,,,0.757,-643000.0,-160366475.0,-643000.0,-160366475.0
STANLEY,Thai-Stanley_Q1_June69-T1-1.pdf,CF,unknown,10,กระแสเงินสดจากกิจกรรมลงทุน,เงินสดรับจากการรับชําระหนีเ้ งินให้กยู้ มื แก่พนักงาน 10,เงินสดรับจากการรับชําระหนีเ้ งินให้กยู้ มื แก่พนักงาน 10,,,0.75,17283877.0,65011560.0,17283877.0,65011560.0
STANLEY,Thai-Stanley_Q1_June69-T1-1.pdf,CF,unknown,10,กระแสเงินสดจากกิจกรรมลงทุน,เงินสดจ่ายเพื่อซือ้ ทีด่ นิ อาคาร และอุปกรณ์,เงินสดจ่ายเพื่อซือ้ ทีด่ นิ อาคาร และอุปกรณ์,,,0.706,-179781585.0,-164508515.0,-179781585.0,-164508515.0
STANLEY,Thai-Stanley_Q1_June69-T1-1.pdf,CF,unknown,10,กระแสเงินสดจากกิจกรรมลงทุน,เงินสดรับจากการจําหน่ายอุปกรณ์,เงินสดรับจากการจําหน่ายอุปกรณ์,PROCEEDS_SALE_EQUIPMENT,PROCEEDS_SALE_EQUIPMENT,1.0,35385.0,997243.0,35385.0,997243.0
STANLEY,Thai-Stanley_Q1_June69-T1-1.pdf,CF,unknown,10,กระแสเงินสดจากกิจกรรมลงทุน,ดอกเบีย้ รับจากเงินลงทุนระยะสัน้,ดอกเบีย้ รับจากเงินลงทุนระยะสัน้,,,0.761,12104802.0,17287726.0,12104802.0,17287726.0
STANLEY,Thai-Stanley_Q1_June69-T1-1.pdf,CF,unknown,10,กระแสเงินสดจากกิจกรรมลงทุน,มูลค่ายุตธิ รรมผ่านกําไรขาดทุนเบ็ดเสร็จอื่น,- เงินลงทุนในตราสารทุนทีว่ ดั มูลค่าด้วย มูลค่ายุตธิ รรมผ่านกําไรขาดทุนเบ็ดเสร็จอื่น,OCI_FVOCI_EQUITY,OCI_FVOCI_EQUITY,0.911,,4480666.0,,4480666.0
STANLEY,Thai-Stanley_Q1_June69-T1-1.pdf,CF,unknown,10,กระแสเงินสดจากกิจกรรมลงทุน,"- เงินลงทุนในบริษทั ร่วม 8, 12","- เงินลงทุนในบริษทั ร่วม 8, 12",INVEST_ASSOCIATE,INVEST_ASSOCIATE,1.0,427886263.0,419934398.0,427886263.0,419934398.0
STANLEY,Thai-Stanley_Q1_June69-T1-1.pdf,CF,unknown,10,กระแสเงินสดจากกิจกรรมลงทุน,เงินสดจ่ายเพื่อซือ้ สินทรัพย์ไม่มตี วั ตน,เงินสดจ่ายเพื่อซือ้ สินทรัพย์ไม่มตี วั ตน,,,0.706,-81829885.0,-70438795.0,-81829885.0,-70438795.0
STANLEY,Thai-Stanley_Q1_June69-T1-1.pdf,CF,unknown,10,กระแสเงินสดจากกิจกรรมลงทุน,เงินสดรับจากเงินลงทุนระยะสัน้ 6,เงินสดรับจากเงินลงทุนระยะสัน้ 6,,,0.857,3199661000.0,1913000000.0,3199661000.0,1913000000.0
STANLEY,Thai-Stanley_Q1_June69-T1-1.pdf,CF,unknown,10,กระแสเงินสดจากกิจกรรมลงทุน,เงินสดจ่ายสําหรับเงินลงทุนระยะสัน้ 6,เงินสดจ่ายสําหรับเงินลงทุนระยะสัน้ 6,,,0.778,-4576391000.0,-2660000000.0,-4576391000.0,-2660000000.0
STANLEY,Thai-Stanley_Q1_June69-T1-1.pdf,CF,unknown,10,กระแสเงินสดจากกิจกรรมลงทุน,เงินสดสุทธิใช้ไปในกิจกรรมลงทุน,เงินสดสุทธิใช้ไปในกิจกรรมลงทุน,CF_INVESTING,CF_INVESTING,1.0,-1181674143.0,-634602192.0,-1181674143.0,-634602192.0
STANLEY,Thai-Stanley_Q1_June69-T1-1.pdf,CF,unknown,10,กระแสเงินสดจากกิจกรรมจัดหาเงิน,เงิ นสดและรายการเทียบเท่าเงิ นสดลดลงสุทธิ,เงิ นสดและรายการเทียบเท่าเงิ นสดลดลงสุทธิ,CASH_NET_CHANGE,CASH_NET_CHANGE,1.0,-628181716.0,-107918854.0,-628181716.0,-107918854.0
STANLEY,Thai-Stanley_Q1_June69-T1-1.pdf,CF,unknown,10,กระแสเงินสดจากกิจกรรมจัดหาเงิน,เงินสดและรายการเทียบเท่าเงินสดต้นรอบระยะเวลา,เงินสดและรายการเทียบเท่าเงินสดต้นรอบระยะเวลา,CASH_BEGIN,CASH_BEGIN,1.0,1094380390.0,1356922774.0,1094380390.0,1356922774.0
STANLEY,Thai-Stanley_Q1_June69-T1-1.pdf,CF,unknown,10,กระแสเงินสดจากกิจกรรมจัดหาเงิน,ผลกระทบของการเปลีย่ นแปลงอัตราแลกเปลีย่ น,ผลกระทบของการเปลีย่ นแปลงอัตราแลกเปลีย่ น,CASH_FX_EFFECT,CASH_FX_EFFECT_AFTER,1.0,2339458.0,708589.0,2339458.0,708589.0
STANLEY,Thai-Stanley_Q1_June69-T1-1.pdf,CF,unknown,10,กระแสเงินสดจากกิจกรรมจัดหาเงิน,เงินสดและรายการเทียบเท่าเงินสดปลายรอบระยะเวลา,เงินสดและรายการเทียบเท่าเงินสดปลายรอบระยะเวลา,CASH_END,CASH_END,1.0,468538132.0,1249712509.0,468538132.0,1249712509.0
STANLEY,Thai-Stanley_Q1_June69-T1-1.pdf,CF,unknown,10,กระแสเงินสดจากกิจกรรมจัดหาเงิน,และสินทรัพย์ไม่มตี วั ตน,และสินทรัพย์ไม่มตี วั ตน,INTANGIBLES,INTANGIBLES,0.96,42062821.0,118759316.0,42062821.0,118759316.0
STANLEY,Thai-Stanley_Q1_June69-T1-1.pdf,CF,unknown,10,กระแสเงินสดจากกิจกรรมจัดหาเงิน,และอุปกรณ์ - กิจการทีเ่ กีย่ วข้องกัน,และอุปกรณ์ - กิจการทีเ่ กีย่ วข้องกัน,,,0.698,854309.0,3334586.0,854309.0,3334586.0
STANLEY,Thai-Stanley_Q1_June69-T1-1.pdf,CF,unknown,10,กระแสเงินสดจากกิจกรรมจัดหาเงิน,ยอดคงเหลือหนีส้ นิ ทีเ่ กิดจากการจ่ายเงินปั นผล,ยอดคงเหลือหนีส้ นิ ทีเ่ กิดจากการจ่ายเงินปั นผล,,,0.65,1302625000.0,919500000.0,1302625000.0,919500000.0
CPF,pdf_th_FINANCIAL_STATEMENTS_CPF.pdf,CF,thousand,12,,วันที่,วันที่,,,0.5,31.0,,31.0,
CPF,pdf_th_FINANCIAL_STATEMENTS_CPF.pdf,CF,thousand,12,กระแสเงินสดจากกิจกรรมดำเนินงาน,กาไร (ขาดทุน) สาหรับงวด,กาไร (ขาดทุน) สาหรับงวด,NET_PROFIT,NET_PROFIT,1.0,5335680.0,9630027.0,312814.0,-1637861.0
CPF,pdf_th_FINANCIAL_STATEMENTS_CPF.pdf,CF,thousand,12,กระแสเงินสดจากกิจกรรมดำเนินงาน,ค่าใช้จ่ายภาษีเงินได้,ค่าใช้จ่ายภาษีเงินได้,INCOME_TAX_EXPENSE,INCOME_TAX_EXPENSE,1.0,1437727.0,3255089.0,56593.0,158582.0
CPF,pdf_th_FINANCIAL_STATEMENTS_CPF.pdf,CF,thousand,12,กระแสเงินสดจากกิจกรรมดำเนินงาน,ต้นทุนทางการเงิน,ต้นทุนทางการเงิน,FINANCE_COST,FINANCE_COST,1.0,5497019.0,6091958.0,1666783.0,1527279.0
CPF,pdf_th_FINANCIAL_STATEMENTS_CPF.pdf,CF,thousand,12,กระแสเงินสดจากกิจกรรมดำเนินงาน,ค่าเสื่อมราคา,ค่าเสื่อมราคา,,,0.791,5829917.0,5826683.0,213565.0,239234.0
CPF,pdf_th_FINANCIAL_STATEMENTS_CPF.pdf,CF,thousand,12,กระแสเงินสดจากกิจกรรมดำเนินงาน,ค่าตัดจาหน่าย,ค่าตัดจาหน่าย,,,0.773,373901.0,379316.0,1890.0,2534.0
CPF,pdf_th_FINANCIAL_STATEMENTS_CPF.pdf,CF,thousand,12,กระแสเงินสดจากกิจกรรมดำเนินงาน,ค่าเสื่อมราคาของสิ นทรัพย์ชีวภาพ,ค่าเสื่อมราคาของสิ นทรัพย์ชีวภาพ,,,0.625,1682987.0,1974650.0,20365.0,22906.0
CPF,pdf_th_FINANCIAL_STATEMENTS_CPF.pdf,CF,thousand,12,กระแสเงินสดจากกิจกรรมดำเนินงาน,หนี้สูญของลูกหนี้การค้าและลูกหนี้หมุนเวียนอื่น,หนี้สูญของลูกหนี้การค้าและลูกหนี้หมุนเวียนอื่น,,,0.851,18820.0,68318.0,2500.0,1010.0
CPF,pdf_th_FINANCIAL_STATEMENTS_CPF.pdf,CF,thousand,12,กระแสเงินสดจากกิจกรรมดำเนินงาน,ประมาณการหนี้สินสาหรับผลประโยชน์พนักงาน,ประมาณการหนี้สินสาหรับผลประโยชน์พนักงาน,EMPLOYEE_BENEFIT_PROVISION,EMPLOYEE_BENEFIT_PROVISION,1.0,193011.0,199265.0,37848.0,38172.0
CPF,pdf_th_FINANCIAL_STATEMENTS_CPF.pdf,CF,thousand,12,กระแสเงินสดจากกิจกรรมดำเนินงาน,(กาไร) ขาดทุนจากอัตราแลกเปลี่ยนที่ยงั ไม่เกิดขึ้นจริ ง,(กาไร) ขาดทุนจากอัตราแลกเปลี่ยนที่ยงั ไม่เกิดขึ้นจริ ง,,,0.767,6640.0,43583.0,-1225943.0,34334.0
CPF,pdf_th_FINANCIAL_STATEMENTS_CPF.pdf,CF,thousand,12,กระแสเงินสดจากกิจกรรมดำเนินงาน,ของสิ นทรัพย์ชีวภาพ,ของสิ นทรัพย์ชีวภาพ,,,0.69,-529587.0,-37915.0,,
CPF,pdf_th_FINANCIAL_STATEMENTS_CPF.pdf,CF,thousand,12,กระแสเงินสดจากกิจกรรมดำเนินงาน,สิ นทรัพย์ทางการเงินที่ถือไว้เพือ่ ค้า,สิ นทรัพย์ทางการเงินที่ถือไว้เพือ่ ค้า,,,0.718,,-36558.0,,
CPF,pdf_th_FINANCIAL_STATEMENTS_CPF.pdf,CF,thousand,12,กระแสเงินสดจากกิจกรรมดำเนินงาน,กาไรจากเงินลงทุน,กาไรจากเงินลงทุน,,,0.87,,-1192.0,,
CPF,pdf_th_FINANCIAL_STATEMENTS_CPF.pdf,CF,thousand,12,กระแสเงินสดจากกิจกรรมดำเนินงาน,และการร่ วมค้าที่ใช้วิธีส่วนได้เสี ย 4,และการร่ วมค้าที่ใช้วิธีส่วนได้เสี ย 4,,,0.865,-1366550.0,-3443232.0,,
CPF,pdf_th_FINANCIAL_STATEMENTS_CPF.pdf,CF,thousand,12,กระแสเงินสดจากกิจกรรมดำเนินงาน,กลับรายการขาดทุนจากการปรับลดมูลค่าสิ นค้า,กลับรายการขาดทุนจากการปรับลดมูลค่าสิ นค้า,,,0.585,-95731.0,-63481.0,-24773.0,-3995.0
CPF,pdf_th_FINANCIAL_STATEMENTS_CPF.pdf,CF,thousand,12,กระแสเงินสดจากกิจกรรมดำเนินงาน,และสิ นทรัพย์สิทธิ การใช้,และสิ นทรัพย์สิทธิ การใช้,RIGHT_OF_USE,RIGHT_OF_USE,0.96,-47861.0,201202.0,-31137.0,222834.0
CPF,pdf_th_FINANCIAL_STATEMENTS_CPF.pdf,CF,thousand,12,กระแสเงินสดจากกิจกรรมดำเนินงาน,เงินปั นผลรับ,เงินปั นผลรับ,DIVIDEND_INCOME,DIVIDEND_INCOME,1.0,,,-119625.0,
CPF,pdf_th_FINANCIAL_STATEMENTS_CPF.pdf,CF,thousand,12,กระแสเงินสดจากกิจกรรมดำเนินงาน,รายได้ดอกเบี้ย,รายได้ดอกเบี้ย,FINANCE_INCOME,FINANCE_INCOME,1.0,-325490.0,-339416.0,-479662.0,-375856.0
CPF,pdf_th_FINANCIAL_STATEMENTS_CPF.pdf,CF,thousand,12,กระแสเงินสดจากกิจกรรมดำเนินงาน,,กระแสเงินสดจากกิจกรรมดำเนินงาน,CF_OPERATING_BEFORE_ITEMS,CF_OPERATING_BEFORE_ITEMS,0.919,18010483.0,23748297.0,431218.0,229173.0
CPF,pdf_th_FINANCIAL_STATEMENTS_CPF.pdf,CF,thousand,13,,วันที่,วันที่,,,0.5,31.0,,31.0,
CPF,pdf_th_FINANCIAL_STATEMENTS_CPF.pdf,CF,thousand,13,,ลูกหนี้การค้าและลูกหนี้หมุนเวียนอื่น,ลูกหนี้การค้าและลูกหนี้หมุนเวียนอื่น,TRADE_RECEIVABLES,TRADE_RECEIVABLES,1.0,-944346.0,-478444.0,-48592.0,428199.0
CPF,pdf_th_FINANCIAL_STATEMENTS_CPF.pdf,CF,thousand,13,,สิ นค้าคงเหลือ,สิ นค้าคงเหลือ,INVENTORY,INVENTORY,1.0,166624.0,1112603.0,-39991.0,152982.0
CPF,pdf_th_FINANCIAL_STATEMENTS_CPF.pdf,CF,thousand,13,,สิ นทรัพย์ชีวภาพ,สิ นทรัพย์ชีวภาพ,,,0.667,-2681338.0,513702.0,-73244.0,-46578.0
CPF,pdf_th_FINANCIAL_STATEMENTS_CPF.pdf,CF,thousand,13,,สิ นทรัพย์หมุนเวียนอื่น,สิ นทรัพย์หมุนเวียนอื่น,OTHER_CURRENT_ASSETS,OTHER_CURRENT_ASSETS,1.0,-660562.0,24683.0,-32268.0,-33559.0
CPF,pdf_th_FINANCIAL_STATEMENTS_CPF.pdf,CF,thousand,13,,สิ นทรัพย์ไม่หมุนเวียนอื่น,สิ นทรัพย์ไม่หมุนเวียนอื่น,OTHER_NONCURRENT_ASSETS,OTHER_NONCURRENT_ASSETS,1.0,-150225.0,-325770.0,-521.0,-189.0
CPF,pdf_th_FINANCIAL_STATEMENTS_CPF.pdf,CF,thousand,13,,เจ้าหนี้การค้าและเจ้าหนี้หมุนเวียนอื่น,เจ้าหนี้การค้าและเจ้าหนี้หมุนเวียนอื่น,TRADE_PAYABLES,TRADE_PAYABLES,1.0,409201.0,761099.0,16959.0,-45224.0
CPF,pdf_th_FINANCIAL_STATEMENTS_CPF.pdf,CF,thousand,13,,ค่าใช้จ่ายค้างจ่ายและหนี้สินอื่น,ค่าใช้จ่ายค้างจ่ายและหนี้สินอื่น,,,0.696,541263.0,-953829.0,65943.0,36866.0
CPF,pdf_th_FINANCIAL_STATEMENTS_CPF.pdf,CF,thousand,13,,ประมาณการหนี้สินสาหรับผลประโยชน์พนักงานจ่าย,ประมาณการหนี้สินสาหรับผลประโยชน์พนักงานจ่าย,EMPLOYEE_BENEFIT_PROVISION,EMPLOYEE_BENEFIT_PROVISION,0.963,-57218.0,-13374.0,-50249.0,
CPF,pdf_th_FINANCIAL_STATEMENTS_CPF.pdf,CF,thousand,13,,ภาษีเงินได้ (จ่ายออก) รับคืน,ภาษีเงินได้ (จ่ายออก) รับคืน,,,0.64,-1235919.0,-1516731.0,-559.0,9221.0
CPF,pdf_th_FINANCIAL_STATEMENTS_CPF.pdf,CF,thousand,13,,กระแสเงินสดสุ ทธิได้มาจากกิจกรรมดาเนินงาน,กระแสเงินสดสุ ทธิได้มาจากกิจกรรมดาเนินงาน,CF_OPERATING,CF_OPERATING,1.0,13397963.0,22872236.0,268696.0,730891.0
CPF,pdf_th_FINANCIAL_STATEMENTS_CPF.pdf,CF,thousand,13,กระแสเงินสดจากกิจกรรมลงทุน,เงินสดจ่ายเพือ่ ซื้อบริ ษทั ย่อย,เงินสดจ่ายเพือ่ ซื้อบริ ษทั ย่อย,,,0.698,-71725.0,-71611.0,,
CPF,pdf_th_FINANCIAL_STATEMENTS_CPF.pdf,CF,thousand,13,กระแสเงินสดจากกิจกรรมลงทุน,เงินสดจ่ายเพือ่ ซื้อเงินลงทุนและเพิม่ ทุน,เงินสดจ่ายเพือ่ ซื้อเงินลงทุนและเพิม่ ทุน,,,0.74,-7255380.0,,-7673568.0,-3685126.0
CPF,pdf_th_FINANCIAL_STATEMENTS_CPF.pdf,CF,thousand,13,กระแสเงินสดจากกิจกรรมลงทุน,เงินให้กยู้ มื ระยะสั้นแก่กิจการที่เกี่ยวข้องกัน (เพิม่ ขึ้น) ลดลง,เงินให้กยู้ มื ระยะสั้นแก่กิจการที่เกี่ยวข้องกัน (เพิม่ ขึ้น) ลดลง,,,0.857,15656.0,2777.0,-1787228.0,-115000.0
CPF,pdf_th_FINANCIAL_STATEMENTS_CPF.pdf,CF,thousand,13,กระแสเงินสดจากกิจกรรมลงทุน,เงินสดรับจากการให้กยู้ มื ระยะยาวแก่กิจการที่เกี่ยวข้องกัน,เงินสดรับจากการให้กยู้ มื ระยะยาวแก่กิจการที่เกี่ยวข้องกัน,,,0.857,432877.0,,5000.0,43000.0
CPF,pdf_th_FINANCIAL_STATEMENTS_CPF.pdf,CF,thousand,13,กระแสเงินสดจากกิจกรรมลงทุน,เงินสดจ่ายเพือ่ การให้กยู้ มื ระยะยาวแก่กิจการที่เกี่ยวข้องกัน,เงินสดจ่ายเพือ่ การให้กยู้ มื ระยะยาวแก่กิจการที่เกี่ยวข้องกัน,,,0.857,,,-2025000.0,
CPF,pdf_th_FINANCIAL_STATEMENTS_CPF.pdf,CF,thousand,13,กระแสเงินสดจากกิจกรรมลงทุน,และอสังหาริ มทรัพย์เพือ่ การลงทุน,และอสังหาริ มทรัพย์เพือ่ การลงทุน,,,0.646,163685.0,416944.0,1226.0,2558.0
CPF,pdf_th_FINANCIAL_STATEMENTS_CPF.pdf,CF,thousand,13,กระแสเงินสดจากกิจกรรมลงทุน,เงินสดจ่ายเพือ่ ซื้อที่ดิน อาคารและอุปกรณ์,เงินสดจ่ายเพือ่ ซื้อที่ดิน อาคารและอุปกรณ์,,,0.706,-2987476.0,-3295891.0,-101515.0,-50660.0
CPF,pdf_th_FINANCIAL_STATEMENTS_CPF.pdf,CF,thousand,13,กระแสเงินสดจากกิจกรรมลงทุน,เงินสดจ่ายเพือ่ ซื้อสิ นทรัพย์ไม่มีตวั ตนอื่น,เงินสดจ่ายเพือ่ ซื้อสิ นทรัพย์ไม่มีตวั ตนอื่น,,,0.737,-223155.0,-220586.0,-82.0,-416.0
CPF,pdf_th_FINANCIAL_STATEMENTS_CPF.pdf,CF,thousand,13,กระแสเงินสดจากกิจกรรมลงทุน,สิ นทรัพย์ทางการเงินอื่น (เพิม่ ขึ้น) ลดลง,สิ นทรัพย์ทางการเงินอื่น (เพิม่ ขึ้น) ลดลง,,,0.676,993756.0,-1979408.0,,
CPF,pdf_th_FINANCIAL_STATEMENTS_CPF.pdf,CF,thousand,13,กระแสเงินสดจากกิจกรรมลงทุน,เงินปั นผลรับ,กระแสเงินสดจากกิจกรรมลงทุน เงินปั นผลรับ,DIVIDEND_RECEIVED,DIVIDEND_RECEIVED,1.0,176542.0,7977.0,4705062.0,4425000.0
CPF,pdf_th_FINANCIAL_STATEMENTS_CPF.pdf,CF,thousand,13,กระแสเงินสดจากกิจกรรมลงทุน,ดอกเบี้ยรับ,ดอกเบี้ยรับ,INTEREST_INCOME_CF,INTEREST_INCOME_CF,1.0,330607.0,275763.0,36123.0,45473.0
CPF,pdf_th_FINANCIAL_STATEMENTS_CPF.pdf,CF,thousand,13,กระแสเงินสดจากกิจกรรมลงทุน,กระแสเงินสดสุ ทธิได้มาจาก (ใช้ ไปใน) กิจกรรมลงทุน,กระแสเงินสดสุ ทธิได้มาจาก (ใช้ ไปใน) กิจกรรมลงทุน,CF_INVESTING,CF_INVESTING,1.0,-8424613.0,-4864035.0,-6839982.0,664829.0
CPF,pdf_th_FINANCIAL_STATEMENTS_CPF.pdf,CF,thousand,14,,วันที่,วันที่,,,0.5,31.0,,31.0,
CPF,pdf_th_FINANCIAL_STATEMENTS_CPF.pdf,CF,thousand,14,กระแสเงินสดจากกิจกรรมจัดหาเงิน,เงินสดรับจากการออกหุน้ สามัญเพิม่ ทุนของบริ ษทั ย่อย,เงินสดรับจากการออกหุน้ สามัญเพิม่ ทุนของบริ ษทั ย่อย,,,0.635,740478.0,,,
CPF,pdf_th_FINANCIAL_STATEMENTS_CPF.pdf,CF,thousand,14,กระแสเงินสดจากกิจกรรมจัดหาเงิน,เงินสดจ่ายเพือ่ ซื้อหุน้ ทุนซื้อคืน,เงินสดจ่ายเพือ่ ซื้อหุน้ ทุนซื้อคืน,,,0.676,-785552.0,-47439.0,-461612.0,
CPF,pdf_th_FINANCIAL_STATEMENTS_CPF.pdf,CF,thousand,14,กระแสเงินสดจากกิจกรรมจัดหาเงิน,เงินกูย้ มื ระยะสั้นจากสถาบันการเงินเพิม่ ขึ้น (ลดลง),เงินกูย้ มื ระยะสั้นจากสถาบันการเงินเพิม่ ขึ้น (ลดลง),,,0.826,9329745.0,-9340837.0,2000000.0,
CPF,pdf_th_FINANCIAL_STATEMENTS_CPF.pdf,CF,thousand,14,กระแสเงินสดจากกิจกรรมจัดหาเงิน,ตัว๋ แลกเงินเพิม่ ขึ้น,ตัว๋ แลกเงินเพิม่ ขึ้น,,,0.727,5781503.0,11465080.0,6271289.0,4462029.0
CPF,pdf_th_FINANCIAL_STATEMENTS_CPF.pdf,CF,thousand,14,กระแสเงินสดจากกิจกรรมจัดหาเงิน,เงินกูย้ มื ระยะสั้นจากกิจการที่เกี่ยวข้องกันเพิม่ ขึ้น (ลดลง),เงินกูย้ มื ระยะสั้นจากกิจการที่เกี่ยวข้องกันเพิม่ ขึ้น (ลดลง),,,0.857,397962.0,-762827.0,1180000.0,-13595000.0
CPF,pdf_th_FINANCIAL_STATEMENTS_CPF.pdf,CF,thousand,14,กระแสเงินสดจากกิจกรรมจัดหาเงิน,เงินสดรับจากเงินกูย้ มื ระยะยาวจากสถาบันการเงิน,เงินสดรับจากเงินกูย้ มื ระยะยาวจากสถาบันการเงิน,,,0.826,18734865.0,9650607.0,,
CPF,pdf_th_FINANCIAL_STATEMENTS_CPF.pdf,CF,thousand,14,กระแสเงินสดจากกิจกรรมจัดหาเงิน,เงินสดจ่ายเพือ่ ชาระเงินกูย้ มื ระยะยาวจากสถาบันการเงิน,เงินสดจ่ายเพือ่ ชาระเงินกูย้ มื ระยะยาวจากสถาบันการเงิน,,,0.792,-28965871.0,-21420430.0,,-457770.0
CPF,pdf_th_FINANCIAL_STATEMENTS_CPF.pdf,CF,thousand,14,กระแสเงินสดจากกิจกรรมจัดหาเงิน,เงินสดจ่ายเพือ่ ชาระหนี้สินตามสัญญาเช่า,เงินสดจ่ายเพือ่ ชาระหนี้สินตามสัญญาเช่า,,,0.667,-1664708.0,-1663404.0,-60431.0,-48089.0
CPF,pdf_th_FINANCIAL_STATEMENTS_CPF.pdf,CF,thousand,14,กระแสเงินสดจากกิจกรรมจัดหาเงิน,เงินสดรับจากการออกหุน้ กู้ 6,เงินสดรับจากการออกหุน้ กู้ 6,,,0.842,13070000.0,28000000.0,13070000.0,16500000.0
CPF,pdf_th_FINANCIAL_STATEMENTS_CPF.pdf,CF,thousand,14,กระแสเงินสดจากกิจกรรมจัดหาเงิน,เงินสดจ่ายเพือ่ ชาระคืนหุน้ กู้,เงินสดจ่ายเพือ่ ชาระคืนหุน้ กู้,,,0.706,-16414500.0,-18905000.0,-13064500.0,-5460000.0
CPF,pdf_th_FINANCIAL_STATEMENTS_CPF.pdf,CF,thousand,14,กระแสเงินสดจากกิจกรรมจัดหาเงิน,เงินสดจ่ายชาระต้นทุนธุรกรรมทางการเงิน,เงินสดจ่ายชาระต้นทุนธุรกรรมทางการเงิน,,,0.8,-21860.0,-67592.0,-14027.0,-14582.0
CPF,pdf_th_FINANCIAL_STATEMENTS_CPF.pdf,CF,thousand,14,กระแสเงินสดจากกิจกรรมจัดหาเงิน,และส่วนได้เสี ยที่ไม่มีอานาจควบคุม,และส่วนได้เสี ยที่ไม่มีอานาจควบคุม,NCI,NCI,0.971,-15837.0,-14.0,-1.0,-14.0
CPF,pdf_th_FINANCIAL_STATEMENTS_CPF.pdf,CF,thousand,14,กระแสเงินสดจากกิจกรรมจัดหาเงิน,ดอกเบี้ยจ่าย,ดอกเบี้ยจ่าย,,,0.769,-6062120.0,-6166564.0,-2393500.0,-1963687.0
CPF,pdf_th_FINANCIAL_STATEMENTS_CPF.pdf,CF,thousand,14,กระแสเงินสดจากกิจกรรมจัดหาเงิน,กระแสเงินสดสุ ทธิได้มาจาก (ใช้ ไปใน) กิจกรรมจัดหาเงิน,กระแสเงินสดสุ ทธิได้มาจาก (ใช้ ไปใน) กิจกรรมจัดหาเงิน,CF_FINANCING,CF_FINANCING,1.0,-5875895.0,-9258420.0,6527218.0,-577113.0
CPF,pdf_th_FINANCIAL_STATEMENTS_CPF.pdf,CF,thousand,15,,วันที่,วันที่,,,0.5,31.0,,31.0,
CPF,pdf_th_FINANCIAL_STATEMENTS_CPF.pdf,CF,thousand,15,,ก่อนผลกระทบของอัตราแลกเปลี่ยน,เงินสดและรายการเทียบเท่าเงินสดเพิม่ ขึ้น (ลดลง) สุทธิ ก่อนผลกระทบของอัตราแลกเปลี่ยน,CASH_NET_CHANGE_BEFORE_FX,CASH_NET_CHANGE_BEFORE_FX,1.0,-902545.0,8749781.0,-44068.0,818607.0
CPF,pdf_th_FINANCIAL_STATEMENTS_CPF.pdf,CF,thousand,15,,เทียบเท่าเงินสด,ผลกระทบของอัตราแลกเปลี่ยนที่มีตอ่ เงินสดและรายการ เทียบเท่าเงินสด,CASH_FX_EFFECT,CASH_FX_EFFECT,1.0,458095.0,505188.0,,
CPF,pdf_th_FINANCIAL_STATEMENTS_CPF.pdf,CF,thousand,15,,เงินสดและรายการเทียบเท่าเงินสดเพิม่ ขึน้ (ลดลง) สุ ทธิ,เงินสดและรายการเทียบเท่าเงินสดเพิม่ ขึน้ (ลดลง) สุ ทธิ,CASH_NET_CHANGE,CASH_NET_CHANGE,1.0,-444450.0,9254969.0,-44068.0,818607.0
CPF,pdf_th_FINANCIAL_STATEMENTS_CPF.pdf,CF,thousand,15,,เงินสดและรายการเทียบเท่าเงินสด ณ 1 มกราคม,เงินสดและรายการเทียบเท่าเงินสด ณ 1 มกราคม,CASH_BEGIN,CASH_BEGIN,1.0,22961865.0,24032215.0,933303.0,1226831.0
CPF,pdf_th_FINANCIAL_STATEMENTS_CPF.pdf,CF,thousand,15,,เงินสดและรายการเทียบเท่าเงินสด ณ 31 มีนาคม,เงินสดและรายการเทียบเท่าเงินสด ณ 31 มีนาคม,CASH_END,CASH_END,1.0,22517415.0,33287184.0,889235.0,2045438.0
CPF,pdf_th_FINANCIAL_STATEMENTS_CPF.pdf,CF,thousand,15,ประกอบด้วย,เงินสดและรายการเทียบเท่าเงินสด,เงินสดและรายการเทียบเท่าเงินสด,CASH,CASH,1.0,22933621.0,35276759.0,889235.0,2045438.0
CPF,pdf_th_FINANCIAL_STATEMENTS_CPF.pdf,CF,thousand,15,ประกอบด้วย,เงินเบิกเกินบัญชี,ประกอบด้วย เงินเบิกเกินบัญชี,BANK_OVERDRAFT_IN_CASH,BANK_OVERDRAFT_IN_CASH,1.0,-416206.0,-1989575.0,,
CPF,pdf_th_FINANCIAL_STATEMENTS_CPF.pdf,CF,thousand,15,ประกอบด้วย,สุ ทธิ,สุ ทธิ,,,0.75,22517415.0,33287184.0,889235.0,2045438.0
