company,source,page,unit,side,block,row_index,item,col_index,equity_component,is_total_col,kind,value
SCB,1q26-financial-statement-note-th_SCB.pdf,9,thousand,con,0,14,ยอดคงเหลือ ณ วันที่ 1 มกราคม 2569,0,ทุนที่ออกและชาระแล้ว บุริมสิ ทธิ,False,balance,6412.0
SCB,1q26-financial-statement-note-th_SCB.pdf,9,thousand,con,0,14,ยอดคงเหลือ ณ วันที่ 1 มกราคม 2569,1,หุน้ สามัญ,False,balance,33985510.0
SCB,1q26-financial-statement-note-th_SCB.pdf,9,thousand,con,0,14,ยอดคงเหลือ ณ วันที่ 1 มกราคม 2569,2,ส่ หุน้ บุริมสิ ทธิ,False,balance,2508.0
SCB,1q26-financial-statement-note-th_SCB.pdf,9,thousand,con,0,14,ยอดคงเหลือ ณ วันที่ 1 มกราคม 2569,3,วนเกินมูลค่าหุน้ หุน้ สามัญ,False,balance,11121683.0
SCB,1q26-financial-statement-note-th_SCB.pdf,9,thousand,con,0,14,ยอดคงเหลือ ณ วันที่ 1 มกราคม 2569,4,กาไร (ขาดทุน) จากการวัด มูลค่าเงินลงทุน ในตราสารหนี้ ด้วยมูลค่ายุติธรรม ผ่านกาไรขาดทุน เบ็ดเสร็ จอื่น,False,balance,1334632.0
SCB,1q26-financial-statement-note-th_SCB.pdf,9,thousand,con,0,14,ยอดคงเหลือ ณ วันที่ 1 มกราคม 2569,5,องค์ประกอบอื่นของส่ ขาดทุน จากการแปลงค่า งบการเงิน จากการ ดาเนิ นงาน ในต่างประเทศ,False,balance,-882352.0
SCB,1q26-financial-statement-note-th_SCB.pdf,9,thousand,con,0,14,ยอดคงเหลือ ณ วันที่ 1 มกราคม 2569,6,งบการเงินรวม วนของเจ้าของ กาไร จากเงินลงทุน ในตราสารทุน ที่กาหนดให้วดั มูลค่า ด้วยมูลค่ายุติธรรม ผ่านกาไรขาดทุน เบ็ดเสร็ จอื่น (พันบาท),False,balance,1270973.0
SCB,1q26-financial-statement-note-th_SCB.pdf,9,thousand,con,0,14,ยอดคงเหลือ ณ วันที่ 1 มกราคม 2569,7,การเปลี่ยนแปลง ในส่ วนเกินทุน จากการตีราคา สิ นทรัพย์,False,balance,20748455.0
SCB,1q26-financial-statement-note-th_SCB.pdf,9,thousand,con,0,14,ยอดคงเหลือ ณ วันที่ 1 มกราคม 2569,8,รวม องค์ประกอบ อื่นของส่ วน ของเจ้าของ ตามกฎหมาย,False,balance,22471708.0
SCB,1q26-financial-statement-note-th_SCB.pdf,9,thousand,con,0,14,ยอดคงเหลือ ณ วันที่ 1 มกราคม 2569,9,ทุนสารอง,False,balance,7000000.0
SCB,1q26-financial-statement-note-th_SCB.pdf,9,thousand,con,0,14,ยอดคงเหลือ ณ วันที่ 1 มกราคม 2569,10,กาไรสะสม ยังไม่ได้จดั สรร ของธนาคาร,False,balance,370870744.0
SCB,1q26-financial-statement-note-th_SCB.pdf,9,thousand,con,0,14,ยอดคงเหลือ ณ วันที่ 1 มกราคม 2569,11,รวมส่ วนที่เป็ น,False,balance,445458565.0
SCB,1q26-financial-statement-note-th_SCB.pdf,9,thousand,con,0,14,ยอดคงเหลือ ณ วันที่ 1 มกราคม 2569,12,ส่ วนได้เสี ยที่ ไม่มีอานาจ ควบคุม,False,balance,307647.0
SCB,1q26-financial-statement-note-th_SCB.pdf,9,thousand,con,0,14,ยอดคงเหลือ ณ วันที่ 1 มกราคม 2569,13,รวม,True,balance,445766212.0
SCB,1q26-financial-statement-note-th_SCB.pdf,9,thousand,con,0,17,เงินปันผลจ่าย 12,0,ทุนที่ออกและชาระแล้ว บุริมสิ ทธิ,False,movement,
SCB,1q26-financial-statement-note-th_SCB.pdf,9,thousand,con,0,17,เงินปันผลจ่าย 12,1,หุน้ สามัญ,False,movement,
SCB,1q26-financial-statement-note-th_SCB.pdf,9,thousand,con,0,17,เงินปันผลจ่าย 12,2,ส่ หุน้ บุริมสิ ทธิ,False,movement,
SCB,1q26-financial-statement-note-th_SCB.pdf,9,thousand,con,0,17,เงินปันผลจ่าย 12,3,วนเกินมูลค่าหุน้ หุน้ สามัญ,False,movement,
SCB,1q26-financial-statement-note-th_SCB.pdf,9,thousand,con,0,17,เงินปันผลจ่าย 12,4,กาไร (ขาดทุน) จากการวัด มูลค่าเงินลงทุน ในตราสารหนี้ ด้วยมูลค่ายุติธรรม ผ่านกาไรขาดทุน เบ็ดเสร็ จอื่น,False,movement,
SCB,1q26-financial-statement-note-th_SCB.pdf,9,thousand,con,0,17,เงินปันผลจ่าย 12,5,องค์ประกอบอื่นของส่ ขาดทุน จากการแปลงค่า งบการเงิน จากการ ดาเนิ นงาน ในต่างประเทศ,False,movement,
SCB,1q26-financial-statement-note-th_SCB.pdf,9,thousand,con,0,17,เงินปันผลจ่าย 12,6,งบการเงินรวม วนของเจ้าของ กาไร จากเงินลงทุน ในตราสารทุน ที่กาหนดให้วดั มูลค่า ด้วยมูลค่ายุติธรรม ผ่านกาไรขาดทุน เบ็ดเสร็ จอื่น (พันบาท),False,movement,
SCB,1q26-financial-statement-note-th_SCB.pdf,9,thousand,con,0,17,เงินปันผลจ่าย 12,7,การเปลี่ยนแปลง ในส่ วนเกินทุน จากการตีราคา สิ นทรัพย์,False,movement,
SCB,1q26-financial-statement-note-th_SCB.pdf,9,thousand,con,0,17,เงินปันผลจ่าย 12,8,รวม องค์ประกอบ อื่นของส่ วน ของเจ้าของ ตามกฎหมาย,False,movement,
SCB,1q26-financial-statement-note-th_SCB.pdf,9,thousand,con,0,17,เงินปันผลจ่าย 12,9,ทุนสารอง,False,movement,
SCB,1q26-financial-statement-note-th_SCB.pdf,9,thousand,con,0,17,เงินปันผลจ่าย 12,10,กาไรสะสม ยังไม่ได้จดั สรร ของธนาคาร,False,movement,-30014867.0
SCB,1q26-financial-statement-note-th_SCB.pdf,9,thousand,con,0,17,เงินปันผลจ่าย 12,11,รวมส่ วนที่เป็ น,False,movement,-30014867.0
SCB,1q26-financial-statement-note-th_SCB.pdf,9,thousand,con,0,17,เงินปันผลจ่าย 12,12,ส่ วนได้เสี ยที่ ไม่มีอานาจ ควบคุม,False,movement,
SCB,1q26-financial-statement-note-th_SCB.pdf,9,thousand,con,0,17,เงินปันผลจ่าย 12,13,รวม,True,movement,-30014867.0
SCB,1q26-financial-statement-note-th_SCB.pdf,9,thousand,con,0,18,รวมรายการกับผู้ถือหุ้นที่บันทึกโดยตรงเข้ าส่ วนของเจ้ าของ,0,ทุนที่ออกและชาระแล้ว บุริมสิ ทธิ,False,movement,
SCB,1q26-financial-statement-note-th_SCB.pdf,9,thousand,con,0,18,รวมรายการกับผู้ถือหุ้นที่บันทึกโดยตรงเข้ าส่ วนของเจ้ าของ,1,หุน้ สามัญ,False,movement,
SCB,1q26-financial-statement-note-th_SCB.pdf,9,thousand,con,0,18,รวมรายการกับผู้ถือหุ้นที่บันทึกโดยตรงเข้ าส่ วนของเจ้ าของ,2,ส่ หุน้ บุริมสิ ทธิ,False,movement,
SCB,1q26-financial-statement-note-th_SCB.pdf,9,thousand,con,0,18,รวมรายการกับผู้ถือหุ้นที่บันทึกโดยตรงเข้ าส่ วนของเจ้ าของ,3,วนเกินมูลค่าหุน้ หุน้ สามัญ,False,movement,
SCB,1q26-financial-statement-note-th_SCB.pdf,9,thousand,con,0,18,รวมรายการกับผู้ถือหุ้นที่บันทึกโดยตรงเข้ าส่ วนของเจ้ าของ,4,กาไร (ขาดทุน) จากการวัด มูลค่าเงินลงทุน ในตราสารหนี้ ด้วยมูลค่ายุติธรรม ผ่านกาไรขาดทุน เบ็ดเสร็ จอื่น,False,movement,
SCB,1q26-financial-statement-note-th_SCB.pdf,9,thousand,con,0,18,รวมรายการกับผู้ถือหุ้นที่บันทึกโดยตรงเข้ าส่ วนของเจ้ าของ,5,องค์ประกอบอื่นของส่ ขาดทุน จากการแปลงค่า งบการเงิน จากการ ดาเนิ นงาน ในต่างประเทศ,False,movement,
SCB,1q26-financial-statement-note-th_SCB.pdf,9,thousand,con,0,18,รวมรายการกับผู้ถือหุ้นที่บันทึกโดยตรงเข้ าส่ วนของเจ้ าของ,6,งบการเงินรวม วนของเจ้าของ กาไร จากเงินลงทุน ในตราสารทุน ที่กาหนดให้วดั มูลค่า ด้วยมูลค่ายุติธรรม ผ่านกาไรขาดทุน เบ็ดเสร็ จอื่น (พันบาท),False,movement,
SCB,1q26-financial-statement-note-th_SCB.pdf,9,thousand,con,0,18,รวมรายการกับผู้ถือหุ้นที่บันทึกโดยตรงเข้ าส่ วนของเจ้ าของ,7,การเปลี่ยนแปลง ในส่ วนเกินทุน จากการตีราคา สิ นทรัพย์,False,movement,
SCB,1q26-financial-statement-note-th_SCB.pdf,9,thousand,con,0,18,รวมรายการกับผู้ถือหุ้นที่บันทึกโดยตรงเข้ าส่ วนของเจ้ าของ,8,รวม องค์ประกอบ อื่นของส่ วน ของเจ้าของ ตามกฎหมาย,False,movement,
SCB,1q26-financial-statement-note-th_SCB.pdf,9,thousand,con,0,18,รวมรายการกับผู้ถือหุ้นที่บันทึกโดยตรงเข้ าส่ วนของเจ้ าของ,9,ทุนสารอง,False,movement,
SCB,1q26-financial-statement-note-th_SCB.pdf,9,thousand,con,0,18,รวมรายการกับผู้ถือหุ้นที่บันทึกโดยตรงเข้ าส่ วนของเจ้ าของ,10,กาไรสะสม ยังไม่ได้จดั สรร ของธนาคาร,False,movement,-30014867.0
SCB,1q26-financial-statement-note-th_SCB.pdf,9,thousand,con,0,18,รวมรายการกับผู้ถือหุ้นที่บันทึกโดยตรงเข้ าส่ วนของเจ้ าของ,11,รวมส่ วนที่เป็ น,False,movement,-30014867.0
SCB,1q26-financial-statement-note-th_SCB.pdf,9,thousand,con,0,18,รวมรายการกับผู้ถือหุ้นที่บันทึกโดยตรงเข้ าส่ วนของเจ้ าของ,12,ส่ วนได้เสี ยที่ ไม่มีอานาจ ควบคุม,False,movement,
SCB,1q26-financial-statement-note-th_SCB.pdf,9,thousand,con,0,18,รวมรายการกับผู้ถือหุ้นที่บันทึกโดยตรงเข้ าส่ วนของเจ้ าของ,13,รวม,True,movement,-30014867.0
SCB,1q26-financial-statement-note-th_SCB.pdf,9,thousand,con,0,21,กาไรสุทธิ,0,ทุนที่ออกและชาระแล้ว บุริมสิ ทธิ,False,movement,
SCB,1q26-financial-statement-note-th_SCB.pdf,9,thousand,con,0,21,กาไรสุทธิ,1,หุน้ สามัญ,False,movement,
SCB,1q26-financial-statement-note-th_SCB.pdf,9,thousand,con,0,21,กาไรสุทธิ,2,ส่ หุน้ บุริมสิ ทธิ,False,movement,
SCB,1q26-financial-statement-note-th_SCB.pdf,9,thousand,con,0,21,กาไรสุทธิ,3,วนเกินมูลค่าหุน้ หุน้ สามัญ,False,movement,
SCB,1q26-financial-statement-note-th_SCB.pdf,9,thousand,con,0,21,กาไรสุทธิ,4,กาไร (ขาดทุน) จากการวัด มูลค่าเงินลงทุน ในตราสารหนี้ ด้วยมูลค่ายุติธรรม ผ่านกาไรขาดทุน เบ็ดเสร็ จอื่น,False,movement,
SCB,1q26-financial-statement-note-th_SCB.pdf,9,thousand,con,0,21,กาไรสุทธิ,5,องค์ประกอบอื่นของส่ ขาดทุน จากการแปลงค่า งบการเงิน จากการ ดาเนิ นงาน ในต่างประเทศ,False,movement,
SCB,1q26-financial-statement-note-th_SCB.pdf,9,thousand,con,0,21,กาไรสุทธิ,6,งบการเงินรวม วนของเจ้าของ กาไร จากเงินลงทุน ในตราสารทุน ที่กาหนดให้วดั มูลค่า ด้วยมูลค่ายุติธรรม ผ่านกาไรขาดทุน เบ็ดเสร็ จอื่น (พันบาท),False,movement,
SCB,1q26-financial-statement-note-th_SCB.pdf,9,thousand,con,0,21,กาไรสุทธิ,7,การเปลี่ยนแปลง ในส่ วนเกินทุน จากการตีราคา สิ นทรัพย์,False,movement,
SCB,1q26-financial-statement-note-th_SCB.pdf,9,thousand,con,0,21,กาไรสุทธิ,8,รวม องค์ประกอบ อื่นของส่ วน ของเจ้าของ ตามกฎหมาย,False,movement,
SCB,1q26-financial-statement-note-th_SCB.pdf,9,thousand,con,0,21,กาไรสุทธิ,9,ทุนสารอง,False,movement,
SCB,1q26-financial-statement-note-th_SCB.pdf,9,thousand,con,0,21,กาไรสุทธิ,10,กาไรสะสม ยังไม่ได้จดั สรร ของธนาคาร,False,movement,10850731.0
SCB,1q26-financial-statement-note-th_SCB.pdf,9,thousand,con,0,21,กาไรสุทธิ,11,รวมส่ วนที่เป็ น,False,movement,10850731.0
SCB,1q26-financial-statement-note-th_SCB.pdf,9,thousand,con,0,21,กาไรสุทธิ,12,ส่ วนได้เสี ยที่ ไม่มีอานาจ ควบคุม,False,movement,19972.0
SCB,1q26-financial-statement-note-th_SCB.pdf,9,thousand,con,0,21,กาไรสุทธิ,13,รวม,True,movement,10870703.0
SCB,1q26-financial-statement-note-th_SCB.pdf,9,thousand,con,0,22,กาไรขาดทุนเบ็ดเสร็ จอื่น,0,ทุนที่ออกและชาระแล้ว บุริมสิ ทธิ,False,movement,
SCB,1q26-financial-statement-note-th_SCB.pdf,9,thousand,con,0,22,กาไรขาดทุนเบ็ดเสร็ จอื่น,1,หุน้ สามัญ,False,movement,
SCB,1q26-financial-statement-note-th_SCB.pdf,9,thousand,con,0,22,กาไรขาดทุนเบ็ดเสร็ จอื่น,2,ส่ หุน้ บุริมสิ ทธิ,False,movement,
SCB,1q26-financial-statement-note-th_SCB.pdf,9,thousand,con,0,22,กาไรขาดทุนเบ็ดเสร็ จอื่น,3,วนเกินมูลค่าหุน้ หุน้ สามัญ,False,movement,
SCB,1q26-financial-statement-note-th_SCB.pdf,9,thousand,con,0,22,กาไรขาดทุนเบ็ดเสร็ จอื่น,4,กาไร (ขาดทุน) จากการวัด มูลค่าเงินลงทุน ในตราสารหนี้ ด้วยมูลค่ายุติธรรม ผ่านกาไรขาดทุน เบ็ดเสร็ จอื่น,False,movement,-3760306.0
SCB,1q26-financial-statement-note-th_SCB.pdf,9,thousand,con,0,22,กาไรขาดทุนเบ็ดเสร็ จอื่น,5,องค์ประกอบอื่นของส่ ขาดทุน จากการแปลงค่า งบการเงิน จากการ ดาเนิ นงาน ในต่างประเทศ,False,movement,-71736.0
SCB,1q26-financial-statement-note-th_SCB.pdf,9,thousand,con,0,22,กาไรขาดทุนเบ็ดเสร็ จอื่น,6,งบการเงินรวม วนของเจ้าของ กาไร จากเงินลงทุน ในตราสารทุน ที่กาหนดให้วดั มูลค่า ด้วยมูลค่ายุติธรรม ผ่านกาไรขาดทุน เบ็ดเสร็ จอื่น (พันบาท),False,movement,902.0
SCB,1q26-financial-statement-note-th_SCB.pdf,9,thousand,con,0,22,กาไรขาดทุนเบ็ดเสร็ จอื่น,7,การเปลี่ยนแปลง ในส่ วนเกินทุน จากการตีราคา สิ นทรัพย์,False,movement,
SCB,1q26-financial-statement-note-th_SCB.pdf,9,thousand,con,0,22,กาไรขาดทุนเบ็ดเสร็ จอื่น,8,รวม องค์ประกอบ อื่นของส่ วน ของเจ้าของ ตามกฎหมาย,False,movement,-3831140.0
SCB,1q26-financial-statement-note-th_SCB.pdf,9,thousand,con,0,22,กาไรขาดทุนเบ็ดเสร็ จอื่น,9,ทุนสารอง,False,movement,
SCB,1q26-financial-statement-note-th_SCB.pdf,9,thousand,con,0,22,กาไรขาดทุนเบ็ดเสร็ จอื่น,10,กาไรสะสม ยังไม่ได้จดั สรร ของธนาคาร,False,movement,29229.0
SCB,1q26-financial-statement-note-th_SCB.pdf,9,thousand,con,0,22,กาไรขาดทุนเบ็ดเสร็ จอื่น,11,รวมส่ วนที่เป็ น,False,movement,-3801911.0
SCB,1q26-financial-statement-note-th_SCB.pdf,9,thousand,con,0,22,กาไรขาดทุนเบ็ดเสร็ จอื่น,12,ส่ วนได้เสี ยที่ ไม่มีอานาจ ควบคุม,False,movement,
SCB,1q26-financial-statement-note-th_SCB.pdf,9,thousand,con,0,22,กาไรขาดทุนเบ็ดเสร็ จอื่น,13,รวม,True,movement,-3801911.0
SCB,1q26-financial-statement-note-th_SCB.pdf,9,thousand,con,0,23,รวมกาไรขาดทุนเบ็ดเสร็จสาหรับงวด,0,ทุนที่ออกและชาระแล้ว บุริมสิ ทธิ,False,movement,
SCB,1q26-financial-statement-note-th_SCB.pdf,9,thousand,con,0,23,รวมกาไรขาดทุนเบ็ดเสร็จสาหรับงวด,1,หุน้ สามัญ,False,movement,
SCB,1q26-financial-statement-note-th_SCB.pdf,9,thousand,con,0,23,รวมกาไรขาดทุนเบ็ดเสร็จสาหรับงวด,2,ส่ หุน้ บุริมสิ ทธิ,False,movement,
SCB,1q26-financial-statement-note-th_SCB.pdf,9,thousand,con,0,23,รวมกาไรขาดทุนเบ็ดเสร็จสาหรับงวด,3,วนเกินมูลค่าหุน้ หุน้ สามัญ,False,movement,
SCB,1q26-financial-statement-note-th_SCB.pdf,9,thousand,con,0,23,รวมกาไรขาดทุนเบ็ดเสร็จสาหรับงวด,4,กาไร (ขาดทุน) จากการวัด มูลค่าเงินลงทุน ในตราสารหนี้ ด้วยมูลค่ายุติธรรม ผ่านกาไรขาดทุน เบ็ดเสร็ จอื่น,False,movement,-3760306.0
SCB,1q26-financial-statement-note-th_SCB.pdf,9,thousand,con,0,23,รวมกาไรขาดทุนเบ็ดเสร็จสาหรับงวด,5,องค์ประกอบอื่นของส่ ขาดทุน จากการแปลงค่า งบการเงิน จากการ ดาเนิ นงาน ในต่างประเทศ,False,movement,-71736.0
SCB,1q26-financial-statement-note-th_SCB.pdf,9,thousand,con,0,23,รวมกาไรขาดทุนเบ็ดเสร็จสาหรับงวด,6,งบการเงินรวม วนของเจ้าของ กาไร จากเงินลงทุน ในตราสารทุน ที่กาหนดให้วดั มูลค่า ด้วยมูลค่ายุติธรรม ผ่านกาไรขาดทุน เบ็ดเสร็ จอื่น (พันบาท),False,movement,902.0
SCB,1q26-financial-statement-note-th_SCB.pdf,9,thousand,con,0,23,รวมกาไรขาดทุนเบ็ดเสร็จสาหรับงวด,7,การเปลี่ยนแปลง ในส่ วนเกินทุน จากการตีราคา สิ นทรัพย์,False,movement,
SCB,1q26-financial-statement-note-th_SCB.pdf,9,thousand,con,0,23,รวมกาไรขาดทุนเบ็ดเสร็จสาหรับงวด,8,รวม องค์ประกอบ อื่นของส่ วน ของเจ้าของ ตามกฎหมาย,False,movement,-3831140.0
SCB,1q26-financial-statement-note-th_SCB.pdf,9,thousand,con,0,23,รวมกาไรขาดทุนเบ็ดเสร็จสาหรับงวด,9,ทุนสารอง,False,movement,
SCB,1q26-financial-statement-note-th_SCB.pdf,9,thousand,con,0,23,รวมกาไรขาดทุนเบ็ดเสร็จสาหรับงวด,10,กาไรสะสม ยังไม่ได้จดั สรร ของธนาคาร,False,movement,10879960.0
SCB,1q26-financial-statement-note-th_SCB.pdf,9,thousand,con,0,23,รวมกาไรขาดทุนเบ็ดเสร็จสาหรับงวด,11,รวมส่ วนที่เป็ น,False,movement,7048820.0
SCB,1q26-financial-statement-note-th_SCB.pdf,9,thousand,con,0,23,รวมกาไรขาดทุนเบ็ดเสร็จสาหรับงวด,12,ส่ วนได้เสี ยที่ ไม่มีอานาจ ควบคุม,False,movement,19972.0
SCB,1q26-financial-statement-note-th_SCB.pdf,9,thousand,con,0,23,รวมกาไรขาดทุนเบ็ดเสร็จสาหรับงวด,13,รวม,True,movement,7068792.0
SCB,1q26-financial-statement-note-th_SCB.pdf,9,thousand,con,0,25,โอนไปกาไรสะสม,0,ทุนที่ออกและชาระแล้ว บุริมสิ ทธิ,False,movement,
SCB,1q26-financial-statement-note-th_SCB.pdf,9,thousand,con,0,25,โอนไปกาไรสะสม,1,หุน้ สามัญ,False,movement,
SCB,1q26-financial-statement-note-th_SCB.pdf,9,thousand,con,0,25,โอนไปกาไรสะสม,2,ส่ หุน้ บุริมสิ ทธิ,False,movement,
SCB,1q26-financial-statement-note-th_SCB.pdf,9,thousand,con,0,25,โอนไปกาไรสะสม,3,วนเกินมูลค่าหุน้ หุน้ สามัญ,False,movement,
SCB,1q26-financial-statement-note-th_SCB.pdf,9,thousand,con,0,25,โอนไปกาไรสะสม,4,กาไร (ขาดทุน) จากการวัด มูลค่าเงินลงทุน ในตราสารหนี้ ด้วยมูลค่ายุติธรรม ผ่านกาไรขาดทุน เบ็ดเสร็ จอื่น,False,movement,
SCB,1q26-financial-statement-note-th_SCB.pdf,9,thousand,con,0,25,โอนไปกาไรสะสม,5,องค์ประกอบอื่นของส่ ขาดทุน จากการแปลงค่า งบการเงิน จากการ ดาเนิ นงาน ในต่างประเทศ,False,movement,
SCB,1q26-financial-statement-note-th_SCB.pdf,9,thousand,con,0,25,โอนไปกาไรสะสม,6,งบการเงินรวม วนของเจ้าของ กาไร จากเงินลงทุน ในตราสารทุน ที่กาหนดให้วดั มูลค่า ด้วยมูลค่ายุติธรรม ผ่านกาไรขาดทุน เบ็ดเสร็ จอื่น (พันบาท),False,movement,
SCB,1q26-financial-statement-note-th_SCB.pdf,9,thousand,con,0,25,โอนไปกาไรสะสม,7,การเปลี่ยนแปลง ในส่ วนเกินทุน จากการตีราคา สิ นทรัพย์,False,movement,-74307.0
SCB,1q26-financial-statement-note-th_SCB.pdf,9,thousand,con,0,25,โอนไปกาไรสะสม,8,รวม องค์ประกอบ อื่นของส่ วน ของเจ้าของ ตามกฎหมาย,False,movement,-74307.0
SCB,1q26-financial-statement-note-th_SCB.pdf,9,thousand,con,0,25,โอนไปกาไรสะสม,9,ทุนสารอง,False,movement,
SCB,1q26-financial-statement-note-th_SCB.pdf,9,thousand,con,0,25,โอนไปกาไรสะสม,10,กาไรสะสม ยังไม่ได้จดั สรร ของธนาคาร,False,movement,74307.0
SCB,1q26-financial-statement-note-th_SCB.pdf,9,thousand,con,0,25,โอนไปกาไรสะสม,11,รวมส่ วนที่เป็ น,False,movement,
SCB,1q26-financial-statement-note-th_SCB.pdf,9,thousand,con,0,25,โอนไปกาไรสะสม,12,ส่ วนได้เสี ยที่ ไม่มีอานาจ ควบคุม,False,movement,
SCB,1q26-financial-statement-note-th_SCB.pdf,9,thousand,con,0,25,โอนไปกาไรสะสม,13,รวม,True,movement,
SCB,1q26-financial-statement-note-th_SCB.pdf,9,thousand,con,0,27,ยอดคงเหลือ ณ วันที่ 31 มีนาคม 2569,0,ทุนที่ออกและชาระแล้ว บุริมสิ ทธิ,False,balance,6412.0
SCB,1q26-financial-statement-note-th_SCB.pdf,9,thousand,con,0,27,ยอดคงเหลือ ณ วันที่ 31 มีนาคม 2569,1,หุน้ สามัญ,False,balance,33985510.0
SCB,1q26-financial-statement-note-th_SCB.pdf,9,thousand,con,0,27,ยอดคงเหลือ ณ วันที่ 31 มีนาคม 2569,2,ส่ หุน้ บุริมสิ ทธิ,False,balance,2508.0
SCB,1q26-financial-statement-note-th_SCB.pdf,9,thousand,con,0,27,ยอดคงเหลือ ณ วันที่ 31 มีนาคม 2569,3,วนเกินมูลค่าหุน้ หุน้ สามัญ,False,balance,11121683.0
SCB,1q26-financial-statement-note-th_SCB.pdf,9,thousand,con,0,27,ยอดคงเหลือ ณ วันที่ 31 มีนาคม 2569,4,กาไร (ขาดทุน) จากการวัด มูลค่าเงินลงทุน ในตราสารหนี้ ด้วยมูลค่ายุติธรรม ผ่านกาไรขาดทุน เบ็ดเสร็ จอื่น,False,balance,-2425674.0
SCB,1q26-financial-statement-note-th_SCB.pdf,9,thousand,con,0,27,ยอดคงเหลือ ณ วันที่ 31 มีนาคม 2569,5,องค์ประกอบอื่นของส่ ขาดทุน จากการแปลงค่า งบการเงิน จากการ ดาเนิ นงาน ในต่างประเทศ,False,balance,-954088.0
SCB,1q26-financial-statement-note-th_SCB.pdf,9,thousand,con,0,27,ยอดคงเหลือ ณ วันที่ 31 มีนาคม 2569,6,งบการเงินรวม วนของเจ้าของ กาไร จากเงินลงทุน ในตราสารทุน ที่กาหนดให้วดั มูลค่า ด้วยมูลค่ายุติธรรม ผ่านกาไรขาดทุน เบ็ดเสร็ จอื่น (พันบาท),False,balance,1271875.0
SCB,1q26-financial-statement-note-th_SCB.pdf,9,thousand,con,0,27,ยอดคงเหลือ ณ วันที่ 31 มีนาคม 2569,7,การเปลี่ยนแปลง ในส่ วนเกินทุน จากการตีราคา สิ นทรัพย์,False,balance,20674148.0
SCB,1q26-financial-statement-note-th_SCB.pdf,9,thousand,con,0,27,ยอดคงเหลือ ณ วันที่ 31 มีนาคม 2569,8,รวม องค์ประกอบ อื่นของส่ วน ของเจ้าของ ตามกฎหมาย,False,balance,18566261.0
SCB,1q26-financial-statement-note-th_SCB.pdf,9,thousand,con,0,27,ยอดคงเหลือ ณ วันที่ 31 มีนาคม 2569,9,ทุนสารอง,False,balance,7000000.0
SCB,1q26-financial-statement-note-th_SCB.pdf,9,thousand,con,0,27,ยอดคงเหลือ ณ วันที่ 31 มีนาคม 2569,10,กาไรสะสม ยังไม่ได้จดั สรร ของธนาคาร,False,balance,351810144.0
SCB,1q26-financial-statement-note-th_SCB.pdf,9,thousand,con,0,27,ยอดคงเหลือ ณ วันที่ 31 มีนาคม 2569,11,รวมส่ วนที่เป็ น,False,balance,422492518.0
SCB,1q26-financial-statement-note-th_SCB.pdf,9,thousand,con,0,27,ยอดคงเหลือ ณ วันที่ 31 มีนาคม 2569,12,ส่ วนได้เสี ยที่ ไม่มีอานาจ ควบคุม,False,balance,327619.0
SCB,1q26-financial-statement-note-th_SCB.pdf,9,thousand,con,0,27,ยอดคงเหลือ ณ วันที่ 31 มีนาคม 2569,13,รวม,True,balance,422820137.0
SCB,1q26-financial-statement-note-th_SCB.pdf,10,thousand,con,0,14,ยอดคงเหลือ ณ วันที่ 1 มกราคม 2568,0,ทุนที่ออกและชาระแล้ว บุริมสิ ทธิ,False,balance,6412.0
SCB,1q26-financial-statement-note-th_SCB.pdf,10,thousand,con,0,14,ยอดคงเหลือ ณ วันที่ 1 มกราคม 2568,1,หุน้ สามัญ,False,balance,33985510.0
SCB,1q26-financial-statement-note-th_SCB.pdf,10,thousand,con,0,14,ยอดคงเหลือ ณ วันที่ 1 มกราคม 2568,2,ส่ หุน้ บุริมสิ ทธิ,False,balance,2508.0
SCB,1q26-financial-statement-note-th_SCB.pdf,10,thousand,con,0,14,ยอดคงเหลือ ณ วันที่ 1 มกราคม 2568,3,วนเกินมูลค่าหุน้ หุน้ สามัญ,False,balance,11121683.0
SCB,1q26-financial-statement-note-th_SCB.pdf,10,thousand,con,0,14,ยอดคงเหลือ ณ วันที่ 1 มกราคม 2568,4,กาไร จากการวัด มูลค่าเงินลงทุน ในตราสารหนี้ ด้วยมูลค่ายุติธรรม ผ่านกาไรขาดทุน เบ็ดเสร็ จอื่น,False,balance,372024.0
SCB,1q26-financial-statement-note-th_SCB.pdf,10,thousand,con,0,14,ยอดคงเหลือ ณ วันที่ 1 มกราคม 2568,5,กาไร (ขาดทุน) จากการแปลงค่า งบการเงิน จากการ ดาเนิ นงาน ในต่างประเทศ,False,balance,-887667.0
SCB,1q26-financial-statement-note-th_SCB.pdf,10,thousand,con,0,14,ยอดคงเหลือ ณ วันที่ 1 มกราคม 2568,6,งบการเงินรวม องค์ประกอบอื่นของส่ วนของเจ้าของ กาไร จากเงินลงทุน ในตราสารทุน ที่กาหนดให้วดั มูลค่า ด้วยมูลค่ายุติธรรม ผ่านกาไรขาดทุน เบ็ดเสร็ จอื่น,False,balance,1098376.0
SCB,1q26-financial-statement-note-th_SCB.pdf,10,thousand,con,0,14,ยอดคงเหลือ ณ วันที่ 1 มกราคม 2568,7,การเปลี่ยนแปลง ในส่ วนเกินทุน จากการตีราคา สิ นทรัพย์ (พันบาท),False,balance,21146419.0
SCB,1q26-financial-statement-note-th_SCB.pdf,10,thousand,con,0,14,ยอดคงเหลือ ณ วันที่ 1 มกราคม 2568,8,รวม องค์ประกอบ อื่นของส่ วน ของเจ้าของ,False,balance,21729152.0
SCB,1q26-financial-statement-note-th_SCB.pdf,10,thousand,con,0,14,ยอดคงเหลือ ณ วันที่ 1 มกราคม 2568,9,ทุนสารอง ตามกฎหมาย,False,balance,7000000.0
SCB,1q26-financial-statement-note-th_SCB.pdf,10,thousand,con,0,14,ยอดคงเหลือ ณ วันที่ 1 มกราคม 2568,10,กาไรสะสม ยังไม่ได้จดั สรร,False,balance,364082179.0
SCB,1q26-financial-statement-note-th_SCB.pdf,10,thousand,con,0,14,ยอดคงเหลือ ณ วันที่ 1 มกราคม 2568,11,รวมส่ วนที่เป็ น ของธนาคาร,False,balance,437927444.0
SCB,1q26-financial-statement-note-th_SCB.pdf,10,thousand,con,0,14,ยอดคงเหลือ ณ วันที่ 1 มกราคม 2568,12,ส่ วนได้เสี ยที่ ไม่มีอานาจ ควบคุม,False,balance,280068.0
SCB,1q26-financial-statement-note-th_SCB.pdf,10,thousand,con,0,14,ยอดคงเหลือ ณ วันที่ 1 มกราคม 2568,13,รวม,True,balance,438207512.0
SCB,1q26-financial-statement-note-th_SCB.pdf,10,thousand,con,0,17,เงินปั นผลจ่าย 12,0,ทุนที่ออกและชาระแล้ว บุริมสิ ทธิ,False,movement,
SCB,1q26-financial-statement-note-th_SCB.pdf,10,thousand,con,0,17,เงินปั นผลจ่าย 12,1,หุน้ สามัญ,False,movement,
SCB,1q26-financial-statement-note-th_SCB.pdf,10,thousand,con,0,17,เงินปั นผลจ่าย 12,2,ส่ หุน้ บุริมสิ ทธิ,False,movement,
SCB,1q26-financial-statement-note-th_SCB.pdf,10,thousand,con,0,17,เงินปั นผลจ่าย 12,3,วนเกินมูลค่าหุน้ หุน้ สามัญ,False,movement,
SCB,1q26-financial-statement-note-th_SCB.pdf,10,thousand,con,0,17,เงินปั นผลจ่าย 12,4,กาไร จากการวัด มูลค่าเงินลงทุน ในตราสารหนี้ ด้วยมูลค่ายุติธรรม ผ่านกาไรขาดทุน เบ็ดเสร็ จอื่น,False,movement,
SCB,1q26-financial-statement-note-th_SCB.pdf,10,thousand,con,0,17,เงินปั นผลจ่าย 12,5,กาไร (ขาดทุน) จากการแปลงค่า งบการเงิน จากการ ดาเนิ นงาน ในต่างประเทศ,False,movement,
SCB,1q26-financial-statement-note-th_SCB.pdf,10,thousand,con,0,17,เงินปั นผลจ่าย 12,6,งบการเงินรวม องค์ประกอบอื่นของส่ วนของเจ้าของ กาไร จากเงินลงทุน ในตราสารทุน ที่กาหนดให้วดั มูลค่า ด้วยมูลค่ายุติธรรม ผ่านกาไรขาดทุน เบ็ดเสร็ จอื่น,False,movement,
SCB,1q26-financial-statement-note-th_SCB.pdf,10,thousand,con,0,17,เงินปั นผลจ่าย 12,7,การเปลี่ยนแปลง ในส่ วนเกินทุน จากการตีราคา สิ นทรัพย์ (พันบาท),False,movement,
SCB,1q26-financial-statement-note-th_SCB.pdf,10,thousand,con,0,17,เงินปั นผลจ่าย 12,8,รวม องค์ประกอบ อื่นของส่ วน ของเจ้าของ,False,movement,
SCB,1q26-financial-statement-note-th_SCB.pdf,10,thousand,con,0,17,เงินปั นผลจ่าย 12,9,ทุนสารอง ตามกฎหมาย,False,movement,
SCB,1q26-financial-statement-note-th_SCB.pdf,10,thousand,con,0,17,เงินปั นผลจ่าย 12,10,กาไรสะสม ยังไม่ได้จดั สรร,False,movement,-32190350.0
SCB,1q26-financial-statement-note-th_SCB.pdf,10,thousand,con,0,17,เงินปั นผลจ่าย 12,11,รวมส่ วนที่เป็ น ของธนาคาร,False,movement,-32190350.0
SCB,1q26-financial-statement-note-th_SCB.pdf,10,thousand,con,0,17,เงินปั นผลจ่าย 12,12,ส่ วนได้เสี ยที่ ไม่มีอานาจ ควบคุม,False,movement,
SCB,1q26-financial-statement-note-th_SCB.pdf,10,thousand,con,0,17,เงินปั นผลจ่าย 12,13,รวม,True,movement,-32190350.0
SCB,1q26-financial-statement-note-th_SCB.pdf,10,thousand,con,0,18,รวมรายการกับผู้ถือหุ้นทีบ่ ันทึกโดยตรงเข้าส่ วนของเจ้ าของ,0,ทุนที่ออกและชาระแล้ว บุริมสิ ทธิ,False,movement,
SCB,1q26-financial-statement-note-th_SCB.pdf,10,thousand,con,0,18,รวมรายการกับผู้ถือหุ้นทีบ่ ันทึกโดยตรงเข้าส่ วนของเจ้ าของ,1,หุน้ สามัญ,False,movement,
SCB,1q26-financial-statement-note-th_SCB.pdf,10,thousand,con,0,18,รวมรายการกับผู้ถือหุ้นทีบ่ ันทึกโดยตรงเข้าส่ วนของเจ้ าของ,2,ส่ หุน้ บุริมสิ ทธิ,False,movement,
SCB,1q26-financial-statement-note-th_SCB.pdf,10,thousand,con,0,18,รวมรายการกับผู้ถือหุ้นทีบ่ ันทึกโดยตรงเข้าส่ วนของเจ้ าของ,3,วนเกินมูลค่าหุน้ หุน้ สามัญ,False,movement,
SCB,1q26-financial-statement-note-th_SCB.pdf,10,thousand,con,0,18,รวมรายการกับผู้ถือหุ้นทีบ่ ันทึกโดยตรงเข้าส่ วนของเจ้ าของ,4,กาไร จากการวัด มูลค่าเงินลงทุน ในตราสารหนี้ ด้วยมูลค่ายุติธรรม ผ่านกาไรขาดทุน เบ็ดเสร็ จอื่น,False,movement,
SCB,1q26-financial-statement-note-th_SCB.pdf,10,thousand,con,0,18,รวมรายการกับผู้ถือหุ้นทีบ่ ันทึกโดยตรงเข้าส่ วนของเจ้ าของ,5,กาไร (ขาดทุน) จากการแปลงค่า งบการเงิน จากการ ดาเนิ นงาน ในต่างประเทศ,False,movement,
SCB,1q26-financial-statement-note-th_SCB.pdf,10,thousand,con,0,18,รวมรายการกับผู้ถือหุ้นทีบ่ ันทึกโดยตรงเข้าส่ วนของเจ้ าของ,6,งบการเงินรวม องค์ประกอบอื่นของส่ วนของเจ้าของ กาไร จากเงินลงทุน ในตราสารทุน ที่กาหนดให้วดั มูลค่า ด้วยมูลค่ายุติธรรม ผ่านกาไรขาดทุน เบ็ดเสร็ จอื่น,False,movement,
SCB,1q26-financial-statement-note-th_SCB.pdf,10,thousand,con,0,18,รวมรายการกับผู้ถือหุ้นทีบ่ ันทึกโดยตรงเข้าส่ วนของเจ้ าของ,7,การเปลี่ยนแปลง ในส่ วนเกินทุน จากการตีราคา สิ นทรัพย์ (พันบาท),False,movement,
SCB,1q26-financial-statement-note-th_SCB.pdf,10,thousand,con,0,18,รวมรายการกับผู้ถือหุ้นทีบ่ ันทึกโดยตรงเข้าส่ วนของเจ้ าของ,8,รวม องค์ประกอบ อื่นของส่ วน ของเจ้าของ,False,movement,
SCB,1q26-financial-statement-note-th_SCB.pdf,10,thousand,con,0,18,รวมรายการกับผู้ถือหุ้นทีบ่ ันทึกโดยตรงเข้าส่ วนของเจ้ าของ,9,ทุนสารอง ตามกฎหมาย,False,movement,
SCB,1q26-financial-statement-note-th_SCB.pdf,10,thousand,con,0,18,รวมรายการกับผู้ถือหุ้นทีบ่ ันทึกโดยตรงเข้าส่ วนของเจ้ าของ,10,กาไรสะสม ยังไม่ได้จดั สรร,False,movement,-32190350.0
SCB,1q26-financial-statement-note-th_SCB.pdf,10,thousand,con,0,18,รวมรายการกับผู้ถือหุ้นทีบ่ ันทึกโดยตรงเข้าส่ วนของเจ้ าของ,11,รวมส่ วนที่เป็ น ของธนาคาร,False,movement,-32190350.0
SCB,1q26-financial-statement-note-th_SCB.pdf,10,thousand,con,0,18,รวมรายการกับผู้ถือหุ้นทีบ่ ันทึกโดยตรงเข้าส่ วนของเจ้ าของ,12,ส่ วนได้เสี ยที่ ไม่มีอานาจ ควบคุม,False,movement,
SCB,1q26-financial-statement-note-th_SCB.pdf,10,thousand,con,0,18,รวมรายการกับผู้ถือหุ้นทีบ่ ันทึกโดยตรงเข้าส่ วนของเจ้ าของ,13,รวม,True,movement,-32190350.0
SCB,1q26-financial-statement-note-th_SCB.pdf,10,thousand,con,0,21,กาไรสุ ทธิ,0,ทุนที่ออกและชาระแล้ว บุริมสิ ทธิ,False,movement,
SCB,1q26-financial-statement-note-th_SCB.pdf,10,thousand,con,0,21,กาไรสุ ทธิ,1,หุน้ สามัญ,False,movement,
SCB,1q26-financial-statement-note-th_SCB.pdf,10,thousand,con,0,21,กาไรสุ ทธิ,2,ส่ หุน้ บุริมสิ ทธิ,False,movement,
SCB,1q26-financial-statement-note-th_SCB.pdf,10,thousand,con,0,21,กาไรสุ ทธิ,3,วนเกินมูลค่าหุน้ หุน้ สามัญ,False,movement,
SCB,1q26-financial-statement-note-th_SCB.pdf,10,thousand,con,0,21,กาไรสุ ทธิ,4,กาไร จากการวัด มูลค่าเงินลงทุน ในตราสารหนี้ ด้วยมูลค่ายุติธรรม ผ่านกาไรขาดทุน เบ็ดเสร็ จอื่น,False,movement,
SCB,1q26-financial-statement-note-th_SCB.pdf,10,thousand,con,0,21,กาไรสุ ทธิ,5,กาไร (ขาดทุน) จากการแปลงค่า งบการเงิน จากการ ดาเนิ นงาน ในต่างประเทศ,False,movement,
SCB,1q26-financial-statement-note-th_SCB.pdf,10,thousand,con,0,21,กาไรสุ ทธิ,6,งบการเงินรวม องค์ประกอบอื่นของส่ วนของเจ้าของ กาไร จากเงินลงทุน ในตราสารทุน ที่กาหนดให้วดั มูลค่า ด้วยมูลค่ายุติธรรม ผ่านกาไรขาดทุน เบ็ดเสร็ จอื่น,False,movement,
SCB,1q26-financial-statement-note-th_SCB.pdf,10,thousand,con,0,21,กาไรสุ ทธิ,7,การเปลี่ยนแปลง ในส่ วนเกินทุน จากการตีราคา สิ นทรัพย์ (พันบาท),False,movement,
SCB,1q26-financial-statement-note-th_SCB.pdf,10,thousand,con,0,21,กาไรสุ ทธิ,8,รวม องค์ประกอบ อื่นของส่ วน ของเจ้าของ,False,movement,
SCB,1q26-financial-statement-note-th_SCB.pdf,10,thousand,con,0,21,กาไรสุ ทธิ,9,ทุนสารอง ตามกฎหมาย,False,movement,
SCB,1q26-financial-statement-note-th_SCB.pdf,10,thousand,con,0,21,กาไรสุ ทธิ,10,กาไรสะสม ยังไม่ได้จดั สรร,False,movement,12249150.0
SCB,1q26-financial-statement-note-th_SCB.pdf,10,thousand,con,0,21,กาไรสุ ทธิ,11,รวมส่ วนที่เป็ น ของธนาคาร,False,movement,12249150.0
SCB,1q26-financial-statement-note-th_SCB.pdf,10,thousand,con,0,21,กาไรสุ ทธิ,12,ส่ วนได้เสี ยที่ ไม่มีอานาจ ควบคุม,False,movement,14374.0
SCB,1q26-financial-statement-note-th_SCB.pdf,10,thousand,con,0,21,กาไรสุ ทธิ,13,รวม,True,movement,12263524.0
SCB,1q26-financial-statement-note-th_SCB.pdf,10,thousand,con,0,22,กาไรขาดทุนเบ็ดเสร็ จอื่น,0,ทุนที่ออกและชาระแล้ว บุริมสิ ทธิ,False,movement,
SCB,1q26-financial-statement-note-th_SCB.pdf,10,thousand,con,0,22,กาไรขาดทุนเบ็ดเสร็ จอื่น,1,หุน้ สามัญ,False,movement,
SCB,1q26-financial-statement-note-th_SCB.pdf,10,thousand,con,0,22,กาไรขาดทุนเบ็ดเสร็ จอื่น,2,ส่ หุน้ บุริมสิ ทธิ,False,movement,
SCB,1q26-financial-statement-note-th_SCB.pdf,10,thousand,con,0,22,กาไรขาดทุนเบ็ดเสร็ จอื่น,3,วนเกินมูลค่าหุน้ หุน้ สามัญ,False,movement,
SCB,1q26-financial-statement-note-th_SCB.pdf,10,thousand,con,0,22,กาไรขาดทุนเบ็ดเสร็ จอื่น,4,กาไร จากการวัด มูลค่าเงินลงทุน ในตราสารหนี้ ด้วยมูลค่ายุติธรรม ผ่านกาไรขาดทุน เบ็ดเสร็ จอื่น,False,movement,985106.0
SCB,1q26-financial-statement-note-th_SCB.pdf,10,thousand,con,0,22,กาไรขาดทุนเบ็ดเสร็ จอื่น,5,กาไร (ขาดทุน) จากการแปลงค่า งบการเงิน จากการ ดาเนิ นงาน ในต่างประเทศ,False,movement,7523.0
SCB,1q26-financial-statement-note-th_SCB.pdf,10,thousand,con,0,22,กาไรขาดทุนเบ็ดเสร็ จอื่น,6,งบการเงินรวม องค์ประกอบอื่นของส่ วนของเจ้าของ กาไร จากเงินลงทุน ในตราสารทุน ที่กาหนดให้วดั มูลค่า ด้วยมูลค่ายุติธรรม ผ่านกาไรขาดทุน เบ็ดเสร็ จอื่น,False,movement,19289.0
SCB,1q26-financial-statement-note-th_SCB.pdf,10,thousand,con,0,22,กาไรขาดทุนเบ็ดเสร็ จอื่น,7,การเปลี่ยนแปลง ในส่ วนเกินทุน จากการตีราคา สิ นทรัพย์ (พันบาท),False,movement,
SCB,1q26-financial-statement-note-th_SCB.pdf,10,thousand,con,0,22,กาไรขาดทุนเบ็ดเสร็ จอื่น,8,รวม องค์ประกอบ อื่นของส่ วน ของเจ้าของ,False,movement,1011918.0
SCB,1q26-financial-statement-note-th_SCB.pdf,10,thousand,con,0,22,กาไรขาดทุนเบ็ดเสร็ จอื่น,9,ทุนสารอง ตามกฎหมาย,False,movement,
SCB,1q26-financial-statement-note-th_SCB.pdf,10,thousand,con,0,22,กาไรขาดทุนเบ็ดเสร็ จอื่น,10,กาไรสะสม ยังไม่ได้จดั สรร,False,movement,
SCB,1q26-financial-statement-note-th_SCB.pdf,10,thousand,con,0,22,กาไรขาดทุนเบ็ดเสร็ จอื่น,11,รวมส่ วนที่เป็ น ของธนาคาร,False,movement,1011918.0
SCB,1q26-financial-statement-note-th_SCB.pdf,10,thousand,con,0,22,กาไรขาดทุนเบ็ดเสร็ จอื่น,12,ส่ วนได้เสี ยที่ ไม่มีอานาจ ควบคุม,False,movement,
SCB,1q26-financial-statement-note-th_SCB.pdf,10,thousand,con,0,22,กาไรขาดทุนเบ็ดเสร็ จอื่น,13,รวม,True,movement,1011918.0
SCB,1q26-financial-statement-note-th_SCB.pdf,10,thousand,con,0,23,รวมกาไรขาดทุนเบ็ดเสร็จสาหรับงวด,0,ทุนที่ออกและชาระแล้ว บุริมสิ ทธิ,False,movement,
SCB,1q26-financial-statement-note-th_SCB.pdf,10,thousand,con,0,23,รวมกาไรขาดทุนเบ็ดเสร็จสาหรับงวด,1,หุน้ สามัญ,False,movement,
SCB,1q26-financial-statement-note-th_SCB.pdf,10,thousand,con,0,23,รวมกาไรขาดทุนเบ็ดเสร็จสาหรับงวด,2,ส่ หุน้ บุริมสิ ทธิ,False,movement,
SCB,1q26-financial-statement-note-th_SCB.pdf,10,thousand,con,0,23,รวมกาไรขาดทุนเบ็ดเสร็จสาหรับงวด,3,วนเกินมูลค่าหุน้ หุน้ สามัญ,False,movement,
SCB,1q26-financial-statement-note-th_SCB.pdf,10,thousand,con,0,23,รวมกาไรขาดทุนเบ็ดเสร็จสาหรับงวด,4,กาไร จากการวัด มูลค่าเงินลงทุน ในตราสารหนี้ ด้วยมูลค่ายุติธรรม ผ่านกาไรขาดทุน เบ็ดเสร็ จอื่น,False,movement,985106.0
SCB,1q26-financial-statement-note-th_SCB.pdf,10,thousand,con,0,23,รวมกาไรขาดทุนเบ็ดเสร็จสาหรับงวด,5,กาไร (ขาดทุน) จากการแปลงค่า งบการเงิน จากการ ดาเนิ นงาน ในต่างประเทศ,False,movement,7523.0
SCB,1q26-financial-statement-note-th_SCB.pdf,10,thousand,con,0,23,รวมกาไรขาดทุนเบ็ดเสร็จสาหรับงวด,6,งบการเงินรวม องค์ประกอบอื่นของส่ วนของเจ้าของ กาไร จากเงินลงทุน ในตราสารทุน ที่กาหนดให้วดั มูลค่า ด้วยมูลค่ายุติธรรม ผ่านกาไรขาดทุน เบ็ดเสร็ จอื่น,False,movement,19289.0
SCB,1q26-financial-statement-note-th_SCB.pdf,10,thousand,con,0,23,รวมกาไรขาดทุนเบ็ดเสร็จสาหรับงวด,7,การเปลี่ยนแปลง ในส่ วนเกินทุน จากการตีราคา สิ นทรัพย์ (พันบาท),False,movement,
SCB,1q26-financial-statement-note-th_SCB.pdf,10,thousand,con,0,23,รวมกาไรขาดทุนเบ็ดเสร็จสาหรับงวด,8,รวม องค์ประกอบ อื่นของส่ วน ของเจ้าของ,False,movement,1011918.0
SCB,1q26-financial-statement-note-th_SCB.pdf,10,thousand,con,0,23,รวมกาไรขาดทุนเบ็ดเสร็จสาหรับงวด,9,ทุนสารอง ตามกฎหมาย,False,movement,
SCB,1q26-financial-statement-note-th_SCB.pdf,10,thousand,con,0,23,รวมกาไรขาดทุนเบ็ดเสร็จสาหรับงวด,10,กาไรสะสม ยังไม่ได้จดั สรร,False,movement,12249150.0
SCB,1q26-financial-statement-note-th_SCB.pdf,10,thousand,con,0,23,รวมกาไรขาดทุนเบ็ดเสร็จสาหรับงวด,11,รวมส่ วนที่เป็ น ของธนาคาร,False,movement,13261068.0
SCB,1q26-financial-statement-note-th_SCB.pdf,10,thousand,con,0,23,รวมกาไรขาดทุนเบ็ดเสร็จสาหรับงวด,12,ส่ วนได้เสี ยที่ ไม่มีอานาจ ควบคุม,False,movement,14374.0
SCB,1q26-financial-statement-note-th_SCB.pdf,10,thousand,con,0,23,รวมกาไรขาดทุนเบ็ดเสร็จสาหรับงวด,13,รวม,True,movement,13275442.0
SCB,1q26-financial-statement-note-th_SCB.pdf,10,thousand,con,0,25,โอนไปกาไรสะสม,0,ทุนที่ออกและชาระแล้ว บุริมสิ ทธิ,False,movement,
SCB,1q26-financial-statement-note-th_SCB.pdf,10,thousand,con,0,25,โอนไปกาไรสะสม,1,หุน้ สามัญ,False,movement,
SCB,1q26-financial-statement-note-th_SCB.pdf,10,thousand,con,0,25,โอนไปกาไรสะสม,2,ส่ หุน้ บุริมสิ ทธิ,False,movement,
SCB,1q26-financial-statement-note-th_SCB.pdf,10,thousand,con,0,25,โอนไปกาไรสะสม,3,วนเกินมูลค่าหุน้ หุน้ สามัญ,False,movement,
SCB,1q26-financial-statement-note-th_SCB.pdf,10,thousand,con,0,25,โอนไปกาไรสะสม,4,กาไร จากการวัด มูลค่าเงินลงทุน ในตราสารหนี้ ด้วยมูลค่ายุติธรรม ผ่านกาไรขาดทุน เบ็ดเสร็ จอื่น,False,movement,
SCB,1q26-financial-statement-note-th_SCB.pdf,10,thousand,con,0,25,โอนไปกาไรสะสม,5,กาไร (ขาดทุน) จากการแปลงค่า งบการเงิน จากการ ดาเนิ นงาน ในต่างประเทศ,False,movement,
SCB,1q26-financial-statement-note-th_SCB.pdf,10,thousand,con,0,25,โอนไปกาไรสะสม,6,งบการเงินรวม องค์ประกอบอื่นของส่ วนของเจ้าของ กาไร จากเงินลงทุน ในตราสารทุน ที่กาหนดให้วดั มูลค่า ด้วยมูลค่ายุติธรรม ผ่านกาไรขาดทุน เบ็ดเสร็ จอื่น,False,movement,99427.0
SCB,1q26-financial-statement-note-th_SCB.pdf,10,thousand,con,0,25,โอนไปกาไรสะสม,7,การเปลี่ยนแปลง ในส่ วนเกินทุน จากการตีราคา สิ นทรัพย์ (พันบาท),False,movement,-75645.0
SCB,1q26-financial-statement-note-th_SCB.pdf,10,thousand,con,0,25,โอนไปกาไรสะสม,8,รวม องค์ประกอบ อื่นของส่ วน ของเจ้าของ,False,movement,23782.0
SCB,1q26-financial-statement-note-th_SCB.pdf,10,thousand,con,0,25,โอนไปกาไรสะสม,9,ทุนสารอง ตามกฎหมาย,False,movement,
SCB,1q26-financial-statement-note-th_SCB.pdf,10,thousand,con,0,25,โอนไปกาไรสะสม,10,กาไรสะสม ยังไม่ได้จดั สรร,False,movement,-23782.0
SCB,1q26-financial-statement-note-th_SCB.pdf,10,thousand,con,0,25,โอนไปกาไรสะสม,11,รวมส่ วนที่เป็ น ของธนาคาร,False,movement,
SCB,1q26-financial-statement-note-th_SCB.pdf,10,thousand,con,0,25,โอนไปกาไรสะสม,12,ส่ วนได้เสี ยที่ ไม่มีอานาจ ควบคุม,False,movement,
SCB,1q26-financial-statement-note-th_SCB.pdf,10,thousand,con,0,25,โอนไปกาไรสะสม,13,รวม,True,movement,
SCB,1q26-financial-statement-note-th_SCB.pdf,10,thousand,con,0,27,ยอดคงเหลือ ณ วันที่ 31 มีนาคม 2568,0,ทุนที่ออกและชาระแล้ว บุริมสิ ทธิ,False,balance,6412.0
SCB,1q26-financial-statement-note-th_SCB.pdf,10,thousand,con,0,27,ยอดคงเหลือ ณ วันที่ 31 มีนาคม 2568,1,หุน้ สามัญ,False,balance,33985510.0
SCB,1q26-financial-statement-note-th_SCB.pdf,10,thousand,con,0,27,ยอดคงเหลือ ณ วันที่ 31 มีนาคม 2568,2,ส่ หุน้ บุริมสิ ทธิ,False,balance,2508.0
SCB,1q26-financial-statement-note-th_SCB.pdf,10,thousand,con,0,27,ยอดคงเหลือ ณ วันที่ 31 มีนาคม 2568,3,วนเกินมูลค่าหุน้ หุน้ สามัญ,False,balance,11121683.0
SCB,1q26-financial-statement-note-th_SCB.pdf,10,thousand,con,0,27,ยอดคงเหลือ ณ วันที่ 31 มีนาคม 2568,4,กาไร จากการวัด มูลค่าเงินลงทุน ในตราสารหนี้ ด้วยมูลค่ายุติธรรม ผ่านกาไรขาดทุน เบ็ดเสร็ จอื่น,False,balance,1357130.0
SCB,1q26-financial-statement-note-th_SCB.pdf,10,thousand,con,0,27,ยอดคงเหลือ ณ วันที่ 31 มีนาคม 2568,5,กาไร (ขาดทุน) จากการแปลงค่า งบการเงิน จากการ ดาเนิ นงาน ในต่างประเทศ,False,balance,-880144.0
SCB,1q26-financial-statement-note-th_SCB.pdf,10,thousand,con,0,27,ยอดคงเหลือ ณ วันที่ 31 มีนาคม 2568,6,งบการเงินรวม องค์ประกอบอื่นของส่ วนของเจ้าของ กาไร จากเงินลงทุน ในตราสารทุน ที่กาหนดให้วดั มูลค่า ด้วยมูลค่ายุติธรรม ผ่านกาไรขาดทุน เบ็ดเสร็ จอื่น,False,balance,1217092.0
SCB,1q26-financial-statement-note-th_SCB.pdf,10,thousand,con,0,27,ยอดคงเหลือ ณ วันที่ 31 มีนาคม 2568,7,การเปลี่ยนแปลง ในส่ วนเกินทุน จากการตีราคา สิ นทรัพย์ (พันบาท),False,balance,21070774.0
SCB,1q26-financial-statement-note-th_SCB.pdf,10,thousand,con,0,27,ยอดคงเหลือ ณ วันที่ 31 มีนาคม 2568,8,รวม องค์ประกอบ อื่นของส่ วน ของเจ้าของ,False,balance,22764852.0
SCB,1q26-financial-statement-note-th_SCB.pdf,10,thousand,con,0,27,ยอดคงเหลือ ณ วันที่ 31 มีนาคม 2568,9,ทุนสารอง ตามกฎหมาย,False,balance,7000000.0
SCB,1q26-financial-statement-note-th_SCB.pdf,10,thousand,con,0,27,ยอดคงเหลือ ณ วันที่ 31 มีนาคม 2568,10,กาไรสะสม ยังไม่ได้จดั สรร,False,balance,344117197.0
SCB,1q26-financial-statement-note-th_SCB.pdf,10,thousand,con,0,27,ยอดคงเหลือ ณ วันที่ 31 มีนาคม 2568,11,รวมส่ วนที่เป็ น ของธนาคาร,False,balance,418998162.0
SCB,1q26-financial-statement-note-th_SCB.pdf,10,thousand,con,0,27,ยอดคงเหลือ ณ วันที่ 31 มีนาคม 2568,12,ส่ วนได้เสี ยที่ ไม่มีอานาจ ควบคุม,False,balance,294442.0
SCB,1q26-financial-statement-note-th_SCB.pdf,10,thousand,con,0,27,ยอดคงเหลือ ณ วันที่ 31 มีนาคม 2568,13,รวม,True,balance,419292604.0
SCB,1q26-financial-statement-note-th_SCB.pdf,11,thousand,sep,0,14,ยอดคงเหลือ ณ วันที่ 1 มกราคม 2569,0,ทุนที่ออกและชาระแล้ว ทธิ,False,balance,6412.0
SCB,1q26-financial-statement-note-th_SCB.pdf,11,thousand,sep,0,14,ยอดคงเหลือ ณ วันที่ 1 มกราคม 2569,1,หุ้นสามัญ,False,balance,33985510.0
SCB,1q26-financial-statement-note-th_SCB.pdf,11,thousand,sep,0,14,ยอดคงเหลือ ณ วันที่ 1 มกราคม 2569,2,ส่ หุ้นบุริมสิ ทธิ,False,balance,2508.0
SCB,1q26-financial-statement-note-th_SCB.pdf,11,thousand,sep,0,14,ยอดคงเหลือ ณ วันที่ 1 มกราคม 2569,3,วนเกินมูลค่าหุ้น หุ้นสามัญ,False,balance,11121683.0
SCB,1q26-financial-statement-note-th_SCB.pdf,11,thousand,sep,0,14,ยอดคงเหลือ ณ วันที่ 1 มกราคม 2569,4,กาไร (ขาดทุน) จากการวัด มูลค่าเงินลงทุน ในตราสารหนี้ ด้วยมูลค่ายุติธรรม ผ่านกาไรขาดทุน เบ็ดเสร็ จอื่น,False,balance,1334631.0
SCB,1q26-financial-statement-note-th_SCB.pdf,11,thousand,sep,0,14,ยอดคงเหลือ ณ วันที่ 1 มกราคม 2569,5,องค์ประกอบอื่นของส่ ขาดทุน จากการแปลงค่า งบการเงิน จากการ ดาเนินงาน ในต่างประเทศ,False,balance,-680116.0
SCB,1q26-financial-statement-note-th_SCB.pdf,11,thousand,sep,0,14,ยอดคงเหลือ ณ วันที่ 1 มกราคม 2569,6,งบการเงินเฉพาะธนาคาร วนของเจ้าของ กาไร จากเงินลงทุน ในตราสารทุน ที่กาหนดให้วดั มูลค่า ด้วยมูลค่ายุติธรรม ในส่ ผ่านกาไรขาดทุน เบ็ดเสร็ จอื่น (พันบาท),False,balance,1264856.0
SCB,1q26-financial-statement-note-th_SCB.pdf,11,thousand,sep,0,14,ยอดคงเหลือ ณ วันที่ 1 มกราคม 2569,7,การเปลี่ยนแปลง วนเกินทุน จากการตีราคา สิ นทรัพย์,False,balance,19798554.0
SCB,1q26-financial-statement-note-th_SCB.pdf,11,thousand,sep,0,14,ยอดคงเหลือ ณ วันที่ 1 มกราคม 2569,8,รวม องค์ประกอบ อื่นของส่ วน ของเจ้าของ,False,balance,21717925.0
SCB,1q26-financial-statement-note-th_SCB.pdf,11,thousand,sep,0,14,ยอดคงเหลือ ณ วันที่ 1 มกราคม 2569,9,กาไรสะสม ทุนสารอง ตามกฎหมาย,False,balance,7000000.0
SCB,1q26-financial-statement-note-th_SCB.pdf,11,thousand,sep,0,14,ยอดคงเหลือ ณ วันที่ 1 มกราคม 2569,10,ยังไม่ได้จดั สรร,False,balance,370166676.0
SCB,1q26-financial-statement-note-th_SCB.pdf,11,thousand,sep,0,14,ยอดคงเหลือ ณ วันที่ 1 มกราคม 2569,11,รวม,True,balance,444000714.0
SCB,1q26-financial-statement-note-th_SCB.pdf,11,thousand,sep,0,17,เงินปั นผลจ่าย 12,0,ทุนที่ออกและชาระแล้ว ทธิ,False,movement,
SCB,1q26-financial-statement-note-th_SCB.pdf,11,thousand,sep,0,17,เงินปั นผลจ่าย 12,1,หุ้นสามัญ,False,movement,
SCB,1q26-financial-statement-note-th_SCB.pdf,11,thousand,sep,0,17,เงินปั นผลจ่าย 12,2,ส่ หุ้นบุริมสิ ทธิ,False,movement,
SCB,1q26-financial-statement-note-th_SCB.pdf,11,thousand,sep,0,17,เงินปั นผลจ่าย 12,3,วนเกินมูลค่าหุ้น หุ้นสามัญ,False,movement,
SCB,1q26-financial-statement-note-th_SCB.pdf,11,thousand,sep,0,17,เงินปั นผลจ่าย 12,4,กาไร (ขาดทุน) จากการวัด มูลค่าเงินลงทุน ในตราสารหนี้ ด้วยมูลค่ายุติธรรม ผ่านกาไรขาดทุน เบ็ดเสร็ จอื่น,False,movement,
SCB,1q26-financial-statement-note-th_SCB.pdf,11,thousand,sep,0,17,เงินปั นผลจ่าย 12,5,องค์ประกอบอื่นของส่ ขาดทุน จากการแปลงค่า งบการเงิน จากการ ดาเนินงาน ในต่างประเทศ,False,movement,
SCB,1q26-financial-statement-note-th_SCB.pdf,11,thousand,sep,0,17,เงินปั นผลจ่าย 12,6,งบการเงินเฉพาะธนาคาร วนของเจ้าของ กาไร จากเงินลงทุน ในตราสารทุน ที่กาหนดให้วดั มูลค่า ด้วยมูลค่ายุติธรรม ในส่ ผ่านกาไรขาดทุน เบ็ดเสร็ จอื่น (พันบาท),False,movement,
SCB,1q26-financial-statement-note-th_SCB.pdf,11,thousand,sep,0,17,เงินปั นผลจ่าย 12,7,การเปลี่ยนแปลง วนเกินทุน จากการตีราคา สิ นทรัพย์,False,movement,
SCB,1q26-financial-statement-note-th_SCB.pdf,11,thousand,sep,0,17,เงินปั นผลจ่าย 12,8,รวม องค์ประกอบ อื่นของส่ วน ของเจ้าของ,False,movement,
SCB,1q26-financial-statement-note-th_SCB.pdf,11,thousand,sep,0,17,เงินปั นผลจ่าย 12,9,กาไรสะสม ทุนสารอง ตามกฎหมาย,False,movement,
SCB,1q26-financial-statement-note-th_SCB.pdf,11,thousand,sep,0,17,เงินปั นผลจ่าย 12,10,ยังไม่ได้จดั สรร,False,movement,-30014867.0
SCB,1q26-financial-statement-note-th_SCB.pdf,11,thousand,sep,0,17,เงินปั นผลจ่าย 12,11,รวม,True,movement,-30014867.0
SCB,1q26-financial-statement-note-th_SCB.pdf,11,thousand,sep,0,18,รวมรายการกับผู้ถือหุ้นที่บันทึกโดยตรงเข้ าส่ วนของเจ้ าของ,0,ทุนที่ออกและชาระแล้ว ทธิ,False,movement,
SCB,1q26-financial-statement-note-th_SCB.pdf,11,thousand,sep,0,18,รวมรายการกับผู้ถือหุ้นที่บันทึกโดยตรงเข้ าส่ วนของเจ้ าของ,1,หุ้นสามัญ,False,movement,
SCB,1q26-financial-statement-note-th_SCB.pdf,11,thousand,sep,0,18,รวมรายการกับผู้ถือหุ้นที่บันทึกโดยตรงเข้ าส่ วนของเจ้ าของ,2,ส่ หุ้นบุริมสิ ทธิ,False,movement,
SCB,1q26-financial-statement-note-th_SCB.pdf,11,thousand,sep,0,18,รวมรายการกับผู้ถือหุ้นที่บันทึกโดยตรงเข้ าส่ วนของเจ้ าของ,3,วนเกินมูลค่าหุ้น หุ้นสามัญ,False,movement,
SCB,1q26-financial-statement-note-th_SCB.pdf,11,thousand,sep,0,18,รวมรายการกับผู้ถือหุ้นที่บันทึกโดยตรงเข้ าส่ วนของเจ้ าของ,4,กาไร (ขาดทุน) จากการวัด มูลค่าเงินลงทุน ในตราสารหนี้ ด้วยมูลค่ายุติธรรม ผ่านกาไรขาดทุน เบ็ดเสร็ จอื่น,False,movement,
SCB,1q26-financial-statement-note-th_SCB.pdf,11,thousand,sep,0,18,รวมรายการกับผู้ถือหุ้นที่บันทึกโดยตรงเข้ าส่ วนของเจ้ าของ,5,องค์ประกอบอื่นของส่ ขาดทุน จากการแปลงค่า งบการเงิน จากการ ดาเนินงาน ในต่างประเทศ,False,movement,
SCB,1q26-financial-statement-note-th_SCB.pdf,11,thousand,sep,0,18,รวมรายการกับผู้ถือหุ้นที่บันทึกโดยตรงเข้ าส่ วนของเจ้ าของ,6,งบการเงินเฉพาะธนาคาร วนของเจ้าของ กาไร จากเงินลงทุน ในตราสารทุน ที่กาหนดให้วดั มูลค่า ด้วยมูลค่ายุติธรรม ในส่ ผ่านกาไรขาดทุน เบ็ดเสร็ จอื่น (พันบาท),False,movement,
SCB,1q26-financial-statement-note-th_SCB.pdf,11,thousand,sep,0,18,รวมรายการกับผู้ถือหุ้นที่บันทึกโดยตรงเข้ าส่ วนของเจ้ าของ,7,การเปลี่ยนแปลง วนเกินทุน จากการตีราคา สิ นทรัพย์,False,movement,
SCB,1q26-financial-statement-note-th_SCB.pdf,11,thousand,sep,0,18,รวมรายการกับผู้ถือหุ้นที่บันทึกโดยตรงเข้ าส่ วนของเจ้ าของ,8,รวม องค์ประกอบ อื่นของส่ วน ของเจ้าของ,False,movement,
SCB,1q26-financial-statement-note-th_SCB.pdf,11,thousand,sep,0,18,รวมรายการกับผู้ถือหุ้นที่บันทึกโดยตรงเข้ าส่ วนของเจ้ าของ,9,กาไรสะสม ทุนสารอง ตามกฎหมาย,False,movement,
SCB,1q26-financial-statement-note-th_SCB.pdf,11,thousand,sep,0,18,รวมรายการกับผู้ถือหุ้นที่บันทึกโดยตรงเข้ าส่ วนของเจ้ าของ,10,ยังไม่ได้จดั สรร,False,movement,-30014867.0
SCB,1q26-financial-statement-note-th_SCB.pdf,11,thousand,sep,0,18,รวมรายการกับผู้ถือหุ้นที่บันทึกโดยตรงเข้ าส่ วนของเจ้ าของ,11,รวม,True,movement,-30014867.0
SCB,1q26-financial-statement-note-th_SCB.pdf,11,thousand,sep,0,21,กาไรสุ ทธิ,0,ทุนที่ออกและชาระแล้ว ทธิ,False,movement,
SCB,1q26-financial-statement-note-th_SCB.pdf,11,thousand,sep,0,21,กาไรสุ ทธิ,1,หุ้นสามัญ,False,movement,
SCB,1q26-financial-statement-note-th_SCB.pdf,11,thousand,sep,0,21,กาไรสุ ทธิ,2,ส่ หุ้นบุริมสิ ทธิ,False,movement,
SCB,1q26-financial-statement-note-th_SCB.pdf,11,thousand,sep,0,21,กาไรสุ ทธิ,3,วนเกินมูลค่าหุ้น หุ้นสามัญ,False,movement,
SCB,1q26-financial-statement-note-th_SCB.pdf,11,thousand,sep,0,21,กาไรสุ ทธิ,4,กาไร (ขาดทุน) จากการวัด มูลค่าเงินลงทุน ในตราสารหนี้ ด้วยมูลค่ายุติธรรม ผ่านกาไรขาดทุน เบ็ดเสร็ จอื่น,False,movement,
SCB,1q26-financial-statement-note-th_SCB.pdf,11,thousand,sep,0,21,กาไรสุ ทธิ,5,องค์ประกอบอื่นของส่ ขาดทุน จากการแปลงค่า งบการเงิน จากการ ดาเนินงาน ในต่างประเทศ,False,movement,
SCB,1q26-financial-statement-note-th_SCB.pdf,11,thousand,sep,0,21,กาไรสุ ทธิ,6,งบการเงินเฉพาะธนาคาร วนของเจ้าของ กาไร จากเงินลงทุน ในตราสารทุน ที่กาหนดให้วดั มูลค่า ด้วยมูลค่ายุติธรรม ในส่ ผ่านกาไรขาดทุน เบ็ดเสร็ จอื่น (พันบาท),False,movement,
SCB,1q26-financial-statement-note-th_SCB.pdf,11,thousand,sep,0,21,กาไรสุ ทธิ,7,การเปลี่ยนแปลง วนเกินทุน จากการตีราคา สิ นทรัพย์,False,movement,
SCB,1q26-financial-statement-note-th_SCB.pdf,11,thousand,sep,0,21,กาไรสุ ทธิ,8,รวม องค์ประกอบ อื่นของส่ วน ของเจ้าของ,False,movement,
SCB,1q26-financial-statement-note-th_SCB.pdf,11,thousand,sep,0,21,กาไรสุ ทธิ,9,กาไรสะสม ทุนสารอง ตามกฎหมาย,False,movement,
SCB,1q26-financial-statement-note-th_SCB.pdf,11,thousand,sep,0,21,กาไรสุ ทธิ,10,ยังไม่ได้จดั สรร,False,movement,10125326.0
SCB,1q26-financial-statement-note-th_SCB.pdf,11,thousand,sep,0,21,กาไรสุ ทธิ,11,รวม,True,movement,10125326.0
SCB,1q26-financial-statement-note-th_SCB.pdf,11,thousand,sep,0,22,กาไรขาดทุนเบ็ดเสร็ จอื่น,0,ทุนที่ออกและชาระแล้ว ทธิ,False,movement,
SCB,1q26-financial-statement-note-th_SCB.pdf,11,thousand,sep,0,22,กาไรขาดทุนเบ็ดเสร็ จอื่น,1,หุ้นสามัญ,False,movement,
SCB,1q26-financial-statement-note-th_SCB.pdf,11,thousand,sep,0,22,กาไรขาดทุนเบ็ดเสร็ จอื่น,2,ส่ หุ้นบุริมสิ ทธิ,False,movement,
SCB,1q26-financial-statement-note-th_SCB.pdf,11,thousand,sep,0,22,กาไรขาดทุนเบ็ดเสร็ จอื่น,3,วนเกินมูลค่าหุ้น หุ้นสามัญ,False,movement,
SCB,1q26-financial-statement-note-th_SCB.pdf,11,thousand,sep,0,22,กาไรขาดทุนเบ็ดเสร็ จอื่น,4,กาไร (ขาดทุน) จากการวัด มูลค่าเงินลงทุน ในตราสารหนี้ ด้วยมูลค่ายุติธรรม ผ่านกาไรขาดทุน เบ็ดเสร็ จอื่น,False,movement,-3760306.0
SCB,1q26-financial-statement-note-th_SCB.pdf,11,thousand,sep,0,22,กาไรขาดทุนเบ็ดเสร็ จอื่น,5,องค์ประกอบอื่นของส่ ขาดทุน จากการแปลงค่า งบการเงิน จากการ ดาเนินงาน ในต่างประเทศ,False,movement,-357860.0
SCB,1q26-financial-statement-note-th_SCB.pdf,11,thousand,sep,0,22,กาไรขาดทุนเบ็ดเสร็ จอื่น,6,งบการเงินเฉพาะธนาคาร วนของเจ้าของ กาไร จากเงินลงทุน ในตราสารทุน ที่กาหนดให้วดั มูลค่า ด้วยมูลค่ายุติธรรม ในส่ ผ่านกาไรขาดทุน เบ็ดเสร็ จอื่น (พันบาท),False,movement,902.0
SCB,1q26-financial-statement-note-th_SCB.pdf,11,thousand,sep,0,22,กาไรขาดทุนเบ็ดเสร็ จอื่น,7,การเปลี่ยนแปลง วนเกินทุน จากการตีราคา สิ นทรัพย์,False,movement,
SCB,1q26-financial-statement-note-th_SCB.pdf,11,thousand,sep,0,22,กาไรขาดทุนเบ็ดเสร็ จอื่น,8,รวม องค์ประกอบ อื่นของส่ วน ของเจ้าของ,False,movement,-4117264.0
SCB,1q26-financial-statement-note-th_SCB.pdf,11,thousand,sep,0,22,กาไรขาดทุนเบ็ดเสร็ จอื่น,9,กาไรสะสม ทุนสารอง ตามกฎหมาย,False,movement,
SCB,1q26-financial-statement-note-th_SCB.pdf,11,thousand,sep,0,22,กาไรขาดทุนเบ็ดเสร็ จอื่น,10,ยังไม่ได้จดั สรร,False,movement,-120372.0
SCB,1q26-financial-statement-note-th_SCB.pdf,11,thousand,sep,0,22,กาไรขาดทุนเบ็ดเสร็ จอื่น,11,รวม,True,movement,-4237636.0
SCB,1q26-financial-statement-note-th_SCB.pdf,11,thousand,sep,0,23,รวมกาไรขาดทุนเบ็ดเสร็ จสาหรั บงวด,0,ทุนที่ออกและชาระแล้ว ทธิ,False,movement,
SCB,1q26-financial-statement-note-th_SCB.pdf,11,thousand,sep,0,23,รวมกาไรขาดทุนเบ็ดเสร็ จสาหรั บงวด,1,หุ้นสามัญ,False,movement,
SCB,1q26-financial-statement-note-th_SCB.pdf,11,thousand,sep,0,23,รวมกาไรขาดทุนเบ็ดเสร็ จสาหรั บงวด,2,ส่ หุ้นบุริมสิ ทธิ,False,movement,
SCB,1q26-financial-statement-note-th_SCB.pdf,11,thousand,sep,0,23,รวมกาไรขาดทุนเบ็ดเสร็ จสาหรั บงวด,3,วนเกินมูลค่าหุ้น หุ้นสามัญ,False,movement,
SCB,1q26-financial-statement-note-th_SCB.pdf,11,thousand,sep,0,23,รวมกาไรขาดทุนเบ็ดเสร็ จสาหรั บงวด,4,กาไร (ขาดทุน) จากการวัด มูลค่าเงินลงทุน ในตราสารหนี้ ด้วยมูลค่ายุติธรรม ผ่านกาไรขาดทุน เบ็ดเสร็ จอื่น,False,movement,-3760306.0
SCB,1q26-financial-statement-note-th_SCB.pdf,11,thousand,sep,0,23,รวมกาไรขาดทุนเบ็ดเสร็ จสาหรั บงวด,5,องค์ประกอบอื่นของส่ ขาดทุน จากการแปลงค่า งบการเงิน จากการ ดาเนินงาน ในต่างประเทศ,False,movement,-357860.0
SCB,1q26-financial-statement-note-th_SCB.pdf,11,thousand,sep,0,23,รวมกาไรขาดทุนเบ็ดเสร็ จสาหรั บงวด,6,งบการเงินเฉพาะธนาคาร วนของเจ้าของ กาไร จากเงินลงทุน ในตราสารทุน ที่กาหนดให้วดั มูลค่า ด้วยมูลค่ายุติธรรม ในส่ ผ่านกาไรขาดทุน เบ็ดเสร็ จอื่น (พันบาท),False,movement,902.0
SCB,1q26-financial-statement-note-th_SCB.pdf,11,thousand,sep,0,23,รวมกาไรขาดทุนเบ็ดเสร็ จสาหรั บงวด,7,การเปลี่ยนแปลง วนเกินทุน จากการตีราคา สิ นทรัพย์,False,movement,
SCB,1q26-financial-statement-note-th_SCB.pdf,11,thousand,sep,0,23,รวมกาไรขาดทุนเบ็ดเสร็ จสาหรั บงวด,8,รวม องค์ประกอบ อื่นของส่ วน ของเจ้าของ,False,movement,-4117264.0
SCB,1q26-financial-statement-note-th_SCB.pdf,11,thousand,sep,0,23,รวมกาไรขาดทุนเบ็ดเสร็ จสาหรั บงวด,9,กาไรสะสม ทุนสารอง ตามกฎหมาย,False,movement,
SCB,1q26-financial-statement-note-th_SCB.pdf,11,thousand,sep,0,23,รวมกาไรขาดทุนเบ็ดเสร็ จสาหรั บงวด,10,ยังไม่ได้จดั สรร,False,movement,10004954.0
SCB,1q26-financial-statement-note-th_SCB.pdf,11,thousand,sep,0,23,รวมกาไรขาดทุนเบ็ดเสร็ จสาหรั บงวด,11,รวม,True,movement,5887690.0
SCB,1q26-financial-statement-note-th_SCB.pdf,11,thousand,sep,0,25,โอนไปกาไรสะสม,0,ทุนที่ออกและชาระแล้ว ทธิ,False,movement,
SCB,1q26-financial-statement-note-th_SCB.pdf,11,thousand,sep,0,25,โอนไปกาไรสะสม,1,หุ้นสามัญ,False,movement,
SCB,1q26-financial-statement-note-th_SCB.pdf,11,thousand,sep,0,25,โอนไปกาไรสะสม,2,ส่ หุ้นบุริมสิ ทธิ,False,movement,
SCB,1q26-financial-statement-note-th_SCB.pdf,11,thousand,sep,0,25,โอนไปกาไรสะสม,3,วนเกินมูลค่าหุ้น หุ้นสามัญ,False,movement,
SCB,1q26-financial-statement-note-th_SCB.pdf,11,thousand,sep,0,25,โอนไปกาไรสะสม,4,กาไร (ขาดทุน) จากการวัด มูลค่าเงินลงทุน ในตราสารหนี้ ด้วยมูลค่ายุติธรรม ผ่านกาไรขาดทุน เบ็ดเสร็ จอื่น,False,movement,
SCB,1q26-financial-statement-note-th_SCB.pdf,11,thousand,sep,0,25,โอนไปกาไรสะสม,5,องค์ประกอบอื่นของส่ ขาดทุน จากการแปลงค่า งบการเงิน จากการ ดาเนินงาน ในต่างประเทศ,False,movement,
SCB,1q26-financial-statement-note-th_SCB.pdf,11,thousand,sep,0,25,โอนไปกาไรสะสม,6,งบการเงินเฉพาะธนาคาร วนของเจ้าของ กาไร จากเงินลงทุน ในตราสารทุน ที่กาหนดให้วดั มูลค่า ด้วยมูลค่ายุติธรรม ในส่ ผ่านกาไรขาดทุน เบ็ดเสร็ จอื่น (พันบาท),False,movement,
SCB,1q26-financial-statement-note-th_SCB.pdf,11,thousand,sep,0,25,โอนไปกาไรสะสม,7,การเปลี่ยนแปลง วนเกินทุน จากการตีราคา สิ นทรัพย์,False,movement,-73124.0
SCB,1q26-financial-statement-note-th_SCB.pdf,11,thousand,sep,0,25,โอนไปกาไรสะสม,8,รวม องค์ประกอบ อื่นของส่ วน ของเจ้าของ,False,movement,-73124.0
SCB,1q26-financial-statement-note-th_SCB.pdf,11,thousand,sep,0,25,โอนไปกาไรสะสม,9,กาไรสะสม ทุนสารอง ตามกฎหมาย,False,movement,
SCB,1q26-financial-statement-note-th_SCB.pdf,11,thousand,sep,0,25,โอนไปกาไรสะสม,10,ยังไม่ได้จดั สรร,False,movement,73124.0
SCB,1q26-financial-statement-note-th_SCB.pdf,11,thousand,sep,0,25,โอนไปกาไรสะสม,11,รวม,True,movement,
SCB,1q26-financial-statement-note-th_SCB.pdf,11,thousand,sep,0,27,ยอดคงเหลือ ณ วันที่ 31 มีนาคม 2569,0,ทุนที่ออกและชาระแล้ว ทธิ,False,balance,6412.0
SCB,1q26-financial-statement-note-th_SCB.pdf,11,thousand,sep,0,27,ยอดคงเหลือ ณ วันที่ 31 มีนาคม 2569,1,หุ้นสามัญ,False,balance,33985510.0
SCB,1q26-financial-statement-note-th_SCB.pdf,11,thousand,sep,0,27,ยอดคงเหลือ ณ วันที่ 31 มีนาคม 2569,2,ส่ หุ้นบุริมสิ ทธิ,False,balance,2508.0
SCB,1q26-financial-statement-note-th_SCB.pdf,11,thousand,sep,0,27,ยอดคงเหลือ ณ วันที่ 31 มีนาคม 2569,3,วนเกินมูลค่าหุ้น หุ้นสามัญ,False,balance,11121683.0
SCB,1q26-financial-statement-note-th_SCB.pdf,11,thousand,sep,0,27,ยอดคงเหลือ ณ วันที่ 31 มีนาคม 2569,4,กาไร (ขาดทุน) จากการวัด มูลค่าเงินลงทุน ในตราสารหนี้ ด้วยมูลค่ายุติธรรม ผ่านกาไรขาดทุน เบ็ดเสร็ จอื่น,False,balance,-2425675.0
SCB,1q26-financial-statement-note-th_SCB.pdf,11,thousand,sep,0,27,ยอดคงเหลือ ณ วันที่ 31 มีนาคม 2569,5,องค์ประกอบอื่นของส่ ขาดทุน จากการแปลงค่า งบการเงิน จากการ ดาเนินงาน ในต่างประเทศ,False,balance,-1037976.0
SCB,1q26-financial-statement-note-th_SCB.pdf,11,thousand,sep,0,27,ยอดคงเหลือ ณ วันที่ 31 มีนาคม 2569,6,งบการเงินเฉพาะธนาคาร วนของเจ้าของ กาไร จากเงินลงทุน ในตราสารทุน ที่กาหนดให้วดั มูลค่า ด้วยมูลค่ายุติธรรม ในส่ ผ่านกาไรขาดทุน เบ็ดเสร็ จอื่น (พันบาท),False,balance,1265758.0
SCB,1q26-financial-statement-note-th_SCB.pdf,11,thousand,sep,0,27,ยอดคงเหลือ ณ วันที่ 31 มีนาคม 2569,7,การเปลี่ยนแปลง วนเกินทุน จากการตีราคา สิ นทรัพย์,False,balance,19725430.0
SCB,1q26-financial-statement-note-th_SCB.pdf,11,thousand,sep,0,27,ยอดคงเหลือ ณ วันที่ 31 มีนาคม 2569,8,รวม องค์ประกอบ อื่นของส่ วน ของเจ้าของ,False,balance,17527537.0
SCB,1q26-financial-statement-note-th_SCB.pdf,11,thousand,sep,0,27,ยอดคงเหลือ ณ วันที่ 31 มีนาคม 2569,9,กาไรสะสม ทุนสารอง ตามกฎหมาย,False,balance,7000000.0
SCB,1q26-financial-statement-note-th_SCB.pdf,11,thousand,sep,0,27,ยอดคงเหลือ ณ วันที่ 31 มีนาคม 2569,10,ยังไม่ได้จดั สรร,False,balance,350229887.0
SCB,1q26-financial-statement-note-th_SCB.pdf,11,thousand,sep,0,27,ยอดคงเหลือ ณ วันที่ 31 มีนาคม 2569,11,รวม,True,balance,419873537.0
SCB,1q26-financial-statement-note-th_SCB.pdf,12,thousand,sep,0,14,ยอดคงเหลือ ณ วันที่ 1 มกราคม 2568,0,ทุนที่ออกและชาระแล้ว ทธิ,False,balance,6412.0
SCB,1q26-financial-statement-note-th_SCB.pdf,12,thousand,sep,0,14,ยอดคงเหลือ ณ วันที่ 1 มกราคม 2568,1,หุน้ สามัญ,False,balance,33985510.0
SCB,1q26-financial-statement-note-th_SCB.pdf,12,thousand,sep,0,14,ยอดคงเหลือ ณ วันที่ 1 มกราคม 2568,2,หุน้ บุริมสิ ทธิ,False,balance,2508.0
SCB,1q26-financial-statement-note-th_SCB.pdf,12,thousand,sep,0,14,ยอดคงเหลือ ณ วันที่ 1 มกราคม 2568,3,ส่วนเกินมูลค่าหุน้ หุน้ สามัญ,False,balance,11121683.0
SCB,1q26-financial-statement-note-th_SCB.pdf,12,thousand,sep,0,14,ยอดคงเหลือ ณ วันที่ 1 มกราคม 2568,4,กาไร จากการวัด มูลค่าเงินลงทุน ในตราสารหนี้ ด้วยมูลค่ายุติธรรม ผ่านกาไรขาดทุน เบ็ดเสร็ จอื่น,False,balance,372023.0
SCB,1q26-financial-statement-note-th_SCB.pdf,12,thousand,sep,0,14,ยอดคงเหลือ ณ วันที่ 1 มกราคม 2568,5,กาไร (ขาดทุน) จากการแปลงค่า งบการเงิน จากการ ดาเนิ นงาน ในต่างประเทศ,False,balance,-1243598.0
SCB,1q26-financial-statement-note-th_SCB.pdf,12,thousand,sep,0,14,ยอดคงเหลือ ณ วันที่ 1 มกราคม 2568,6,งบการเงินเฉพาะธนาคาร องค์ประกอบอื่นของส่วนของเจ้าของ กาไร จากเงินลงทุน ในตราสารทุน ที่กาหนดให้วดั มูลค่า ด้วยมูลค่ายุติธรรม ผ่านกาไรขาดทุน เบ็ดเสร็ จอื่น (พันบาท),False,balance,1093155.0
SCB,1q26-financial-statement-note-th_SCB.pdf,12,thousand,sep,0,14,ยอดคงเหลือ ณ วันที่ 1 มกราคม 2568,7,การเปลี่ยนแปลง ในส่วนเกินทุน จากการตีราคา สิ นทรัพย์,False,balance,20191723.0
SCB,1q26-financial-statement-note-th_SCB.pdf,12,thousand,sep,0,14,ยอดคงเหลือ ณ วันที่ 1 มกราคม 2568,8,รวม องค์ประกอบ อื่นของส่วน ของเจ้าของ,False,balance,20413303.0
SCB,1q26-financial-statement-note-th_SCB.pdf,12,thousand,sep,0,14,ยอดคงเหลือ ณ วันที่ 1 มกราคม 2568,9,กาไรสะสม ทุนสารอง ตามกฎหมาย,False,balance,7000000.0
SCB,1q26-financial-statement-note-th_SCB.pdf,12,thousand,sep,0,14,ยอดคงเหลือ ณ วันที่ 1 มกราคม 2568,10,ยังไม่ได้จดั สรร,False,balance,363188948.0
SCB,1q26-financial-statement-note-th_SCB.pdf,12,thousand,sep,0,14,ยอดคงเหลือ ณ วันที่ 1 มกราคม 2568,11,รวม,True,balance,435718364.0
SCB,1q26-financial-statement-note-th_SCB.pdf,12,thousand,sep,0,17,เงินปั นผลจ่าย 12,0,ทุนที่ออกและชาระแล้ว ทธิ,False,movement,
SCB,1q26-financial-statement-note-th_SCB.pdf,12,thousand,sep,0,17,เงินปั นผลจ่าย 12,1,หุน้ สามัญ,False,movement,
SCB,1q26-financial-statement-note-th_SCB.pdf,12,thousand,sep,0,17,เงินปั นผลจ่าย 12,2,หุน้ บุริมสิ ทธิ,False,movement,
SCB,1q26-financial-statement-note-th_SCB.pdf,12,thousand,sep,0,17,เงินปั นผลจ่าย 12,3,ส่วนเกินมูลค่าหุน้ หุน้ สามัญ,False,movement,
SCB,1q26-financial-statement-note-th_SCB.pdf,12,thousand,sep,0,17,เงินปั นผลจ่าย 12,4,กาไร จากการวัด มูลค่าเงินลงทุน ในตราสารหนี้ ด้วยมูลค่ายุติธรรม ผ่านกาไรขาดทุน เบ็ดเสร็ จอื่น,False,movement,
SCB,1q26-financial-statement-note-th_SCB.pdf,12,thousand,sep,0,17,เงินปั นผลจ่าย 12,5,กาไร (ขาดทุน) จากการแปลงค่า งบการเงิน จากการ ดาเนิ นงาน ในต่างประเทศ,False,movement,
SCB,1q26-financial-statement-note-th_SCB.pdf,12,thousand,sep,0,17,เงินปั นผลจ่าย 12,6,งบการเงินเฉพาะธนาคาร องค์ประกอบอื่นของส่วนของเจ้าของ กาไร จากเงินลงทุน ในตราสารทุน ที่กาหนดให้วดั มูลค่า ด้วยมูลค่ายุติธรรม ผ่านกาไรขาดทุน เบ็ดเสร็ จอื่น (พันบาท),False,movement,
SCB,1q26-financial-statement-note-th_SCB.pdf,12,thousand,sep,0,17,เงินปั นผลจ่าย 12,7,การเปลี่ยนแปลง ในส่วนเกินทุน จากการตีราคา สิ นทรัพย์,False,movement,
SCB,1q26-financial-statement-note-th_SCB.pdf,12,thousand,sep,0,17,เงินปั นผลจ่าย 12,8,รวม องค์ประกอบ อื่นของส่วน ของเจ้าของ,False,movement,
SCB,1q26-financial-statement-note-th_SCB.pdf,12,thousand,sep,0,17,เงินปั นผลจ่าย 12,9,กาไรสะสม ทุนสารอง ตามกฎหมาย,False,movement,
SCB,1q26-financial-statement-note-th_SCB.pdf,12,thousand,sep,0,17,เงินปั นผลจ่าย 12,10,ยังไม่ได้จดั สรร,False,movement,-32190350.0
SCB,1q26-financial-statement-note-th_SCB.pdf,12,thousand,sep,0,17,เงินปั นผลจ่าย 12,11,รวม,True,movement,-32190350.0
SCB,1q26-financial-statement-note-th_SCB.pdf,12,thousand,sep,0,18,รวมรายการกับผู้ถือหุ้นทีบ่ ันทึกโดยตรงเข้ าส่ วนของเจ้ าของ,0,ทุนที่ออกและชาระแล้ว ทธิ,False,movement,
SCB,1q26-financial-statement-note-th_SCB.pdf,12,thousand,sep,0,18,รวมรายการกับผู้ถือหุ้นทีบ่ ันทึกโดยตรงเข้ าส่ วนของเจ้ าของ,1,หุน้ สามัญ,False,movement,
SCB,1q26-financial-statement-note-th_SCB.pdf,12,thousand,sep,0,18,รวมรายการกับผู้ถือหุ้นทีบ่ ันทึกโดยตรงเข้ าส่ วนของเจ้ าของ,2,หุน้ บุริมสิ ทธิ,False,movement,
SCB,1q26-financial-statement-note-th_SCB.pdf,12,thousand,sep,0,18,รวมรายการกับผู้ถือหุ้นทีบ่ ันทึกโดยตรงเข้ าส่ วนของเจ้ าของ,3,ส่วนเกินมูลค่าหุน้ หุน้ สามัญ,False,movement,
SCB,1q26-financial-statement-note-th_SCB.pdf,12,thousand,sep,0,18,รวมรายการกับผู้ถือหุ้นทีบ่ ันทึกโดยตรงเข้ าส่ วนของเจ้ าของ,4,กาไร จากการวัด มูลค่าเงินลงทุน ในตราสารหนี้ ด้วยมูลค่ายุติธรรม ผ่านกาไรขาดทุน เบ็ดเสร็ จอื่น,False,movement,
SCB,1q26-financial-statement-note-th_SCB.pdf,12,thousand,sep,0,18,รวมรายการกับผู้ถือหุ้นทีบ่ ันทึกโดยตรงเข้ าส่ วนของเจ้ าของ,5,กาไร (ขาดทุน) จากการแปลงค่า งบการเงิน จากการ ดาเนิ นงาน ในต่างประเทศ,False,movement,
SCB,1q26-financial-statement-note-th_SCB.pdf,12,thousand,sep,0,18,รวมรายการกับผู้ถือหุ้นทีบ่ ันทึกโดยตรงเข้ าส่ วนของเจ้ าของ,6,งบการเงินเฉพาะธนาคาร องค์ประกอบอื่นของส่วนของเจ้าของ กาไร จากเงินลงทุน ในตราสารทุน ที่กาหนดให้วดั มูลค่า ด้วยมูลค่ายุติธรรม ผ่านกาไรขาดทุน เบ็ดเสร็ จอื่น (พันบาท),False,movement,
SCB,1q26-financial-statement-note-th_SCB.pdf,12,thousand,sep,0,18,รวมรายการกับผู้ถือหุ้นทีบ่ ันทึกโดยตรงเข้ าส่ วนของเจ้ าของ,7,การเปลี่ยนแปลง ในส่วนเกินทุน จากการตีราคา สิ นทรัพย์,False,movement,
SCB,1q26-financial-statement-note-th_SCB.pdf,12,thousand,sep,0,18,รวมรายการกับผู้ถือหุ้นทีบ่ ันทึกโดยตรงเข้ าส่ วนของเจ้ าของ,8,รวม องค์ประกอบ อื่นของส่วน ของเจ้าของ,False,movement,
SCB,1q26-financial-statement-note-th_SCB.pdf,12,thousand,sep,0,18,รวมรายการกับผู้ถือหุ้นทีบ่ ันทึกโดยตรงเข้ าส่ วนของเจ้ าของ,9,กาไรสะสม ทุนสารอง ตามกฎหมาย,False,movement,
SCB,1q26-financial-statement-note-th_SCB.pdf,12,thousand,sep,0,18,รวมรายการกับผู้ถือหุ้นทีบ่ ันทึกโดยตรงเข้ าส่ วนของเจ้ าของ,10,ยังไม่ได้จดั สรร,False,movement,-32190350.0
SCB,1q26-financial-statement-note-th_SCB.pdf,12,thousand,sep,0,18,รวมรายการกับผู้ถือหุ้นทีบ่ ันทึกโดยตรงเข้ าส่ วนของเจ้ าของ,11,รวม,True,movement,-32190350.0
SCB,1q26-financial-statement-note-th_SCB.pdf,12,thousand,sep,0,21,กาไรสุ ทธิ,0,ทุนที่ออกและชาระแล้ว ทธิ,False,movement,
SCB,1q26-financial-statement-note-th_SCB.pdf,12,thousand,sep,0,21,กาไรสุ ทธิ,1,หุน้ สามัญ,False,movement,
SCB,1q26-financial-statement-note-th_SCB.pdf,12,thousand,sep,0,21,กาไรสุ ทธิ,2,หุน้ บุริมสิ ทธิ,False,movement,
SCB,1q26-financial-statement-note-th_SCB.pdf,12,thousand,sep,0,21,กาไรสุ ทธิ,3,ส่วนเกินมูลค่าหุน้ หุน้ สามัญ,False,movement,
SCB,1q26-financial-statement-note-th_SCB.pdf,12,thousand,sep,0,21,กาไรสุ ทธิ,4,กาไร จากการวัด มูลค่าเงินลงทุน ในตราสารหนี้ ด้วยมูลค่ายุติธรรม ผ่านกาไรขาดทุน เบ็ดเสร็ จอื่น,False,movement,
SCB,1q26-financial-statement-note-th_SCB.pdf,12,thousand,sep,0,21,กาไรสุ ทธิ,5,กาไร (ขาดทุน) จากการแปลงค่า งบการเงิน จากการ ดาเนิ นงาน ในต่างประเทศ,False,movement,
SCB,1q26-financial-statement-note-th_SCB.pdf,12,thousand,sep,0,21,กาไรสุ ทธิ,6,งบการเงินเฉพาะธนาคาร องค์ประกอบอื่นของส่วนของเจ้าของ กาไร จากเงินลงทุน ในตราสารทุน ที่กาหนดให้วดั มูลค่า ด้วยมูลค่ายุติธรรม ผ่านกาไรขาดทุน เบ็ดเสร็ จอื่น (พันบาท),False,movement,
SCB,1q26-financial-statement-note-th_SCB.pdf,12,thousand,sep,0,21,กาไรสุ ทธิ,7,การเปลี่ยนแปลง ในส่วนเกินทุน จากการตีราคา สิ นทรัพย์,False,movement,
SCB,1q26-financial-statement-note-th_SCB.pdf,12,thousand,sep,0,21,กาไรสุ ทธิ,8,รวม องค์ประกอบ อื่นของส่วน ของเจ้าของ,False,movement,
SCB,1q26-financial-statement-note-th_SCB.pdf,12,thousand,sep,0,21,กาไรสุ ทธิ,9,กาไรสะสม ทุนสารอง ตามกฎหมาย,False,movement,
SCB,1q26-financial-statement-note-th_SCB.pdf,12,thousand,sep,0,21,กาไรสุ ทธิ,10,ยังไม่ได้จดั สรร,False,movement,11631724.0
SCB,1q26-financial-statement-note-th_SCB.pdf,12,thousand,sep,0,21,กาไรสุ ทธิ,11,รวม,True,movement,11631724.0
SCB,1q26-financial-statement-note-th_SCB.pdf,12,thousand,sep,0,22,กาไรขาดทุนเบ็ดเสร็ จอื่น,0,ทุนที่ออกและชาระแล้ว ทธิ,False,movement,
SCB,1q26-financial-statement-note-th_SCB.pdf,12,thousand,sep,0,22,กาไรขาดทุนเบ็ดเสร็ จอื่น,1,หุน้ สามัญ,False,movement,
SCB,1q26-financial-statement-note-th_SCB.pdf,12,thousand,sep,0,22,กาไรขาดทุนเบ็ดเสร็ จอื่น,2,หุน้ บุริมสิ ทธิ,False,movement,
SCB,1q26-financial-statement-note-th_SCB.pdf,12,thousand,sep,0,22,กาไรขาดทุนเบ็ดเสร็ จอื่น,3,ส่วนเกินมูลค่าหุน้ หุน้ สามัญ,False,movement,
SCB,1q26-financial-statement-note-th_SCB.pdf,12,thousand,sep,0,22,กาไรขาดทุนเบ็ดเสร็ จอื่น,4,กาไร จากการวัด มูลค่าเงินลงทุน ในตราสารหนี้ ด้วยมูลค่ายุติธรรม ผ่านกาไรขาดทุน เบ็ดเสร็ จอื่น,False,movement,985106.0
SCB,1q26-financial-statement-note-th_SCB.pdf,12,thousand,sep,0,22,กาไรขาดทุนเบ็ดเสร็ จอื่น,5,กาไร (ขาดทุน) จากการแปลงค่า งบการเงิน จากการ ดาเนิ นงาน ในต่างประเทศ,False,movement,21743.0
SCB,1q26-financial-statement-note-th_SCB.pdf,12,thousand,sep,0,22,กาไรขาดทุนเบ็ดเสร็ จอื่น,6,งบการเงินเฉพาะธนาคาร องค์ประกอบอื่นของส่วนของเจ้าของ กาไร จากเงินลงทุน ในตราสารทุน ที่กาหนดให้วดั มูลค่า ด้วยมูลค่ายุติธรรม ผ่านกาไรขาดทุน เบ็ดเสร็ จอื่น (พันบาท),False,movement,19289.0
SCB,1q26-financial-statement-note-th_SCB.pdf,12,thousand,sep,0,22,กาไรขาดทุนเบ็ดเสร็ จอื่น,7,การเปลี่ยนแปลง ในส่วนเกินทุน จากการตีราคา สิ นทรัพย์,False,movement,
SCB,1q26-financial-statement-note-th_SCB.pdf,12,thousand,sep,0,22,กาไรขาดทุนเบ็ดเสร็ จอื่น,8,รวม องค์ประกอบ อื่นของส่วน ของเจ้าของ,False,movement,1026138.0
SCB,1q26-financial-statement-note-th_SCB.pdf,12,thousand,sep,0,22,กาไรขาดทุนเบ็ดเสร็ จอื่น,9,กาไรสะสม ทุนสารอง ตามกฎหมาย,False,movement,
SCB,1q26-financial-statement-note-th_SCB.pdf,12,thousand,sep,0,22,กาไรขาดทุนเบ็ดเสร็ จอื่น,10,ยังไม่ได้จดั สรร,False,movement,
SCB,1q26-financial-statement-note-th_SCB.pdf,12,thousand,sep,0,22,กาไรขาดทุนเบ็ดเสร็ จอื่น,11,รวม,True,movement,1026138.0
SCB,1q26-financial-statement-note-th_SCB.pdf,12,thousand,sep,0,23,รวมกาไรขาดทุนเบ็ดเสร็จสาหรับงวด,0,ทุนที่ออกและชาระแล้ว ทธิ,False,movement,
SCB,1q26-financial-statement-note-th_SCB.pdf,12,thousand,sep,0,23,รวมกาไรขาดทุนเบ็ดเสร็จสาหรับงวด,1,หุน้ สามัญ,False,movement,
SCB,1q26-financial-statement-note-th_SCB.pdf,12,thousand,sep,0,23,รวมกาไรขาดทุนเบ็ดเสร็จสาหรับงวด,2,หุน้ บุริมสิ ทธิ,False,movement,
SCB,1q26-financial-statement-note-th_SCB.pdf,12,thousand,sep,0,23,รวมกาไรขาดทุนเบ็ดเสร็จสาหรับงวด,3,ส่วนเกินมูลค่าหุน้ หุน้ สามัญ,False,movement,
SCB,1q26-financial-statement-note-th_SCB.pdf,12,thousand,sep,0,23,รวมกาไรขาดทุนเบ็ดเสร็จสาหรับงวด,4,กาไร จากการวัด มูลค่าเงินลงทุน ในตราสารหนี้ ด้วยมูลค่ายุติธรรม ผ่านกาไรขาดทุน เบ็ดเสร็ จอื่น,False,movement,985106.0
SCB,1q26-financial-statement-note-th_SCB.pdf,12,thousand,sep,0,23,รวมกาไรขาดทุนเบ็ดเสร็จสาหรับงวด,5,กาไร (ขาดทุน) จากการแปลงค่า งบการเงิน จากการ ดาเนิ นงาน ในต่างประเทศ,False,movement,21743.0
SCB,1q26-financial-statement-note-th_SCB.pdf,12,thousand,sep,0,23,รวมกาไรขาดทุนเบ็ดเสร็จสาหรับงวด,6,งบการเงินเฉพาะธนาคาร องค์ประกอบอื่นของส่วนของเจ้าของ กาไร จากเงินลงทุน ในตราสารทุน ที่กาหนดให้วดั มูลค่า ด้วยมูลค่ายุติธรรม ผ่านกาไรขาดทุน เบ็ดเสร็ จอื่น (พันบาท),False,movement,19289.0
SCB,1q26-financial-statement-note-th_SCB.pdf,12,thousand,sep,0,23,รวมกาไรขาดทุนเบ็ดเสร็จสาหรับงวด,7,การเปลี่ยนแปลง ในส่วนเกินทุน จากการตีราคา สิ นทรัพย์,False,movement,
SCB,1q26-financial-statement-note-th_SCB.pdf,12,thousand,sep,0,23,รวมกาไรขาดทุนเบ็ดเสร็จสาหรับงวด,8,รวม องค์ประกอบ อื่นของส่วน ของเจ้าของ,False,movement,1026138.0
SCB,1q26-financial-statement-note-th_SCB.pdf,12,thousand,sep,0,23,รวมกาไรขาดทุนเบ็ดเสร็จสาหรับงวด,9,กาไรสะสม ทุนสารอง ตามกฎหมาย,False,movement,
SCB,1q26-financial-statement-note-th_SCB.pdf,12,thousand,sep,0,23,รวมกาไรขาดทุนเบ็ดเสร็จสาหรับงวด,10,ยังไม่ได้จดั สรร,False,movement,11631724.0
SCB,1q26-financial-statement-note-th_SCB.pdf,12,thousand,sep,0,23,รวมกาไรขาดทุนเบ็ดเสร็จสาหรับงวด,11,รวม,True,movement,12657862.0
SCB,1q26-financial-statement-note-th_SCB.pdf,12,thousand,sep,0,25,โอนไปกาไรสะสม,0,ทุนที่ออกและชาระแล้ว ทธิ,False,movement,
SCB,1q26-financial-statement-note-th_SCB.pdf,12,thousand,sep,0,25,โอนไปกาไรสะสม,1,หุน้ สามัญ,False,movement,
SCB,1q26-financial-statement-note-th_SCB.pdf,12,thousand,sep,0,25,โอนไปกาไรสะสม,2,หุน้ บุริมสิ ทธิ,False,movement,
SCB,1q26-financial-statement-note-th_SCB.pdf,12,thousand,sep,0,25,โอนไปกาไรสะสม,3,ส่วนเกินมูลค่าหุน้ หุน้ สามัญ,False,movement,
SCB,1q26-financial-statement-note-th_SCB.pdf,12,thousand,sep,0,25,โอนไปกาไรสะสม,4,กาไร จากการวัด มูลค่าเงินลงทุน ในตราสารหนี้ ด้วยมูลค่ายุติธรรม ผ่านกาไรขาดทุน เบ็ดเสร็ จอื่น,False,movement,
SCB,1q26-financial-statement-note-th_SCB.pdf,12,thousand,sep,0,25,โอนไปกาไรสะสม,5,กาไร (ขาดทุน) จากการแปลงค่า งบการเงิน จากการ ดาเนิ นงาน ในต่างประเทศ,False,movement,
SCB,1q26-financial-statement-note-th_SCB.pdf,12,thousand,sep,0,25,โอนไปกาไรสะสม,6,งบการเงินเฉพาะธนาคาร องค์ประกอบอื่นของส่วนของเจ้าของ กาไร จากเงินลงทุน ในตราสารทุน ที่กาหนดให้วดั มูลค่า ด้วยมูลค่ายุติธรรม ผ่านกาไรขาดทุน เบ็ดเสร็ จอื่น (พันบาท),False,movement,99427.0
SCB,1q26-financial-statement-note-th_SCB.pdf,12,thousand,sep,0,25,โอนไปกาไรสะสม,7,การเปลี่ยนแปลง ในส่วนเกินทุน จากการตีราคา สิ นทรัพย์,False,movement,-74463.0
SCB,1q26-financial-statement-note-th_SCB.pdf,12,thousand,sep,0,25,โอนไปกาไรสะสม,8,รวม องค์ประกอบ อื่นของส่วน ของเจ้าของ,False,movement,24964.0
SCB,1q26-financial-statement-note-th_SCB.pdf,12,thousand,sep,0,25,โอนไปกาไรสะสม,9,กาไรสะสม ทุนสารอง ตามกฎหมาย,False,movement,
SCB,1q26-financial-statement-note-th_SCB.pdf,12,thousand,sep,0,25,โอนไปกาไรสะสม,10,ยังไม่ได้จดั สรร,False,movement,-24964.0
SCB,1q26-financial-statement-note-th_SCB.pdf,12,thousand,sep,0,25,โอนไปกาไรสะสม,11,รวม,True,movement,
SCB,1q26-financial-statement-note-th_SCB.pdf,12,thousand,sep,0,27,ยอดคงเหลือ ณ วันที่ 31 มีนาคม 2568,0,ทุนที่ออกและชาระแล้ว ทธิ,False,balance,6412.0
SCB,1q26-financial-statement-note-th_SCB.pdf,12,thousand,sep,0,27,ยอดคงเหลือ ณ วันที่ 31 มีนาคม 2568,1,หุน้ สามัญ,False,balance,33985510.0
SCB,1q26-financial-statement-note-th_SCB.pdf,12,thousand,sep,0,27,ยอดคงเหลือ ณ วันที่ 31 มีนาคม 2568,2,หุน้ บุริมสิ ทธิ,False,balance,2508.0
SCB,1q26-financial-statement-note-th_SCB.pdf,12,thousand,sep,0,27,ยอดคงเหลือ ณ วันที่ 31 มีนาคม 2568,3,ส่วนเกินมูลค่าหุน้ หุน้ สามัญ,False,balance,11121683.0
SCB,1q26-financial-statement-note-th_SCB.pdf,12,thousand,sep,0,27,ยอดคงเหลือ ณ วันที่ 31 มีนาคม 2568,4,กาไร จากการวัด มูลค่าเงินลงทุน ในตราสารหนี้ ด้วยมูลค่ายุติธรรม ผ่านกาไรขาดทุน เบ็ดเสร็ จอื่น,False,balance,1357129.0
SCB,1q26-financial-statement-note-th_SCB.pdf,12,thousand,sep,0,27,ยอดคงเหลือ ณ วันที่ 31 มีนาคม 2568,5,กาไร (ขาดทุน) จากการแปลงค่า งบการเงิน จากการ ดาเนิ นงาน ในต่างประเทศ,False,balance,-1221855.0
SCB,1q26-financial-statement-note-th_SCB.pdf,12,thousand,sep,0,27,ยอดคงเหลือ ณ วันที่ 31 มีนาคม 2568,6,งบการเงินเฉพาะธนาคาร องค์ประกอบอื่นของส่วนของเจ้าของ กาไร จากเงินลงทุน ในตราสารทุน ที่กาหนดให้วดั มูลค่า ด้วยมูลค่ายุติธรรม ผ่านกาไรขาดทุน เบ็ดเสร็ จอื่น (พันบาท),False,balance,1211871.0
SCB,1q26-financial-statement-note-th_SCB.pdf,12,thousand,sep,0,27,ยอดคงเหลือ ณ วันที่ 31 มีนาคม 2568,7,การเปลี่ยนแปลง ในส่วนเกินทุน จากการตีราคา สิ นทรัพย์,False,balance,20117260.0
SCB,1q26-financial-statement-note-th_SCB.pdf,12,thousand,sep,0,27,ยอดคงเหลือ ณ วันที่ 31 มีนาคม 2568,8,รวม องค์ประกอบ อื่นของส่วน ของเจ้าของ,False,balance,21464405.0
SCB,1q26-financial-statement-note-th_SCB.pdf,12,thousand,sep,0,27,ยอดคงเหลือ ณ วันที่ 31 มีนาคม 2568,9,กาไรสะสม ทุนสารอง ตามกฎหมาย,False,balance,7000000.0
SCB,1q26-financial-statement-note-th_SCB.pdf,12,thousand,sep,0,27,ยอดคงเหลือ ณ วันที่ 31 มีนาคม 2568,10,ยังไม่ได้จดั สรร,False,balance,342605358.0
SCB,1q26-financial-statement-note-th_SCB.pdf,12,thousand,sep,0,27,ยอดคงเหลือ ณ วันที่ 31 มีนาคม 2568,11,รวม,True,balance,416185876.0
GABLE,20260512-gable-fs-1q2026-th.pdf,9,thousand,con,0,13,ยอดคงเหลือ ณ วันที< 1 มกราคม 2568,0,ําระแล้ว,False,balance,700021.0
GABLE,20260512-gable-fs-1q2026-th.pdf,9,thousand,con,0,13,ยอดคงเหลือ ณ วันที< 1 มกราคม 2568,1,ส่วนเก ินมูลค ่า หุน้ สามัญ,False,balance,932329.0
GABLE,20260512-gable-fs-1q2026-th.pdf,9,thousand,con,0,13,ยอดคงเหลือ ณ วันที< 1 มกราคม 2568,2,ส่วนเก ินทุน จากการรวมธุรก ิจ ภายใต้การควบค ุม เดียวก ัน,False,balance,134623.0
GABLE,20260512-gable-fs-1q2026-th.pdf,9,thousand,con,0,13,ยอดคงเหลือ ณ วันที< 1 มกราคม 2568,3,ส่วนเก ินทุน จากการเปลียB นแปลง สัดส่วนการถือหุน้ ในบริษทั ย่อย,False,balance,1658.0
GABLE,20260512-gable-fs-1q2026-th.pdf,9,thousand,con,0,13,ยอดคงเหลือ ณ วันที< 1 มกราคม 2568,4,ส่วนของผถ้ ู อื หุน้ ของบริษทั สํารองส่วนทุนจาก การจ่ายโดยใช้ หุน้ เป็ นเกณฑ์,False,balance,7403.0
GABLE,20260512-gable-fs-1q2026-th.pdf,9,thousand,con,0,13,ยอดคงเหลือ ณ วันที< 1 มกราคม 2568,5,งบการเงินรวม ฯ ก ําไรสะสม จัดสรรแล้ว,False,balance,70750.0
GABLE,20260512-gable-fs-1q2026-th.pdf,9,thousand,con,0,13,ยอดคงเหลือ ณ วันที< 1 มกราคม 2568,6,ยังไม่ไ ด้จัดสรร,False,balance,351295.0
GABLE,20260512-gable-fs-1q2026-th.pdf,9,thousand,con,0,13,ยอดคงเหลือ ณ วันที< 1 มกราคม 2568,7,องค ์ประกอบอืนB ของส่วนของผถ้ ู อื หุน้ ก ําไรขาดทุนเบ็ดเสร็จอืนB ผลต่างจากการแปลง ค ่างบการเงินทีเB ป็ น เงินตราต่างประเทศ,False,balance,-24.0
GABLE,20260512-gable-fs-1q2026-th.pdf,9,thousand,con,0,13,ยอดคงเหลือ ณ วันที< 1 มกราคม 2568,8,รวม ส่วนของผถ้ ู อื หุน้ ของบริษทั ฯ,False,balance,2198055.0
GABLE,20260512-gable-fs-1q2026-th.pdf,9,thousand,con,0,13,ยอดคงเหลือ ณ วันที< 1 มกราคม 2568,9,(ยังไม่ไ ด้ตรวจสอบ ส่วนได้เสียทีB ไม่มีอ ํานาจควบค ุม ของบริษทั ย่อย,False,balance,23656.0
GABLE,20260512-gable-fs-1q2026-th.pdf,9,thousand,con,0,13,ยอดคงเหลือ ณ วันที< 1 มกราคม 2568,10,แต่สอบทานแล้ว) (หน่วย: พันบาท) รวม ส่วนของผถ้ ู อื หุน้,True,balance,2221711.0
GABLE,20260512-gable-fs-1q2026-th.pdf,9,thousand,con,0,14,ขาดทุนสําหรับงวด,0,ําระแล้ว,False,movement,
GABLE,20260512-gable-fs-1q2026-th.pdf,9,thousand,con,0,14,ขาดทุนสําหรับงวด,1,ส่วนเก ินมูลค ่า หุน้ สามัญ,False,movement,
GABLE,20260512-gable-fs-1q2026-th.pdf,9,thousand,con,0,14,ขาดทุนสําหรับงวด,2,ส่วนเก ินทุน จากการรวมธุรก ิจ ภายใต้การควบค ุม เดียวก ัน,False,movement,
GABLE,20260512-gable-fs-1q2026-th.pdf,9,thousand,con,0,14,ขาดทุนสําหรับงวด,3,ส่วนเก ินทุน จากการเปลียB นแปลง สัดส่วนการถือหุน้ ในบริษทั ย่อย,False,movement,
GABLE,20260512-gable-fs-1q2026-th.pdf,9,thousand,con,0,14,ขาดทุนสําหรับงวด,4,ส่วนของผถ้ ู อื หุน้ ของบริษทั สํารองส่วนทุนจาก การจ่ายโดยใช้ หุน้ เป็ นเกณฑ์,False,movement,
GABLE,20260512-gable-fs-1q2026-th.pdf,9,thousand,con,0,14,ขาดทุนสําหรับงวด,5,งบการเงินรวม ฯ ก ําไรสะสม จัดสรรแล้ว,False,movement,
GABLE,20260512-gable-fs-1q2026-th.pdf,9,thousand,con,0,14,ขาดทุนสําหรับงวด,6,ยังไม่ไ ด้จัดสรร,False,movement,-8183.0
GABLE,20260512-gable-fs-1q2026-th.pdf,9,thousand,con,0,14,ขาดทุนสําหรับงวด,7,องค ์ประกอบอืนB ของส่วนของผถ้ ู อื หุน้ ก ําไรขาดทุนเบ็ดเสร็จอืนB ผลต่างจากการแปลง ค ่างบการเงินทีเB ป็ น เงินตราต่างประเทศ,False,movement,
GABLE,20260512-gable-fs-1q2026-th.pdf,9,thousand,con,0,14,ขาดทุนสําหรับงวด,8,รวม ส่วนของผถ้ ู อื หุน้ ของบริษทั ฯ,False,movement,-8183.0
GABLE,20260512-gable-fs-1q2026-th.pdf,9,thousand,con,0,14,ขาดทุนสําหรับงวด,9,(ยังไม่ไ ด้ตรวจสอบ ส่วนได้เสียทีB ไม่มีอ ํานาจควบค ุม ของบริษทั ย่อย,False,movement,836.0
GABLE,20260512-gable-fs-1q2026-th.pdf,9,thousand,con,0,14,ขาดทุนสําหรับงวด,10,แต่สอบทานแล้ว) (หน่วย: พันบาท) รวม ส่วนของผถ้ ู อื หุน้,True,movement,-7347.0
GABLE,20260512-gable-fs-1q2026-th.pdf,9,thousand,con,0,15,ก ําไรขาดทุนเบ็ดเสร็จอืนB สําหรับงวด,0,ําระแล้ว,False,movement,
GABLE,20260512-gable-fs-1q2026-th.pdf,9,thousand,con,0,15,ก ําไรขาดทุนเบ็ดเสร็จอืนB สําหรับงวด,1,ส่วนเก ินมูลค ่า หุน้ สามัญ,False,movement,
GABLE,20260512-gable-fs-1q2026-th.pdf,9,thousand,con,0,15,ก ําไรขาดทุนเบ็ดเสร็จอืนB สําหรับงวด,2,ส่วนเก ินทุน จากการรวมธุรก ิจ ภายใต้การควบค ุม เดียวก ัน,False,movement,
GABLE,20260512-gable-fs-1q2026-th.pdf,9,thousand,con,0,15,ก ําไรขาดทุนเบ็ดเสร็จอืนB สําหรับงวด,3,ส่วนเก ินทุน จากการเปลียB นแปลง สัดส่วนการถือหุน้ ในบริษทั ย่อย,False,movement,
GABLE,20260512-gable-fs-1q2026-th.pdf,9,thousand,con,0,15,ก ําไรขาดทุนเบ็ดเสร็จอืนB สําหรับงวด,4,ส่วนของผถ้ ู อื หุน้ ของบริษทั สํารองส่วนทุนจาก การจ่ายโดยใช้ หุน้ เป็ นเกณฑ์,False,movement,
GABLE,20260512-gable-fs-1q2026-th.pdf,9,thousand,con,0,15,ก ําไรขาดทุนเบ็ดเสร็จอืนB สําหรับงวด,5,งบการเงินรวม ฯ ก ําไรสะสม จัดสรรแล้ว,False,movement,
GABLE,20260512-gable-fs-1q2026-th.pdf,9,thousand,con,0,15,ก ําไรขาดทุนเบ็ดเสร็จอืนB สําหรับงวด,6,ยังไม่ไ ด้จัดสรร,False,movement,
GABLE,20260512-gable-fs-1q2026-th.pdf,9,thousand,con,0,15,ก ําไรขาดทุนเบ็ดเสร็จอืนB สําหรับงวด,7,องค ์ประกอบอืนB ของส่วนของผถ้ ู อื หุน้ ก ําไรขาดทุนเบ็ดเสร็จอืนB ผลต่างจากการแปลง ค ่างบการเงินทีเB ป็ น เงินตราต่างประเทศ,False,movement,-5.0
GABLE,20260512-gable-fs-1q2026-th.pdf,9,thousand,con,0,15,ก ําไรขาดทุนเบ็ดเสร็จอืนB สําหรับงวด,8,รวม ส่วนของผถ้ ู อื หุน้ ของบริษทั ฯ,False,movement,-5.0
GABLE,20260512-gable-fs-1q2026-th.pdf,9,thousand,con,0,15,ก ําไรขาดทุนเบ็ดเสร็จอืนB สําหรับงวด,9,(ยังไม่ไ ด้ตรวจสอบ ส่วนได้เสียทีB ไม่มีอ ํานาจควบค ุม ของบริษทั ย่อย,False,movement,
GABLE,20260512-gable-fs-1q2026-th.pdf,9,thousand,con,0,15,ก ําไรขาดทุนเบ็ดเสร็จอืนB สําหรับงวด,10,แต่สอบทานแล้ว) (หน่วย: พันบาท) รวม ส่วนของผถ้ ู อื หุน้,True,movement,-5.0
GABLE,20260512-gable-fs-1q2026-th.pdf,9,thousand,con,0,16,ก ําไรขาดทุนเบ็ดเสร็จรวมสําหรับงวด,0,ําระแล้ว,False,movement,
GABLE,20260512-gable-fs-1q2026-th.pdf,9,thousand,con,0,16,ก ําไรขาดทุนเบ็ดเสร็จรวมสําหรับงวด,1,ส่วนเก ินมูลค ่า หุน้ สามัญ,False,movement,
GABLE,20260512-gable-fs-1q2026-th.pdf,9,thousand,con,0,16,ก ําไรขาดทุนเบ็ดเสร็จรวมสําหรับงวด,2,ส่วนเก ินทุน จากการรวมธุรก ิจ ภายใต้การควบค ุม เดียวก ัน,False,movement,
GABLE,20260512-gable-fs-1q2026-th.pdf,9,thousand,con,0,16,ก ําไรขาดทุนเบ็ดเสร็จรวมสําหรับงวด,3,ส่วนเก ินทุน จากการเปลียB นแปลง สัดส่วนการถือหุน้ ในบริษทั ย่อย,False,movement,
GABLE,20260512-gable-fs-1q2026-th.pdf,9,thousand,con,0,16,ก ําไรขาดทุนเบ็ดเสร็จรวมสําหรับงวด,4,ส่วนของผถ้ ู อื หุน้ ของบริษทั สํารองส่วนทุนจาก การจ่ายโดยใช้ หุน้ เป็ นเกณฑ์,False,movement,
GABLE,20260512-gable-fs-1q2026-th.pdf,9,thousand,con,0,16,ก ําไรขาดทุนเบ็ดเสร็จรวมสําหรับงวด,5,งบการเงินรวม ฯ ก ําไรสะสม จัดสรรแล้ว,False,movement,
GABLE,20260512-gable-fs-1q2026-th.pdf,9,thousand,con,0,16,ก ําไรขาดทุนเบ็ดเสร็จรวมสําหรับงวด,6,ยังไม่ไ ด้จัดสรร,False,movement,-8183.0
GABLE,20260512-gable-fs-1q2026-th.pdf,9,thousand,con,0,16,ก ําไรขาดทุนเบ็ดเสร็จรวมสําหรับงวด,7,องค ์ประกอบอืนB ของส่วนของผถ้ ู อื หุน้ ก ําไรขาดทุนเบ็ดเสร็จอืนB ผลต่างจากการแปลง ค ่างบการเงินทีเB ป็ น เงินตราต่างประเทศ,False,movement,-5.0
GABLE,20260512-gable-fs-1q2026-th.pdf,9,thousand,con,0,16,ก ําไรขาดทุนเบ็ดเสร็จรวมสําหรับงวด,8,รวม ส่วนของผถ้ ู อื หุน้ ของบริษทั ฯ,False,movement,-8188.0
GABLE,20260512-gable-fs-1q2026-th.pdf,9,thousand,con,0,16,ก ําไรขาดทุนเบ็ดเสร็จรวมสําหรับงวด,9,(ยังไม่ไ ด้ตรวจสอบ ส่วนได้เสียทีB ไม่มีอ ํานาจควบค ุม ของบริษทั ย่อย,False,movement,836.0
GABLE,20260512-gable-fs-1q2026-th.pdf,9,thousand,con,0,16,ก ําไรขาดทุนเบ็ดเสร็จรวมสําหรับงวด,10,แต่สอบทานแล้ว) (หน่วย: พันบาท) รวม ส่วนของผถ้ ู อื หุน้,True,movement,-7352.0
GABLE,20260512-gable-fs-1q2026-th.pdf,9,thousand,con,0,17,การจ่ายโดยใช้หุน้ เป็ นเกณฑ์,0,ําระแล้ว,False,movement,
GABLE,20260512-gable-fs-1q2026-th.pdf,9,thousand,con,0,17,การจ่ายโดยใช้หุน้ เป็ นเกณฑ์,1,ส่วนเก ินมูลค ่า หุน้ สามัญ,False,movement,
GABLE,20260512-gable-fs-1q2026-th.pdf,9,thousand,con,0,17,การจ่ายโดยใช้หุน้ เป็ นเกณฑ์,2,ส่วนเก ินทุน จากการรวมธุรก ิจ ภายใต้การควบค ุม เดียวก ัน,False,movement,
GABLE,20260512-gable-fs-1q2026-th.pdf,9,thousand,con,0,17,การจ่ายโดยใช้หุน้ เป็ นเกณฑ์,3,ส่วนเก ินทุน จากการเปลียB นแปลง สัดส่วนการถือหุน้ ในบริษทั ย่อย,False,movement,
GABLE,20260512-gable-fs-1q2026-th.pdf,9,thousand,con,0,17,การจ่ายโดยใช้หุน้ เป็ นเกณฑ์,4,ส่วนของผถ้ ู อื หุน้ ของบริษทั สํารองส่วนทุนจาก การจ่ายโดยใช้ หุน้ เป็ นเกณฑ์,False,movement,294.0
GABLE,20260512-gable-fs-1q2026-th.pdf,9,thousand,con,0,17,การจ่ายโดยใช้หุน้ เป็ นเกณฑ์,5,งบการเงินรวม ฯ ก ําไรสะสม จัดสรรแล้ว,False,movement,
GABLE,20260512-gable-fs-1q2026-th.pdf,9,thousand,con,0,17,การจ่ายโดยใช้หุน้ เป็ นเกณฑ์,6,ยังไม่ไ ด้จัดสรร,False,movement,
GABLE,20260512-gable-fs-1q2026-th.pdf,9,thousand,con,0,17,การจ่ายโดยใช้หุน้ เป็ นเกณฑ์,7,องค ์ประกอบอืนB ของส่วนของผถ้ ู อื หุน้ ก ําไรขาดทุนเบ็ดเสร็จอืนB ผลต่างจากการแปลง ค ่างบการเงินทีเB ป็ น เงินตราต่างประเทศ,False,movement,
GABLE,20260512-gable-fs-1q2026-th.pdf,9,thousand,con,0,17,การจ่ายโดยใช้หุน้ เป็ นเกณฑ์,8,รวม ส่วนของผถ้ ู อื หุน้ ของบริษทั ฯ,False,movement,294.0
GABLE,20260512-gable-fs-1q2026-th.pdf,9,thousand,con,0,17,การจ่ายโดยใช้หุน้ เป็ นเกณฑ์,9,(ยังไม่ไ ด้ตรวจสอบ ส่วนได้เสียทีB ไม่มีอ ํานาจควบค ุม ของบริษทั ย่อย,False,movement,17.0
GABLE,20260512-gable-fs-1q2026-th.pdf,9,thousand,con,0,17,การจ่ายโดยใช้หุน้ เป็ นเกณฑ์,10,แต่สอบทานแล้ว) (หน่วย: พันบาท) รวม ส่วนของผถ้ ู อื หุน้,True,movement,311.0
GABLE,20260512-gable-fs-1q2026-th.pdf,9,thousand,con,0,18,ยอดคงเหลือ ณ วันที< 31 มีนาคม 2568,0,ําระแล้ว,False,balance,700021.0
GABLE,20260512-gable-fs-1q2026-th.pdf,9,thousand,con,0,18,ยอดคงเหลือ ณ วันที< 31 มีนาคม 2568,1,ส่วนเก ินมูลค ่า หุน้ สามัญ,False,balance,932329.0
GABLE,20260512-gable-fs-1q2026-th.pdf,9,thousand,con,0,18,ยอดคงเหลือ ณ วันที< 31 มีนาคม 2568,2,ส่วนเก ินทุน จากการรวมธุรก ิจ ภายใต้การควบค ุม เดียวก ัน,False,balance,134623.0
GABLE,20260512-gable-fs-1q2026-th.pdf,9,thousand,con,0,18,ยอดคงเหลือ ณ วันที< 31 มีนาคม 2568,3,ส่วนเก ินทุน จากการเปลียB นแปลง สัดส่วนการถือหุน้ ในบริษทั ย่อย,False,balance,1658.0
GABLE,20260512-gable-fs-1q2026-th.pdf,9,thousand,con,0,18,ยอดคงเหลือ ณ วันที< 31 มีนาคม 2568,4,ส่วนของผถ้ ู อื หุน้ ของบริษทั สํารองส่วนทุนจาก การจ่ายโดยใช้ หุน้ เป็ นเกณฑ์,False,balance,7697.0
GABLE,20260512-gable-fs-1q2026-th.pdf,9,thousand,con,0,18,ยอดคงเหลือ ณ วันที< 31 มีนาคม 2568,5,งบการเงินรวม ฯ ก ําไรสะสม จัดสรรแล้ว,False,balance,70750.0
GABLE,20260512-gable-fs-1q2026-th.pdf,9,thousand,con,0,18,ยอดคงเหลือ ณ วันที< 31 มีนาคม 2568,6,ยังไม่ไ ด้จัดสรร,False,balance,343112.0
GABLE,20260512-gable-fs-1q2026-th.pdf,9,thousand,con,0,18,ยอดคงเหลือ ณ วันที< 31 มีนาคม 2568,7,องค ์ประกอบอืนB ของส่วนของผถ้ ู อื หุน้ ก ําไรขาดทุนเบ็ดเสร็จอืนB ผลต่างจากการแปลง ค ่างบการเงินทีเB ป็ น เงินตราต่างประเทศ,False,balance,-29.0
GABLE,20260512-gable-fs-1q2026-th.pdf,9,thousand,con,0,18,ยอดคงเหลือ ณ วันที< 31 มีนาคม 2568,8,รวม ส่วนของผถ้ ู อื หุน้ ของบริษทั ฯ,False,balance,2190161.0
GABLE,20260512-gable-fs-1q2026-th.pdf,9,thousand,con,0,18,ยอดคงเหลือ ณ วันที< 31 มีนาคม 2568,9,(ยังไม่ไ ด้ตรวจสอบ ส่วนได้เสียทีB ไม่มีอ ํานาจควบค ุม ของบริษทั ย่อย,False,balance,24509.0
GABLE,20260512-gable-fs-1q2026-th.pdf,9,thousand,con,0,18,ยอดคงเหลือ ณ วันที< 31 มีนาคม 2568,10,แต่สอบทานแล้ว) (หน่วย: พันบาท) รวม ส่วนของผถ้ ู อื หุน้,True,balance,2214670.0
GABLE,20260512-gable-fs-1q2026-th.pdf,9,thousand,con,1,21,ยอดคงเหลือ ณ วันที< 1 มกราคม 2569,0,ําระแล้ว,False,balance,700021.0
GABLE,20260512-gable-fs-1q2026-th.pdf,9,thousand,con,1,21,ยอดคงเหลือ ณ วันที< 1 มกราคม 2569,1,ส่วนเก ินมูลค ่า หุน้ สามัญ,False,balance,932329.0
GABLE,20260512-gable-fs-1q2026-th.pdf,9,thousand,con,1,21,ยอดคงเหลือ ณ วันที< 1 มกราคม 2569,2,ส่วนเก ินทุน จากการรวมธุรก ิจ ภายใต้การควบค ุม เดียวก ัน,False,balance,134623.0
GABLE,20260512-gable-fs-1q2026-th.pdf,9,thousand,con,1,21,ยอดคงเหลือ ณ วันที< 1 มกราคม 2569,3,ส่วนเก ินทุน จากการเปลียB นแปลง สัดส่วนการถือหุน้ ในบริษทั ย่อย,False,balance,1658.0
GABLE,20260512-gable-fs-1q2026-th.pdf,9,thousand,con,1,21,ยอดคงเหลือ ณ วันที< 1 มกราคม 2569,4,ส่วนของผถ้ ู อื หุน้ ของบริษทั สํารองส่วนทุนจาก การจ่ายโดยใช้ หุน้ เป็ นเกณฑ์,False,balance,8030.0
GABLE,20260512-gable-fs-1q2026-th.pdf,9,thousand,con,1,21,ยอดคงเหลือ ณ วันที< 1 มกราคม 2569,5,งบการเงินรวม ฯ ก ําไรสะสม จัดสรรแล้ว,False,balance,70750.0
GABLE,20260512-gable-fs-1q2026-th.pdf,9,thousand,con,1,21,ยอดคงเหลือ ณ วันที< 1 มกราคม 2569,6,ยังไม่ไ ด้จัดสรร,False,balance,439553.0
GABLE,20260512-gable-fs-1q2026-th.pdf,9,thousand,con,1,21,ยอดคงเหลือ ณ วันที< 1 มกราคม 2569,7,องค ์ประกอบอืนB ของส่วนของผถ้ ู อื หุน้ ก ําไรขาดทุนเบ็ดเสร็จอืนB ผลต่างจากการแปลง ค ่างบการเงินทีเB ป็ น เงินตราต่างประเทศ,False,balance,-187.0
GABLE,20260512-gable-fs-1q2026-th.pdf,9,thousand,con,1,21,ยอดคงเหลือ ณ วันที< 1 มกราคม 2569,8,รวม ส่วนของผถ้ ู อื หุน้ ของบริษทั ฯ,False,balance,2286777.0
GABLE,20260512-gable-fs-1q2026-th.pdf,9,thousand,con,1,21,ยอดคงเหลือ ณ วันที< 1 มกราคม 2569,9,(ยังไม่ไ ด้ตรวจสอบ ส่วนได้เสียทีB ไม่มีอ ํานาจควบค ุม ของบริษทั ย่อย,False,balance,34109.0
GABLE,20260512-gable-fs-1q2026-th.pdf,9,thousand,con,1,21,ยอดคงเหลือ ณ วันที< 1 มกราคม 2569,10,แต่สอบทานแล้ว) (หน่วย: พันบาท) รวม ส่วนของผถ้ ู อื หุน้,True,balance,2320886.0
GABLE,20260512-gable-fs-1q2026-th.pdf,9,thousand,con,1,22,ก ําไรสําหรับงวด,0,ําระแล้ว,False,movement,
GABLE,20260512-gable-fs-1q2026-th.pdf,9,thousand,con,1,22,ก ําไรสําหรับงวด,1,ส่วนเก ินมูลค ่า หุน้ สามัญ,False,movement,
GABLE,20260512-gable-fs-1q2026-th.pdf,9,thousand,con,1,22,ก ําไรสําหรับงวด,2,ส่วนเก ินทุน จากการรวมธุรก ิจ ภายใต้การควบค ุม เดียวก ัน,False,movement,
GABLE,20260512-gable-fs-1q2026-th.pdf,9,thousand,con,1,22,ก ําไรสําหรับงวด,3,ส่วนเก ินทุน จากการเปลียB นแปลง สัดส่วนการถือหุน้ ในบริษทั ย่อย,False,movement,
GABLE,20260512-gable-fs-1q2026-th.pdf,9,thousand,con,1,22,ก ําไรสําหรับงวด,4,ส่วนของผถ้ ู อื หุน้ ของบริษทั สํารองส่วนทุนจาก การจ่ายโดยใช้ หุน้ เป็ นเกณฑ์,False,movement,
GABLE,20260512-gable-fs-1q2026-th.pdf,9,thousand,con,1,22,ก ําไรสําหรับงวด,5,งบการเงินรวม ฯ ก ําไรสะสม จัดสรรแล้ว,False,movement,
GABLE,20260512-gable-fs-1q2026-th.pdf,9,thousand,con,1,22,ก ําไรสําหรับงวด,6,ยังไม่ไ ด้จัดสรร,False,movement,83951.0
GABLE,20260512-gable-fs-1q2026-th.pdf,9,thousand,con,1,22,ก ําไรสําหรับงวด,7,องค ์ประกอบอืนB ของส่วนของผถ้ ู อื หุน้ ก ําไรขาดทุนเบ็ดเสร็จอืนB ผลต่างจากการแปลง ค ่างบการเงินทีเB ป็ น เงินตราต่างประเทศ,False,movement,
GABLE,20260512-gable-fs-1q2026-th.pdf,9,thousand,con,1,22,ก ําไรสําหรับงวด,8,รวม ส่วนของผถ้ ู อื หุน้ ของบริษทั ฯ,False,movement,83951.0
GABLE,20260512-gable-fs-1q2026-th.pdf,9,thousand,con,1,22,ก ําไรสําหรับงวด,9,(ยังไม่ไ ด้ตรวจสอบ ส่วนได้เสียทีB ไม่มีอ ํานาจควบค ุม ของบริษทั ย่อย,False,movement,-1164.0
GABLE,20260512-gable-fs-1q2026-th.pdf,9,thousand,con,1,22,ก ําไรสําหรับงวด,10,แต่สอบทานแล้ว) (หน่วย: พันบาท) รวม ส่วนของผถ้ ู อื หุน้,True,movement,82787.0
GABLE,20260512-gable-fs-1q2026-th.pdf,9,thousand,con,1,23,ก ําไรขาดทุนเบ็ดเสร็จอืนB สําหรับงวด,0,ําระแล้ว,False,movement,
GABLE,20260512-gable-fs-1q2026-th.pdf,9,thousand,con,1,23,ก ําไรขาดทุนเบ็ดเสร็จอืนB สําหรับงวด,1,ส่วนเก ินมูลค ่า หุน้ สามัญ,False,movement,
GABLE,20260512-gable-fs-1q2026-th.pdf,9,thousand,con,1,23,ก ําไรขาดทุนเบ็ดเสร็จอืนB สําหรับงวด,2,ส่วนเก ินทุน จากการรวมธุรก ิจ ภายใต้การควบค ุม เดียวก ัน,False,movement,
GABLE,20260512-gable-fs-1q2026-th.pdf,9,thousand,con,1,23,ก ําไรขาดทุนเบ็ดเสร็จอืนB สําหรับงวด,3,ส่วนเก ินทุน จากการเปลียB นแปลง สัดส่วนการถือหุน้ ในบริษทั ย่อย,False,movement,
GABLE,20260512-gable-fs-1q2026-th.pdf,9,thousand,con,1,23,ก ําไรขาดทุนเบ็ดเสร็จอืนB สําหรับงวด,4,ส่วนของผถ้ ู อื หุน้ ของบริษทั สํารองส่วนทุนจาก การจ่ายโดยใช้ หุน้ เป็ นเกณฑ์,False,movement,
GABLE,20260512-gable-fs-1q2026-th.pdf,9,thousand,con,1,23,ก ําไรขาดทุนเบ็ดเสร็จอืนB สําหรับงวด,5,งบการเงินรวม ฯ ก ําไรสะสม จัดสรรแล้ว,False,movement,
GABLE,20260512-gable-fs-1q2026-th.pdf,9,thousand,con,1,23,ก ําไรขาดทุนเบ็ดเสร็จอืนB สําหรับงวด,6,ยังไม่ไ ด้จัดสรร,False,movement,
GABLE,20260512-gable-fs-1q2026-th.pdf,9,thousand,con,1,23,ก ําไรขาดทุนเบ็ดเสร็จอืนB สําหรับงวด,7,องค ์ประกอบอืนB ของส่วนของผถ้ ู อื หุน้ ก ําไรขาดทุนเบ็ดเสร็จอืนB ผลต่างจากการแปลง ค ่างบการเงินทีเB ป็ น เงินตราต่างประเทศ,False,movement,118.0
GABLE,20260512-gable-fs-1q2026-th.pdf,9,thousand,con,1,23,ก ําไรขาดทุนเบ็ดเสร็จอืนB สําหรับงวด,8,รวม ส่วนของผถ้ ู อื หุน้ ของบริษทั ฯ,False,movement,118.0
GABLE,20260512-gable-fs-1q2026-th.pdf,9,thousand,con,1,23,ก ําไรขาดทุนเบ็ดเสร็จอืนB สําหรับงวด,9,(ยังไม่ไ ด้ตรวจสอบ ส่วนได้เสียทีB ไม่มีอ ํานาจควบค ุม ของบริษทั ย่อย,False,movement,
GABLE,20260512-gable-fs-1q2026-th.pdf,9,thousand,con,1,23,ก ําไรขาดทุนเบ็ดเสร็จอืนB สําหรับงวด,10,แต่สอบทานแล้ว) (หน่วย: พันบาท) รวม ส่วนของผถ้ ู อื หุน้,True,movement,118.0
GABLE,20260512-gable-fs-1q2026-th.pdf,9,thousand,con,1,24,ก ําไรขาดทุนเบ็ดเสร็จรวมสําหรับงวด,0,ําระแล้ว,False,movement,
GABLE,20260512-gable-fs-1q2026-th.pdf,9,thousand,con,1,24,ก ําไรขาดทุนเบ็ดเสร็จรวมสําหรับงวด,1,ส่วนเก ินมูลค ่า หุน้ สามัญ,False,movement,
GABLE,20260512-gable-fs-1q2026-th.pdf,9,thousand,con,1,24,ก ําไรขาดทุนเบ็ดเสร็จรวมสําหรับงวด,2,ส่วนเก ินทุน จากการรวมธุรก ิจ ภายใต้การควบค ุม เดียวก ัน,False,movement,
GABLE,20260512-gable-fs-1q2026-th.pdf,9,thousand,con,1,24,ก ําไรขาดทุนเบ็ดเสร็จรวมสําหรับงวด,3,ส่วนเก ินทุน จากการเปลียB นแปลง สัดส่วนการถือหุน้ ในบริษทั ย่อย,False,movement,
GABLE,20260512-gable-fs-1q2026-th.pdf,9,thousand,con,1,24,ก ําไรขาดทุนเบ็ดเสร็จรวมสําหรับงวด,4,ส่วนของผถ้ ู อื หุน้ ของบริษทั สํารองส่วนทุนจาก การจ่ายโดยใช้ หุน้ เป็ นเกณฑ์,False,movement,
GABLE,20260512-gable-fs-1q2026-th.pdf,9,thousand,con,1,24,ก ําไรขาดทุนเบ็ดเสร็จรวมสําหรับงวด,5,งบการเงินรวม ฯ ก ําไรสะสม จัดสรรแล้ว,False,movement,
GABLE,20260512-gable-fs-1q2026-th.pdf,9,thousand,con,1,24,ก ําไรขาดทุนเบ็ดเสร็จรวมสําหรับงวด,6,ยังไม่ไ ด้จัดสรร,False,movement,83951.0
GABLE,20260512-gable-fs-1q2026-th.pdf,9,thousand,con,1,24,ก ําไรขาดทุนเบ็ดเสร็จรวมสําหรับงวด,7,องค ์ประกอบอืนB ของส่วนของผถ้ ู อื หุน้ ก ําไรขาดทุนเบ็ดเสร็จอืนB ผลต่างจากการแปลง ค ่างบการเงินทีเB ป็ น เงินตราต่างประเทศ,False,movement,118.0
GABLE,20260512-gable-fs-1q2026-th.pdf,9,thousand,con,1,24,ก ําไรขาดทุนเบ็ดเสร็จรวมสําหรับงวด,8,รวม ส่วนของผถ้ ู อื หุน้ ของบริษทั ฯ,False,movement,84069.0
GABLE,20260512-gable-fs-1q2026-th.pdf,9,thousand,con,1,24,ก ําไรขาดทุนเบ็ดเสร็จรวมสําหรับงวด,9,(ยังไม่ไ ด้ตรวจสอบ ส่วนได้เสียทีB ไม่มีอ ํานาจควบค ุม ของบริษทั ย่อย,False,movement,-1164.0
GABLE,20260512-gable-fs-1q2026-th.pdf,9,thousand,con,1,24,ก ําไรขาดทุนเบ็ดเสร็จรวมสําหรับงวด,10,แต่สอบทานแล้ว) (หน่วย: พันบาท) รวม ส่วนของผถ้ ู อื หุน้,True,movement,82905.0
GABLE,20260512-gable-fs-1q2026-th.pdf,9,thousand,con,1,25,การจ่ายโดยใช้หุน้ เป็ นเกณฑ์,0,ําระแล้ว,False,movement,
GABLE,20260512-gable-fs-1q2026-th.pdf,9,thousand,con,1,25,การจ่ายโดยใช้หุน้ เป็ นเกณฑ์,1,ส่วนเก ินมูลค ่า หุน้ สามัญ,False,movement,
GABLE,20260512-gable-fs-1q2026-th.pdf,9,thousand,con,1,25,การจ่ายโดยใช้หุน้ เป็ นเกณฑ์,2,ส่วนเก ินทุน จากการรวมธุรก ิจ ภายใต้การควบค ุม เดียวก ัน,False,movement,
GABLE,20260512-gable-fs-1q2026-th.pdf,9,thousand,con,1,25,การจ่ายโดยใช้หุน้ เป็ นเกณฑ์,3,ส่วนเก ินทุน จากการเปลียB นแปลง สัดส่วนการถือหุน้ ในบริษทั ย่อย,False,movement,
GABLE,20260512-gable-fs-1q2026-th.pdf,9,thousand,con,1,25,การจ่ายโดยใช้หุน้ เป็ นเกณฑ์,4,ส่วนของผถ้ ู อื หุน้ ของบริษทั สํารองส่วนทุนจาก การจ่ายโดยใช้ หุน้ เป็ นเกณฑ์,False,movement,14.0
GABLE,20260512-gable-fs-1q2026-th.pdf,9,thousand,con,1,25,การจ่ายโดยใช้หุน้ เป็ นเกณฑ์,5,งบการเงินรวม ฯ ก ําไรสะสม จัดสรรแล้ว,False,movement,
GABLE,20260512-gable-fs-1q2026-th.pdf,9,thousand,con,1,25,การจ่ายโดยใช้หุน้ เป็ นเกณฑ์,6,ยังไม่ไ ด้จัดสรร,False,movement,
GABLE,20260512-gable-fs-1q2026-th.pdf,9,thousand,con,1,25,การจ่ายโดยใช้หุน้ เป็ นเกณฑ์,7,องค ์ประกอบอืนB ของส่วนของผถ้ ู อื หุน้ ก ําไรขาดทุนเบ็ดเสร็จอืนB ผลต่างจากการแปลง ค ่างบการเงินทีเB ป็ น เงินตราต่างประเทศ,False,movement,
GABLE,20260512-gable-fs-1q2026-th.pdf,9,thousand,con,1,25,การจ่ายโดยใช้หุน้ เป็ นเกณฑ์,8,รวม ส่วนของผถ้ ู อื หุน้ ของบริษทั ฯ,False,movement,14.0
GABLE,20260512-gable-fs-1q2026-th.pdf,9,thousand,con,1,25,การจ่ายโดยใช้หุน้ เป็ นเกณฑ์,9,(ยังไม่ไ ด้ตรวจสอบ ส่วนได้เสียทีB ไม่มีอ ํานาจควบค ุม ของบริษทั ย่อย,False,movement,
GABLE,20260512-gable-fs-1q2026-th.pdf,9,thousand,con,1,25,การจ่ายโดยใช้หุน้ เป็ นเกณฑ์,10,แต่สอบทานแล้ว) (หน่วย: พันบาท) รวม ส่วนของผถ้ ู อื หุน้,True,movement,14.0
GABLE,20260512-gable-fs-1q2026-th.pdf,9,thousand,con,1,27,ใบสําค ัญแสดงสิทธิในบริษทั ย่อย,0,ําระแล้ว,False,movement,
GABLE,20260512-gable-fs-1q2026-th.pdf,9,thousand,con,1,27,ใบสําค ัญแสดงสิทธิในบริษทั ย่อย,1,ส่วนเก ินมูลค ่า หุน้ สามัญ,False,movement,
GABLE,20260512-gable-fs-1q2026-th.pdf,9,thousand,con,1,27,ใบสําค ัญแสดงสิทธิในบริษทั ย่อย,2,ส่วนเก ินทุน จากการรวมธุรก ิจ ภายใต้การควบค ุม เดียวก ัน,False,movement,
GABLE,20260512-gable-fs-1q2026-th.pdf,9,thousand,con,1,27,ใบสําค ัญแสดงสิทธิในบริษทั ย่อย,3,ส่วนเก ินทุน จากการเปลียB นแปลง สัดส่วนการถือหุน้ ในบริษทั ย่อย,False,movement,
GABLE,20260512-gable-fs-1q2026-th.pdf,9,thousand,con,1,27,ใบสําค ัญแสดงสิทธิในบริษทั ย่อย,4,ส่วนของผถ้ ู อื หุน้ ของบริษทั สํารองส่วนทุนจาก การจ่ายโดยใช้ หุน้ เป็ นเกณฑ์,False,movement,
GABLE,20260512-gable-fs-1q2026-th.pdf,9,thousand,con,1,27,ใบสําค ัญแสดงสิทธิในบริษทั ย่อย,5,งบการเงินรวม ฯ ก ําไรสะสม จัดสรรแล้ว,False,movement,
GABLE,20260512-gable-fs-1q2026-th.pdf,9,thousand,con,1,27,ใบสําค ัญแสดงสิทธิในบริษทั ย่อย,6,ยังไม่ไ ด้จัดสรร,False,movement,
GABLE,20260512-gable-fs-1q2026-th.pdf,9,thousand,con,1,27,ใบสําค ัญแสดงสิทธิในบริษทั ย่อย,7,องค ์ประกอบอืนB ของส่วนของผถ้ ู อื หุน้ ก ําไรขาดทุนเบ็ดเสร็จอืนB ผลต่างจากการแปลง ค ่างบการเงินทีเB ป็ น เงินตราต่างประเทศ,False,movement,
GABLE,20260512-gable-fs-1q2026-th.pdf,9,thousand,con,1,27,ใบสําค ัญแสดงสิทธิในบริษทั ย่อย,8,รวม ส่วนของผถ้ ู อื หุน้ ของบริษทั ฯ,False,movement,
GABLE,20260512-gable-fs-1q2026-th.pdf,9,thousand,con,1,27,ใบสําค ัญแสดงสิทธิในบริษทั ย่อย,9,(ยังไม่ไ ด้ตรวจสอบ ส่วนได้เสียทีB ไม่มีอ ํานาจควบค ุม ของบริษทั ย่อย,False,movement,4090.0
GABLE,20260512-gable-fs-1q2026-th.pdf,9,thousand,con,1,27,ใบสําค ัญแสดงสิทธิในบริษทั ย่อย,10,แต่สอบทานแล้ว) (หน่วย: พันบาท) รวม ส่วนของผถ้ ู อื หุน้,True,movement,4090.0
GABLE,20260512-gable-fs-1q2026-th.pdf,9,thousand,con,1,28,ยอดคงเหลือ ณ วันที< 31 มีนาคม 2569,0,ําระแล้ว,False,balance,700021.0
GABLE,20260512-gable-fs-1q2026-th.pdf,9,thousand,con,1,28,ยอดคงเหลือ ณ วันที< 31 มีนาคม 2569,1,ส่วนเก ินมูลค ่า หุน้ สามัญ,False,balance,932329.0
GABLE,20260512-gable-fs-1q2026-th.pdf,9,thousand,con,1,28,ยอดคงเหลือ ณ วันที< 31 มีนาคม 2569,2,ส่วนเก ินทุน จากการรวมธุรก ิจ ภายใต้การควบค ุม เดียวก ัน,False,balance,134623.0
GABLE,20260512-gable-fs-1q2026-th.pdf,9,thousand,con,1,28,ยอดคงเหลือ ณ วันที< 31 มีนาคม 2569,3,ส่วนเก ินทุน จากการเปลียB นแปลง สัดส่วนการถือหุน้ ในบริษทั ย่อย,False,balance,1658.0
GABLE,20260512-gable-fs-1q2026-th.pdf,9,thousand,con,1,28,ยอดคงเหลือ ณ วันที< 31 มีนาคม 2569,4,ส่วนของผถ้ ู อื หุน้ ของบริษทั สํารองส่วนทุนจาก การจ่ายโดยใช้ หุน้ เป็ นเกณฑ์,False,balance,8044.0
GABLE,20260512-gable-fs-1q2026-th.pdf,9,thousand,con,1,28,ยอดคงเหลือ ณ วันที< 31 มีนาคม 2569,5,งบการเงินรวม ฯ ก ําไรสะสม จัดสรรแล้ว,False,balance,70750.0
GABLE,20260512-gable-fs-1q2026-th.pdf,9,thousand,con,1,28,ยอดคงเหลือ ณ วันที< 31 มีนาคม 2569,6,ยังไม่ไ ด้จัดสรร,False,balance,523504.0
GABLE,20260512-gable-fs-1q2026-th.pdf,9,thousand,con,1,28,ยอดคงเหลือ ณ วันที< 31 มีนาคม 2569,7,องค ์ประกอบอืนB ของส่วนของผถ้ ู อื หุน้ ก ําไรขาดทุนเบ็ดเสร็จอืนB ผลต่างจากการแปลง ค ่างบการเงินทีเB ป็ น เงินตราต่างประเทศ,False,balance,-69.0
GABLE,20260512-gable-fs-1q2026-th.pdf,9,thousand,con,1,28,ยอดคงเหลือ ณ วันที< 31 มีนาคม 2569,8,รวม ส่วนของผถ้ ู อื หุน้ ของบริษทั ฯ,False,balance,2370860.0
GABLE,20260512-gable-fs-1q2026-th.pdf,9,thousand,con,1,28,ยอดคงเหลือ ณ วันที< 31 มีนาคม 2569,9,(ยังไม่ไ ด้ตรวจสอบ ส่วนได้เสียทีB ไม่มีอ ํานาจควบค ุม ของบริษทั ย่อย,False,balance,37035.0
GABLE,20260512-gable-fs-1q2026-th.pdf,9,thousand,con,1,28,ยอดคงเหลือ ณ วันที< 31 มีนาคม 2569,10,แต่สอบทานแล้ว) (หน่วย: พันบาท) รวม ส่วนของผถ้ ู อื หุน้,True,balance,2407895.0
GABLE,20260512-gable-fs-1q2026-th.pdf,10,thousand,sep,0,9,ยอดคงเหลือ ณ วันที< 1 มกราคม 2568,0,ทุนเรือนหุน้ ําระแล้ว,False,balance,700021.0
GABLE,20260512-gable-fs-1q2026-th.pdf,10,thousand,sep,0,9,ยอดคงเหลือ ณ วันที< 1 มกราคม 2568,1,ส่วนเก ินมูลค ่า หุน้ สามัญ,False,balance,932329.0
GABLE,20260512-gable-fs-1q2026-th.pdf,10,thousand,sep,0,9,ยอดคงเหลือ ณ วันที< 1 มกราคม 2568,2,สํารองส่วนทุนจาก การจ่ายโดยใช้ หุน้ เป็ นเกณฑ์,False,balance,7379.0
GABLE,20260512-gable-fs-1q2026-th.pdf,10,thousand,sep,0,9,ยอดคงเหลือ ณ วันที< 1 มกราคม 2568,3,งบการเงินเฉพาะกิจการ ก ําไรสะสม จัดสรรแล้ว,False,balance,70750.0
GABLE,20260512-gable-fs-1q2026-th.pdf,10,thousand,sep,0,9,ยอดคงเหลือ ณ วันที< 1 มกราคม 2568,4,(ยังไม่ไ ด้ตรวจสอบ ยังไม่ไ ด้จัดสรร,False,balance,318946.0
GABLE,20260512-gable-fs-1q2026-th.pdf,10,thousand,sep,0,9,ยอดคงเหลือ ณ วันที< 1 มกราคม 2568,5,แต่สอบทานแล้ว) (หน่วย: พันบาท) รวมส่วนของ ผถ้ ู อื หุน้,True,balance,2029425.0
GABLE,20260512-gable-fs-1q2026-th.pdf,10,thousand,sep,0,10,ก ําไรขาดทุนเบ็ดเสร็จรวมสําหรับงวด,0,ทุนเรือนหุน้ ําระแล้ว,False,movement,
GABLE,20260512-gable-fs-1q2026-th.pdf,10,thousand,sep,0,10,ก ําไรขาดทุนเบ็ดเสร็จรวมสําหรับงวด,1,ส่วนเก ินมูลค ่า หุน้ สามัญ,False,movement,
GABLE,20260512-gable-fs-1q2026-th.pdf,10,thousand,sep,0,10,ก ําไรขาดทุนเบ็ดเสร็จรวมสําหรับงวด,2,สํารองส่วนทุนจาก การจ่ายโดยใช้ หุน้ เป็ นเกณฑ์,False,movement,
GABLE,20260512-gable-fs-1q2026-th.pdf,10,thousand,sep,0,10,ก ําไรขาดทุนเบ็ดเสร็จรวมสําหรับงวด,3,งบการเงินเฉพาะกิจการ ก ําไรสะสม จัดสรรแล้ว,False,movement,
GABLE,20260512-gable-fs-1q2026-th.pdf,10,thousand,sep,0,10,ก ําไรขาดทุนเบ็ดเสร็จรวมสําหรับงวด,4,(ยังไม่ไ ด้ตรวจสอบ ยังไม่ไ ด้จัดสรร,False,movement,-19294.0
GABLE,20260512-gable-fs-1q2026-th.pdf,10,thousand,sep,0,10,ก ําไรขาดทุนเบ็ดเสร็จรวมสําหรับงวด,5,แต่สอบทานแล้ว) (หน่วย: พันบาท) รวมส่วนของ ผถ้ ู อื หุน้,True,movement,-19294.0
GABLE,20260512-gable-fs-1q2026-th.pdf,10,thousand,sep,0,11,การจ่ายโดยใช้หุน้ เป็ นเกณฑ์,0,ทุนเรือนหุน้ ําระแล้ว,False,movement,
GABLE,20260512-gable-fs-1q2026-th.pdf,10,thousand,sep,0,11,การจ่ายโดยใช้หุน้ เป็ นเกณฑ์,1,ส่วนเก ินมูลค ่า หุน้ สามัญ,False,movement,
GABLE,20260512-gable-fs-1q2026-th.pdf,10,thousand,sep,0,11,การจ่ายโดยใช้หุน้ เป็ นเกณฑ์,2,สํารองส่วนทุนจาก การจ่ายโดยใช้ หุน้ เป็ นเกณฑ์,False,movement,298.0
GABLE,20260512-gable-fs-1q2026-th.pdf,10,thousand,sep,0,11,การจ่ายโดยใช้หุน้ เป็ นเกณฑ์,3,งบการเงินเฉพาะกิจการ ก ําไรสะสม จัดสรรแล้ว,False,movement,
GABLE,20260512-gable-fs-1q2026-th.pdf,10,thousand,sep,0,11,การจ่ายโดยใช้หุน้ เป็ นเกณฑ์,4,(ยังไม่ไ ด้ตรวจสอบ ยังไม่ไ ด้จัดสรร,False,movement,
GABLE,20260512-gable-fs-1q2026-th.pdf,10,thousand,sep,0,11,การจ่ายโดยใช้หุน้ เป็ นเกณฑ์,5,แต่สอบทานแล้ว) (หน่วย: พันบาท) รวมส่วนของ ผถ้ ู อื หุน้,True,movement,298.0
GABLE,20260512-gable-fs-1q2026-th.pdf,10,thousand,sep,0,12,ยอดคงเหลือ ณ วันที< 31 มีนาคม 2568,0,ทุนเรือนหุน้ ําระแล้ว,False,balance,700021.0
GABLE,20260512-gable-fs-1q2026-th.pdf,10,thousand,sep,0,12,ยอดคงเหลือ ณ วันที< 31 มีนาคม 2568,1,ส่วนเก ินมูลค ่า หุน้ สามัญ,False,balance,932329.0
GABLE,20260512-gable-fs-1q2026-th.pdf,10,thousand,sep,0,12,ยอดคงเหลือ ณ วันที< 31 มีนาคม 2568,2,สํารองส่วนทุนจาก การจ่ายโดยใช้ หุน้ เป็ นเกณฑ์,False,balance,7677.0
GABLE,20260512-gable-fs-1q2026-th.pdf,10,thousand,sep,0,12,ยอดคงเหลือ ณ วันที< 31 มีนาคม 2568,3,งบการเงินเฉพาะกิจการ ก ําไรสะสม จัดสรรแล้ว,False,balance,70750.0
GABLE,20260512-gable-fs-1q2026-th.pdf,10,thousand,sep,0,12,ยอดคงเหลือ ณ วันที< 31 มีนาคม 2568,4,(ยังไม่ไ ด้ตรวจสอบ ยังไม่ไ ด้จัดสรร,False,balance,299652.0
GABLE,20260512-gable-fs-1q2026-th.pdf,10,thousand,sep,0,12,ยอดคงเหลือ ณ วันที< 31 มีนาคม 2568,5,แต่สอบทานแล้ว) (หน่วย: พันบาท) รวมส่วนของ ผถ้ ู อื หุน้,True,balance,2010429.0
GABLE,20260512-gable-fs-1q2026-th.pdf,10,thousand,sep,1,15,ยอดคงเหลือ ณ วันที< 1 มกราคม 2569,0,ทุนเรือนหุน้ ําระแล้ว,False,balance,700021.0
GABLE,20260512-gable-fs-1q2026-th.pdf,10,thousand,sep,1,15,ยอดคงเหลือ ณ วันที< 1 มกราคม 2569,1,ส่วนเก ินมูลค ่า หุน้ สามัญ,False,balance,932329.0
GABLE,20260512-gable-fs-1q2026-th.pdf,10,thousand,sep,1,15,ยอดคงเหลือ ณ วันที< 1 มกราคม 2569,2,สํารองส่วนทุนจาก การจ่ายโดยใช้ หุน้ เป็ นเกณฑ์,False,balance,7969.0
GABLE,20260512-gable-fs-1q2026-th.pdf,10,thousand,sep,1,15,ยอดคงเหลือ ณ วันที< 1 มกราคม 2569,3,งบการเงินเฉพาะกิจการ ก ําไรสะสม จัดสรรแล้ว,False,balance,70750.0
GABLE,20260512-gable-fs-1q2026-th.pdf,10,thousand,sep,1,15,ยอดคงเหลือ ณ วันที< 1 มกราคม 2569,4,(ยังไม่ไ ด้ตรวจสอบ ยังไม่ไ ด้จัดสรร,False,balance,331100.0
GABLE,20260512-gable-fs-1q2026-th.pdf,10,thousand,sep,1,15,ยอดคงเหลือ ณ วันที< 1 มกราคม 2569,5,แต่สอบทานแล้ว) (หน่วย: พันบาท) รวมส่วนของ ผถ้ ู อื หุน้,True,balance,2042169.0
GABLE,20260512-gable-fs-1q2026-th.pdf,10,thousand,sep,1,16,ก ําไรขาดทุนเบ็ดเสร็จรวมสําหรับงวด,0,ทุนเรือนหุน้ ําระแล้ว,False,movement,
GABLE,20260512-gable-fs-1q2026-th.pdf,10,thousand,sep,1,16,ก ําไรขาดทุนเบ็ดเสร็จรวมสําหรับงวด,1,ส่วนเก ินมูลค ่า หุน้ สามัญ,False,movement,
GABLE,20260512-gable-fs-1q2026-th.pdf,10,thousand,sep,1,16,ก ําไรขาดทุนเบ็ดเสร็จรวมสําหรับงวด,2,สํารองส่วนทุนจาก การจ่ายโดยใช้ หุน้ เป็ นเกณฑ์,False,movement,
GABLE,20260512-gable-fs-1q2026-th.pdf,10,thousand,sep,1,16,ก ําไรขาดทุนเบ็ดเสร็จรวมสําหรับงวด,3,งบการเงินเฉพาะกิจการ ก ําไรสะสม จัดสรรแล้ว,False,movement,
GABLE,20260512-gable-fs-1q2026-th.pdf,10,thousand,sep,1,16,ก ําไรขาดทุนเบ็ดเสร็จรวมสําหรับงวด,4,(ยังไม่ไ ด้ตรวจสอบ ยังไม่ไ ด้จัดสรร,False,movement,181727.0
GABLE,20260512-gable-fs-1q2026-th.pdf,10,thousand,sep,1,16,ก ําไรขาดทุนเบ็ดเสร็จรวมสําหรับงวด,5,แต่สอบทานแล้ว) (หน่วย: พันบาท) รวมส่วนของ ผถ้ ู อื หุน้,True,movement,181727.0
GABLE,20260512-gable-fs-1q2026-th.pdf,10,thousand,sep,1,17,ยอดคงเหลือ ณ วันที< 31 มีนาคม 2569,0,ทุนเรือนหุน้ ําระแล้ว,False,balance,700021.0
GABLE,20260512-gable-fs-1q2026-th.pdf,10,thousand,sep,1,17,ยอดคงเหลือ ณ วันที< 31 มีนาคม 2569,1,ส่วนเก ินมูลค ่า หุน้ สามัญ,False,balance,932329.0
GABLE,20260512-gable-fs-1q2026-th.pdf,10,thousand,sep,1,17,ยอดคงเหลือ ณ วันที< 31 มีนาคม 2569,2,สํารองส่วนทุนจาก การจ่ายโดยใช้ หุน้ เป็ นเกณฑ์,False,balance,7969.0
GABLE,20260512-gable-fs-1q2026-th.pdf,10,thousand,sep,1,17,ยอดคงเหลือ ณ วันที< 31 มีนาคม 2569,3,งบการเงินเฉพาะกิจการ ก ําไรสะสม จัดสรรแล้ว,False,balance,70750.0
GABLE,20260512-gable-fs-1q2026-th.pdf,10,thousand,sep,1,17,ยอดคงเหลือ ณ วันที< 31 มีนาคม 2569,4,(ยังไม่ไ ด้ตรวจสอบ ยังไม่ไ ด้จัดสรร,False,balance,512827.0
GABLE,20260512-gable-fs-1q2026-th.pdf,10,thousand,sep,1,17,ยอดคงเหลือ ณ วันที< 31 มีนาคม 2569,5,แต่สอบทานแล้ว) (หน่วย: พันบาท) รวมส่วนของ ผถ้ ู อื หุน้,True,balance,2223896.0
BBIK,20260513-bbik-fs-1q2026-th.pdf,8,baht,con,0,16,ยอดคงเหลือ ณ วันทีN 1 มกราคม 2568,0,ทุนทีอN อก และชําระแล้ว,False,balance,100007737.0
BBIK,20260513-bbik-fs-1q2026-th.pdf,8,baht,con,0,16,ยอดคงเหลือ ณ วันทีN 1 มกราคม 2568,1,ส่ วนเกินมูลค่า หุ้นสามัญ,False,balance,1487827519.0
BBIK,20260513-bbik-fs-1q2026-th.pdf,8,baht,con,0,16,ยอดคงเหลือ ณ วันทีN 1 มกราคม 2568,2,ส่ วนเกินทุน จากการแลกหุ้น,False,balance,4930000.0
BBIK,20260513-bbik-fs-1q2026-th.pdf,8,baht,con,0,16,ยอดคงเหลือ ณ วันทีN 1 มกราคม 2568,3,ส่ วนเกินทุนจาก การจ่ายโดยใช้ หุ้นเป็ นเกณฑ์,False,balance,10774866.0
BBIK,20260513-bbik-fs-1q2026-th.pdf,8,baht,con,0,16,ยอดคงเหลือ ณ วันทีN 1 มกราคม 2568,4,ส่ วนตํNาจาก การเปลียN นแปลง สัดส่ วน การลงทุน ในบริษทั ย่อย,False,balance,-211231062.0
BBIK,20260513-bbik-fs-1q2026-th.pdf,8,baht,con,0,16,ยอดคงเหลือ ณ วันทีN 1 มกราคม 2568,5,ส่ กําไรสะสม จัดสรรเพืNอ สํารองตาม กฎหมาย,False,balance,5500000.0
BBIK,20260513-bbik-fs-1q2026-th.pdf,8,baht,con,0,16,ยอดคงเหลือ ณ วันทีN 1 มกราคม 2568,6,วนของผู้ ถือหุ้นบริษทั ยังไม่ได้ จัดสรร,False,balance,580283336.0
BBIK,20260513-bbik-fs-1q2026-th.pdf,8,baht,con,0,16,ยอดคงเหลือ ณ วันทีN 1 มกราคม 2568,7,ใหญ่ กําไร(ขาดทุน)จากอัตรา แลกเปลียN นของสินทรัพย์ ทางการเงินให้วดั มูลค่า ด้ วยมูลค่ายุติธรรมผ่ าน กําไรขาดทุนเบ็ดเสร็จอืNน,False,balance,38976.0
BBIK,20260513-bbik-fs-1q2026-th.pdf,8,baht,con,0,16,ยอดคงเหลือ ณ วันทีN 1 มกราคม 2568,8,องค์ประกอบอืNนของส่ วนของผู้ ถือหุ้น กําไร (ขาดทุน) เบ็ดเสร็จอืNน กําไร(ขาดทุน)จากเงินลงทุน ในตราสารทุนทีกN าํ หนด ให้วดั มูลค่าด้ วยมูลค่า ยุติธรรมผ่ านกําไร ขาดทุนเบ็ดเสร็จอืNน,False,balance,-7489.0
BBIK,20260513-bbik-fs-1q2026-th.pdf,8,baht,con,0,16,ยอดคงเหลือ ณ วันทีN 1 มกราคม 2568,9,ผลต่ างจาก การแปลงค่า งบการเงิน,False,balance,39701.0
BBIK,20260513-bbik-fs-1q2026-th.pdf,8,baht,con,0,16,ยอดคงเหลือ ณ วันทีN 1 มกราคม 2568,10,รวม กําไร(ขาดทุน) เบ็ดเสร็จอืNน,False,balance,71188.0
BBIK,20260513-bbik-fs-1q2026-th.pdf,8,baht,con,0,16,ยอดคงเหลือ ณ วันทีN 1 มกราคม 2568,11,รวมส่ วนของ ผู้ ถือหุ้นของ บริษทั ใหญ่,False,balance,1978163584.0
BBIK,20260513-bbik-fs-1q2026-th.pdf,8,baht,con,0,16,ยอดคงเหลือ ณ วันทีN 1 มกราคม 2568,12,(ยังไม่ได้ ตรวจสอบ ส่ วนได้ เสีย ทีไN ม่มอี าํ นาจ ควบคุม,False,balance,27696318.0
BBIK,20260513-bbik-fs-1q2026-th.pdf,8,baht,con,0,16,ยอดคงเหลือ ณ วันทีN 1 มกราคม 2568,13,แต่ สอบทานแล้ว) (หน่วย : บาท) รวมส่ วนของ ผู้ ถือหุ้น,True,balance,2005859902.0
BBIK,20260513-bbik-fs-1q2026-th.pdf,8,baht,con,0,18,ส่วนตํา8 จากการเปลีย นแปลงสัดส่วนการลงทุนในบริษทั ย่อย,0,ทุนทีอN อก และชําระแล้ว,False,movement,
BBIK,20260513-bbik-fs-1q2026-th.pdf,8,baht,con,0,18,ส่วนตํา8 จากการเปลีย นแปลงสัดส่วนการลงทุนในบริษทั ย่อย,1,ส่ วนเกินมูลค่า หุ้นสามัญ,False,movement,
BBIK,20260513-bbik-fs-1q2026-th.pdf,8,baht,con,0,18,ส่วนตํา8 จากการเปลีย นแปลงสัดส่วนการลงทุนในบริษทั ย่อย,2,ส่ วนเกินทุน จากการแลกหุ้น,False,movement,
BBIK,20260513-bbik-fs-1q2026-th.pdf,8,baht,con,0,18,ส่วนตํา8 จากการเปลีย นแปลงสัดส่วนการลงทุนในบริษทั ย่อย,3,ส่ วนเกินทุนจาก การจ่ายโดยใช้ หุ้นเป็ นเกณฑ์,False,movement,
BBIK,20260513-bbik-fs-1q2026-th.pdf,8,baht,con,0,18,ส่วนตํา8 จากการเปลีย นแปลงสัดส่วนการลงทุนในบริษทั ย่อย,4,ส่ วนตํNาจาก การเปลียN นแปลง สัดส่ วน การลงทุน ในบริษทั ย่อย,False,movement,-126260052.0
BBIK,20260513-bbik-fs-1q2026-th.pdf,8,baht,con,0,18,ส่วนตํา8 จากการเปลีย นแปลงสัดส่วนการลงทุนในบริษทั ย่อย,5,ส่ กําไรสะสม จัดสรรเพืNอ สํารองตาม กฎหมาย,False,movement,
BBIK,20260513-bbik-fs-1q2026-th.pdf,8,baht,con,0,18,ส่วนตํา8 จากการเปลีย นแปลงสัดส่วนการลงทุนในบริษทั ย่อย,6,วนของผู้ ถือหุ้นบริษทั ยังไม่ได้ จัดสรร,False,movement,
BBIK,20260513-bbik-fs-1q2026-th.pdf,8,baht,con,0,18,ส่วนตํา8 จากการเปลีย นแปลงสัดส่วนการลงทุนในบริษทั ย่อย,7,ใหญ่ กําไร(ขาดทุน)จากอัตรา แลกเปลียN นของสินทรัพย์ ทางการเงินให้วดั มูลค่า ด้ วยมูลค่ายุติธรรมผ่ าน กําไรขาดทุนเบ็ดเสร็จอืNน,False,movement,
BBIK,20260513-bbik-fs-1q2026-th.pdf,8,baht,con,0,18,ส่วนตํา8 จากการเปลีย นแปลงสัดส่วนการลงทุนในบริษทั ย่อย,8,องค์ประกอบอืNนของส่ วนของผู้ ถือหุ้น กําไร (ขาดทุน) เบ็ดเสร็จอืNน กําไร(ขาดทุน)จากเงินลงทุน ในตราสารทุนทีกN าํ หนด ให้วดั มูลค่าด้ วยมูลค่า ยุติธรรมผ่ านกําไร ขาดทุนเบ็ดเสร็จอืNน,False,movement,
BBIK,20260513-bbik-fs-1q2026-th.pdf,8,baht,con,0,18,ส่วนตํา8 จากการเปลีย นแปลงสัดส่วนการลงทุนในบริษทั ย่อย,9,ผลต่ างจาก การแปลงค่า งบการเงิน,False,movement,
BBIK,20260513-bbik-fs-1q2026-th.pdf,8,baht,con,0,18,ส่วนตํา8 จากการเปลีย นแปลงสัดส่วนการลงทุนในบริษทั ย่อย,10,รวม กําไร(ขาดทุน) เบ็ดเสร็จอืNน,False,movement,
BBIK,20260513-bbik-fs-1q2026-th.pdf,8,baht,con,0,18,ส่วนตํา8 จากการเปลีย นแปลงสัดส่วนการลงทุนในบริษทั ย่อย,11,รวมส่ วนของ ผู้ ถือหุ้นของ บริษทั ใหญ่,False,movement,-126260052.0
BBIK,20260513-bbik-fs-1q2026-th.pdf,8,baht,con,0,18,ส่วนตํา8 จากการเปลีย นแปลงสัดส่วนการลงทุนในบริษทั ย่อย,12,(ยังไม่ได้ ตรวจสอบ ส่ วนได้ เสีย ทีไN ม่มอี าํ นาจ ควบคุม,False,movement,-20906911.0
BBIK,20260513-bbik-fs-1q2026-th.pdf,8,baht,con,0,18,ส่วนตํา8 จากการเปลีย นแปลงสัดส่วนการลงทุนในบริษทั ย่อย,13,แต่ สอบทานแล้ว) (หน่วย : บาท) รวมส่ วนของ ผู้ ถือหุ้น,True,movement,-147166963.0
BBIK,20260513-bbik-fs-1q2026-th.pdf,8,baht,con,0,19,ก ําไร (ขาดทุน) เบ็ดเสร็จรวมสําหรับงวด,0,ทุนทีอN อก และชําระแล้ว,False,movement,
BBIK,20260513-bbik-fs-1q2026-th.pdf,8,baht,con,0,19,ก ําไร (ขาดทุน) เบ็ดเสร็จรวมสําหรับงวด,1,ส่ วนเกินมูลค่า หุ้นสามัญ,False,movement,
BBIK,20260513-bbik-fs-1q2026-th.pdf,8,baht,con,0,19,ก ําไร (ขาดทุน) เบ็ดเสร็จรวมสําหรับงวด,2,ส่ วนเกินทุน จากการแลกหุ้น,False,movement,
BBIK,20260513-bbik-fs-1q2026-th.pdf,8,baht,con,0,19,ก ําไร (ขาดทุน) เบ็ดเสร็จรวมสําหรับงวด,3,ส่ วนเกินทุนจาก การจ่ายโดยใช้ หุ้นเป็ นเกณฑ์,False,movement,
BBIK,20260513-bbik-fs-1q2026-th.pdf,8,baht,con,0,19,ก ําไร (ขาดทุน) เบ็ดเสร็จรวมสําหรับงวด,4,ส่ วนตํNาจาก การเปลียN นแปลง สัดส่ วน การลงทุน ในบริษทั ย่อย,False,movement,
BBIK,20260513-bbik-fs-1q2026-th.pdf,8,baht,con,0,19,ก ําไร (ขาดทุน) เบ็ดเสร็จรวมสําหรับงวด,5,ส่ กําไรสะสม จัดสรรเพืNอ สํารองตาม กฎหมาย,False,movement,
BBIK,20260513-bbik-fs-1q2026-th.pdf,8,baht,con,0,19,ก ําไร (ขาดทุน) เบ็ดเสร็จรวมสําหรับงวด,6,วนของผู้ ถือหุ้นบริษทั ยังไม่ได้ จัดสรร,False,movement,72478103.0
BBIK,20260513-bbik-fs-1q2026-th.pdf,8,baht,con,0,19,ก ําไร (ขาดทุน) เบ็ดเสร็จรวมสําหรับงวด,7,ใหญ่ กําไร(ขาดทุน)จากอัตรา แลกเปลียN นของสินทรัพย์ ทางการเงินให้วดั มูลค่า ด้ วยมูลค่ายุติธรรมผ่ าน กําไรขาดทุนเบ็ดเสร็จอืNน,False,movement,-35056.0
BBIK,20260513-bbik-fs-1q2026-th.pdf,8,baht,con,0,19,ก ําไร (ขาดทุน) เบ็ดเสร็จรวมสําหรับงวด,8,องค์ประกอบอืNนของส่ วนของผู้ ถือหุ้น กําไร (ขาดทุน) เบ็ดเสร็จอืNน กําไร(ขาดทุน)จากเงินลงทุน ในตราสารทุนทีกN าํ หนด ให้วดั มูลค่าด้ วยมูลค่า ยุติธรรมผ่ านกําไร ขาดทุนเบ็ดเสร็จอืNน,False,movement,-766312.0
BBIK,20260513-bbik-fs-1q2026-th.pdf,8,baht,con,0,19,ก ําไร (ขาดทุน) เบ็ดเสร็จรวมสําหรับงวด,9,ผลต่ างจาก การแปลงค่า งบการเงิน,False,movement,30884.0
BBIK,20260513-bbik-fs-1q2026-th.pdf,8,baht,con,0,19,ก ําไร (ขาดทุน) เบ็ดเสร็จรวมสําหรับงวด,10,รวม กําไร(ขาดทุน) เบ็ดเสร็จอืNน,False,movement,-770484.0
BBIK,20260513-bbik-fs-1q2026-th.pdf,8,baht,con,0,19,ก ําไร (ขาดทุน) เบ็ดเสร็จรวมสําหรับงวด,11,รวมส่ วนของ ผู้ ถือหุ้นของ บริษทั ใหญ่,False,movement,71707619.0
BBIK,20260513-bbik-fs-1q2026-th.pdf,8,baht,con,0,19,ก ําไร (ขาดทุน) เบ็ดเสร็จรวมสําหรับงวด,12,(ยังไม่ได้ ตรวจสอบ ส่ วนได้ เสีย ทีไN ม่มอี าํ นาจ ควบคุม,False,movement,297973.0
BBIK,20260513-bbik-fs-1q2026-th.pdf,8,baht,con,0,19,ก ําไร (ขาดทุน) เบ็ดเสร็จรวมสําหรับงวด,13,แต่ สอบทานแล้ว) (หน่วย : บาท) รวมส่ วนของ ผู้ ถือหุ้น,True,movement,72005592.0
BBIK,20260513-bbik-fs-1q2026-th.pdf,8,baht,con,0,20,รวมการเปลียN นแปลงในส่ วนของผู้ ถือหุ้น,0,ทุนทีอN อก และชําระแล้ว,False,movement,
BBIK,20260513-bbik-fs-1q2026-th.pdf,8,baht,con,0,20,รวมการเปลียN นแปลงในส่ วนของผู้ ถือหุ้น,1,ส่ วนเกินมูลค่า หุ้นสามัญ,False,movement,
BBIK,20260513-bbik-fs-1q2026-th.pdf,8,baht,con,0,20,รวมการเปลียN นแปลงในส่ วนของผู้ ถือหุ้น,2,ส่ วนเกินทุน จากการแลกหุ้น,False,movement,
BBIK,20260513-bbik-fs-1q2026-th.pdf,8,baht,con,0,20,รวมการเปลียN นแปลงในส่ วนของผู้ ถือหุ้น,3,ส่ วนเกินทุนจาก การจ่ายโดยใช้ หุ้นเป็ นเกณฑ์,False,movement,
BBIK,20260513-bbik-fs-1q2026-th.pdf,8,baht,con,0,20,รวมการเปลียN นแปลงในส่ วนของผู้ ถือหุ้น,4,ส่ วนตํNาจาก การเปลียN นแปลง สัดส่ วน การลงทุน ในบริษทั ย่อย,False,movement,-126260052.0
BBIK,20260513-bbik-fs-1q2026-th.pdf,8,baht,con,0,20,รวมการเปลียN นแปลงในส่ วนของผู้ ถือหุ้น,5,ส่ กําไรสะสม จัดสรรเพืNอ สํารองตาม กฎหมาย,False,movement,
BBIK,20260513-bbik-fs-1q2026-th.pdf,8,baht,con,0,20,รวมการเปลียN นแปลงในส่ วนของผู้ ถือหุ้น,6,วนของผู้ ถือหุ้นบริษทั ยังไม่ได้ จัดสรร,False,movement,72478103.0
BBIK,20260513-bbik-fs-1q2026-th.pdf,8,baht,con,0,20,รวมการเปลียN นแปลงในส่ วนของผู้ ถือหุ้น,7,ใหญ่ กําไร(ขาดทุน)จากอัตรา แลกเปลียN นของสินทรัพย์ ทางการเงินให้วดั มูลค่า ด้ วยมูลค่ายุติธรรมผ่ าน กําไรขาดทุนเบ็ดเสร็จอืNน,False,movement,-35056.0
BBIK,20260513-bbik-fs-1q2026-th.pdf,8,baht,con,0,20,รวมการเปลียN นแปลงในส่ วนของผู้ ถือหุ้น,8,องค์ประกอบอืNนของส่ วนของผู้ ถือหุ้น กําไร (ขาดทุน) เบ็ดเสร็จอืNน กําไร(ขาดทุน)จากเงินลงทุน ในตราสารทุนทีกN าํ หนด ให้วดั มูลค่าด้ วยมูลค่า ยุติธรรมผ่ านกําไร ขาดทุนเบ็ดเสร็จอืNน,False,movement,-766312.0
BBIK,20260513-bbik-fs-1q2026-th.pdf,8,baht,con,0,20,รวมการเปลียN นแปลงในส่ วนของผู้ ถือหุ้น,9,ผลต่ างจาก การแปลงค่า งบการเงิน,False,movement,30884.0
BBIK,20260513-bbik-fs-1q2026-th.pdf,8,baht,con,0,20,รวมการเปลียN นแปลงในส่ วนของผู้ ถือหุ้น,10,รวม กําไร(ขาดทุน) เบ็ดเสร็จอืNน,False,movement,-770484.0
BBIK,20260513-bbik-fs-1q2026-th.pdf,8,baht,con,0,20,รวมการเปลียN นแปลงในส่ วนของผู้ ถือหุ้น,11,รวมส่ วนของ ผู้ ถือหุ้นของ บริษทั ใหญ่,False,movement,-54552433.0
BBIK,20260513-bbik-fs-1q2026-th.pdf,8,baht,con,0,20,รวมการเปลียN นแปลงในส่ วนของผู้ ถือหุ้น,12,(ยังไม่ได้ ตรวจสอบ ส่ วนได้ เสีย ทีไN ม่มอี าํ นาจ ควบคุม,False,movement,-20608938.0
BBIK,20260513-bbik-fs-1q2026-th.pdf,8,baht,con,0,20,รวมการเปลียN นแปลงในส่ วนของผู้ ถือหุ้น,13,แต่ สอบทานแล้ว) (หน่วย : บาท) รวมส่ วนของ ผู้ ถือหุ้น,True,movement,-75161371.0
BBIK,20260513-bbik-fs-1q2026-th.pdf,8,baht,con,0,21,ยอดคงเหลือ ณ วันทีN 31 มีนาคม 2568,0,ทุนทีอN อก และชําระแล้ว,False,balance,100007737.0
BBIK,20260513-bbik-fs-1q2026-th.pdf,8,baht,con,0,21,ยอดคงเหลือ ณ วันทีN 31 มีนาคม 2568,1,ส่ วนเกินมูลค่า หุ้นสามัญ,False,balance,1487827519.0
BBIK,20260513-bbik-fs-1q2026-th.pdf,8,baht,con,0,21,ยอดคงเหลือ ณ วันทีN 31 มีนาคม 2568,2,ส่ วนเกินทุน จากการแลกหุ้น,False,balance,4930000.0
BBIK,20260513-bbik-fs-1q2026-th.pdf,8,baht,con,0,21,ยอดคงเหลือ ณ วันทีN 31 มีนาคม 2568,3,ส่ วนเกินทุนจาก การจ่ายโดยใช้ หุ้นเป็ นเกณฑ์,False,balance,10774866.0
BBIK,20260513-bbik-fs-1q2026-th.pdf,8,baht,con,0,21,ยอดคงเหลือ ณ วันทีN 31 มีนาคม 2568,4,ส่ วนตํNาจาก การเปลียN นแปลง สัดส่ วน การลงทุน ในบริษทั ย่อย,False,balance,-337491114.0
BBIK,20260513-bbik-fs-1q2026-th.pdf,8,baht,con,0,21,ยอดคงเหลือ ณ วันทีN 31 มีนาคม 2568,5,ส่ กําไรสะสม จัดสรรเพืNอ สํารองตาม กฎหมาย,False,balance,5500000.0
BBIK,20260513-bbik-fs-1q2026-th.pdf,8,baht,con,0,21,ยอดคงเหลือ ณ วันทีN 31 มีนาคม 2568,6,วนของผู้ ถือหุ้นบริษทั ยังไม่ได้ จัดสรร,False,balance,652761439.0
BBIK,20260513-bbik-fs-1q2026-th.pdf,8,baht,con,0,21,ยอดคงเหลือ ณ วันทีN 31 มีนาคม 2568,7,ใหญ่ กําไร(ขาดทุน)จากอัตรา แลกเปลียN นของสินทรัพย์ ทางการเงินให้วดั มูลค่า ด้ วยมูลค่ายุติธรรมผ่ าน กําไรขาดทุนเบ็ดเสร็จอืNน,False,balance,3920.0
BBIK,20260513-bbik-fs-1q2026-th.pdf,8,baht,con,0,21,ยอดคงเหลือ ณ วันทีN 31 มีนาคม 2568,8,องค์ประกอบอืNนของส่ วนของผู้ ถือหุ้น กําไร (ขาดทุน) เบ็ดเสร็จอืNน กําไร(ขาดทุน)จากเงินลงทุน ในตราสารทุนทีกN าํ หนด ให้วดั มูลค่าด้ วยมูลค่า ยุติธรรมผ่ านกําไร ขาดทุนเบ็ดเสร็จอืNน,False,balance,-773801.0
BBIK,20260513-bbik-fs-1q2026-th.pdf,8,baht,con,0,21,ยอดคงเหลือ ณ วันทีN 31 มีนาคม 2568,9,ผลต่ างจาก การแปลงค่า งบการเงิน,False,balance,70585.0
BBIK,20260513-bbik-fs-1q2026-th.pdf,8,baht,con,0,21,ยอดคงเหลือ ณ วันทีN 31 มีนาคม 2568,10,รวม กําไร(ขาดทุน) เบ็ดเสร็จอืNน,False,balance,-699296.0
BBIK,20260513-bbik-fs-1q2026-th.pdf,8,baht,con,0,21,ยอดคงเหลือ ณ วันทีN 31 มีนาคม 2568,11,รวมส่ วนของ ผู้ ถือหุ้นของ บริษทั ใหญ่,False,balance,1923611151.0
BBIK,20260513-bbik-fs-1q2026-th.pdf,8,baht,con,0,21,ยอดคงเหลือ ณ วันทีN 31 มีนาคม 2568,12,(ยังไม่ได้ ตรวจสอบ ส่ วนได้ เสีย ทีไN ม่มอี าํ นาจ ควบคุม,False,balance,7087380.0
BBIK,20260513-bbik-fs-1q2026-th.pdf,8,baht,con,0,21,ยอดคงเหลือ ณ วันทีN 31 มีนาคม 2568,13,แต่ สอบทานแล้ว) (หน่วย : บาท) รวมส่ วนของ ผู้ ถือหุ้น,True,balance,1930698531.0
BBIK,20260513-bbik-fs-1q2026-th.pdf,8,baht,con,1,23,ยอดคงเหลือ ณ วันทีN 1 มกราคม 2569,0,ทุนทีอN อก และชําระแล้ว,False,balance,100007737.0
BBIK,20260513-bbik-fs-1q2026-th.pdf,8,baht,con,1,23,ยอดคงเหลือ ณ วันทีN 1 มกราคม 2569,1,ส่ วนเกินมูลค่า หุ้นสามัญ,False,balance,1487827519.0
BBIK,20260513-bbik-fs-1q2026-th.pdf,8,baht,con,1,23,ยอดคงเหลือ ณ วันทีN 1 มกราคม 2569,2,ส่ วนเกินทุน จากการแลกหุ้น,False,balance,4930000.0
BBIK,20260513-bbik-fs-1q2026-th.pdf,8,baht,con,1,23,ยอดคงเหลือ ณ วันทีN 1 มกราคม 2569,3,ส่ วนเกินทุนจาก การจ่ายโดยใช้ หุ้นเป็ นเกณฑ์,False,balance,10774866.0
BBIK,20260513-bbik-fs-1q2026-th.pdf,8,baht,con,1,23,ยอดคงเหลือ ณ วันทีN 1 มกราคม 2569,4,ส่ วนตํNาจาก การเปลียN นแปลง สัดส่ วน การลงทุน ในบริษทั ย่อย,False,balance,-337388203.0
BBIK,20260513-bbik-fs-1q2026-th.pdf,8,baht,con,1,23,ยอดคงเหลือ ณ วันทีN 1 มกราคม 2569,5,ส่ กําไรสะสม จัดสรรเพืNอ สํารองตาม กฎหมาย,False,balance,10001000.0
BBIK,20260513-bbik-fs-1q2026-th.pdf,8,baht,con,1,23,ยอดคงเหลือ ณ วันทีN 1 มกราคม 2569,6,วนของผู้ ถือหุ้นบริษทั ยังไม่ได้ จัดสรร,False,balance,858599593.0
BBIK,20260513-bbik-fs-1q2026-th.pdf,8,baht,con,1,23,ยอดคงเหลือ ณ วันทีN 1 มกราคม 2569,7,ใหญ่ กําไร(ขาดทุน)จากอัตรา แลกเปลียN นของสินทรัพย์ ทางการเงินให้วดั มูลค่า ด้ วยมูลค่ายุติธรรมผ่ าน กําไรขาดทุนเบ็ดเสร็จอืNน,False,balance,-1309560.0
BBIK,20260513-bbik-fs-1q2026-th.pdf,8,baht,con,1,23,ยอดคงเหลือ ณ วันทีN 1 มกราคม 2569,8,องค์ประกอบอืNนของส่ วนของผู้ ถือหุ้น กําไร (ขาดทุน) เบ็ดเสร็จอืNน กําไร(ขาดทุน)จากเงินลงทุน ในตราสารทุนทีกN าํ หนด ให้วดั มูลค่าด้ วยมูลค่า ยุติธรรมผ่ านกําไร ขาดทุนเบ็ดเสร็จอืNน,False,balance,-1245135.0
BBIK,20260513-bbik-fs-1q2026-th.pdf,8,baht,con,1,23,ยอดคงเหลือ ณ วันทีN 1 มกราคม 2569,9,ผลต่ างจาก การแปลงค่า งบการเงิน,False,balance,73081.0
BBIK,20260513-bbik-fs-1q2026-th.pdf,8,baht,con,1,23,ยอดคงเหลือ ณ วันทีN 1 มกราคม 2569,10,รวม กําไร(ขาดทุน) เบ็ดเสร็จอืNน,False,balance,-2481614.0
BBIK,20260513-bbik-fs-1q2026-th.pdf,8,baht,con,1,23,ยอดคงเหลือ ณ วันทีN 1 มกราคม 2569,11,รวมส่ วนของ ผู้ ถือหุ้นของ บริษทั ใหญ่,False,balance,2132270898.0
BBIK,20260513-bbik-fs-1q2026-th.pdf,8,baht,con,1,23,ยอดคงเหลือ ณ วันทีN 1 มกราคม 2569,12,(ยังไม่ได้ ตรวจสอบ ส่ วนได้ เสีย ทีไN ม่มอี าํ นาจ ควบคุม,False,balance,11854585.0
BBIK,20260513-bbik-fs-1q2026-th.pdf,8,baht,con,1,23,ยอดคงเหลือ ณ วันทีN 1 มกราคม 2569,13,แต่ สอบทานแล้ว) (หน่วย : บาท) รวมส่ วนของ ผู้ ถือหุ้น,True,balance,2144125483.0
BBIK,20260513-bbik-fs-1q2026-th.pdf,8,baht,con,1,25,ก ําไร (ขาดทุน) เบ็ดเสร็จรวมสําหรับงวด,0,ทุนทีอN อก และชําระแล้ว,False,movement,
BBIK,20260513-bbik-fs-1q2026-th.pdf,8,baht,con,1,25,ก ําไร (ขาดทุน) เบ็ดเสร็จรวมสําหรับงวด,1,ส่ วนเกินมูลค่า หุ้นสามัญ,False,movement,
BBIK,20260513-bbik-fs-1q2026-th.pdf,8,baht,con,1,25,ก ําไร (ขาดทุน) เบ็ดเสร็จรวมสําหรับงวด,2,ส่ วนเกินทุน จากการแลกหุ้น,False,movement,
BBIK,20260513-bbik-fs-1q2026-th.pdf,8,baht,con,1,25,ก ําไร (ขาดทุน) เบ็ดเสร็จรวมสําหรับงวด,3,ส่ วนเกินทุนจาก การจ่ายโดยใช้ หุ้นเป็ นเกณฑ์,False,movement,
BBIK,20260513-bbik-fs-1q2026-th.pdf,8,baht,con,1,25,ก ําไร (ขาดทุน) เบ็ดเสร็จรวมสําหรับงวด,4,ส่ วนตํNาจาก การเปลียN นแปลง สัดส่ วน การลงทุน ในบริษทั ย่อย,False,movement,
BBIK,20260513-bbik-fs-1q2026-th.pdf,8,baht,con,1,25,ก ําไร (ขาดทุน) เบ็ดเสร็จรวมสําหรับงวด,5,ส่ กําไรสะสม จัดสรรเพืNอ สํารองตาม กฎหมาย,False,movement,
BBIK,20260513-bbik-fs-1q2026-th.pdf,8,baht,con,1,25,ก ําไร (ขาดทุน) เบ็ดเสร็จรวมสําหรับงวด,6,วนของผู้ ถือหุ้นบริษทั ยังไม่ได้ จัดสรร,False,movement,81184826.0
BBIK,20260513-bbik-fs-1q2026-th.pdf,8,baht,con,1,25,ก ําไร (ขาดทุน) เบ็ดเสร็จรวมสําหรับงวด,7,ใหญ่ กําไร(ขาดทุน)จากอัตรา แลกเปลียN นของสินทรัพย์ ทางการเงินให้วดั มูลค่า ด้ วยมูลค่ายุติธรรมผ่ าน กําไรขาดทุนเบ็ดเสร็จอืNน,False,movement,705600.0
BBIK,20260513-bbik-fs-1q2026-th.pdf,8,baht,con,1,25,ก ําไร (ขาดทุน) เบ็ดเสร็จรวมสําหรับงวด,8,องค์ประกอบอืNนของส่ วนของผู้ ถือหุ้น กําไร (ขาดทุน) เบ็ดเสร็จอืNน กําไร(ขาดทุน)จากเงินลงทุน ในตราสารทุนทีกN าํ หนด ให้วดั มูลค่าด้ วยมูลค่า ยุติธรรมผ่ านกําไร ขาดทุนเบ็ดเสร็จอืNน,False,movement,-130851.0
BBIK,20260513-bbik-fs-1q2026-th.pdf,8,baht,con,1,25,ก ําไร (ขาดทุน) เบ็ดเสร็จรวมสําหรับงวด,9,ผลต่ างจาก การแปลงค่า งบการเงิน,False,movement,-129399.0
BBIK,20260513-bbik-fs-1q2026-th.pdf,8,baht,con,1,25,ก ําไร (ขาดทุน) เบ็ดเสร็จรวมสําหรับงวด,10,รวม กําไร(ขาดทุน) เบ็ดเสร็จอืNน,False,movement,445350.0
BBIK,20260513-bbik-fs-1q2026-th.pdf,8,baht,con,1,25,ก ําไร (ขาดทุน) เบ็ดเสร็จรวมสําหรับงวด,11,รวมส่ วนของ ผู้ ถือหุ้นของ บริษทั ใหญ่,False,movement,81630176.0
BBIK,20260513-bbik-fs-1q2026-th.pdf,8,baht,con,1,25,ก ําไร (ขาดทุน) เบ็ดเสร็จรวมสําหรับงวด,12,(ยังไม่ได้ ตรวจสอบ ส่ วนได้ เสีย ทีไN ม่มอี าํ นาจ ควบคุม,False,movement,-733063.0
BBIK,20260513-bbik-fs-1q2026-th.pdf,8,baht,con,1,25,ก ําไร (ขาดทุน) เบ็ดเสร็จรวมสําหรับงวด,13,แต่ สอบทานแล้ว) (หน่วย : บาท) รวมส่ วนของ ผู้ ถือหุ้น,True,movement,80897113.0
BBIK,20260513-bbik-fs-1q2026-th.pdf,8,baht,con,1,26,รวมการเปลียN นแปลงในส่ วนของผู้ ถือหุ้น,0,ทุนทีอN อก และชําระแล้ว,False,movement,
BBIK,20260513-bbik-fs-1q2026-th.pdf,8,baht,con,1,26,รวมการเปลียN นแปลงในส่ วนของผู้ ถือหุ้น,1,ส่ วนเกินมูลค่า หุ้นสามัญ,False,movement,
BBIK,20260513-bbik-fs-1q2026-th.pdf,8,baht,con,1,26,รวมการเปลียN นแปลงในส่ วนของผู้ ถือหุ้น,2,ส่ วนเกินทุน จากการแลกหุ้น,False,movement,
BBIK,20260513-bbik-fs-1q2026-th.pdf,8,baht,con,1,26,รวมการเปลียN นแปลงในส่ วนของผู้ ถือหุ้น,3,ส่ วนเกินทุนจาก การจ่ายโดยใช้ หุ้นเป็ นเกณฑ์,False,movement,
BBIK,20260513-bbik-fs-1q2026-th.pdf,8,baht,con,1,26,รวมการเปลียN นแปลงในส่ วนของผู้ ถือหุ้น,4,ส่ วนตํNาจาก การเปลียN นแปลง สัดส่ วน การลงทุน ในบริษทั ย่อย,False,movement,
BBIK,20260513-bbik-fs-1q2026-th.pdf,8,baht,con,1,26,รวมการเปลียN นแปลงในส่ วนของผู้ ถือหุ้น,5,ส่ กําไรสะสม จัดสรรเพืNอ สํารองตาม กฎหมาย,False,movement,
BBIK,20260513-bbik-fs-1q2026-th.pdf,8,baht,con,1,26,รวมการเปลียN นแปลงในส่ วนของผู้ ถือหุ้น,6,วนของผู้ ถือหุ้นบริษทั ยังไม่ได้ จัดสรร,False,movement,81184826.0
BBIK,20260513-bbik-fs-1q2026-th.pdf,8,baht,con,1,26,รวมการเปลียN นแปลงในส่ วนของผู้ ถือหุ้น,7,ใหญ่ กําไร(ขาดทุน)จากอัตรา แลกเปลียN นของสินทรัพย์ ทางการเงินให้วดั มูลค่า ด้ วยมูลค่ายุติธรรมผ่ าน กําไรขาดทุนเบ็ดเสร็จอืNน,False,movement,705600.0
BBIK,20260513-bbik-fs-1q2026-th.pdf,8,baht,con,1,26,รวมการเปลียN นแปลงในส่ วนของผู้ ถือหุ้น,8,องค์ประกอบอืNนของส่ วนของผู้ ถือหุ้น กําไร (ขาดทุน) เบ็ดเสร็จอืNน กําไร(ขาดทุน)จากเงินลงทุน ในตราสารทุนทีกN าํ หนด ให้วดั มูลค่าด้ วยมูลค่า ยุติธรรมผ่ านกําไร ขาดทุนเบ็ดเสร็จอืNน,False,movement,-130851.0
BBIK,20260513-bbik-fs-1q2026-th.pdf,8,baht,con,1,26,รวมการเปลียN นแปลงในส่ วนของผู้ ถือหุ้น,9,ผลต่ างจาก การแปลงค่า งบการเงิน,False,movement,-129399.0
BBIK,20260513-bbik-fs-1q2026-th.pdf,8,baht,con,1,26,รวมการเปลียN นแปลงในส่ วนของผู้ ถือหุ้น,10,รวม กําไร(ขาดทุน) เบ็ดเสร็จอืNน,False,movement,445350.0
BBIK,20260513-bbik-fs-1q2026-th.pdf,8,baht,con,1,26,รวมการเปลียN นแปลงในส่ วนของผู้ ถือหุ้น,11,รวมส่ วนของ ผู้ ถือหุ้นของ บริษทั ใหญ่,False,movement,81630176.0
BBIK,20260513-bbik-fs-1q2026-th.pdf,8,baht,con,1,26,รวมการเปลียN นแปลงในส่ วนของผู้ ถือหุ้น,12,(ยังไม่ได้ ตรวจสอบ ส่ วนได้ เสีย ทีไN ม่มอี าํ นาจ ควบคุม,False,movement,-733063.0
BBIK,20260513-bbik-fs-1q2026-th.pdf,8,baht,con,1,26,รวมการเปลียN นแปลงในส่ วนของผู้ ถือหุ้น,13,แต่ สอบทานแล้ว) (หน่วย : บาท) รวมส่ วนของ ผู้ ถือหุ้น,True,movement,80897113.0
BBIK,20260513-bbik-fs-1q2026-th.pdf,8,baht,con,1,27,ยอดคงเหลือ ณ วันทีN 31 มีนาคม 2569,0,ทุนทีอN อก และชําระแล้ว,False,balance,100007737.0
BBIK,20260513-bbik-fs-1q2026-th.pdf,8,baht,con,1,27,ยอดคงเหลือ ณ วันทีN 31 มีนาคม 2569,1,ส่ วนเกินมูลค่า หุ้นสามัญ,False,balance,1487827519.0
BBIK,20260513-bbik-fs-1q2026-th.pdf,8,baht,con,1,27,ยอดคงเหลือ ณ วันทีN 31 มีนาคม 2569,2,ส่ วนเกินทุน จากการแลกหุ้น,False,balance,4930000.0
BBIK,20260513-bbik-fs-1q2026-th.pdf,8,baht,con,1,27,ยอดคงเหลือ ณ วันทีN 31 มีนาคม 2569,3,ส่ วนเกินทุนจาก การจ่ายโดยใช้ หุ้นเป็ นเกณฑ์,False,balance,10774866.0
BBIK,20260513-bbik-fs-1q2026-th.pdf,8,baht,con,1,27,ยอดคงเหลือ ณ วันทีN 31 มีนาคม 2569,4,ส่ วนตํNาจาก การเปลียN นแปลง สัดส่ วน การลงทุน ในบริษทั ย่อย,False,balance,-337388203.0
BBIK,20260513-bbik-fs-1q2026-th.pdf,8,baht,con,1,27,ยอดคงเหลือ ณ วันทีN 31 มีนาคม 2569,5,ส่ กําไรสะสม จัดสรรเพืNอ สํารองตาม กฎหมาย,False,balance,10001000.0
BBIK,20260513-bbik-fs-1q2026-th.pdf,8,baht,con,1,27,ยอดคงเหลือ ณ วันทีN 31 มีนาคม 2569,6,วนของผู้ ถือหุ้นบริษทั ยังไม่ได้ จัดสรร,False,balance,939784419.0
BBIK,20260513-bbik-fs-1q2026-th.pdf,8,baht,con,1,27,ยอดคงเหลือ ณ วันทีN 31 มีนาคม 2569,7,ใหญ่ กําไร(ขาดทุน)จากอัตรา แลกเปลียN นของสินทรัพย์ ทางการเงินให้วดั มูลค่า ด้ วยมูลค่ายุติธรรมผ่ าน กําไรขาดทุนเบ็ดเสร็จอืNน,False,balance,-603960.0
BBIK,20260513-bbik-fs-1q2026-th.pdf,8,baht,con,1,27,ยอดคงเหลือ ณ วันทีN 31 มีนาคม 2569,8,องค์ประกอบอืNนของส่ วนของผู้ ถือหุ้น กําไร (ขาดทุน) เบ็ดเสร็จอืNน กําไร(ขาดทุน)จากเงินลงทุน ในตราสารทุนทีกN าํ หนด ให้วดั มูลค่าด้ วยมูลค่า ยุติธรรมผ่ านกําไร ขาดทุนเบ็ดเสร็จอืNน,False,balance,-1375986.0
BBIK,20260513-bbik-fs-1q2026-th.pdf,8,baht,con,1,27,ยอดคงเหลือ ณ วันทีN 31 มีนาคม 2569,9,ผลต่ างจาก การแปลงค่า งบการเงิน,False,balance,-56318.0
BBIK,20260513-bbik-fs-1q2026-th.pdf,8,baht,con,1,27,ยอดคงเหลือ ณ วันทีN 31 มีนาคม 2569,10,รวม กําไร(ขาดทุน) เบ็ดเสร็จอืNน,False,balance,-2036264.0
BBIK,20260513-bbik-fs-1q2026-th.pdf,8,baht,con,1,27,ยอดคงเหลือ ณ วันทีN 31 มีนาคม 2569,11,รวมส่ วนของ ผู้ ถือหุ้นของ บริษทั ใหญ่,False,balance,2213901074.0
BBIK,20260513-bbik-fs-1q2026-th.pdf,8,baht,con,1,27,ยอดคงเหลือ ณ วันทีN 31 มีนาคม 2569,12,(ยังไม่ได้ ตรวจสอบ ส่ วนได้ เสีย ทีไN ม่มอี าํ นาจ ควบคุม,False,balance,11121522.0
BBIK,20260513-bbik-fs-1q2026-th.pdf,8,baht,con,1,27,ยอดคงเหลือ ณ วันทีN 31 มีนาคม 2569,13,แต่ สอบทานแล้ว) (หน่วย : บาท) รวมส่ วนของ ผู้ ถือหุ้น,True,balance,2225022596.0
BBIK,20260513-bbik-fs-1q2026-th.pdf,9,baht,,0,15,ยอดคงเหลือ ณ วันทีN 1 มกราคม 2568,0,ทุนทีอN อก และชําระแล้ว,False,balance,100007737.0
BBIK,20260513-bbik-fs-1q2026-th.pdf,9,baht,,0,15,ยอดคงเหลือ ณ วันทีN 1 มกราคม 2568,1,ส่ วนเกินมูลค่า หุ้นสามัญ,False,balance,1487827519.0
BBIK,20260513-bbik-fs-1q2026-th.pdf,9,baht,,0,15,ยอดคงเหลือ ณ วันทีN 1 มกราคม 2568,2,ส่ วนเกินทุน จากการแลกหุ้น,False,balance,4930000.0
BBIK,20260513-bbik-fs-1q2026-th.pdf,9,baht,,0,15,ยอดคงเหลือ ณ วันทีN 1 มกราคม 2568,3,ส่ วนเกินทุนจาก การจ่ายโดยใช้ หุ้นเป็ นเกณฑ์,False,balance,10774866.0
BBIK,20260513-bbik-fs-1q2026-th.pdf,9,baht,,0,15,ยอดคงเหลือ ณ วันทีN 1 มกราคม 2568,4,กําไรสะสม จัดสรรแล้ว สํารองตามกฎหมาย,False,balance,5500000.0
BBIK,20260513-bbik-fs-1q2026-th.pdf,9,baht,,0,15,ยอดคงเหลือ ณ วันทีN 1 มกราคม 2568,5,ยังไม่ได้ จัดสรร,False,balance,266644297.0
BBIK,20260513-bbik-fs-1q2026-th.pdf,9,baht,,0,15,ยอดคงเหลือ ณ วันทีN 1 มกราคม 2568,6,องค์ประกอบอืNนของส่ กําไร กําไร (ขาดทุน) จากอัตรา แลกเปลียN นของสินทรัพย์ทางการเงิน ให้วดั มูลค่าด้ วยมูลค่ายุติธรรม ผ่ านกําไรขาดทุนเบ็ดเสร็จอืNน,False,balance,38976.0
BBIK,20260513-bbik-fs-1q2026-th.pdf,9,baht,,0,15,ยอดคงเหลือ ณ วันทีN 1 มกราคม 2568,7,วนของผู้ ถือหุ้น (ขาดทุน) เบ็ดเสร็จอืNน ขาดทุนจากเงินลงทุน ในตราสารทุนทีกN าํ หนดให้วดั มูลค่าด้ วยมูลค่ายุติธรรมผ่ าน กําไรขาดทุนเบ็ดเสร็จอืNน,False,balance,-7489.0
BBIK,20260513-bbik-fs-1q2026-th.pdf,9,baht,,0,15,ยอดคงเหลือ ณ วันทีN 1 มกราคม 2568,8,(ยังไม่ได้ ตรวจสอบ รวมกําไร(ขาดทุน) เบ็ดเสร็จอืNน,False,balance,31487.0
BBIK,20260513-bbik-fs-1q2026-th.pdf,9,baht,,0,15,ยอดคงเหลือ ณ วันทีN 1 มกราคม 2568,9,แต่ สอบทานแล้ว) (หน่วย : บาท) รวม,True,balance,1875715906.0
BBIK,20260513-bbik-fs-1q2026-th.pdf,9,baht,,0,17,ก ําไร (ขาดทุน) เบ็ดเสร็จรวมสําหรับงวด,0,ทุนทีอN อก และชําระแล้ว,False,movement,
BBIK,20260513-bbik-fs-1q2026-th.pdf,9,baht,,0,17,ก ําไร (ขาดทุน) เบ็ดเสร็จรวมสําหรับงวด,1,ส่ วนเกินมูลค่า หุ้นสามัญ,False,movement,
BBIK,20260513-bbik-fs-1q2026-th.pdf,9,baht,,0,17,ก ําไร (ขาดทุน) เบ็ดเสร็จรวมสําหรับงวด,2,ส่ วนเกินทุน จากการแลกหุ้น,False,movement,
BBIK,20260513-bbik-fs-1q2026-th.pdf,9,baht,,0,17,ก ําไร (ขาดทุน) เบ็ดเสร็จรวมสําหรับงวด,3,ส่ วนเกินทุนจาก การจ่ายโดยใช้ หุ้นเป็ นเกณฑ์,False,movement,
BBIK,20260513-bbik-fs-1q2026-th.pdf,9,baht,,0,17,ก ําไร (ขาดทุน) เบ็ดเสร็จรวมสําหรับงวด,4,กําไรสะสม จัดสรรแล้ว สํารองตามกฎหมาย,False,movement,
BBIK,20260513-bbik-fs-1q2026-th.pdf,9,baht,,0,17,ก ําไร (ขาดทุน) เบ็ดเสร็จรวมสําหรับงวด,5,ยังไม่ได้ จัดสรร,False,movement,79093599.0
BBIK,20260513-bbik-fs-1q2026-th.pdf,9,baht,,0,17,ก ําไร (ขาดทุน) เบ็ดเสร็จรวมสําหรับงวด,6,องค์ประกอบอืNนของส่ กําไร กําไร (ขาดทุน) จากอัตรา แลกเปลียN นของสินทรัพย์ทางการเงิน ให้วดั มูลค่าด้ วยมูลค่ายุติธรรม ผ่ านกําไรขาดทุนเบ็ดเสร็จอืNน,False,movement,-35056.0
BBIK,20260513-bbik-fs-1q2026-th.pdf,9,baht,,0,17,ก ําไร (ขาดทุน) เบ็ดเสร็จรวมสําหรับงวด,7,วนของผู้ ถือหุ้น (ขาดทุน) เบ็ดเสร็จอืNน ขาดทุนจากเงินลงทุน ในตราสารทุนทีกN าํ หนดให้วดั มูลค่าด้ วยมูลค่ายุติธรรมผ่ าน กําไรขาดทุนเบ็ดเสร็จอืNน,False,movement,-766312.0
BBIK,20260513-bbik-fs-1q2026-th.pdf,9,baht,,0,17,ก ําไร (ขาดทุน) เบ็ดเสร็จรวมสําหรับงวด,8,(ยังไม่ได้ ตรวจสอบ รวมกําไร(ขาดทุน) เบ็ดเสร็จอืNน,False,movement,-801368.0
BBIK,20260513-bbik-fs-1q2026-th.pdf,9,baht,,0,17,ก ําไร (ขาดทุน) เบ็ดเสร็จรวมสําหรับงวด,9,แต่ สอบทานแล้ว) (หน่วย : บาท) รวม,True,movement,78292231.0
BBIK,20260513-bbik-fs-1q2026-th.pdf,9,baht,,0,18,รวมการเปลียN นแปลงในส่ วนของผู้ ถือหุ้น,0,ทุนทีอN อก และชําระแล้ว,False,movement,
BBIK,20260513-bbik-fs-1q2026-th.pdf,9,baht,,0,18,รวมการเปลียN นแปลงในส่ วนของผู้ ถือหุ้น,1,ส่ วนเกินมูลค่า หุ้นสามัญ,False,movement,
BBIK,20260513-bbik-fs-1q2026-th.pdf,9,baht,,0,18,รวมการเปลียN นแปลงในส่ วนของผู้ ถือหุ้น,2,ส่ วนเกินทุน จากการแลกหุ้น,False,movement,
BBIK,20260513-bbik-fs-1q2026-th.pdf,9,baht,,0,18,รวมการเปลียN นแปลงในส่ วนของผู้ ถือหุ้น,3,ส่ วนเกินทุนจาก การจ่ายโดยใช้ หุ้นเป็ นเกณฑ์,False,movement,
BBIK,20260513-bbik-fs-1q2026-th.pdf,9,baht,,0,18,รวมการเปลียN นแปลงในส่ วนของผู้ ถือหุ้น,4,กําไรสะสม จัดสรรแล้ว สํารองตามกฎหมาย,False,movement,
BBIK,20260513-bbik-fs-1q2026-th.pdf,9,baht,,0,18,รวมการเปลียN นแปลงในส่ วนของผู้ ถือหุ้น,5,ยังไม่ได้ จัดสรร,False,movement,79093599.0
BBIK,20260513-bbik-fs-1q2026-th.pdf,9,baht,,0,18,รวมการเปลียN นแปลงในส่ วนของผู้ ถือหุ้น,6,องค์ประกอบอืNนของส่ กําไร กําไร (ขาดทุน) จากอัตรา แลกเปลียN นของสินทรัพย์ทางการเงิน ให้วดั มูลค่าด้ วยมูลค่ายุติธรรม ผ่ านกําไรขาดทุนเบ็ดเสร็จอืNน,False,movement,-35056.0
BBIK,20260513-bbik-fs-1q2026-th.pdf,9,baht,,0,18,รวมการเปลียN นแปลงในส่ วนของผู้ ถือหุ้น,7,วนของผู้ ถือหุ้น (ขาดทุน) เบ็ดเสร็จอืNน ขาดทุนจากเงินลงทุน ในตราสารทุนทีกN าํ หนดให้วดั มูลค่าด้ วยมูลค่ายุติธรรมผ่ าน กําไรขาดทุนเบ็ดเสร็จอืNน,False,movement,-766312.0
BBIK,20260513-bbik-fs-1q2026-th.pdf,9,baht,,0,18,รวมการเปลียN นแปลงในส่ วนของผู้ ถือหุ้น,8,(ยังไม่ได้ ตรวจสอบ รวมกําไร(ขาดทุน) เบ็ดเสร็จอืNน,False,movement,-801368.0
BBIK,20260513-bbik-fs-1q2026-th.pdf,9,baht,,0,18,รวมการเปลียN นแปลงในส่ วนของผู้ ถือหุ้น,9,แต่ สอบทานแล้ว) (หน่วย : บาท) รวม,True,movement,78292231.0
BBIK,20260513-bbik-fs-1q2026-th.pdf,9,baht,,0,19,ยอดคงเหลือ ณ วันทีN 31 มีนาคม 2568,0,ทุนทีอN อก และชําระแล้ว,False,balance,100007737.0
BBIK,20260513-bbik-fs-1q2026-th.pdf,9,baht,,0,19,ยอดคงเหลือ ณ วันทีN 31 มีนาคม 2568,1,ส่ วนเกินมูลค่า หุ้นสามัญ,False,balance,1487827519.0
BBIK,20260513-bbik-fs-1q2026-th.pdf,9,baht,,0,19,ยอดคงเหลือ ณ วันทีN 31 มีนาคม 2568,2,ส่ วนเกินทุน จากการแลกหุ้น,False,balance,4930000.0
BBIK,20260513-bbik-fs-1q2026-th.pdf,9,baht,,0,19,ยอดคงเหลือ ณ วันทีN 31 มีนาคม 2568,3,ส่ วนเกินทุนจาก การจ่ายโดยใช้ หุ้นเป็ นเกณฑ์,False,balance,10774866.0
BBIK,20260513-bbik-fs-1q2026-th.pdf,9,baht,,0,19,ยอดคงเหลือ ณ วันทีN 31 มีนาคม 2568,4,กําไรสะสม จัดสรรแล้ว สํารองตามกฎหมาย,False,balance,5500000.0
BBIK,20260513-bbik-fs-1q2026-th.pdf,9,baht,,0,19,ยอดคงเหลือ ณ วันทีN 31 มีนาคม 2568,5,ยังไม่ได้ จัดสรร,False,balance,345737896.0
BBIK,20260513-bbik-fs-1q2026-th.pdf,9,baht,,0,19,ยอดคงเหลือ ณ วันทีN 31 มีนาคม 2568,6,องค์ประกอบอืNนของส่ กําไร กําไร (ขาดทุน) จากอัตรา แลกเปลียN นของสินทรัพย์ทางการเงิน ให้วดั มูลค่าด้ วยมูลค่ายุติธรรม ผ่ านกําไรขาดทุนเบ็ดเสร็จอืNน,False,balance,3920.0
BBIK,20260513-bbik-fs-1q2026-th.pdf,9,baht,,0,19,ยอดคงเหลือ ณ วันทีN 31 มีนาคม 2568,7,วนของผู้ ถือหุ้น (ขาดทุน) เบ็ดเสร็จอืNน ขาดทุนจากเงินลงทุน ในตราสารทุนทีกN าํ หนดให้วดั มูลค่าด้ วยมูลค่ายุติธรรมผ่ าน กําไรขาดทุนเบ็ดเสร็จอืNน,False,balance,-773801.0
BBIK,20260513-bbik-fs-1q2026-th.pdf,9,baht,,0,19,ยอดคงเหลือ ณ วันทีN 31 มีนาคม 2568,8,(ยังไม่ได้ ตรวจสอบ รวมกําไร(ขาดทุน) เบ็ดเสร็จอืNน,False,balance,-769881.0
BBIK,20260513-bbik-fs-1q2026-th.pdf,9,baht,,0,19,ยอดคงเหลือ ณ วันทีN 31 มีนาคม 2568,9,แต่ สอบทานแล้ว) (หน่วย : บาท) รวม,True,balance,1954008137.0
BBIK,20260513-bbik-fs-1q2026-th.pdf,9,baht,,1,21,ยอดคงเหลือ ณ วันทีN 1 มกราคม 2569,0,ทุนทีอN อก และชําระแล้ว,False,balance,100007737.0
BBIK,20260513-bbik-fs-1q2026-th.pdf,9,baht,,1,21,ยอดคงเหลือ ณ วันทีN 1 มกราคม 2569,1,ส่ วนเกินมูลค่า หุ้นสามัญ,False,balance,1487827519.0
BBIK,20260513-bbik-fs-1q2026-th.pdf,9,baht,,1,21,ยอดคงเหลือ ณ วันทีN 1 มกราคม 2569,2,ส่ วนเกินทุน จากการแลกหุ้น,False,balance,4930000.0
BBIK,20260513-bbik-fs-1q2026-th.pdf,9,baht,,1,21,ยอดคงเหลือ ณ วันทีN 1 มกราคม 2569,3,ส่ วนเกินทุนจาก การจ่ายโดยใช้ หุ้นเป็ นเกณฑ์,False,balance,10774866.0
BBIK,20260513-bbik-fs-1q2026-th.pdf,9,baht,,1,21,ยอดคงเหลือ ณ วันทีN 1 มกราคม 2569,4,กําไรสะสม จัดสรรแล้ว สํารองตามกฎหมาย,False,balance,10001000.0
BBIK,20260513-bbik-fs-1q2026-th.pdf,9,baht,,1,21,ยอดคงเหลือ ณ วันทีN 1 มกราคม 2569,5,ยังไม่ได้ จัดสรร,False,balance,405918817.0
BBIK,20260513-bbik-fs-1q2026-th.pdf,9,baht,,1,21,ยอดคงเหลือ ณ วันทีN 1 มกราคม 2569,6,องค์ประกอบอืNนของส่ กําไร กําไร (ขาดทุน) จากอัตรา แลกเปลียN นของสินทรัพย์ทางการเงิน ให้วดั มูลค่าด้ วยมูลค่ายุติธรรม ผ่ านกําไรขาดทุนเบ็ดเสร็จอืNน,False,balance,-1309560.0
BBIK,20260513-bbik-fs-1q2026-th.pdf,9,baht,,1,21,ยอดคงเหลือ ณ วันทีN 1 มกราคม 2569,7,วนของผู้ ถือหุ้น (ขาดทุน) เบ็ดเสร็จอืNน ขาดทุนจากเงินลงทุน ในตราสารทุนทีกN าํ หนดให้วดั มูลค่าด้ วยมูลค่ายุติธรรมผ่ าน กําไรขาดทุนเบ็ดเสร็จอืNน,False,balance,-1245135.0
BBIK,20260513-bbik-fs-1q2026-th.pdf,9,baht,,1,21,ยอดคงเหลือ ณ วันทีN 1 มกราคม 2569,8,(ยังไม่ได้ ตรวจสอบ รวมกําไร(ขาดทุน) เบ็ดเสร็จอืNน,False,balance,-2554695.0
BBIK,20260513-bbik-fs-1q2026-th.pdf,9,baht,,1,21,ยอดคงเหลือ ณ วันทีN 1 มกราคม 2569,9,แต่ สอบทานแล้ว) (หน่วย : บาท) รวม,True,balance,2016905244.0
BBIK,20260513-bbik-fs-1q2026-th.pdf,9,baht,,1,23,ก ําไร (ขาดทุน) เบ็ดเสร็จรวมสําหรับงวด,0,ทุนทีอN อก และชําระแล้ว,False,movement,
BBIK,20260513-bbik-fs-1q2026-th.pdf,9,baht,,1,23,ก ําไร (ขาดทุน) เบ็ดเสร็จรวมสําหรับงวด,1,ส่ วนเกินมูลค่า หุ้นสามัญ,False,movement,
BBIK,20260513-bbik-fs-1q2026-th.pdf,9,baht,,1,23,ก ําไร (ขาดทุน) เบ็ดเสร็จรวมสําหรับงวด,2,ส่ วนเกินทุน จากการแลกหุ้น,False,movement,
BBIK,20260513-bbik-fs-1q2026-th.pdf,9,baht,,1,23,ก ําไร (ขาดทุน) เบ็ดเสร็จรวมสําหรับงวด,3,ส่ วนเกินทุนจาก การจ่ายโดยใช้ หุ้นเป็ นเกณฑ์,False,movement,
BBIK,20260513-bbik-fs-1q2026-th.pdf,9,baht,,1,23,ก ําไร (ขาดทุน) เบ็ดเสร็จรวมสําหรับงวด,4,กําไรสะสม จัดสรรแล้ว สํารองตามกฎหมาย,False,movement,
BBIK,20260513-bbik-fs-1q2026-th.pdf,9,baht,,1,23,ก ําไร (ขาดทุน) เบ็ดเสร็จรวมสําหรับงวด,5,ยังไม่ได้ จัดสรร,False,movement,29383462.0
BBIK,20260513-bbik-fs-1q2026-th.pdf,9,baht,,1,23,ก ําไร (ขาดทุน) เบ็ดเสร็จรวมสําหรับงวด,6,องค์ประกอบอืNนของส่ กําไร กําไร (ขาดทุน) จากอัตรา แลกเปลียN นของสินทรัพย์ทางการเงิน ให้วดั มูลค่าด้ วยมูลค่ายุติธรรม ผ่ านกําไรขาดทุนเบ็ดเสร็จอืNน,False,movement,705600.0
BBIK,20260513-bbik-fs-1q2026-th.pdf,9,baht,,1,23,ก ําไร (ขาดทุน) เบ็ดเสร็จรวมสําหรับงวด,7,วนของผู้ ถือหุ้น (ขาดทุน) เบ็ดเสร็จอืNน ขาดทุนจากเงินลงทุน ในตราสารทุนทีกN าํ หนดให้วดั มูลค่าด้ วยมูลค่ายุติธรรมผ่ าน กําไรขาดทุนเบ็ดเสร็จอืNน,False,movement,-130851.0
BBIK,20260513-bbik-fs-1q2026-th.pdf,9,baht,,1,23,ก ําไร (ขาดทุน) เบ็ดเสร็จรวมสําหรับงวด,8,(ยังไม่ได้ ตรวจสอบ รวมกําไร(ขาดทุน) เบ็ดเสร็จอืNน,False,movement,574749.0
BBIK,20260513-bbik-fs-1q2026-th.pdf,9,baht,,1,23,ก ําไร (ขาดทุน) เบ็ดเสร็จรวมสําหรับงวด,9,แต่ สอบทานแล้ว) (หน่วย : บาท) รวม,True,movement,29958211.0
BBIK,20260513-bbik-fs-1q2026-th.pdf,9,baht,,1,24,รวมการเปลียN นแปลงในส่ วนของผู้ ถือหุ้น,0,ทุนทีอN อก และชําระแล้ว,False,movement,
BBIK,20260513-bbik-fs-1q2026-th.pdf,9,baht,,1,24,รวมการเปลียN นแปลงในส่ วนของผู้ ถือหุ้น,1,ส่ วนเกินมูลค่า หุ้นสามัญ,False,movement,
BBIK,20260513-bbik-fs-1q2026-th.pdf,9,baht,,1,24,รวมการเปลียN นแปลงในส่ วนของผู้ ถือหุ้น,2,ส่ วนเกินทุน จากการแลกหุ้น,False,movement,
BBIK,20260513-bbik-fs-1q2026-th.pdf,9,baht,,1,24,รวมการเปลียN นแปลงในส่ วนของผู้ ถือหุ้น,3,ส่ วนเกินทุนจาก การจ่ายโดยใช้ หุ้นเป็ นเกณฑ์,False,movement,
BBIK,20260513-bbik-fs-1q2026-th.pdf,9,baht,,1,24,รวมการเปลียN นแปลงในส่ วนของผู้ ถือหุ้น,4,กําไรสะสม จัดสรรแล้ว สํารองตามกฎหมาย,False,movement,
BBIK,20260513-bbik-fs-1q2026-th.pdf,9,baht,,1,24,รวมการเปลียN นแปลงในส่ วนของผู้ ถือหุ้น,5,ยังไม่ได้ จัดสรร,False,movement,29383462.0
BBIK,20260513-bbik-fs-1q2026-th.pdf,9,baht,,1,24,รวมการเปลียN นแปลงในส่ วนของผู้ ถือหุ้น,6,องค์ประกอบอืNนของส่ กําไร กําไร (ขาดทุน) จากอัตรา แลกเปลียN นของสินทรัพย์ทางการเงิน ให้วดั มูลค่าด้ วยมูลค่ายุติธรรม ผ่ านกําไรขาดทุนเบ็ดเสร็จอืNน,False,movement,705600.0
BBIK,20260513-bbik-fs-1q2026-th.pdf,9,baht,,1,24,รวมการเปลียN นแปลงในส่ วนของผู้ ถือหุ้น,7,วนของผู้ ถือหุ้น (ขาดทุน) เบ็ดเสร็จอืNน ขาดทุนจากเงินลงทุน ในตราสารทุนทีกN าํ หนดให้วดั มูลค่าด้ วยมูลค่ายุติธรรมผ่ าน กําไรขาดทุนเบ็ดเสร็จอืNน,False,movement,-130851.0
BBIK,20260513-bbik-fs-1q2026-th.pdf,9,baht,,1,24,รวมการเปลียN นแปลงในส่ วนของผู้ ถือหุ้น,8,(ยังไม่ได้ ตรวจสอบ รวมกําไร(ขาดทุน) เบ็ดเสร็จอืNน,False,movement,574749.0
BBIK,20260513-bbik-fs-1q2026-th.pdf,9,baht,,1,24,รวมการเปลียN นแปลงในส่ วนของผู้ ถือหุ้น,9,แต่ สอบทานแล้ว) (หน่วย : บาท) รวม,True,movement,29958211.0
BBIK,20260513-bbik-fs-1q2026-th.pdf,9,baht,,1,25,ยอดคงเหลือ ณ วันทีN 31 มีนาคม 2569,0,ทุนทีอN อก และชําระแล้ว,False,balance,100007737.0
BBIK,20260513-bbik-fs-1q2026-th.pdf,9,baht,,1,25,ยอดคงเหลือ ณ วันทีN 31 มีนาคม 2569,1,ส่ วนเกินมูลค่า หุ้นสามัญ,False,balance,1487827519.0
BBIK,20260513-bbik-fs-1q2026-th.pdf,9,baht,,1,25,ยอดคงเหลือ ณ วันทีN 31 มีนาคม 2569,2,ส่ วนเกินทุน จากการแลกหุ้น,False,balance,4930000.0
BBIK,20260513-bbik-fs-1q2026-th.pdf,9,baht,,1,25,ยอดคงเหลือ ณ วันทีN 31 มีนาคม 2569,3,ส่ วนเกินทุนจาก การจ่ายโดยใช้ หุ้นเป็ นเกณฑ์,False,balance,10774866.0
BBIK,20260513-bbik-fs-1q2026-th.pdf,9,baht,,1,25,ยอดคงเหลือ ณ วันทีN 31 มีนาคม 2569,4,กําไรสะสม จัดสรรแล้ว สํารองตามกฎหมาย,False,balance,10001000.0
BBIK,20260513-bbik-fs-1q2026-th.pdf,9,baht,,1,25,ยอดคงเหลือ ณ วันทีN 31 มีนาคม 2569,5,ยังไม่ได้ จัดสรร,False,balance,435302279.0
BBIK,20260513-bbik-fs-1q2026-th.pdf,9,baht,,1,25,ยอดคงเหลือ ณ วันทีN 31 มีนาคม 2569,6,องค์ประกอบอืNนของส่ กําไร กําไร (ขาดทุน) จากอัตรา แลกเปลียN นของสินทรัพย์ทางการเงิน ให้วดั มูลค่าด้ วยมูลค่ายุติธรรม ผ่ านกําไรขาดทุนเบ็ดเสร็จอืNน,False,balance,-603960.0
BBIK,20260513-bbik-fs-1q2026-th.pdf,9,baht,,1,25,ยอดคงเหลือ ณ วันทีN 31 มีนาคม 2569,7,วนของผู้ ถือหุ้น (ขาดทุน) เบ็ดเสร็จอืNน ขาดทุนจากเงินลงทุน ในตราสารทุนทีกN าํ หนดให้วดั มูลค่าด้ วยมูลค่ายุติธรรมผ่ าน กําไรขาดทุนเบ็ดเสร็จอืNน,False,balance,-1375986.0
BBIK,20260513-bbik-fs-1q2026-th.pdf,9,baht,,1,25,ยอดคงเหลือ ณ วันทีN 31 มีนาคม 2569,8,(ยังไม่ได้ ตรวจสอบ รวมกําไร(ขาดทุน) เบ็ดเสร็จอืNน,False,balance,-1979946.0
BBIK,20260513-bbik-fs-1q2026-th.pdf,9,baht,,1,25,ยอดคงเหลือ ณ วันทีN 31 มีนาคม 2569,9,แต่ สอบทานแล้ว) (หน่วย : บาท) รวม,True,balance,2046863455.0
PRG,20260513-prg-fs-1q2026-th.pdf,7,thousand,con,0,11,"ยอดคงเหลือ ณ วันที1 1 มกราคม 2568 727,924",0,ย่อย ทุนเรือนหุน้ ทีอC อกจําหน่ายและ ําระเต็มมูลค,False,balance,
PRG,20260513-prg-fs-1q2026-th.pdf,7,thousand,con,0,11,"ยอดคงเหลือ ณ วันที1 1 มกราคม 2568 727,924",1,ส่วนเก ิน ่าแล้ว มูลค ่าหุน้ สามัญ,False,balance,670981.0
PRG,20260513-prg-fs-1q2026-th.pdf,7,thousand,con,0,11,"ยอดคงเหลือ ณ วันที1 1 มกราคม 2568 727,924",2,ส่วนของผถ้ ู อื ส่วนตําC กว่าทุน จากการเปลียC นแปลง สัดส่วนการถือหุน้ ในบริษทั ย่อย,False,balance,-9991.0
PRG,20260513-prg-fs-1q2026-th.pdf,7,thousand,con,0,11,"ยอดคงเหลือ ณ วันที1 1 มกราคม 2568 727,924",3,งบการเงินรวม หุน้ ของบริษทั ฯ ก จัดสรรแล้ว,False,balance,96711.0
PRG,20260513-prg-fs-1q2026-th.pdf,7,thousand,con,0,11,"ยอดคงเหลือ ณ วันที1 1 มกราคม 2568 727,924",4,ําไรสะสม ยังไม่ไ ด้จัดสรร,False,balance,1656954.0
PRG,20260513-prg-fs-1q2026-th.pdf,7,thousand,con,0,11,"ยอดคงเหลือ ณ วันที1 1 มกราคม 2568 727,924",5,(ยังไม่ไ ด้ตรวจสอบ องค ์ประกอบอืนC ของส่วนของผถ้ ู อื หุน้ สํารองสําหรับ มูลค ่ายุตธิ รรม,False,balance,7622811.0
PRG,20260513-prg-fs-1q2026-th.pdf,7,thousand,con,0,11,"ยอดคงเหลือ ณ วันที1 1 มกราคม 2568 727,924",6,แต่สอบทานแล้ว) (หน่วย: พันบาท) รวมส่วนของ ผถ้ ู อื หุน้,True,balance,10765390.0
PRG,20260513-prg-fs-1q2026-th.pdf,7,thousand,con,0,12,ก ําไรสําหรับงวด -,0,ย่อย ทุนเรือนหุน้ ทีอC อกจําหน่ายและ ําระเต็มมูลค,False,movement,
PRG,20260513-prg-fs-1q2026-th.pdf,7,thousand,con,0,12,ก ําไรสําหรับงวด -,1,ส่วนเก ิน ่าแล้ว มูลค ่าหุน้ สามัญ,False,movement,
PRG,20260513-prg-fs-1q2026-th.pdf,7,thousand,con,0,12,ก ําไรสําหรับงวด -,2,ส่วนของผถ้ ู อื ส่วนตําC กว่าทุน จากการเปลียC นแปลง สัดส่วนการถือหุน้ ในบริษทั ย่อย,False,movement,
PRG,20260513-prg-fs-1q2026-th.pdf,7,thousand,con,0,12,ก ําไรสําหรับงวด -,3,งบการเงินรวม หุน้ ของบริษทั ฯ ก จัดสรรแล้ว,False,movement,
PRG,20260513-prg-fs-1q2026-th.pdf,7,thousand,con,0,12,ก ําไรสําหรับงวด -,4,ําไรสะสม ยังไม่ไ ด้จัดสรร,False,movement,1832.0
PRG,20260513-prg-fs-1q2026-th.pdf,7,thousand,con,0,12,ก ําไรสําหรับงวด -,5,(ยังไม่ไ ด้ตรวจสอบ องค ์ประกอบอืนC ของส่วนของผถ้ ู อื หุน้ สํารองสําหรับ มูลค ่ายุตธิ รรม,False,movement,
PRG,20260513-prg-fs-1q2026-th.pdf,7,thousand,con,0,12,ก ําไรสําหรับงวด -,6,แต่สอบทานแล้ว) (หน่วย: พันบาท) รวมส่วนของ ผถ้ ู อื หุน้,True,movement,1832.0
PRG,20260513-prg-fs-1q2026-th.pdf,7,thousand,con,0,13,ก ําไรขาดทุนเบ็ดเสร็จอืนC สําหรับงวด -,0,ย่อย ทุนเรือนหุน้ ทีอC อกจําหน่ายและ ําระเต็มมูลค,False,movement,
PRG,20260513-prg-fs-1q2026-th.pdf,7,thousand,con,0,13,ก ําไรขาดทุนเบ็ดเสร็จอืนC สําหรับงวด -,1,ส่วนเก ิน ่าแล้ว มูลค ่าหุน้ สามัญ,False,movement,
PRG,20260513-prg-fs-1q2026-th.pdf,7,thousand,con,0,13,ก ําไรขาดทุนเบ็ดเสร็จอืนC สําหรับงวด -,2,ส่วนของผถ้ ู อื ส่วนตําC กว่าทุน จากการเปลียC นแปลง สัดส่วนการถือหุน้ ในบริษทั ย่อย,False,movement,
PRG,20260513-prg-fs-1q2026-th.pdf,7,thousand,con,0,13,ก ําไรขาดทุนเบ็ดเสร็จอืนC สําหรับงวด -,3,งบการเงินรวม หุน้ ของบริษทั ฯ ก จัดสรรแล้ว,False,movement,
PRG,20260513-prg-fs-1q2026-th.pdf,7,thousand,con,0,13,ก ําไรขาดทุนเบ็ดเสร็จอืนC สําหรับงวด -,4,ําไรสะสม ยังไม่ไ ด้จัดสรร,False,movement,
PRG,20260513-prg-fs-1q2026-th.pdf,7,thousand,con,0,13,ก ําไรขาดทุนเบ็ดเสร็จอืนC สําหรับงวด -,5,(ยังไม่ไ ด้ตรวจสอบ องค ์ประกอบอืนC ของส่วนของผถ้ ู อื หุน้ สํารองสําหรับ มูลค ่ายุตธิ รรม,False,movement,-1634827.0
PRG,20260513-prg-fs-1q2026-th.pdf,7,thousand,con,0,13,ก ําไรขาดทุนเบ็ดเสร็จอืนC สําหรับงวด -,6,แต่สอบทานแล้ว) (หน่วย: พันบาท) รวมส่วนของ ผถ้ ู อื หุน้,True,movement,-1634827.0
PRG,20260513-prg-fs-1q2026-th.pdf,7,thousand,con,0,14,ก ําไรขาดทุนเบ็ดเสร็จรวมสําหรับงวด -,0,ย่อย ทุนเรือนหุน้ ทีอC อกจําหน่ายและ ําระเต็มมูลค,False,movement,
PRG,20260513-prg-fs-1q2026-th.pdf,7,thousand,con,0,14,ก ําไรขาดทุนเบ็ดเสร็จรวมสําหรับงวด -,1,ส่วนเก ิน ่าแล้ว มูลค ่าหุน้ สามัญ,False,movement,
PRG,20260513-prg-fs-1q2026-th.pdf,7,thousand,con,0,14,ก ําไรขาดทุนเบ็ดเสร็จรวมสําหรับงวด -,2,ส่วนของผถ้ ู อื ส่วนตําC กว่าทุน จากการเปลียC นแปลง สัดส่วนการถือหุน้ ในบริษทั ย่อย,False,movement,
PRG,20260513-prg-fs-1q2026-th.pdf,7,thousand,con,0,14,ก ําไรขาดทุนเบ็ดเสร็จรวมสําหรับงวด -,3,งบการเงินรวม หุน้ ของบริษทั ฯ ก จัดสรรแล้ว,False,movement,
PRG,20260513-prg-fs-1q2026-th.pdf,7,thousand,con,0,14,ก ําไรขาดทุนเบ็ดเสร็จรวมสําหรับงวด -,4,ําไรสะสม ยังไม่ไ ด้จัดสรร,False,movement,1832.0
PRG,20260513-prg-fs-1q2026-th.pdf,7,thousand,con,0,14,ก ําไรขาดทุนเบ็ดเสร็จรวมสําหรับงวด -,5,(ยังไม่ไ ด้ตรวจสอบ องค ์ประกอบอืนC ของส่วนของผถ้ ู อื หุน้ สํารองสําหรับ มูลค ่ายุตธิ รรม,False,movement,-1634827.0
PRG,20260513-prg-fs-1q2026-th.pdf,7,thousand,con,0,14,ก ําไรขาดทุนเบ็ดเสร็จรวมสําหรับงวด -,6,แต่สอบทานแล้ว) (หน่วย: พันบาท) รวมส่วนของ ผถ้ ู อื หุน้,True,movement,-1632995.0
PRG,20260513-prg-fs-1q2026-th.pdf,7,thousand,con,0,15,"ใบสําค ัญแสดงสิทธิใช้สิทธิซอืA หุน้ สามัญ 34,924",0,ย่อย ทุนเรือนหุน้ ทีอC อกจําหน่ายและ ําระเต็มมูลค,False,movement,
PRG,20260513-prg-fs-1q2026-th.pdf,7,thousand,con,0,15,"ใบสําค ัญแสดงสิทธิใช้สิทธิซอืA หุน้ สามัญ 34,924",1,ส่วนเก ิน ่าแล้ว มูลค ่าหุน้ สามัญ,False,movement,139679.0
PRG,20260513-prg-fs-1q2026-th.pdf,7,thousand,con,0,15,"ใบสําค ัญแสดงสิทธิใช้สิทธิซอืA หุน้ สามัญ 34,924",2,ส่วนของผถ้ ู อื ส่วนตําC กว่าทุน จากการเปลียC นแปลง สัดส่วนการถือหุน้ ในบริษทั ย่อย,False,movement,
PRG,20260513-prg-fs-1q2026-th.pdf,7,thousand,con,0,15,"ใบสําค ัญแสดงสิทธิใช้สิทธิซอืA หุน้ สามัญ 34,924",3,งบการเงินรวม หุน้ ของบริษทั ฯ ก จัดสรรแล้ว,False,movement,
PRG,20260513-prg-fs-1q2026-th.pdf,7,thousand,con,0,15,"ใบสําค ัญแสดงสิทธิใช้สิทธิซอืA หุน้ สามัญ 34,924",4,ําไรสะสม ยังไม่ไ ด้จัดสรร,False,movement,
PRG,20260513-prg-fs-1q2026-th.pdf,7,thousand,con,0,15,"ใบสําค ัญแสดงสิทธิใช้สิทธิซอืA หุน้ สามัญ 34,924",5,(ยังไม่ไ ด้ตรวจสอบ องค ์ประกอบอืนC ของส่วนของผถ้ ู อื หุน้ สํารองสําหรับ มูลค ่ายุตธิ รรม,False,movement,
PRG,20260513-prg-fs-1q2026-th.pdf,7,thousand,con,0,15,"ใบสําค ัญแสดงสิทธิใช้สิทธิซอืA หุน้ สามัญ 34,924",6,แต่สอบทานแล้ว) (หน่วย: พันบาท) รวมส่วนของ ผถ้ ู อื หุน้,True,movement,174603.0
PRG,20260513-prg-fs-1q2026-th.pdf,7,thousand,con,0,16,"ยอดคงเหลือ ณ วันที1 31 มีนาคม 2568 762,848",0,ย่อย ทุนเรือนหุน้ ทีอC อกจําหน่ายและ ําระเต็มมูลค,False,balance,
PRG,20260513-prg-fs-1q2026-th.pdf,7,thousand,con,0,16,"ยอดคงเหลือ ณ วันที1 31 มีนาคม 2568 762,848",1,ส่วนเก ิน ่าแล้ว มูลค ่าหุน้ สามัญ,False,balance,810660.0
PRG,20260513-prg-fs-1q2026-th.pdf,7,thousand,con,0,16,"ยอดคงเหลือ ณ วันที1 31 มีนาคม 2568 762,848",2,ส่วนของผถ้ ู อื ส่วนตําC กว่าทุน จากการเปลียC นแปลง สัดส่วนการถือหุน้ ในบริษทั ย่อย,False,balance,-9991.0
PRG,20260513-prg-fs-1q2026-th.pdf,7,thousand,con,0,16,"ยอดคงเหลือ ณ วันที1 31 มีนาคม 2568 762,848",3,งบการเงินรวม หุน้ ของบริษทั ฯ ก จัดสรรแล้ว,False,balance,96711.0
PRG,20260513-prg-fs-1q2026-th.pdf,7,thousand,con,0,16,"ยอดคงเหลือ ณ วันที1 31 มีนาคม 2568 762,848",4,ําไรสะสม ยังไม่ไ ด้จัดสรร,False,balance,1658786.0
PRG,20260513-prg-fs-1q2026-th.pdf,7,thousand,con,0,16,"ยอดคงเหลือ ณ วันที1 31 มีนาคม 2568 762,848",5,(ยังไม่ไ ด้ตรวจสอบ องค ์ประกอบอืนC ของส่วนของผถ้ ู อื หุน้ สํารองสําหรับ มูลค ่ายุตธิ รรม,False,balance,5987984.0
PRG,20260513-prg-fs-1q2026-th.pdf,7,thousand,con,0,16,"ยอดคงเหลือ ณ วันที1 31 มีนาคม 2568 762,848",6,แต่สอบทานแล้ว) (หน่วย: พันบาท) รวมส่วนของ ผถ้ ู อื หุน้,True,balance,9306998.0
PRG,20260513-prg-fs-1q2026-th.pdf,7,thousand,con,1,18,ยอดคงเหลือ ณ วันที1 1 มกราคม 2569,0,ย่อย ทุนเรือนหุน้ ทีอC อกจําหน่ายและ ําระเต็มมูลค,False,balance,763325.0
PRG,20260513-prg-fs-1q2026-th.pdf,7,thousand,con,1,18,ยอดคงเหลือ ณ วันที1 1 มกราคม 2569,1,ส่วนเก ิน ่าแล้ว มูลค ่าหุน้ สามัญ,False,balance,812426.0
PRG,20260513-prg-fs-1q2026-th.pdf,7,thousand,con,1,18,ยอดคงเหลือ ณ วันที1 1 มกราคม 2569,2,ส่วนของผถ้ ู อื ส่วนตําC กว่าทุน จากการเปลียC นแปลง สัดส่วนการถือหุน้ ในบริษทั ย่อย,False,balance,-9991.0
PRG,20260513-prg-fs-1q2026-th.pdf,7,thousand,con,1,18,ยอดคงเหลือ ณ วันที1 1 มกราคม 2569,3,งบการเงินรวม หุน้ ของบริษทั ฯ ก จัดสรรแล้ว,False,balance,96711.0
PRG,20260513-prg-fs-1q2026-th.pdf,7,thousand,con,1,18,ยอดคงเหลือ ณ วันที1 1 มกราคม 2569,4,ําไรสะสม ยังไม่ไ ด้จัดสรร,False,balance,1673875.0
PRG,20260513-prg-fs-1q2026-th.pdf,7,thousand,con,1,18,ยอดคงเหลือ ณ วันที1 1 มกราคม 2569,5,(ยังไม่ไ ด้ตรวจสอบ องค ์ประกอบอืนC ของส่วนของผถ้ ู อื หุน้ สํารองสําหรับ มูลค ่ายุตธิ รรม,False,balance,6223643.0
PRG,20260513-prg-fs-1q2026-th.pdf,7,thousand,con,1,18,ยอดคงเหลือ ณ วันที1 1 มกราคม 2569,6,แต่สอบทานแล้ว) (หน่วย: พันบาท) รวมส่วนของ ผถ้ ู อื หุน้,True,balance,9559989.0
PRG,20260513-prg-fs-1q2026-th.pdf,7,thousand,con,1,19,ก ําไรสําหรับงวด,0,ย่อย ทุนเรือนหุน้ ทีอC อกจําหน่ายและ ําระเต็มมูลค,False,movement,
PRG,20260513-prg-fs-1q2026-th.pdf,7,thousand,con,1,19,ก ําไรสําหรับงวด,1,ส่วนเก ิน ่าแล้ว มูลค ่าหุน้ สามัญ,False,movement,
PRG,20260513-prg-fs-1q2026-th.pdf,7,thousand,con,1,19,ก ําไรสําหรับงวด,2,ส่วนของผถ้ ู อื ส่วนตําC กว่าทุน จากการเปลียC นแปลง สัดส่วนการถือหุน้ ในบริษทั ย่อย,False,movement,
PRG,20260513-prg-fs-1q2026-th.pdf,7,thousand,con,1,19,ก ําไรสําหรับงวด,3,งบการเงินรวม หุน้ ของบริษทั ฯ ก จัดสรรแล้ว,False,movement,
PRG,20260513-prg-fs-1q2026-th.pdf,7,thousand,con,1,19,ก ําไรสําหรับงวด,4,ําไรสะสม ยังไม่ไ ด้จัดสรร,False,movement,5185.0
PRG,20260513-prg-fs-1q2026-th.pdf,7,thousand,con,1,19,ก ําไรสําหรับงวด,5,(ยังไม่ไ ด้ตรวจสอบ องค ์ประกอบอืนC ของส่วนของผถ้ ู อื หุน้ สํารองสําหรับ มูลค ่ายุตธิ รรม,False,movement,
PRG,20260513-prg-fs-1q2026-th.pdf,7,thousand,con,1,19,ก ําไรสําหรับงวด,6,แต่สอบทานแล้ว) (หน่วย: พันบาท) รวมส่วนของ ผถ้ ู อื หุน้,True,movement,5185.0
PRG,20260513-prg-fs-1q2026-th.pdf,7,thousand,con,1,20,ก ําไรขาดทุนเบ็ดเสร็จอืนC สําหรับงวด,0,ย่อย ทุนเรือนหุน้ ทีอC อกจําหน่ายและ ําระเต็มมูลค,False,movement,
PRG,20260513-prg-fs-1q2026-th.pdf,7,thousand,con,1,20,ก ําไรขาดทุนเบ็ดเสร็จอืนC สําหรับงวด,1,ส่วนเก ิน ่าแล้ว มูลค ่าหุน้ สามัญ,False,movement,
PRG,20260513-prg-fs-1q2026-th.pdf,7,thousand,con,1,20,ก ําไรขาดทุนเบ็ดเสร็จอืนC สําหรับงวด,2,ส่วนของผถ้ ู อื ส่วนตําC กว่าทุน จากการเปลียC นแปลง สัดส่วนการถือหุน้ ในบริษทั ย่อย,False,movement,
PRG,20260513-prg-fs-1q2026-th.pdf,7,thousand,con,1,20,ก ําไรขาดทุนเบ็ดเสร็จอืนC สําหรับงวด,3,งบการเงินรวม หุน้ ของบริษทั ฯ ก จัดสรรแล้ว,False,movement,
PRG,20260513-prg-fs-1q2026-th.pdf,7,thousand,con,1,20,ก ําไรขาดทุนเบ็ดเสร็จอืนC สําหรับงวด,4,ําไรสะสม ยังไม่ไ ด้จัดสรร,False,movement,
PRG,20260513-prg-fs-1q2026-th.pdf,7,thousand,con,1,20,ก ําไรขาดทุนเบ็ดเสร็จอืนC สําหรับงวด,5,(ยังไม่ไ ด้ตรวจสอบ องค ์ประกอบอืนC ของส่วนของผถ้ ู อื หุน้ สํารองสําหรับ มูลค ่ายุตธิ รรม,False,movement,-140128.0
PRG,20260513-prg-fs-1q2026-th.pdf,7,thousand,con,1,20,ก ําไรขาดทุนเบ็ดเสร็จอืนC สําหรับงวด,6,แต่สอบทานแล้ว) (หน่วย: พันบาท) รวมส่วนของ ผถ้ ู อื หุน้,True,movement,-140128.0
PRG,20260513-prg-fs-1q2026-th.pdf,7,thousand,con,1,21,ก ําไรขาดทุนเบ็ดเสร็จรวมสําหรับงวด,0,ย่อย ทุนเรือนหุน้ ทีอC อกจําหน่ายและ ําระเต็มมูลค,False,movement,
PRG,20260513-prg-fs-1q2026-th.pdf,7,thousand,con,1,21,ก ําไรขาดทุนเบ็ดเสร็จรวมสําหรับงวด,1,ส่วนเก ิน ่าแล้ว มูลค ่าหุน้ สามัญ,False,movement,
PRG,20260513-prg-fs-1q2026-th.pdf,7,thousand,con,1,21,ก ําไรขาดทุนเบ็ดเสร็จรวมสําหรับงวด,2,ส่วนของผถ้ ู อื ส่วนตําC กว่าทุน จากการเปลียC นแปลง สัดส่วนการถือหุน้ ในบริษทั ย่อย,False,movement,
PRG,20260513-prg-fs-1q2026-th.pdf,7,thousand,con,1,21,ก ําไรขาดทุนเบ็ดเสร็จรวมสําหรับงวด,3,งบการเงินรวม หุน้ ของบริษทั ฯ ก จัดสรรแล้ว,False,movement,
PRG,20260513-prg-fs-1q2026-th.pdf,7,thousand,con,1,21,ก ําไรขาดทุนเบ็ดเสร็จรวมสําหรับงวด,4,ําไรสะสม ยังไม่ไ ด้จัดสรร,False,movement,5185.0
PRG,20260513-prg-fs-1q2026-th.pdf,7,thousand,con,1,21,ก ําไรขาดทุนเบ็ดเสร็จรวมสําหรับงวด,5,(ยังไม่ไ ด้ตรวจสอบ องค ์ประกอบอืนC ของส่วนของผถ้ ู อื หุน้ สํารองสําหรับ มูลค ่ายุตธิ รรม,False,movement,-140128.0
PRG,20260513-prg-fs-1q2026-th.pdf,7,thousand,con,1,21,ก ําไรขาดทุนเบ็ดเสร็จรวมสําหรับงวด,6,แต่สอบทานแล้ว) (หน่วย: พันบาท) รวมส่วนของ ผถ้ ู อื หุน้,True,movement,-134943.0
PRG,20260513-prg-fs-1q2026-th.pdf,7,thousand,con,1,22,ใบสําค ัญแสดงสิทธิใช้สิทธิซอืA หุน้ สามัญ (หมายเหตุ 9),0,ย่อย ทุนเรือนหุน้ ทีอC อกจําหน่ายและ ําระเต็มมูลค,False,movement,60.0
PRG,20260513-prg-fs-1q2026-th.pdf,7,thousand,con,1,22,ใบสําค ัญแสดงสิทธิใช้สิทธิซอืA หุน้ สามัญ (หมายเหตุ 9),1,ส่วนเก ิน ่าแล้ว มูลค ่าหุน้ สามัญ,False,movement,232.0
PRG,20260513-prg-fs-1q2026-th.pdf,7,thousand,con,1,22,ใบสําค ัญแสดงสิทธิใช้สิทธิซอืA หุน้ สามัญ (หมายเหตุ 9),2,ส่วนของผถ้ ู อื ส่วนตําC กว่าทุน จากการเปลียC นแปลง สัดส่วนการถือหุน้ ในบริษทั ย่อย,False,movement,
PRG,20260513-prg-fs-1q2026-th.pdf,7,thousand,con,1,22,ใบสําค ัญแสดงสิทธิใช้สิทธิซอืA หุน้ สามัญ (หมายเหตุ 9),3,งบการเงินรวม หุน้ ของบริษทั ฯ ก จัดสรรแล้ว,False,movement,
PRG,20260513-prg-fs-1q2026-th.pdf,7,thousand,con,1,22,ใบสําค ัญแสดงสิทธิใช้สิทธิซอืA หุน้ สามัญ (หมายเหตุ 9),4,ําไรสะสม ยังไม่ไ ด้จัดสรร,False,movement,
PRG,20260513-prg-fs-1q2026-th.pdf,7,thousand,con,1,22,ใบสําค ัญแสดงสิทธิใช้สิทธิซอืA หุน้ สามัญ (หมายเหตุ 9),5,(ยังไม่ไ ด้ตรวจสอบ องค ์ประกอบอืนC ของส่วนของผถ้ ู อื หุน้ สํารองสําหรับ มูลค ่ายุตธิ รรม,False,movement,
PRG,20260513-prg-fs-1q2026-th.pdf,7,thousand,con,1,22,ใบสําค ัญแสดงสิทธิใช้สิทธิซอืA หุน้ สามัญ (หมายเหตุ 9),6,แต่สอบทานแล้ว) (หน่วย: พันบาท) รวมส่วนของ ผถ้ ู อื หุน้,True,movement,292.0
PRG,20260513-prg-fs-1q2026-th.pdf,7,thousand,con,1,23,ยอดคงเหลือ ณ วันที1 31 มีนาคม 2569,0,ย่อย ทุนเรือนหุน้ ทีอC อกจําหน่ายและ ําระเต็มมูลค,False,balance,763385.0
PRG,20260513-prg-fs-1q2026-th.pdf,7,thousand,con,1,23,ยอดคงเหลือ ณ วันที1 31 มีนาคม 2569,1,ส่วนเก ิน ่าแล้ว มูลค ่าหุน้ สามัญ,False,balance,812658.0
PRG,20260513-prg-fs-1q2026-th.pdf,7,thousand,con,1,23,ยอดคงเหลือ ณ วันที1 31 มีนาคม 2569,2,ส่วนของผถ้ ู อื ส่วนตําC กว่าทุน จากการเปลียC นแปลง สัดส่วนการถือหุน้ ในบริษทั ย่อย,False,balance,-9991.0
PRG,20260513-prg-fs-1q2026-th.pdf,7,thousand,con,1,23,ยอดคงเหลือ ณ วันที1 31 มีนาคม 2569,3,งบการเงินรวม หุน้ ของบริษทั ฯ ก จัดสรรแล้ว,False,balance,96711.0
PRG,20260513-prg-fs-1q2026-th.pdf,7,thousand,con,1,23,ยอดคงเหลือ ณ วันที1 31 มีนาคม 2569,4,ําไรสะสม ยังไม่ไ ด้จัดสรร,False,balance,1679060.0
PRG,20260513-prg-fs-1q2026-th.pdf,7,thousand,con,1,23,ยอดคงเหลือ ณ วันที1 31 มีนาคม 2569,5,(ยังไม่ไ ด้ตรวจสอบ องค ์ประกอบอืนC ของส่วนของผถ้ ู อื หุน้ สํารองสําหรับ มูลค ่ายุตธิ รรม,False,balance,6083515.0
PRG,20260513-prg-fs-1q2026-th.pdf,7,thousand,con,1,23,ยอดคงเหลือ ณ วันที1 31 มีนาคม 2569,6,แต่สอบทานแล้ว) (หน่วย: พันบาท) รวมส่วนของ ผถ้ ู อื หุน้,True,balance,9425338.0
PRG,20260513-prg-fs-1q2026-th.pdf,7,thousand,con,1,24,,0,ย่อย ทุนเรือนหุน้ ทีอC อกจําหน่ายและ ําระเต็มมูลค,False,movement,
PRG,20260513-prg-fs-1q2026-th.pdf,7,thousand,con,1,24,,1,ส่วนเก ิน ่าแล้ว มูลค ่าหุน้ สามัญ,False,movement,
PRG,20260513-prg-fs-1q2026-th.pdf,7,thousand,con,1,24,,2,ส่วนของผถ้ ู อื ส่วนตําC กว่าทุน จากการเปลียC นแปลง สัดส่วนการถือหุน้ ในบริษทั ย่อย,False,movement,
PRG,20260513-prg-fs-1q2026-th.pdf,7,thousand,con,1,24,,3,งบการเงินรวม หุน้ ของบริษทั ฯ ก จัดสรรแล้ว,False,movement,
PRG,20260513-prg-fs-1q2026-th.pdf,7,thousand,con,1,24,,4,ําไรสะสม ยังไม่ไ ด้จัดสรร,False,movement,
PRG,20260513-prg-fs-1q2026-th.pdf,7,thousand,con,1,24,,5,(ยังไม่ไ ด้ตรวจสอบ องค ์ประกอบอืนC ของส่วนของผถ้ ู อื หุน้ สํารองสําหรับ มูลค ่ายุตธิ รรม,False,movement,
PRG,20260513-prg-fs-1q2026-th.pdf,7,thousand,con,1,24,,6,แต่สอบทานแล้ว) (หน่วย: พันบาท) รวมส่วนของ ผถ้ ู อื หุน้,True,movement,
PRG,20260513-prg-fs-1q2026-th.pdf,8,thousand,sep,0,10,ยอดคงเหลือ ณ วันที1 1 มกราคม 2568,0,ทุนเรือนหุน้ ทีอC อกจําหน่ายและ ําระเต็มมูลค,False,balance,727924.0
PRG,20260513-prg-fs-1q2026-th.pdf,8,thousand,sep,0,10,ยอดคงเหลือ ณ วันที1 1 มกราคม 2568,1,ส่วนเก ิน ่าแล้ว มูลค ่าหุน้ สามัญ,False,balance,670981.0
PRG,20260513-prg-fs-1q2026-th.pdf,8,thousand,sep,0,10,ยอดคงเหลือ ณ วันที1 1 มกราคม 2568,2,งบการเงินเฉพาะก ก จัดสรรแล้ว - สํารองตามกฎหมาย ยังไม่ไ,False,balance,96711.0
PRG,20260513-prg-fs-1q2026-th.pdf,8,thousand,sep,0,10,ยอดคงเหลือ ณ วันที1 1 มกราคม 2568,3,ิจการ ําไรสะสม ด้จัดสรร,False,balance,1857718.0
PRG,20260513-prg-fs-1q2026-th.pdf,8,thousand,sep,0,10,ยอดคงเหลือ ณ วันที1 1 มกราคม 2568,4,(ยังไม่ไ ด้ตรวจสอบ องค ์ประกอบอืนC ของส่วนของผถ้ ู อื หุน้ สํารองสําหรับ มูลค ่ายุตธิ รรม,False,balance,7220035.0
PRG,20260513-prg-fs-1q2026-th.pdf,8,thousand,sep,0,10,ยอดคงเหลือ ณ วันที1 1 มกราคม 2568,5,แต่สอบทานแล้ว) (หน่วย: พันบาท) รวมส่วนของ ผถ้ ู อื หุน้,True,balance,10573369.0
PRG,20260513-prg-fs-1q2026-th.pdf,8,thousand,sep,0,11,ขาดทุนสําหรับงวด -,0,ทุนเรือนหุน้ ทีอC อกจําหน่ายและ ําระเต็มมูลค,False,movement,
PRG,20260513-prg-fs-1q2026-th.pdf,8,thousand,sep,0,11,ขาดทุนสําหรับงวด -,1,ส่วนเก ิน ่าแล้ว มูลค ่าหุน้ สามัญ,False,movement,
PRG,20260513-prg-fs-1q2026-th.pdf,8,thousand,sep,0,11,ขาดทุนสําหรับงวด -,2,งบการเงินเฉพาะก ก จัดสรรแล้ว - สํารองตามกฎหมาย ยังไม่ไ,False,movement,
PRG,20260513-prg-fs-1q2026-th.pdf,8,thousand,sep,0,11,ขาดทุนสําหรับงวด -,3,ิจการ ําไรสะสม ด้จัดสรร,False,movement,-1679.0
PRG,20260513-prg-fs-1q2026-th.pdf,8,thousand,sep,0,11,ขาดทุนสําหรับงวด -,4,(ยังไม่ไ ด้ตรวจสอบ องค ์ประกอบอืนC ของส่วนของผถ้ ู อื หุน้ สํารองสําหรับ มูลค ่ายุตธิ รรม,False,movement,
PRG,20260513-prg-fs-1q2026-th.pdf,8,thousand,sep,0,11,ขาดทุนสําหรับงวด -,5,แต่สอบทานแล้ว) (หน่วย: พันบาท) รวมส่วนของ ผถ้ ู อื หุน้,True,movement,-1679.0
PRG,20260513-prg-fs-1q2026-th.pdf,8,thousand,sep,0,12,ก ําไรขาดทุนเบ็ดเสร็จอืนC สําหรับงวด -,0,ทุนเรือนหุน้ ทีอC อกจําหน่ายและ ําระเต็มมูลค,False,movement,
PRG,20260513-prg-fs-1q2026-th.pdf,8,thousand,sep,0,12,ก ําไรขาดทุนเบ็ดเสร็จอืนC สําหรับงวด -,1,ส่วนเก ิน ่าแล้ว มูลค ่าหุน้ สามัญ,False,movement,
PRG,20260513-prg-fs-1q2026-th.pdf,8,thousand,sep,0,12,ก ําไรขาดทุนเบ็ดเสร็จอืนC สําหรับงวด -,2,งบการเงินเฉพาะก ก จัดสรรแล้ว - สํารองตามกฎหมาย ยังไม่ไ,False,movement,
PRG,20260513-prg-fs-1q2026-th.pdf,8,thousand,sep,0,12,ก ําไรขาดทุนเบ็ดเสร็จอืนC สําหรับงวด -,3,ิจการ ําไรสะสม ด้จัดสรร,False,movement,
PRG,20260513-prg-fs-1q2026-th.pdf,8,thousand,sep,0,12,ก ําไรขาดทุนเบ็ดเสร็จอืนC สําหรับงวด -,4,(ยังไม่ไ ด้ตรวจสอบ องค ์ประกอบอืนC ของส่วนของผถ้ ู อื หุน้ สํารองสําหรับ มูลค ่ายุตธิ รรม,False,movement,-1556104.0
PRG,20260513-prg-fs-1q2026-th.pdf,8,thousand,sep,0,12,ก ําไรขาดทุนเบ็ดเสร็จอืนC สําหรับงวด -,5,แต่สอบทานแล้ว) (หน่วย: พันบาท) รวมส่วนของ ผถ้ ู อื หุน้,True,movement,-1556104.0
PRG,20260513-prg-fs-1q2026-th.pdf,8,thousand,sep,0,13,ก ําไรขาดทุนเบ็ดเสร็จรวมสําหรับงวด -,0,ทุนเรือนหุน้ ทีอC อกจําหน่ายและ ําระเต็มมูลค,False,movement,
PRG,20260513-prg-fs-1q2026-th.pdf,8,thousand,sep,0,13,ก ําไรขาดทุนเบ็ดเสร็จรวมสําหรับงวด -,1,ส่วนเก ิน ่าแล้ว มูลค ่าหุน้ สามัญ,False,movement,
PRG,20260513-prg-fs-1q2026-th.pdf,8,thousand,sep,0,13,ก ําไรขาดทุนเบ็ดเสร็จรวมสําหรับงวด -,2,งบการเงินเฉพาะก ก จัดสรรแล้ว - สํารองตามกฎหมาย ยังไม่ไ,False,movement,
PRG,20260513-prg-fs-1q2026-th.pdf,8,thousand,sep,0,13,ก ําไรขาดทุนเบ็ดเสร็จรวมสําหรับงวด -,3,ิจการ ําไรสะสม ด้จัดสรร,False,movement,-1679.0
PRG,20260513-prg-fs-1q2026-th.pdf,8,thousand,sep,0,13,ก ําไรขาดทุนเบ็ดเสร็จรวมสําหรับงวด -,4,(ยังไม่ไ ด้ตรวจสอบ องค ์ประกอบอืนC ของส่วนของผถ้ ู อื หุน้ สํารองสําหรับ มูลค ่ายุตธิ รรม,False,movement,-1556104.0
PRG,20260513-prg-fs-1q2026-th.pdf,8,thousand,sep,0,13,ก ําไรขาดทุนเบ็ดเสร็จรวมสําหรับงวด -,5,แต่สอบทานแล้ว) (หน่วย: พันบาท) รวมส่วนของ ผถ้ ู อื หุน้,True,movement,-1557783.0
PRG,20260513-prg-fs-1q2026-th.pdf,8,thousand,sep,0,14,ใบสําค ัญแสดงสิทธิใช้สิทธิซอืA หุน้ สามัญ,0,ทุนเรือนหุน้ ทีอC อกจําหน่ายและ ําระเต็มมูลค,False,movement,34924.0
PRG,20260513-prg-fs-1q2026-th.pdf,8,thousand,sep,0,14,ใบสําค ัญแสดงสิทธิใช้สิทธิซอืA หุน้ สามัญ,1,ส่วนเก ิน ่าแล้ว มูลค ่าหุน้ สามัญ,False,movement,139679.0
PRG,20260513-prg-fs-1q2026-th.pdf,8,thousand,sep,0,14,ใบสําค ัญแสดงสิทธิใช้สิทธิซอืA หุน้ สามัญ,2,งบการเงินเฉพาะก ก จัดสรรแล้ว - สํารองตามกฎหมาย ยังไม่ไ,False,movement,
PRG,20260513-prg-fs-1q2026-th.pdf,8,thousand,sep,0,14,ใบสําค ัญแสดงสิทธิใช้สิทธิซอืA หุน้ สามัญ,3,ิจการ ําไรสะสม ด้จัดสรร,False,movement,
PRG,20260513-prg-fs-1q2026-th.pdf,8,thousand,sep,0,14,ใบสําค ัญแสดงสิทธิใช้สิทธิซอืA หุน้ สามัญ,4,(ยังไม่ไ ด้ตรวจสอบ องค ์ประกอบอืนC ของส่วนของผถ้ ู อื หุน้ สํารองสําหรับ มูลค ่ายุตธิ รรม,False,movement,
PRG,20260513-prg-fs-1q2026-th.pdf,8,thousand,sep,0,14,ใบสําค ัญแสดงสิทธิใช้สิทธิซอืA หุน้ สามัญ,5,แต่สอบทานแล้ว) (หน่วย: พันบาท) รวมส่วนของ ผถ้ ู อื หุน้,True,movement,174603.0
PRG,20260513-prg-fs-1q2026-th.pdf,8,thousand,sep,0,15,ยอดคงเหลือ ณ วันที1 31 มีนาคม 2568,0,ทุนเรือนหุน้ ทีอC อกจําหน่ายและ ําระเต็มมูลค,False,balance,762848.0
PRG,20260513-prg-fs-1q2026-th.pdf,8,thousand,sep,0,15,ยอดคงเหลือ ณ วันที1 31 มีนาคม 2568,1,ส่วนเก ิน ่าแล้ว มูลค ่าหุน้ สามัญ,False,balance,810660.0
PRG,20260513-prg-fs-1q2026-th.pdf,8,thousand,sep,0,15,ยอดคงเหลือ ณ วันที1 31 มีนาคม 2568,2,งบการเงินเฉพาะก ก จัดสรรแล้ว - สํารองตามกฎหมาย ยังไม่ไ,False,balance,96711.0
PRG,20260513-prg-fs-1q2026-th.pdf,8,thousand,sep,0,15,ยอดคงเหลือ ณ วันที1 31 มีนาคม 2568,3,ิจการ ําไรสะสม ด้จัดสรร,False,balance,1856039.0
PRG,20260513-prg-fs-1q2026-th.pdf,8,thousand,sep,0,15,ยอดคงเหลือ ณ วันที1 31 มีนาคม 2568,4,(ยังไม่ไ ด้ตรวจสอบ องค ์ประกอบอืนC ของส่วนของผถ้ ู อื หุน้ สํารองสําหรับ มูลค ่ายุตธิ รรม,False,balance,5663931.0
PRG,20260513-prg-fs-1q2026-th.pdf,8,thousand,sep,0,15,ยอดคงเหลือ ณ วันที1 31 มีนาคม 2568,5,แต่สอบทานแล้ว) (หน่วย: พันบาท) รวมส่วนของ ผถ้ ู อื หุน้,True,balance,9190189.0
PRG,20260513-prg-fs-1q2026-th.pdf,8,thousand,sep,1,17,ยอดคงเหลือ ณ วันที1 1 มกราคม 2569,0,ทุนเรือนหุน้ ทีอC อกจําหน่ายและ ําระเต็มมูลค,False,balance,763325.0
PRG,20260513-prg-fs-1q2026-th.pdf,8,thousand,sep,1,17,ยอดคงเหลือ ณ วันที1 1 มกราคม 2569,1,ส่วนเก ิน ่าแล้ว มูลค ่าหุน้ สามัญ,False,balance,812426.0
PRG,20260513-prg-fs-1q2026-th.pdf,8,thousand,sep,1,17,ยอดคงเหลือ ณ วันที1 1 มกราคม 2569,2,งบการเงินเฉพาะก ก จัดสรรแล้ว - สํารองตามกฎหมาย ยังไม่ไ,False,balance,96711.0
PRG,20260513-prg-fs-1q2026-th.pdf,8,thousand,sep,1,17,ยอดคงเหลือ ณ วันที1 1 มกราคม 2569,3,ิจการ ําไรสะสม ด้จัดสรร,False,balance,1830199.0
PRG,20260513-prg-fs-1q2026-th.pdf,8,thousand,sep,1,17,ยอดคงเหลือ ณ วันที1 1 มกราคม 2569,4,(ยังไม่ไ ด้ตรวจสอบ องค ์ประกอบอืนC ของส่วนของผถ้ ู อื หุน้ สํารองสําหรับ มูลค ่ายุตธิ รรม,False,balance,5886232.0
PRG,20260513-prg-fs-1q2026-th.pdf,8,thousand,sep,1,17,ยอดคงเหลือ ณ วันที1 1 มกราคม 2569,5,แต่สอบทานแล้ว) (หน่วย: พันบาท) รวมส่วนของ ผถ้ ู อื หุน้,True,balance,9388893.0
PRG,20260513-prg-fs-1q2026-th.pdf,8,thousand,sep,1,18,ขาดทุนสําหรับงวด,0,ทุนเรือนหุน้ ทีอC อกจําหน่ายและ ําระเต็มมูลค,False,movement,
PRG,20260513-prg-fs-1q2026-th.pdf,8,thousand,sep,1,18,ขาดทุนสําหรับงวด,1,ส่วนเก ิน ่าแล้ว มูลค ่าหุน้ สามัญ,False,movement,
PRG,20260513-prg-fs-1q2026-th.pdf,8,thousand,sep,1,18,ขาดทุนสําหรับงวด,2,งบการเงินเฉพาะก ก จัดสรรแล้ว - สํารองตามกฎหมาย ยังไม่ไ,False,movement,
PRG,20260513-prg-fs-1q2026-th.pdf,8,thousand,sep,1,18,ขาดทุนสําหรับงวด,3,ิจการ ําไรสะสม ด้จัดสรร,False,movement,-347.0
PRG,20260513-prg-fs-1q2026-th.pdf,8,thousand,sep,1,18,ขาดทุนสําหรับงวด,4,(ยังไม่ไ ด้ตรวจสอบ องค ์ประกอบอืนC ของส่วนของผถ้ ู อื หุน้ สํารองสําหรับ มูลค ่ายุตธิ รรม,False,movement,
PRG,20260513-prg-fs-1q2026-th.pdf,8,thousand,sep,1,18,ขาดทุนสําหรับงวด,5,แต่สอบทานแล้ว) (หน่วย: พันบาท) รวมส่วนของ ผถ้ ู อื หุน้,True,movement,-347.0
PRG,20260513-prg-fs-1q2026-th.pdf,8,thousand,sep,1,19,ก ําไรขาดทุนเบ็ดเสร็จอืนC สําหรับงวด,0,ทุนเรือนหุน้ ทีอC อกจําหน่ายและ ําระเต็มมูลค,False,movement,
PRG,20260513-prg-fs-1q2026-th.pdf,8,thousand,sep,1,19,ก ําไรขาดทุนเบ็ดเสร็จอืนC สําหรับงวด,1,ส่วนเก ิน ่าแล้ว มูลค ่าหุน้ สามัญ,False,movement,
PRG,20260513-prg-fs-1q2026-th.pdf,8,thousand,sep,1,19,ก ําไรขาดทุนเบ็ดเสร็จอืนC สําหรับงวด,2,งบการเงินเฉพาะก ก จัดสรรแล้ว - สํารองตามกฎหมาย ยังไม่ไ,False,movement,
PRG,20260513-prg-fs-1q2026-th.pdf,8,thousand,sep,1,19,ก ําไรขาดทุนเบ็ดเสร็จอืนC สําหรับงวด,3,ิจการ ําไรสะสม ด้จัดสรร,False,movement,
PRG,20260513-prg-fs-1q2026-th.pdf,8,thousand,sep,1,19,ก ําไรขาดทุนเบ็ดเสร็จอืนC สําหรับงวด,4,(ยังไม่ไ ด้ตรวจสอบ องค ์ประกอบอืนC ของส่วนของผถ้ ู อื หุน้ สํารองสําหรับ มูลค ่ายุตธิ รรม,False,movement,-133380.0
PRG,20260513-prg-fs-1q2026-th.pdf,8,thousand,sep,1,19,ก ําไรขาดทุนเบ็ดเสร็จอืนC สําหรับงวด,5,แต่สอบทานแล้ว) (หน่วย: พันบาท) รวมส่วนของ ผถ้ ู อื หุน้,True,movement,-133380.0
PRG,20260513-prg-fs-1q2026-th.pdf,8,thousand,sep,1,20,ก ําไรขาดทุนเบ็ดเสร็จรวมสําหรับงวด,0,ทุนเรือนหุน้ ทีอC อกจําหน่ายและ ําระเต็มมูลค,False,movement,
PRG,20260513-prg-fs-1q2026-th.pdf,8,thousand,sep,1,20,ก ําไรขาดทุนเบ็ดเสร็จรวมสําหรับงวด,1,ส่วนเก ิน ่าแล้ว มูลค ่าหุน้ สามัญ,False,movement,
PRG,20260513-prg-fs-1q2026-th.pdf,8,thousand,sep,1,20,ก ําไรขาดทุนเบ็ดเสร็จรวมสําหรับงวด,2,งบการเงินเฉพาะก ก จัดสรรแล้ว - สํารองตามกฎหมาย ยังไม่ไ,False,movement,
PRG,20260513-prg-fs-1q2026-th.pdf,8,thousand,sep,1,20,ก ําไรขาดทุนเบ็ดเสร็จรวมสําหรับงวด,3,ิจการ ําไรสะสม ด้จัดสรร,False,movement,-347.0
PRG,20260513-prg-fs-1q2026-th.pdf,8,thousand,sep,1,20,ก ําไรขาดทุนเบ็ดเสร็จรวมสําหรับงวด,4,(ยังไม่ไ ด้ตรวจสอบ องค ์ประกอบอืนC ของส่วนของผถ้ ู อื หุน้ สํารองสําหรับ มูลค ่ายุตธิ รรม,False,movement,-133380.0
PRG,20260513-prg-fs-1q2026-th.pdf,8,thousand,sep,1,20,ก ําไรขาดทุนเบ็ดเสร็จรวมสําหรับงวด,5,แต่สอบทานแล้ว) (หน่วย: พันบาท) รวมส่วนของ ผถ้ ู อื หุน้,True,movement,-133727.0
PRG,20260513-prg-fs-1q2026-th.pdf,8,thousand,sep,1,21,ใบสําค ัญแสดงสิทธิใช้สิทธิซอืA หุน้ สามัญ (หมายเหตุ 9),0,ทุนเรือนหุน้ ทีอC อกจําหน่ายและ ําระเต็มมูลค,False,movement,60.0
PRG,20260513-prg-fs-1q2026-th.pdf,8,thousand,sep,1,21,ใบสําค ัญแสดงสิทธิใช้สิทธิซอืA หุน้ สามัญ (หมายเหตุ 9),1,ส่วนเก ิน ่าแล้ว มูลค ่าหุน้ สามัญ,False,movement,232.0
PRG,20260513-prg-fs-1q2026-th.pdf,8,thousand,sep,1,21,ใบสําค ัญแสดงสิทธิใช้สิทธิซอืA หุน้ สามัญ (หมายเหตุ 9),2,งบการเงินเฉพาะก ก จัดสรรแล้ว - สํารองตามกฎหมาย ยังไม่ไ,False,movement,
PRG,20260513-prg-fs-1q2026-th.pdf,8,thousand,sep,1,21,ใบสําค ัญแสดงสิทธิใช้สิทธิซอืA หุน้ สามัญ (หมายเหตุ 9),3,ิจการ ําไรสะสม ด้จัดสรร,False,movement,
PRG,20260513-prg-fs-1q2026-th.pdf,8,thousand,sep,1,21,ใบสําค ัญแสดงสิทธิใช้สิทธิซอืA หุน้ สามัญ (หมายเหตุ 9),4,(ยังไม่ไ ด้ตรวจสอบ องค ์ประกอบอืนC ของส่วนของผถ้ ู อื หุน้ สํารองสําหรับ มูลค ่ายุตธิ รรม,False,movement,
PRG,20260513-prg-fs-1q2026-th.pdf,8,thousand,sep,1,21,ใบสําค ัญแสดงสิทธิใช้สิทธิซอืA หุน้ สามัญ (หมายเหตุ 9),5,แต่สอบทานแล้ว) (หน่วย: พันบาท) รวมส่วนของ ผถ้ ู อื หุน้,True,movement,292.0
PRG,20260513-prg-fs-1q2026-th.pdf,8,thousand,sep,1,22,ยอดคงเหลือ ณ วันที1 31 มีนาคม 2569,0,ทุนเรือนหุน้ ทีอC อกจําหน่ายและ ําระเต็มมูลค,False,balance,763385.0
PRG,20260513-prg-fs-1q2026-th.pdf,8,thousand,sep,1,22,ยอดคงเหลือ ณ วันที1 31 มีนาคม 2569,1,ส่วนเก ิน ่าแล้ว มูลค ่าหุน้ สามัญ,False,balance,812658.0
PRG,20260513-prg-fs-1q2026-th.pdf,8,thousand,sep,1,22,ยอดคงเหลือ ณ วันที1 31 มีนาคม 2569,2,งบการเงินเฉพาะก ก จัดสรรแล้ว - สํารองตามกฎหมาย ยังไม่ไ,False,balance,96711.0
PRG,20260513-prg-fs-1q2026-th.pdf,8,thousand,sep,1,22,ยอดคงเหลือ ณ วันที1 31 มีนาคม 2569,3,ิจการ ําไรสะสม ด้จัดสรร,False,balance,1829852.0
PRG,20260513-prg-fs-1q2026-th.pdf,8,thousand,sep,1,22,ยอดคงเหลือ ณ วันที1 31 มีนาคม 2569,4,(ยังไม่ไ ด้ตรวจสอบ องค ์ประกอบอืนC ของส่วนของผถ้ ู อื หุน้ สํารองสําหรับ มูลค ่ายุตธิ รรม,False,balance,5752852.0
PRG,20260513-prg-fs-1q2026-th.pdf,8,thousand,sep,1,22,ยอดคงเหลือ ณ วันที1 31 มีนาคม 2569,5,แต่สอบทานแล้ว) (หน่วย: พันบาท) รวมส่วนของ ผถ้ ู อื หุน้,True,balance,9255458.0
PRG,20260513-prg-fs-1q2026-th.pdf,8,thousand,sep,1,23,,0,ทุนเรือนหุน้ ทีอC อกจําหน่ายและ ําระเต็มมูลค,False,movement,
PRG,20260513-prg-fs-1q2026-th.pdf,8,thousand,sep,1,23,,1,ส่วนเก ิน ่าแล้ว มูลค ่าหุน้ สามัญ,False,movement,
PRG,20260513-prg-fs-1q2026-th.pdf,8,thousand,sep,1,23,,2,งบการเงินเฉพาะก ก จัดสรรแล้ว - สํารองตามกฎหมาย ยังไม่ไ,False,movement,
PRG,20260513-prg-fs-1q2026-th.pdf,8,thousand,sep,1,23,,3,ิจการ ําไรสะสม ด้จัดสรร,False,movement,
PRG,20260513-prg-fs-1q2026-th.pdf,8,thousand,sep,1,23,,4,(ยังไม่ไ ด้ตรวจสอบ องค ์ประกอบอืนC ของส่วนของผถ้ ู อื หุน้ สํารองสําหรับ มูลค ่ายุตธิ รรม,False,movement,
PRG,20260513-prg-fs-1q2026-th.pdf,8,thousand,sep,1,23,,5,แต่สอบทานแล้ว) (หน่วย: พันบาท) รวมส่วนของ ผถ้ ู อื หุน้,True,movement,
SAT,20260514-sat-fs-1q2026-th.pdf,9,thousand,con,0,10,ยอดคงเหลือ ณ วันที่ 1 มกราคม 2568,0,ทุน ที่ออกและ ชาระแล้ว,False,balance,425194.0
SAT,20260514-sat-fs-1q2026-th.pdf,9,thousand,con,0,10,ยอดคงเหลือ ณ วันที่ 1 มกราคม 2568,1,ส่ วนเกิน มูลค่าหุ้น,False,balance,716444.0
SAT,20260514-sat-fs-1q2026-th.pdf,9,thousand,con,0,10,ยอดคงเหลือ ณ วันที่ 1 มกราคม 2568,2,กาไรสะสม ทุนสารอง ตามกฎหมาย,False,balance,55671.0
SAT,20260514-sat-fs-1q2026-th.pdf,9,thousand,con,0,10,ยอดคงเหลือ ณ วันที่ 1 มกราคม 2568,3,ยังไม่ได้ จัดสรร,False,balance,7121534.0
SAT,20260514-sat-fs-1q2026-th.pdf,9,thousand,con,0,10,ยอดคงเหลือ ณ วันที่ 1 มกราคม 2568,4,งบการเงินรวม องค์ประกอบอื่น ของส่ วนของผูถ้ ือหุ ้น สารอง การเปลี่ยนแปลง ในมูลค่ายุติธรรม (พันบาท),False,balance,18160.0
SAT,20260514-sat-fs-1q2026-th.pdf,9,thousand,con,0,10,ยอดคงเหลือ ณ วันที่ 1 มกราคม 2568,5,รวมส่ วนของ บริ ษทั ใหญ่,False,balance,8337003.0
SAT,20260514-sat-fs-1q2026-th.pdf,9,thousand,con,0,10,ยอดคงเหลือ ณ วันที่ 1 มกราคม 2568,6,ส่ วนได้เสี ย ที่ไม่มีอานาจ ควบคุม,False,balance,-7710.0
SAT,20260514-sat-fs-1q2026-th.pdf,9,thousand,con,0,10,ยอดคงเหลือ ณ วันที่ 1 มกราคม 2568,7,รวมส่ วนของ ผูถ้ ือหุ ้น,True,balance,8329293.0
SAT,20260514-sat-fs-1q2026-th.pdf,9,thousand,con,0,13,กาไร (ขาดทุน),0,ทุน ที่ออกและ ชาระแล้ว,False,movement,
SAT,20260514-sat-fs-1q2026-th.pdf,9,thousand,con,0,13,กาไร (ขาดทุน),1,ส่ วนเกิน มูลค่าหุ้น,False,movement,
SAT,20260514-sat-fs-1q2026-th.pdf,9,thousand,con,0,13,กาไร (ขาดทุน),2,กาไรสะสม ทุนสารอง ตามกฎหมาย,False,movement,
SAT,20260514-sat-fs-1q2026-th.pdf,9,thousand,con,0,13,กาไร (ขาดทุน),3,ยังไม่ได้ จัดสรร,False,movement,189198.0
SAT,20260514-sat-fs-1q2026-th.pdf,9,thousand,con,0,13,กาไร (ขาดทุน),4,งบการเงินรวม องค์ประกอบอื่น ของส่ วนของผูถ้ ือหุ ้น สารอง การเปลี่ยนแปลง ในมูลค่ายุติธรรม (พันบาท),False,movement,
SAT,20260514-sat-fs-1q2026-th.pdf,9,thousand,con,0,13,กาไร (ขาดทุน),5,รวมส่ วนของ บริ ษทั ใหญ่,False,movement,189198.0
SAT,20260514-sat-fs-1q2026-th.pdf,9,thousand,con,0,13,กาไร (ขาดทุน),6,ส่ วนได้เสี ย ที่ไม่มีอานาจ ควบคุม,False,movement,-789.0
SAT,20260514-sat-fs-1q2026-th.pdf,9,thousand,con,0,13,กาไร (ขาดทุน),7,รวมส่ วนของ ผูถ้ ือหุ ้น,True,movement,188409.0
SAT,20260514-sat-fs-1q2026-th.pdf,9,thousand,con,0,14,กาไร (ขาดทุน) เบ็ดเสร็ จอื่น,0,ทุน ที่ออกและ ชาระแล้ว,False,movement,
SAT,20260514-sat-fs-1q2026-th.pdf,9,thousand,con,0,14,กาไร (ขาดทุน) เบ็ดเสร็ จอื่น,1,ส่ วนเกิน มูลค่าหุ้น,False,movement,
SAT,20260514-sat-fs-1q2026-th.pdf,9,thousand,con,0,14,กาไร (ขาดทุน) เบ็ดเสร็ จอื่น,2,กาไรสะสม ทุนสารอง ตามกฎหมาย,False,movement,
SAT,20260514-sat-fs-1q2026-th.pdf,9,thousand,con,0,14,กาไร (ขาดทุน) เบ็ดเสร็ จอื่น,3,ยังไม่ได้ จัดสรร,False,movement,
SAT,20260514-sat-fs-1q2026-th.pdf,9,thousand,con,0,14,กาไร (ขาดทุน) เบ็ดเสร็ จอื่น,4,งบการเงินรวม องค์ประกอบอื่น ของส่ วนของผูถ้ ือหุ ้น สารอง การเปลี่ยนแปลง ในมูลค่ายุติธรรม (พันบาท),False,movement,36.0
SAT,20260514-sat-fs-1q2026-th.pdf,9,thousand,con,0,14,กาไร (ขาดทุน) เบ็ดเสร็ จอื่น,5,รวมส่ วนของ บริ ษทั ใหญ่,False,movement,36.0
SAT,20260514-sat-fs-1q2026-th.pdf,9,thousand,con,0,14,กาไร (ขาดทุน) เบ็ดเสร็ จอื่น,6,ส่ วนได้เสี ย ที่ไม่มีอานาจ ควบคุม,False,movement,
SAT,20260514-sat-fs-1q2026-th.pdf,9,thousand,con,0,14,กาไร (ขาดทุน) เบ็ดเสร็ จอื่น,7,รวมส่ วนของ ผูถ้ ือหุ ้น,True,movement,36.0
SAT,20260514-sat-fs-1q2026-th.pdf,9,thousand,con,0,15,รวมกาไร (ขาดทุน) เบ็ดเสร็จสาหรับงวด,0,ทุน ที่ออกและ ชาระแล้ว,False,movement,
SAT,20260514-sat-fs-1q2026-th.pdf,9,thousand,con,0,15,รวมกาไร (ขาดทุน) เบ็ดเสร็จสาหรับงวด,1,ส่ วนเกิน มูลค่าหุ้น,False,movement,
SAT,20260514-sat-fs-1q2026-th.pdf,9,thousand,con,0,15,รวมกาไร (ขาดทุน) เบ็ดเสร็จสาหรับงวด,2,กาไรสะสม ทุนสารอง ตามกฎหมาย,False,movement,
SAT,20260514-sat-fs-1q2026-th.pdf,9,thousand,con,0,15,รวมกาไร (ขาดทุน) เบ็ดเสร็จสาหรับงวด,3,ยังไม่ได้ จัดสรร,False,movement,189198.0
SAT,20260514-sat-fs-1q2026-th.pdf,9,thousand,con,0,15,รวมกาไร (ขาดทุน) เบ็ดเสร็จสาหรับงวด,4,งบการเงินรวม องค์ประกอบอื่น ของส่ วนของผูถ้ ือหุ ้น สารอง การเปลี่ยนแปลง ในมูลค่ายุติธรรม (พันบาท),False,movement,36.0
SAT,20260514-sat-fs-1q2026-th.pdf,9,thousand,con,0,15,รวมกาไร (ขาดทุน) เบ็ดเสร็จสาหรับงวด,5,รวมส่ วนของ บริ ษทั ใหญ่,False,movement,189234.0
SAT,20260514-sat-fs-1q2026-th.pdf,9,thousand,con,0,15,รวมกาไร (ขาดทุน) เบ็ดเสร็จสาหรับงวด,6,ส่ วนได้เสี ย ที่ไม่มีอานาจ ควบคุม,False,movement,-789.0
SAT,20260514-sat-fs-1q2026-th.pdf,9,thousand,con,0,15,รวมกาไร (ขาดทุน) เบ็ดเสร็จสาหรับงวด,7,รวมส่ วนของ ผูถ้ ือหุ ้น,True,movement,188445.0
SAT,20260514-sat-fs-1q2026-th.pdf,9,thousand,con,0,17,ยอดคงเหลือ ณ วันที่ 31 มีนาคม 2568,0,ทุน ที่ออกและ ชาระแล้ว,False,balance,425194.0
SAT,20260514-sat-fs-1q2026-th.pdf,9,thousand,con,0,17,ยอดคงเหลือ ณ วันที่ 31 มีนาคม 2568,1,ส่ วนเกิน มูลค่าหุ้น,False,balance,716444.0
SAT,20260514-sat-fs-1q2026-th.pdf,9,thousand,con,0,17,ยอดคงเหลือ ณ วันที่ 31 มีนาคม 2568,2,กาไรสะสม ทุนสารอง ตามกฎหมาย,False,balance,55671.0
SAT,20260514-sat-fs-1q2026-th.pdf,9,thousand,con,0,17,ยอดคงเหลือ ณ วันที่ 31 มีนาคม 2568,3,ยังไม่ได้ จัดสรร,False,balance,7310732.0
SAT,20260514-sat-fs-1q2026-th.pdf,9,thousand,con,0,17,ยอดคงเหลือ ณ วันที่ 31 มีนาคม 2568,4,งบการเงินรวม องค์ประกอบอื่น ของส่ วนของผูถ้ ือหุ ้น สารอง การเปลี่ยนแปลง ในมูลค่ายุติธรรม (พันบาท),False,balance,18196.0
SAT,20260514-sat-fs-1q2026-th.pdf,9,thousand,con,0,17,ยอดคงเหลือ ณ วันที่ 31 มีนาคม 2568,5,รวมส่ วนของ บริ ษทั ใหญ่,False,balance,8526237.0
SAT,20260514-sat-fs-1q2026-th.pdf,9,thousand,con,0,17,ยอดคงเหลือ ณ วันที่ 31 มีนาคม 2568,6,ส่ วนได้เสี ย ที่ไม่มีอานาจ ควบคุม,False,balance,-8499.0
SAT,20260514-sat-fs-1q2026-th.pdf,9,thousand,con,0,17,ยอดคงเหลือ ณ วันที่ 31 มีนาคม 2568,7,รวมส่ วนของ ผูถ้ ือหุ ้น,True,balance,8517738.0
SAT,20260514-sat-fs-1q2026-th.pdf,9,thousand,con,1,20,ยอดคงเหลือ ณ วันที่ 1 มกราคม 2569,0,ทุน ที่ออกและ ชาระแล้ว,False,balance,425194.0
SAT,20260514-sat-fs-1q2026-th.pdf,9,thousand,con,1,20,ยอดคงเหลือ ณ วันที่ 1 มกราคม 2569,1,ส่ วนเกิน มูลค่าหุ้น,False,balance,716444.0
SAT,20260514-sat-fs-1q2026-th.pdf,9,thousand,con,1,20,ยอดคงเหลือ ณ วันที่ 1 มกราคม 2569,2,กาไรสะสม ทุนสารอง ตามกฎหมาย,False,balance,55671.0
SAT,20260514-sat-fs-1q2026-th.pdf,9,thousand,con,1,20,ยอดคงเหลือ ณ วันที่ 1 มกราคม 2569,3,ยังไม่ได้ จัดสรร,False,balance,7148815.0
SAT,20260514-sat-fs-1q2026-th.pdf,9,thousand,con,1,20,ยอดคงเหลือ ณ วันที่ 1 มกราคม 2569,4,งบการเงินรวม องค์ประกอบอื่น ของส่ วนของผูถ้ ือหุ ้น สารอง การเปลี่ยนแปลง ในมูลค่ายุติธรรม (พันบาท),False,balance,13794.0
SAT,20260514-sat-fs-1q2026-th.pdf,9,thousand,con,1,20,ยอดคงเหลือ ณ วันที่ 1 มกราคม 2569,5,รวมส่ วนของ บริ ษทั ใหญ่,False,balance,8359918.0
SAT,20260514-sat-fs-1q2026-th.pdf,9,thousand,con,1,20,ยอดคงเหลือ ณ วันที่ 1 มกราคม 2569,6,ส่ วนได้เสี ย ที่ไม่มีอานาจ ควบคุม,False,balance,-20894.0
SAT,20260514-sat-fs-1q2026-th.pdf,9,thousand,con,1,20,ยอดคงเหลือ ณ วันที่ 1 มกราคม 2569,7,รวมส่ วนของ ผูถ้ ือหุ ้น,True,balance,8339024.0
SAT,20260514-sat-fs-1q2026-th.pdf,9,thousand,con,1,23,กาไร (ขาดทุน),0,ทุน ที่ออกและ ชาระแล้ว,False,movement,
SAT,20260514-sat-fs-1q2026-th.pdf,9,thousand,con,1,23,กาไร (ขาดทุน),1,ส่ วนเกิน มูลค่าหุ้น,False,movement,
SAT,20260514-sat-fs-1q2026-th.pdf,9,thousand,con,1,23,กาไร (ขาดทุน),2,กาไรสะสม ทุนสารอง ตามกฎหมาย,False,movement,
SAT,20260514-sat-fs-1q2026-th.pdf,9,thousand,con,1,23,กาไร (ขาดทุน),3,ยังไม่ได้ จัดสรร,False,movement,211920.0
SAT,20260514-sat-fs-1q2026-th.pdf,9,thousand,con,1,23,กาไร (ขาดทุน),4,งบการเงินรวม องค์ประกอบอื่น ของส่ วนของผูถ้ ือหุ ้น สารอง การเปลี่ยนแปลง ในมูลค่ายุติธรรม (พันบาท),False,movement,
SAT,20260514-sat-fs-1q2026-th.pdf,9,thousand,con,1,23,กาไร (ขาดทุน),5,รวมส่ วนของ บริ ษทั ใหญ่,False,movement,211920.0
SAT,20260514-sat-fs-1q2026-th.pdf,9,thousand,con,1,23,กาไร (ขาดทุน),6,ส่ วนได้เสี ย ที่ไม่มีอานาจ ควบคุม,False,movement,-1298.0
SAT,20260514-sat-fs-1q2026-th.pdf,9,thousand,con,1,23,กาไร (ขาดทุน),7,รวมส่ วนของ ผูถ้ ือหุ ้น,True,movement,210622.0
SAT,20260514-sat-fs-1q2026-th.pdf,9,thousand,con,1,24,กาไร (ขาดทุน) เบ็ดเสร็ จอื่น,0,ทุน ที่ออกและ ชาระแล้ว,False,movement,
SAT,20260514-sat-fs-1q2026-th.pdf,9,thousand,con,1,24,กาไร (ขาดทุน) เบ็ดเสร็ จอื่น,1,ส่ วนเกิน มูลค่าหุ้น,False,movement,
SAT,20260514-sat-fs-1q2026-th.pdf,9,thousand,con,1,24,กาไร (ขาดทุน) เบ็ดเสร็ จอื่น,2,กาไรสะสม ทุนสารอง ตามกฎหมาย,False,movement,
SAT,20260514-sat-fs-1q2026-th.pdf,9,thousand,con,1,24,กาไร (ขาดทุน) เบ็ดเสร็ จอื่น,3,ยังไม่ได้ จัดสรร,False,movement,
SAT,20260514-sat-fs-1q2026-th.pdf,9,thousand,con,1,24,กาไร (ขาดทุน) เบ็ดเสร็ จอื่น,4,งบการเงินรวม องค์ประกอบอื่น ของส่ วนของผูถ้ ือหุ ้น สารอง การเปลี่ยนแปลง ในมูลค่ายุติธรรม (พันบาท),False,movement,-272.0
SAT,20260514-sat-fs-1q2026-th.pdf,9,thousand,con,1,24,กาไร (ขาดทุน) เบ็ดเสร็ จอื่น,5,รวมส่ วนของ บริ ษทั ใหญ่,False,movement,-272.0
SAT,20260514-sat-fs-1q2026-th.pdf,9,thousand,con,1,24,กาไร (ขาดทุน) เบ็ดเสร็ จอื่น,6,ส่ วนได้เสี ย ที่ไม่มีอานาจ ควบคุม,False,movement,
SAT,20260514-sat-fs-1q2026-th.pdf,9,thousand,con,1,24,กาไร (ขาดทุน) เบ็ดเสร็ จอื่น,7,รวมส่ วนของ ผูถ้ ือหุ ้น,True,movement,-272.0
SAT,20260514-sat-fs-1q2026-th.pdf,9,thousand,con,1,25,รวมกาไร (ขาดทุน) เบ็ดเสร็จสาหรับงวด,0,ทุน ที่ออกและ ชาระแล้ว,False,movement,
SAT,20260514-sat-fs-1q2026-th.pdf,9,thousand,con,1,25,รวมกาไร (ขาดทุน) เบ็ดเสร็จสาหรับงวด,1,ส่ วนเกิน มูลค่าหุ้น,False,movement,
SAT,20260514-sat-fs-1q2026-th.pdf,9,thousand,con,1,25,รวมกาไร (ขาดทุน) เบ็ดเสร็จสาหรับงวด,2,กาไรสะสม ทุนสารอง ตามกฎหมาย,False,movement,
SAT,20260514-sat-fs-1q2026-th.pdf,9,thousand,con,1,25,รวมกาไร (ขาดทุน) เบ็ดเสร็จสาหรับงวด,3,ยังไม่ได้ จัดสรร,False,movement,211920.0
SAT,20260514-sat-fs-1q2026-th.pdf,9,thousand,con,1,25,รวมกาไร (ขาดทุน) เบ็ดเสร็จสาหรับงวด,4,งบการเงินรวม องค์ประกอบอื่น ของส่ วนของผูถ้ ือหุ ้น สารอง การเปลี่ยนแปลง ในมูลค่ายุติธรรม (พันบาท),False,movement,-272.0
SAT,20260514-sat-fs-1q2026-th.pdf,9,thousand,con,1,25,รวมกาไร (ขาดทุน) เบ็ดเสร็จสาหรับงวด,5,รวมส่ วนของ บริ ษทั ใหญ่,False,movement,211648.0
SAT,20260514-sat-fs-1q2026-th.pdf,9,thousand,con,1,25,รวมกาไร (ขาดทุน) เบ็ดเสร็จสาหรับงวด,6,ส่ วนได้เสี ย ที่ไม่มีอานาจ ควบคุม,False,movement,-1298.0
SAT,20260514-sat-fs-1q2026-th.pdf,9,thousand,con,1,25,รวมกาไร (ขาดทุน) เบ็ดเสร็จสาหรับงวด,7,รวมส่ วนของ ผูถ้ ือหุ ้น,True,movement,210350.0
SAT,20260514-sat-fs-1q2026-th.pdf,9,thousand,con,1,27,ยอดคงเหลือ ณ วันที่ 31 มีนาคม 2569,0,ทุน ที่ออกและ ชาระแล้ว,False,balance,425194.0
SAT,20260514-sat-fs-1q2026-th.pdf,9,thousand,con,1,27,ยอดคงเหลือ ณ วันที่ 31 มีนาคม 2569,1,ส่ วนเกิน มูลค่าหุ้น,False,balance,716444.0
SAT,20260514-sat-fs-1q2026-th.pdf,9,thousand,con,1,27,ยอดคงเหลือ ณ วันที่ 31 มีนาคม 2569,2,กาไรสะสม ทุนสารอง ตามกฎหมาย,False,balance,55671.0
SAT,20260514-sat-fs-1q2026-th.pdf,9,thousand,con,1,27,ยอดคงเหลือ ณ วันที่ 31 มีนาคม 2569,3,ยังไม่ได้ จัดสรร,False,balance,7360735.0
SAT,20260514-sat-fs-1q2026-th.pdf,9,thousand,con,1,27,ยอดคงเหลือ ณ วันที่ 31 มีนาคม 2569,4,งบการเงินรวม องค์ประกอบอื่น ของส่ วนของผูถ้ ือหุ ้น สารอง การเปลี่ยนแปลง ในมูลค่ายุติธรรม (พันบาท),False,balance,13522.0
SAT,20260514-sat-fs-1q2026-th.pdf,9,thousand,con,1,27,ยอดคงเหลือ ณ วันที่ 31 มีนาคม 2569,5,รวมส่ วนของ บริ ษทั ใหญ่,False,balance,8571566.0
SAT,20260514-sat-fs-1q2026-th.pdf,9,thousand,con,1,27,ยอดคงเหลือ ณ วันที่ 31 มีนาคม 2569,6,ส่ วนได้เสี ย ที่ไม่มีอานาจ ควบคุม,False,balance,-22192.0
SAT,20260514-sat-fs-1q2026-th.pdf,9,thousand,con,1,27,ยอดคงเหลือ ณ วันที่ 31 มีนาคม 2569,7,รวมส่ วนของ ผูถ้ ือหุ ้น,True,balance,8549374.0
SAT,20260514-sat-fs-1q2026-th.pdf,10,thousand,sep,0,10,ยอดคงเหลือ ณ วันที่ 1 มกราคม 2568,0,ทุน ที่ออกและ ชาระแล้ว,False,balance,425194.0
SAT,20260514-sat-fs-1q2026-th.pdf,10,thousand,sep,0,10,ยอดคงเหลือ ณ วันที่ 1 มกราคม 2568,1,ส่ วนเกิน มูลค่าหุน้,False,balance,716444.0
SAT,20260514-sat-fs-1q2026-th.pdf,10,thousand,sep,0,10,ยอดคงเหลือ ณ วันที่ 1 มกราคม 2568,2,กาไรสะสม ทุนสารอง ตามกฎหมาย,False,balance,42671.0
SAT,20260514-sat-fs-1q2026-th.pdf,10,thousand,sep,0,10,ยอดคงเหลือ ณ วันที่ 1 มกราคม 2568,3,งบการเงินเฉพาะกิจการ ยังไม่ได้ จัดสรร (พันบาท),False,balance,4240719.0
SAT,20260514-sat-fs-1q2026-th.pdf,10,thousand,sep,0,10,ยอดคงเหลือ ณ วันที่ 1 มกราคม 2568,4,องค์ประกอบอื่น ของส่ วนของผูถ้ ือหุน้ สารอง การเปลี่ยนแปลง ในมูลค่ายุติธรรม,False,balance,279.0
SAT,20260514-sat-fs-1q2026-th.pdf,10,thousand,sep,0,10,ยอดคงเหลือ ณ วันที่ 1 มกราคม 2568,5,รวมส่วนของ ผูถ้ ือหุน้,True,balance,5425307.0
SAT,20260514-sat-fs-1q2026-th.pdf,10,thousand,sep,0,12,ขาดทุน,0,ทุน ที่ออกและ ชาระแล้ว,False,movement,
SAT,20260514-sat-fs-1q2026-th.pdf,10,thousand,sep,0,12,ขาดทุน,1,ส่ วนเกิน มูลค่าหุน้,False,movement,
SAT,20260514-sat-fs-1q2026-th.pdf,10,thousand,sep,0,12,ขาดทุน,2,กาไรสะสม ทุนสารอง ตามกฎหมาย,False,movement,
SAT,20260514-sat-fs-1q2026-th.pdf,10,thousand,sep,0,12,ขาดทุน,3,งบการเงินเฉพาะกิจการ ยังไม่ได้ จัดสรร (พันบาท),False,movement,-21556.0
SAT,20260514-sat-fs-1q2026-th.pdf,10,thousand,sep,0,12,ขาดทุน,4,องค์ประกอบอื่น ของส่ วนของผูถ้ ือหุน้ สารอง การเปลี่ยนแปลง ในมูลค่ายุติธรรม,False,movement,
SAT,20260514-sat-fs-1q2026-th.pdf,10,thousand,sep,0,12,ขาดทุน,5,รวมส่วนของ ผูถ้ ือหุน้,True,movement,-21556.0
SAT,20260514-sat-fs-1q2026-th.pdf,10,thousand,sep,0,13,ขาดทุนเบ็ดเสร็ จอื่น,0,ทุน ที่ออกและ ชาระแล้ว,False,movement,
SAT,20260514-sat-fs-1q2026-th.pdf,10,thousand,sep,0,13,ขาดทุนเบ็ดเสร็ จอื่น,1,ส่ วนเกิน มูลค่าหุน้,False,movement,
SAT,20260514-sat-fs-1q2026-th.pdf,10,thousand,sep,0,13,ขาดทุนเบ็ดเสร็ จอื่น,2,กาไรสะสม ทุนสารอง ตามกฎหมาย,False,movement,
SAT,20260514-sat-fs-1q2026-th.pdf,10,thousand,sep,0,13,ขาดทุนเบ็ดเสร็ จอื่น,3,งบการเงินเฉพาะกิจการ ยังไม่ได้ จัดสรร (พันบาท),False,movement,
SAT,20260514-sat-fs-1q2026-th.pdf,10,thousand,sep,0,13,ขาดทุนเบ็ดเสร็ จอื่น,4,องค์ประกอบอื่น ของส่ วนของผูถ้ ือหุน้ สารอง การเปลี่ยนแปลง ในมูลค่ายุติธรรม,False,movement,-17.0
SAT,20260514-sat-fs-1q2026-th.pdf,10,thousand,sep,0,13,ขาดทุนเบ็ดเสร็ จอื่น,5,รวมส่วนของ ผูถ้ ือหุน้,True,movement,-17.0
SAT,20260514-sat-fs-1q2026-th.pdf,10,thousand,sep,0,14,รวมขาดทุนเบ็ดเสร็จสาหรับงวด,0,ทุน ที่ออกและ ชาระแล้ว,False,movement,
SAT,20260514-sat-fs-1q2026-th.pdf,10,thousand,sep,0,14,รวมขาดทุนเบ็ดเสร็จสาหรับงวด,1,ส่ วนเกิน มูลค่าหุน้,False,movement,
SAT,20260514-sat-fs-1q2026-th.pdf,10,thousand,sep,0,14,รวมขาดทุนเบ็ดเสร็จสาหรับงวด,2,กาไรสะสม ทุนสารอง ตามกฎหมาย,False,movement,
SAT,20260514-sat-fs-1q2026-th.pdf,10,thousand,sep,0,14,รวมขาดทุนเบ็ดเสร็จสาหรับงวด,3,งบการเงินเฉพาะกิจการ ยังไม่ได้ จัดสรร (พันบาท),False,movement,-21556.0
SAT,20260514-sat-fs-1q2026-th.pdf,10,thousand,sep,0,14,รวมขาดทุนเบ็ดเสร็จสาหรับงวด,4,องค์ประกอบอื่น ของส่ วนของผูถ้ ือหุน้ สารอง การเปลี่ยนแปลง ในมูลค่ายุติธรรม,False,movement,-17.0
SAT,20260514-sat-fs-1q2026-th.pdf,10,thousand,sep,0,14,รวมขาดทุนเบ็ดเสร็จสาหรับงวด,5,รวมส่วนของ ผูถ้ ือหุน้,True,movement,-21573.0
SAT,20260514-sat-fs-1q2026-th.pdf,10,thousand,sep,0,15,ยอดคงเหลือ ณ วันที่ 31 มีนาคม 2568,0,ทุน ที่ออกและ ชาระแล้ว,False,balance,425194.0
SAT,20260514-sat-fs-1q2026-th.pdf,10,thousand,sep,0,15,ยอดคงเหลือ ณ วันที่ 31 มีนาคม 2568,1,ส่ วนเกิน มูลค่าหุน้,False,balance,716444.0
SAT,20260514-sat-fs-1q2026-th.pdf,10,thousand,sep,0,15,ยอดคงเหลือ ณ วันที่ 31 มีนาคม 2568,2,กาไรสะสม ทุนสารอง ตามกฎหมาย,False,balance,42671.0
SAT,20260514-sat-fs-1q2026-th.pdf,10,thousand,sep,0,15,ยอดคงเหลือ ณ วันที่ 31 มีนาคม 2568,3,งบการเงินเฉพาะกิจการ ยังไม่ได้ จัดสรร (พันบาท),False,balance,4219163.0
SAT,20260514-sat-fs-1q2026-th.pdf,10,thousand,sep,0,15,ยอดคงเหลือ ณ วันที่ 31 มีนาคม 2568,4,องค์ประกอบอื่น ของส่ วนของผูถ้ ือหุน้ สารอง การเปลี่ยนแปลง ในมูลค่ายุติธรรม,False,balance,262.0
SAT,20260514-sat-fs-1q2026-th.pdf,10,thousand,sep,0,15,ยอดคงเหลือ ณ วันที่ 31 มีนาคม 2568,5,รวมส่วนของ ผูถ้ ือหุน้,True,balance,5403734.0
SAT,20260514-sat-fs-1q2026-th.pdf,10,thousand,sep,1,18,ยอดคงเหลือ ณ วันที่ 1 มกราคม 2569,0,ทุน ที่ออกและ ชาระแล้ว,False,balance,425194.0
SAT,20260514-sat-fs-1q2026-th.pdf,10,thousand,sep,1,18,ยอดคงเหลือ ณ วันที่ 1 มกราคม 2569,1,ส่ วนเกิน มูลค่าหุน้,False,balance,716444.0
SAT,20260514-sat-fs-1q2026-th.pdf,10,thousand,sep,1,18,ยอดคงเหลือ ณ วันที่ 1 มกราคม 2569,2,กาไรสะสม ทุนสารอง ตามกฎหมาย,False,balance,42671.0
SAT,20260514-sat-fs-1q2026-th.pdf,10,thousand,sep,1,18,ยอดคงเหลือ ณ วันที่ 1 มกราคม 2569,3,งบการเงินเฉพาะกิจการ ยังไม่ได้ จัดสรร (พันบาท),False,balance,4262296.0
SAT,20260514-sat-fs-1q2026-th.pdf,10,thousand,sep,1,18,ยอดคงเหลือ ณ วันที่ 1 มกราคม 2569,4,องค์ประกอบอื่น ของส่ วนของผูถ้ ือหุน้ สารอง การเปลี่ยนแปลง ในมูลค่ายุติธรรม,False,balance,277.0
SAT,20260514-sat-fs-1q2026-th.pdf,10,thousand,sep,1,18,ยอดคงเหลือ ณ วันที่ 1 มกราคม 2569,5,รวมส่วนของ ผูถ้ ือหุน้,True,balance,5446882.0
SAT,20260514-sat-fs-1q2026-th.pdf,10,thousand,sep,1,20,กาไร,0,ทุน ที่ออกและ ชาระแล้ว,False,movement,
SAT,20260514-sat-fs-1q2026-th.pdf,10,thousand,sep,1,20,กาไร,1,ส่ วนเกิน มูลค่าหุน้,False,movement,
SAT,20260514-sat-fs-1q2026-th.pdf,10,thousand,sep,1,20,กาไร,2,กาไรสะสม ทุนสารอง ตามกฎหมาย,False,movement,
SAT,20260514-sat-fs-1q2026-th.pdf,10,thousand,sep,1,20,กาไร,3,งบการเงินเฉพาะกิจการ ยังไม่ได้ จัดสรร (พันบาท),False,movement,4072.0
SAT,20260514-sat-fs-1q2026-th.pdf,10,thousand,sep,1,20,กาไร,4,องค์ประกอบอื่น ของส่ วนของผูถ้ ือหุน้ สารอง การเปลี่ยนแปลง ในมูลค่ายุติธรรม,False,movement,
SAT,20260514-sat-fs-1q2026-th.pdf,10,thousand,sep,1,20,กาไร,5,รวมส่วนของ ผูถ้ ือหุน้,True,movement,4072.0
SAT,20260514-sat-fs-1q2026-th.pdf,10,thousand,sep,1,21,ขาดทุนเบ็ดเสร็ จอื่น,0,ทุน ที่ออกและ ชาระแล้ว,False,movement,
SAT,20260514-sat-fs-1q2026-th.pdf,10,thousand,sep,1,21,ขาดทุนเบ็ดเสร็ จอื่น,1,ส่ วนเกิน มูลค่าหุน้,False,movement,
SAT,20260514-sat-fs-1q2026-th.pdf,10,thousand,sep,1,21,ขาดทุนเบ็ดเสร็ จอื่น,2,กาไรสะสม ทุนสารอง ตามกฎหมาย,False,movement,
SAT,20260514-sat-fs-1q2026-th.pdf,10,thousand,sep,1,21,ขาดทุนเบ็ดเสร็ จอื่น,3,งบการเงินเฉพาะกิจการ ยังไม่ได้ จัดสรร (พันบาท),False,movement,
SAT,20260514-sat-fs-1q2026-th.pdf,10,thousand,sep,1,21,ขาดทุนเบ็ดเสร็ จอื่น,4,องค์ประกอบอื่น ของส่ วนของผูถ้ ือหุน้ สารอง การเปลี่ยนแปลง ในมูลค่ายุติธรรม,False,movement,-68.0
SAT,20260514-sat-fs-1q2026-th.pdf,10,thousand,sep,1,21,ขาดทุนเบ็ดเสร็ จอื่น,5,รวมส่วนของ ผูถ้ ือหุน้,True,movement,-68.0
SAT,20260514-sat-fs-1q2026-th.pdf,10,thousand,sep,1,22,รวมกาไร (ขาดทุน) เบ็ดเสร็จสาหรับงวด,0,ทุน ที่ออกและ ชาระแล้ว,False,movement,
SAT,20260514-sat-fs-1q2026-th.pdf,10,thousand,sep,1,22,รวมกาไร (ขาดทุน) เบ็ดเสร็จสาหรับงวด,1,ส่ วนเกิน มูลค่าหุน้,False,movement,
SAT,20260514-sat-fs-1q2026-th.pdf,10,thousand,sep,1,22,รวมกาไร (ขาดทุน) เบ็ดเสร็จสาหรับงวด,2,กาไรสะสม ทุนสารอง ตามกฎหมาย,False,movement,
SAT,20260514-sat-fs-1q2026-th.pdf,10,thousand,sep,1,22,รวมกาไร (ขาดทุน) เบ็ดเสร็จสาหรับงวด,3,งบการเงินเฉพาะกิจการ ยังไม่ได้ จัดสรร (พันบาท),False,movement,4072.0
SAT,20260514-sat-fs-1q2026-th.pdf,10,thousand,sep,1,22,รวมกาไร (ขาดทุน) เบ็ดเสร็จสาหรับงวด,4,องค์ประกอบอื่น ของส่ วนของผูถ้ ือหุน้ สารอง การเปลี่ยนแปลง ในมูลค่ายุติธรรม,False,movement,-68.0
SAT,20260514-sat-fs-1q2026-th.pdf,10,thousand,sep,1,22,รวมกาไร (ขาดทุน) เบ็ดเสร็จสาหรับงวด,5,รวมส่วนของ ผูถ้ ือหุน้,True,movement,4004.0
SAT,20260514-sat-fs-1q2026-th.pdf,10,thousand,sep,1,23,ยอดคงเหลือ ณ วันที่ 31 มีนาคม 2569,0,ทุน ที่ออกและ ชาระแล้ว,False,balance,425194.0
SAT,20260514-sat-fs-1q2026-th.pdf,10,thousand,sep,1,23,ยอดคงเหลือ ณ วันที่ 31 มีนาคม 2569,1,ส่ วนเกิน มูลค่าหุน้,False,balance,716444.0
SAT,20260514-sat-fs-1q2026-th.pdf,10,thousand,sep,1,23,ยอดคงเหลือ ณ วันที่ 31 มีนาคม 2569,2,กาไรสะสม ทุนสารอง ตามกฎหมาย,False,balance,42671.0
SAT,20260514-sat-fs-1q2026-th.pdf,10,thousand,sep,1,23,ยอดคงเหลือ ณ วันที่ 31 มีนาคม 2569,3,งบการเงินเฉพาะกิจการ ยังไม่ได้ จัดสรร (พันบาท),False,balance,4266368.0
SAT,20260514-sat-fs-1q2026-th.pdf,10,thousand,sep,1,23,ยอดคงเหลือ ณ วันที่ 31 มีนาคม 2569,4,องค์ประกอบอื่น ของส่ วนของผูถ้ ือหุน้ สารอง การเปลี่ยนแปลง ในมูลค่ายุติธรรม,False,balance,209.0
SAT,20260514-sat-fs-1q2026-th.pdf,10,thousand,sep,1,23,ยอดคงเหลือ ณ วันที่ 31 มีนาคม 2569,5,รวมส่วนของ ผูถ้ ือหุน้,True,balance,5450886.0
AIS,FINANCIAL_STATEMENTS_AIS.pdf,6,thousand,con,0,13,ยอดคงเหลือ ณ วันที่ 1 มกราคม 2568,0,ทุนที่ออกและ ชาระแล้ว,False,balance,2974210.0
AIS,FINANCIAL_STATEMENTS_AIS.pdf,6,thousand,con,0,13,ยอดคงเหลือ ณ วันที่ 1 มกราคม 2568,1,ส่ วนเกิน มูลค่าหุ้น,False,balance,22551567.0
AIS,FINANCIAL_STATEMENTS_AIS.pdf,6,thousand,con,0,13,ยอดคงเหลือ ณ วันที่ 1 มกราคม 2568,2,บริษทั แอดวานซ์ ส่ วนตา่ กว่าทุนอื่น ส่ วนตา่ จาก การเปลีย่ นแปลง สั ดส่ วนการถือหุ้น ในบริษทั ย่อย,False,balance,-669657.0
AIS,FINANCIAL_STATEMENTS_AIS.pdf,6,thousand,con,0,13,ยอดคงเหลือ ณ วันที่ 1 มกราคม 2568,3,อินโฟร์ เซอร์ งบการเปลีย่ นแปลงส่ งบการเงินรวม สาหรับงวดสามเดือนสิ้นสุ “ยังไม่ได้ กาไรสะสม ทุนสารองตาม กฎหมาย,False,balance,500000.0
AIS,FINANCIAL_STATEMENTS_AIS.pdf,6,thousand,con,0,13,ยอดคงเหลือ ณ วันที่ 1 มกราคม 2568,4,วสิ จากัด (มหาชน) และบริษทั วนของผู้ถือหุ้น ดวันที่ 31 มีนาคม 2569 ตรวจสอบ” ยังไม่ ได้ จัดสรร,False,balance,71696872.0
AIS,FINANCIAL_STATEMENTS_AIS.pdf,6,thousand,con,0,13,ยอดคงเหลือ ณ วันที่ 1 มกราคม 2568,5,ย่ อย สารองสาหรับ การจ่ ายโดย ใช้ หุ้น เป็ นเกณฑ์,False,balance,50944.0
AIS,FINANCIAL_STATEMENTS_AIS.pdf,6,thousand,con,0,13,ยอดคงเหลือ ณ วันที่ 1 มกราคม 2568,6,องค์ กาไรจาก การลดสั ดส่ วน ของเงินลงทุน,False,balance,161187.0
AIS,FINANCIAL_STATEMENTS_AIS.pdf,6,thousand,con,0,13,ยอดคงเหลือ ณ วันที่ 1 มกราคม 2568,7,ประกอบอื่นของส่ สารองรายการ ป้ องกันความเสี่,False,balance,-10170.0
AIS,FINANCIAL_STATEMENTS_AIS.pdf,6,thousand,con,0,13,ยอดคงเหลือ ณ วันที่ 1 มกราคม 2568,8,วนของผู้ถือหุ้น สารอง การเปลีย่ นแปลง ยง ในมูลค่ายุติธรรม,False,balance,-32530.0
AIS,FINANCIAL_STATEMENTS_AIS.pdf,6,thousand,con,0,13,ยอดคงเหลือ ณ วันที่ 1 มกราคม 2568,9,รวมองค์ ประกอบ อื่นของส่ วนของ ผู้ถือหุ้น,False,balance,169431.0
AIS,FINANCIAL_STATEMENTS_AIS.pdf,6,thousand,con,0,13,ยอดคงเหลือ ณ วันที่ 1 มกราคม 2568,10,รวมส่ วนของ ผู้ถือหุ้น ของบริ ษทั,False,balance,97222423.0
AIS,FINANCIAL_STATEMENTS_AIS.pdf,6,thousand,con,0,13,ยอดคงเหลือ ณ วันที่ 1 มกราคม 2568,11,ส่ วนของ ส่ วนได้ เสี ย ที่ไม่ มีอานาจ ควบคุม,False,balance,101472.0
AIS,FINANCIAL_STATEMENTS_AIS.pdf,6,thousand,con,0,13,ยอดคงเหลือ ณ วันที่ 1 มกราคม 2568,12,หน่ วย : พันบาท รวมส่ วนของ ผู้ถือหุ้น,True,balance,97323895.0
AIS,FINANCIAL_STATEMENTS_AIS.pdf,6,thousand,con,0,16,"เงินปั นผลจ่าย 12, 13",0,ทุนที่ออกและ ชาระแล้ว,False,movement,
AIS,FINANCIAL_STATEMENTS_AIS.pdf,6,thousand,con,0,16,"เงินปั นผลจ่าย 12, 13",1,ส่ วนเกิน มูลค่าหุ้น,False,movement,
AIS,FINANCIAL_STATEMENTS_AIS.pdf,6,thousand,con,0,16,"เงินปั นผลจ่าย 12, 13",2,บริษทั แอดวานซ์ ส่ วนตา่ กว่าทุนอื่น ส่ วนตา่ จาก การเปลีย่ นแปลง สั ดส่ วนการถือหุ้น ในบริษทั ย่อย,False,movement,
AIS,FINANCIAL_STATEMENTS_AIS.pdf,6,thousand,con,0,16,"เงินปั นผลจ่าย 12, 13",3,อินโฟร์ เซอร์ งบการเปลีย่ นแปลงส่ งบการเงินรวม สาหรับงวดสามเดือนสิ้นสุ “ยังไม่ได้ กาไรสะสม ทุนสารองตาม กฎหมาย,False,movement,
AIS,FINANCIAL_STATEMENTS_AIS.pdf,6,thousand,con,0,16,"เงินปั นผลจ่าย 12, 13",4,วสิ จากัด (มหาชน) และบริษทั วนของผู้ถือหุ้น ดวันที่ 31 มีนาคม 2569 ตรวจสอบ” ยังไม่ ได้ จัดสรร,False,movement,-17070673.0
AIS,FINANCIAL_STATEMENTS_AIS.pdf,6,thousand,con,0,16,"เงินปั นผลจ่าย 12, 13",5,ย่ อย สารองสาหรับ การจ่ ายโดย ใช้ หุ้น เป็ นเกณฑ์,False,movement,
AIS,FINANCIAL_STATEMENTS_AIS.pdf,6,thousand,con,0,16,"เงินปั นผลจ่าย 12, 13",6,องค์ กาไรจาก การลดสั ดส่ วน ของเงินลงทุน,False,movement,
AIS,FINANCIAL_STATEMENTS_AIS.pdf,6,thousand,con,0,16,"เงินปั นผลจ่าย 12, 13",7,ประกอบอื่นของส่ สารองรายการ ป้ องกันความเสี่,False,movement,
AIS,FINANCIAL_STATEMENTS_AIS.pdf,6,thousand,con,0,16,"เงินปั นผลจ่าย 12, 13",8,วนของผู้ถือหุ้น สารอง การเปลีย่ นแปลง ยง ในมูลค่ายุติธรรม,False,movement,
AIS,FINANCIAL_STATEMENTS_AIS.pdf,6,thousand,con,0,16,"เงินปั นผลจ่าย 12, 13",9,รวมองค์ ประกอบ อื่นของส่ วนของ ผู้ถือหุ้น,False,movement,
AIS,FINANCIAL_STATEMENTS_AIS.pdf,6,thousand,con,0,16,"เงินปั นผลจ่าย 12, 13",10,รวมส่ วนของ ผู้ถือหุ้น ของบริ ษทั,False,movement,-17070673.0
AIS,FINANCIAL_STATEMENTS_AIS.pdf,6,thousand,con,0,16,"เงินปั นผลจ่าย 12, 13",11,ส่ วนของ ส่ วนได้ เสี ย ที่ไม่ มีอานาจ ควบคุม,False,movement,
AIS,FINANCIAL_STATEMENTS_AIS.pdf,6,thousand,con,0,16,"เงินปั นผลจ่าย 12, 13",12,หน่ วย : พันบาท รวมส่ วนของ ผู้ถือหุ้น,True,movement,-17070673.0
AIS,FINANCIAL_STATEMENTS_AIS.pdf,6,thousand,con,0,17,รวมเงินทุนที่ได้ รับจากและการจัดสรรส่ วนทุนให้ ผ้ถู ือหุ้น,0,ทุนที่ออกและ ชาระแล้ว,False,movement,
AIS,FINANCIAL_STATEMENTS_AIS.pdf,6,thousand,con,0,17,รวมเงินทุนที่ได้ รับจากและการจัดสรรส่ วนทุนให้ ผ้ถู ือหุ้น,1,ส่ วนเกิน มูลค่าหุ้น,False,movement,
AIS,FINANCIAL_STATEMENTS_AIS.pdf,6,thousand,con,0,17,รวมเงินทุนที่ได้ รับจากและการจัดสรรส่ วนทุนให้ ผ้ถู ือหุ้น,2,บริษทั แอดวานซ์ ส่ วนตา่ กว่าทุนอื่น ส่ วนตา่ จาก การเปลีย่ นแปลง สั ดส่ วนการถือหุ้น ในบริษทั ย่อย,False,movement,
AIS,FINANCIAL_STATEMENTS_AIS.pdf,6,thousand,con,0,17,รวมเงินทุนที่ได้ รับจากและการจัดสรรส่ วนทุนให้ ผ้ถู ือหุ้น,3,อินโฟร์ เซอร์ งบการเปลีย่ นแปลงส่ งบการเงินรวม สาหรับงวดสามเดือนสิ้นสุ “ยังไม่ได้ กาไรสะสม ทุนสารองตาม กฎหมาย,False,movement,
AIS,FINANCIAL_STATEMENTS_AIS.pdf,6,thousand,con,0,17,รวมเงินทุนที่ได้ รับจากและการจัดสรรส่ วนทุนให้ ผ้ถู ือหุ้น,4,วสิ จากัด (มหาชน) และบริษทั วนของผู้ถือหุ้น ดวันที่ 31 มีนาคม 2569 ตรวจสอบ” ยังไม่ ได้ จัดสรร,False,movement,-17070673.0
AIS,FINANCIAL_STATEMENTS_AIS.pdf,6,thousand,con,0,17,รวมเงินทุนที่ได้ รับจากและการจัดสรรส่ วนทุนให้ ผ้ถู ือหุ้น,5,ย่ อย สารองสาหรับ การจ่ ายโดย ใช้ หุ้น เป็ นเกณฑ์,False,movement,
AIS,FINANCIAL_STATEMENTS_AIS.pdf,6,thousand,con,0,17,รวมเงินทุนที่ได้ รับจากและการจัดสรรส่ วนทุนให้ ผ้ถู ือหุ้น,6,องค์ กาไรจาก การลดสั ดส่ วน ของเงินลงทุน,False,movement,
AIS,FINANCIAL_STATEMENTS_AIS.pdf,6,thousand,con,0,17,รวมเงินทุนที่ได้ รับจากและการจัดสรรส่ วนทุนให้ ผ้ถู ือหุ้น,7,ประกอบอื่นของส่ สารองรายการ ป้ องกันความเสี่,False,movement,
AIS,FINANCIAL_STATEMENTS_AIS.pdf,6,thousand,con,0,17,รวมเงินทุนที่ได้ รับจากและการจัดสรรส่ วนทุนให้ ผ้ถู ือหุ้น,8,วนของผู้ถือหุ้น สารอง การเปลีย่ นแปลง ยง ในมูลค่ายุติธรรม,False,movement,
AIS,FINANCIAL_STATEMENTS_AIS.pdf,6,thousand,con,0,17,รวมเงินทุนที่ได้ รับจากและการจัดสรรส่ วนทุนให้ ผ้ถู ือหุ้น,9,รวมองค์ ประกอบ อื่นของส่ วนของ ผู้ถือหุ้น,False,movement,
AIS,FINANCIAL_STATEMENTS_AIS.pdf,6,thousand,con,0,17,รวมเงินทุนที่ได้ รับจากและการจัดสรรส่ วนทุนให้ ผ้ถู ือหุ้น,10,รวมส่ วนของ ผู้ถือหุ้น ของบริ ษทั,False,movement,-17070673.0
AIS,FINANCIAL_STATEMENTS_AIS.pdf,6,thousand,con,0,17,รวมเงินทุนที่ได้ รับจากและการจัดสรรส่ วนทุนให้ ผ้ถู ือหุ้น,11,ส่ วนของ ส่ วนได้ เสี ย ที่ไม่ มีอานาจ ควบคุม,False,movement,
AIS,FINANCIAL_STATEMENTS_AIS.pdf,6,thousand,con,0,17,รวมเงินทุนที่ได้ รับจากและการจัดสรรส่ วนทุนให้ ผ้ถู ือหุ้น,12,หน่ วย : พันบาท รวมส่ วนของ ผู้ถือหุ้น,True,movement,-17070673.0
AIS,FINANCIAL_STATEMENTS_AIS.pdf,6,thousand,con,0,20,การเปลี่ยนแปลงส่วนได้เสี ยของบริ ษทั ย่อย,0,ทุนที่ออกและ ชาระแล้ว,False,movement,
AIS,FINANCIAL_STATEMENTS_AIS.pdf,6,thousand,con,0,20,การเปลี่ยนแปลงส่วนได้เสี ยของบริ ษทั ย่อย,1,ส่ วนเกิน มูลค่าหุ้น,False,movement,
AIS,FINANCIAL_STATEMENTS_AIS.pdf,6,thousand,con,0,20,การเปลี่ยนแปลงส่วนได้เสี ยของบริ ษทั ย่อย,2,บริษทั แอดวานซ์ ส่ วนตา่ กว่าทุนอื่น ส่ วนตา่ จาก การเปลีย่ นแปลง สั ดส่ วนการถือหุ้น ในบริษทั ย่อย,False,movement,
AIS,FINANCIAL_STATEMENTS_AIS.pdf,6,thousand,con,0,20,การเปลี่ยนแปลงส่วนได้เสี ยของบริ ษทั ย่อย,3,อินโฟร์ เซอร์ งบการเปลีย่ นแปลงส่ งบการเงินรวม สาหรับงวดสามเดือนสิ้นสุ “ยังไม่ได้ กาไรสะสม ทุนสารองตาม กฎหมาย,False,movement,
AIS,FINANCIAL_STATEMENTS_AIS.pdf,6,thousand,con,0,20,การเปลี่ยนแปลงส่วนได้เสี ยของบริ ษทั ย่อย,4,วสิ จากัด (มหาชน) และบริษทั วนของผู้ถือหุ้น ดวันที่ 31 มีนาคม 2569 ตรวจสอบ” ยังไม่ ได้ จัดสรร,False,movement,
AIS,FINANCIAL_STATEMENTS_AIS.pdf,6,thousand,con,0,20,การเปลี่ยนแปลงส่วนได้เสี ยของบริ ษทั ย่อย,5,ย่ อย สารองสาหรับ การจ่ ายโดย ใช้ หุ้น เป็ นเกณฑ์,False,movement,
AIS,FINANCIAL_STATEMENTS_AIS.pdf,6,thousand,con,0,20,การเปลี่ยนแปลงส่วนได้เสี ยของบริ ษทั ย่อย,6,องค์ กาไรจาก การลดสั ดส่ วน ของเงินลงทุน,False,movement,
AIS,FINANCIAL_STATEMENTS_AIS.pdf,6,thousand,con,0,20,การเปลี่ยนแปลงส่วนได้เสี ยของบริ ษทั ย่อย,7,ประกอบอื่นของส่ สารองรายการ ป้ องกันความเสี่,False,movement,
AIS,FINANCIAL_STATEMENTS_AIS.pdf,6,thousand,con,0,20,การเปลี่ยนแปลงส่วนได้เสี ยของบริ ษทั ย่อย,8,วนของผู้ถือหุ้น สารอง การเปลีย่ นแปลง ยง ในมูลค่ายุติธรรม,False,movement,
AIS,FINANCIAL_STATEMENTS_AIS.pdf,6,thousand,con,0,20,การเปลี่ยนแปลงส่วนได้เสี ยของบริ ษทั ย่อย,9,รวมองค์ ประกอบ อื่นของส่ วนของ ผู้ถือหุ้น,False,movement,
AIS,FINANCIAL_STATEMENTS_AIS.pdf,6,thousand,con,0,20,การเปลี่ยนแปลงส่วนได้เสี ยของบริ ษทั ย่อย,10,รวมส่ วนของ ผู้ถือหุ้น ของบริ ษทั,False,movement,
AIS,FINANCIAL_STATEMENTS_AIS.pdf,6,thousand,con,0,20,การเปลี่ยนแปลงส่วนได้เสี ยของบริ ษทั ย่อย,11,ส่ วนของ ส่ วนได้ เสี ย ที่ไม่ มีอานาจ ควบคุม,False,movement,400.0
AIS,FINANCIAL_STATEMENTS_AIS.pdf,6,thousand,con,0,20,การเปลี่ยนแปลงส่วนได้เสี ยของบริ ษทั ย่อย,12,หน่ วย : พันบาท รวมส่ วนของ ผู้ถือหุ้น,True,movement,400.0
AIS,FINANCIAL_STATEMENTS_AIS.pdf,6,thousand,con,0,21,รวมการเปลีย่ นแปลงส่ วนได้ เสี ยของบริษทั ย่อย,0,ทุนที่ออกและ ชาระแล้ว,False,movement,
AIS,FINANCIAL_STATEMENTS_AIS.pdf,6,thousand,con,0,21,รวมการเปลีย่ นแปลงส่ วนได้ เสี ยของบริษทั ย่อย,1,ส่ วนเกิน มูลค่าหุ้น,False,movement,
AIS,FINANCIAL_STATEMENTS_AIS.pdf,6,thousand,con,0,21,รวมการเปลีย่ นแปลงส่ วนได้ เสี ยของบริษทั ย่อย,2,บริษทั แอดวานซ์ ส่ วนตา่ กว่าทุนอื่น ส่ วนตา่ จาก การเปลีย่ นแปลง สั ดส่ วนการถือหุ้น ในบริษทั ย่อย,False,movement,
AIS,FINANCIAL_STATEMENTS_AIS.pdf,6,thousand,con,0,21,รวมการเปลีย่ นแปลงส่ วนได้ เสี ยของบริษทั ย่อย,3,อินโฟร์ เซอร์ งบการเปลีย่ นแปลงส่ งบการเงินรวม สาหรับงวดสามเดือนสิ้นสุ “ยังไม่ได้ กาไรสะสม ทุนสารองตาม กฎหมาย,False,movement,
AIS,FINANCIAL_STATEMENTS_AIS.pdf,6,thousand,con,0,21,รวมการเปลีย่ นแปลงส่ วนได้ เสี ยของบริษทั ย่อย,4,วสิ จากัด (มหาชน) และบริษทั วนของผู้ถือหุ้น ดวันที่ 31 มีนาคม 2569 ตรวจสอบ” ยังไม่ ได้ จัดสรร,False,movement,
AIS,FINANCIAL_STATEMENTS_AIS.pdf,6,thousand,con,0,21,รวมการเปลีย่ นแปลงส่ วนได้ เสี ยของบริษทั ย่อย,5,ย่ อย สารองสาหรับ การจ่ ายโดย ใช้ หุ้น เป็ นเกณฑ์,False,movement,
AIS,FINANCIAL_STATEMENTS_AIS.pdf,6,thousand,con,0,21,รวมการเปลีย่ นแปลงส่ วนได้ เสี ยของบริษทั ย่อย,6,องค์ กาไรจาก การลดสั ดส่ วน ของเงินลงทุน,False,movement,
AIS,FINANCIAL_STATEMENTS_AIS.pdf,6,thousand,con,0,21,รวมการเปลีย่ นแปลงส่ วนได้ เสี ยของบริษทั ย่อย,7,ประกอบอื่นของส่ สารองรายการ ป้ องกันความเสี่,False,movement,
AIS,FINANCIAL_STATEMENTS_AIS.pdf,6,thousand,con,0,21,รวมการเปลีย่ นแปลงส่ วนได้ เสี ยของบริษทั ย่อย,8,วนของผู้ถือหุ้น สารอง การเปลีย่ นแปลง ยง ในมูลค่ายุติธรรม,False,movement,
AIS,FINANCIAL_STATEMENTS_AIS.pdf,6,thousand,con,0,21,รวมการเปลีย่ นแปลงส่ วนได้ เสี ยของบริษทั ย่อย,9,รวมองค์ ประกอบ อื่นของส่ วนของ ผู้ถือหุ้น,False,movement,
AIS,FINANCIAL_STATEMENTS_AIS.pdf,6,thousand,con,0,21,รวมการเปลีย่ นแปลงส่ วนได้ เสี ยของบริษทั ย่อย,10,รวมส่ วนของ ผู้ถือหุ้น ของบริ ษทั,False,movement,
AIS,FINANCIAL_STATEMENTS_AIS.pdf,6,thousand,con,0,21,รวมการเปลีย่ นแปลงส่ วนได้ เสี ยของบริษทั ย่อย,11,ส่ วนของ ส่ วนได้ เสี ย ที่ไม่ มีอานาจ ควบคุม,False,movement,400.0
AIS,FINANCIAL_STATEMENTS_AIS.pdf,6,thousand,con,0,21,รวมการเปลีย่ นแปลงส่ วนได้ เสี ยของบริษทั ย่อย,12,หน่ วย : พันบาท รวมส่ วนของ ผู้ถือหุ้น,True,movement,400.0
AIS,FINANCIAL_STATEMENTS_AIS.pdf,6,thousand,con,0,22,รวมรายการกับผู้ถือหุ้นที่บันทึกโดยตรงเข้ าส่ วนของผู้ถือหุ้น,0,ทุนที่ออกและ ชาระแล้ว,False,movement,
AIS,FINANCIAL_STATEMENTS_AIS.pdf,6,thousand,con,0,22,รวมรายการกับผู้ถือหุ้นที่บันทึกโดยตรงเข้ าส่ วนของผู้ถือหุ้น,1,ส่ วนเกิน มูลค่าหุ้น,False,movement,
AIS,FINANCIAL_STATEMENTS_AIS.pdf,6,thousand,con,0,22,รวมรายการกับผู้ถือหุ้นที่บันทึกโดยตรงเข้ าส่ วนของผู้ถือหุ้น,2,บริษทั แอดวานซ์ ส่ วนตา่ กว่าทุนอื่น ส่ วนตา่ จาก การเปลีย่ นแปลง สั ดส่ วนการถือหุ้น ในบริษทั ย่อย,False,movement,
AIS,FINANCIAL_STATEMENTS_AIS.pdf,6,thousand,con,0,22,รวมรายการกับผู้ถือหุ้นที่บันทึกโดยตรงเข้ าส่ วนของผู้ถือหุ้น,3,อินโฟร์ เซอร์ งบการเปลีย่ นแปลงส่ งบการเงินรวม สาหรับงวดสามเดือนสิ้นสุ “ยังไม่ได้ กาไรสะสม ทุนสารองตาม กฎหมาย,False,movement,
AIS,FINANCIAL_STATEMENTS_AIS.pdf,6,thousand,con,0,22,รวมรายการกับผู้ถือหุ้นที่บันทึกโดยตรงเข้ าส่ วนของผู้ถือหุ้น,4,วสิ จากัด (มหาชน) และบริษทั วนของผู้ถือหุ้น ดวันที่ 31 มีนาคม 2569 ตรวจสอบ” ยังไม่ ได้ จัดสรร,False,movement,-17070673.0
AIS,FINANCIAL_STATEMENTS_AIS.pdf,6,thousand,con,0,22,รวมรายการกับผู้ถือหุ้นที่บันทึกโดยตรงเข้ าส่ วนของผู้ถือหุ้น,5,ย่ อย สารองสาหรับ การจ่ ายโดย ใช้ หุ้น เป็ นเกณฑ์,False,movement,
AIS,FINANCIAL_STATEMENTS_AIS.pdf,6,thousand,con,0,22,รวมรายการกับผู้ถือหุ้นที่บันทึกโดยตรงเข้ าส่ วนของผู้ถือหุ้น,6,องค์ กาไรจาก การลดสั ดส่ วน ของเงินลงทุน,False,movement,
AIS,FINANCIAL_STATEMENTS_AIS.pdf,6,thousand,con,0,22,รวมรายการกับผู้ถือหุ้นที่บันทึกโดยตรงเข้ าส่ วนของผู้ถือหุ้น,7,ประกอบอื่นของส่ สารองรายการ ป้ องกันความเสี่,False,movement,
AIS,FINANCIAL_STATEMENTS_AIS.pdf,6,thousand,con,0,22,รวมรายการกับผู้ถือหุ้นที่บันทึกโดยตรงเข้ าส่ วนของผู้ถือหุ้น,8,วนของผู้ถือหุ้น สารอง การเปลีย่ นแปลง ยง ในมูลค่ายุติธรรม,False,movement,
AIS,FINANCIAL_STATEMENTS_AIS.pdf,6,thousand,con,0,22,รวมรายการกับผู้ถือหุ้นที่บันทึกโดยตรงเข้ าส่ วนของผู้ถือหุ้น,9,รวมองค์ ประกอบ อื่นของส่ วนของ ผู้ถือหุ้น,False,movement,
AIS,FINANCIAL_STATEMENTS_AIS.pdf,6,thousand,con,0,22,รวมรายการกับผู้ถือหุ้นที่บันทึกโดยตรงเข้ าส่ วนของผู้ถือหุ้น,10,รวมส่ วนของ ผู้ถือหุ้น ของบริ ษทั,False,movement,-17070673.0
AIS,FINANCIAL_STATEMENTS_AIS.pdf,6,thousand,con,0,22,รวมรายการกับผู้ถือหุ้นที่บันทึกโดยตรงเข้ าส่ วนของผู้ถือหุ้น,11,ส่ วนของ ส่ วนได้ เสี ย ที่ไม่ มีอานาจ ควบคุม,False,movement,400.0
AIS,FINANCIAL_STATEMENTS_AIS.pdf,6,thousand,con,0,22,รวมรายการกับผู้ถือหุ้นที่บันทึกโดยตรงเข้ าส่ วนของผู้ถือหุ้น,12,หน่ วย : พันบาท รวมส่ วนของ ผู้ถือหุ้น,True,movement,-17070273.0
AIS,FINANCIAL_STATEMENTS_AIS.pdf,6,thousand,con,0,25,กาไรสาหรับงวด,0,ทุนที่ออกและ ชาระแล้ว,False,movement,
AIS,FINANCIAL_STATEMENTS_AIS.pdf,6,thousand,con,0,25,กาไรสาหรับงวด,1,ส่ วนเกิน มูลค่าหุ้น,False,movement,
AIS,FINANCIAL_STATEMENTS_AIS.pdf,6,thousand,con,0,25,กาไรสาหรับงวด,2,บริษทั แอดวานซ์ ส่ วนตา่ กว่าทุนอื่น ส่ วนตา่ จาก การเปลีย่ นแปลง สั ดส่ วนการถือหุ้น ในบริษทั ย่อย,False,movement,
AIS,FINANCIAL_STATEMENTS_AIS.pdf,6,thousand,con,0,25,กาไรสาหรับงวด,3,อินโฟร์ เซอร์ งบการเปลีย่ นแปลงส่ งบการเงินรวม สาหรับงวดสามเดือนสิ้นสุ “ยังไม่ได้ กาไรสะสม ทุนสารองตาม กฎหมาย,False,movement,
AIS,FINANCIAL_STATEMENTS_AIS.pdf,6,thousand,con,0,25,กาไรสาหรับงวด,4,วสิ จากัด (มหาชน) และบริษทั วนของผู้ถือหุ้น ดวันที่ 31 มีนาคม 2569 ตรวจสอบ” ยังไม่ ได้ จัดสรร,False,movement,10583526.0
AIS,FINANCIAL_STATEMENTS_AIS.pdf,6,thousand,con,0,25,กาไรสาหรับงวด,5,ย่ อย สารองสาหรับ การจ่ ายโดย ใช้ หุ้น เป็ นเกณฑ์,False,movement,
AIS,FINANCIAL_STATEMENTS_AIS.pdf,6,thousand,con,0,25,กาไรสาหรับงวด,6,องค์ กาไรจาก การลดสั ดส่ วน ของเงินลงทุน,False,movement,
AIS,FINANCIAL_STATEMENTS_AIS.pdf,6,thousand,con,0,25,กาไรสาหรับงวด,7,ประกอบอื่นของส่ สารองรายการ ป้ องกันความเสี่,False,movement,
AIS,FINANCIAL_STATEMENTS_AIS.pdf,6,thousand,con,0,25,กาไรสาหรับงวด,8,วนของผู้ถือหุ้น สารอง การเปลีย่ นแปลง ยง ในมูลค่ายุติธรรม,False,movement,
AIS,FINANCIAL_STATEMENTS_AIS.pdf,6,thousand,con,0,25,กาไรสาหรับงวด,9,รวมองค์ ประกอบ อื่นของส่ วนของ ผู้ถือหุ้น,False,movement,
AIS,FINANCIAL_STATEMENTS_AIS.pdf,6,thousand,con,0,25,กาไรสาหรับงวด,10,รวมส่ วนของ ผู้ถือหุ้น ของบริ ษทั,False,movement,10583526.0
AIS,FINANCIAL_STATEMENTS_AIS.pdf,6,thousand,con,0,25,กาไรสาหรับงวด,11,ส่ วนของ ส่ วนได้ เสี ย ที่ไม่ มีอานาจ ควบคุม,False,movement,491.0
AIS,FINANCIAL_STATEMENTS_AIS.pdf,6,thousand,con,0,25,กาไรสาหรับงวด,12,หน่ วย : พันบาท รวมส่ วนของ ผู้ถือหุ้น,True,movement,10584017.0
AIS,FINANCIAL_STATEMENTS_AIS.pdf,6,thousand,con,0,26,กาไรขาดทุนเบ็ดเสร็ จอื่น,0,ทุนที่ออกและ ชาระแล้ว,False,movement,
AIS,FINANCIAL_STATEMENTS_AIS.pdf,6,thousand,con,0,26,กาไรขาดทุนเบ็ดเสร็ จอื่น,1,ส่ วนเกิน มูลค่าหุ้น,False,movement,
AIS,FINANCIAL_STATEMENTS_AIS.pdf,6,thousand,con,0,26,กาไรขาดทุนเบ็ดเสร็ จอื่น,2,บริษทั แอดวานซ์ ส่ วนตา่ กว่าทุนอื่น ส่ วนตา่ จาก การเปลีย่ นแปลง สั ดส่ วนการถือหุ้น ในบริษทั ย่อย,False,movement,
AIS,FINANCIAL_STATEMENTS_AIS.pdf,6,thousand,con,0,26,กาไรขาดทุนเบ็ดเสร็ จอื่น,3,อินโฟร์ เซอร์ งบการเปลีย่ นแปลงส่ งบการเงินรวม สาหรับงวดสามเดือนสิ้นสุ “ยังไม่ได้ กาไรสะสม ทุนสารองตาม กฎหมาย,False,movement,
AIS,FINANCIAL_STATEMENTS_AIS.pdf,6,thousand,con,0,26,กาไรขาดทุนเบ็ดเสร็ จอื่น,4,วสิ จากัด (มหาชน) และบริษทั วนของผู้ถือหุ้น ดวันที่ 31 มีนาคม 2569 ตรวจสอบ” ยังไม่ ได้ จัดสรร,False,movement,
AIS,FINANCIAL_STATEMENTS_AIS.pdf,6,thousand,con,0,26,กาไรขาดทุนเบ็ดเสร็ จอื่น,5,ย่ อย สารองสาหรับ การจ่ ายโดย ใช้ หุ้น เป็ นเกณฑ์,False,movement,
AIS,FINANCIAL_STATEMENTS_AIS.pdf,6,thousand,con,0,26,กาไรขาดทุนเบ็ดเสร็ จอื่น,6,องค์ กาไรจาก การลดสั ดส่ วน ของเงินลงทุน,False,movement,
AIS,FINANCIAL_STATEMENTS_AIS.pdf,6,thousand,con,0,26,กาไรขาดทุนเบ็ดเสร็ จอื่น,7,ประกอบอื่นของส่ สารองรายการ ป้ องกันความเสี่,False,movement,-26603.0
AIS,FINANCIAL_STATEMENTS_AIS.pdf,6,thousand,con,0,26,กาไรขาดทุนเบ็ดเสร็ จอื่น,8,วนของผู้ถือหุ้น สารอง การเปลีย่ นแปลง ยง ในมูลค่ายุติธรรม,False,movement,
AIS,FINANCIAL_STATEMENTS_AIS.pdf,6,thousand,con,0,26,กาไรขาดทุนเบ็ดเสร็ จอื่น,9,รวมองค์ ประกอบ อื่นของส่ วนของ ผู้ถือหุ้น,False,movement,-26603.0
AIS,FINANCIAL_STATEMENTS_AIS.pdf,6,thousand,con,0,26,กาไรขาดทุนเบ็ดเสร็ จอื่น,10,รวมส่ วนของ ผู้ถือหุ้น ของบริ ษทั,False,movement,-26603.0
AIS,FINANCIAL_STATEMENTS_AIS.pdf,6,thousand,con,0,26,กาไรขาดทุนเบ็ดเสร็ จอื่น,11,ส่ วนของ ส่ วนได้ เสี ย ที่ไม่ มีอานาจ ควบคุม,False,movement,
AIS,FINANCIAL_STATEMENTS_AIS.pdf,6,thousand,con,0,26,กาไรขาดทุนเบ็ดเสร็ จอื่น,12,หน่ วย : พันบาท รวมส่ วนของ ผู้ถือหุ้น,True,movement,-26603.0
AIS,FINANCIAL_STATEMENTS_AIS.pdf,6,thousand,con,0,27,รวมกาไรเบ็ดเสร็จสาหรับงวด,0,ทุนที่ออกและ ชาระแล้ว,False,movement,
AIS,FINANCIAL_STATEMENTS_AIS.pdf,6,thousand,con,0,27,รวมกาไรเบ็ดเสร็จสาหรับงวด,1,ส่ วนเกิน มูลค่าหุ้น,False,movement,
AIS,FINANCIAL_STATEMENTS_AIS.pdf,6,thousand,con,0,27,รวมกาไรเบ็ดเสร็จสาหรับงวด,2,บริษทั แอดวานซ์ ส่ วนตา่ กว่าทุนอื่น ส่ วนตา่ จาก การเปลีย่ นแปลง สั ดส่ วนการถือหุ้น ในบริษทั ย่อย,False,movement,
AIS,FINANCIAL_STATEMENTS_AIS.pdf,6,thousand,con,0,27,รวมกาไรเบ็ดเสร็จสาหรับงวด,3,อินโฟร์ เซอร์ งบการเปลีย่ นแปลงส่ งบการเงินรวม สาหรับงวดสามเดือนสิ้นสุ “ยังไม่ได้ กาไรสะสม ทุนสารองตาม กฎหมาย,False,movement,
AIS,FINANCIAL_STATEMENTS_AIS.pdf,6,thousand,con,0,27,รวมกาไรเบ็ดเสร็จสาหรับงวด,4,วสิ จากัด (มหาชน) และบริษทั วนของผู้ถือหุ้น ดวันที่ 31 มีนาคม 2569 ตรวจสอบ” ยังไม่ ได้ จัดสรร,False,movement,10583526.0
AIS,FINANCIAL_STATEMENTS_AIS.pdf,6,thousand,con,0,27,รวมกาไรเบ็ดเสร็จสาหรับงวด,5,ย่ อย สารองสาหรับ การจ่ ายโดย ใช้ หุ้น เป็ นเกณฑ์,False,movement,
AIS,FINANCIAL_STATEMENTS_AIS.pdf,6,thousand,con,0,27,รวมกาไรเบ็ดเสร็จสาหรับงวด,6,องค์ กาไรจาก การลดสั ดส่ วน ของเงินลงทุน,False,movement,
AIS,FINANCIAL_STATEMENTS_AIS.pdf,6,thousand,con,0,27,รวมกาไรเบ็ดเสร็จสาหรับงวด,7,ประกอบอื่นของส่ สารองรายการ ป้ องกันความเสี่,False,movement,-26603.0
AIS,FINANCIAL_STATEMENTS_AIS.pdf,6,thousand,con,0,27,รวมกาไรเบ็ดเสร็จสาหรับงวด,8,วนของผู้ถือหุ้น สารอง การเปลีย่ นแปลง ยง ในมูลค่ายุติธรรม,False,movement,
AIS,FINANCIAL_STATEMENTS_AIS.pdf,6,thousand,con,0,27,รวมกาไรเบ็ดเสร็จสาหรับงวด,9,รวมองค์ ประกอบ อื่นของส่ วนของ ผู้ถือหุ้น,False,movement,-26603.0
AIS,FINANCIAL_STATEMENTS_AIS.pdf,6,thousand,con,0,27,รวมกาไรเบ็ดเสร็จสาหรับงวด,10,รวมส่ วนของ ผู้ถือหุ้น ของบริ ษทั,False,movement,10556923.0
AIS,FINANCIAL_STATEMENTS_AIS.pdf,6,thousand,con,0,27,รวมกาไรเบ็ดเสร็จสาหรับงวด,11,ส่ วนของ ส่ วนได้ เสี ย ที่ไม่ มีอานาจ ควบคุม,False,movement,491.0
AIS,FINANCIAL_STATEMENTS_AIS.pdf,6,thousand,con,0,27,รวมกาไรเบ็ดเสร็จสาหรับงวด,12,หน่ วย : พันบาท รวมส่ วนของ ผู้ถือหุ้น,True,movement,10557414.0
AIS,FINANCIAL_STATEMENTS_AIS.pdf,6,thousand,con,0,28,ยอดคงเหลือ ณ วันที่ 31 มีนาคม 2568,0,ทุนที่ออกและ ชาระแล้ว,False,balance,2974210.0
AIS,FINANCIAL_STATEMENTS_AIS.pdf,6,thousand,con,0,28,ยอดคงเหลือ ณ วันที่ 31 มีนาคม 2568,1,ส่ วนเกิน มูลค่าหุ้น,False,balance,22551567.0
AIS,FINANCIAL_STATEMENTS_AIS.pdf,6,thousand,con,0,28,ยอดคงเหลือ ณ วันที่ 31 มีนาคม 2568,2,บริษทั แอดวานซ์ ส่ วนตา่ กว่าทุนอื่น ส่ วนตา่ จาก การเปลีย่ นแปลง สั ดส่ วนการถือหุ้น ในบริษทั ย่อย,False,balance,-669657.0
AIS,FINANCIAL_STATEMENTS_AIS.pdf,6,thousand,con,0,28,ยอดคงเหลือ ณ วันที่ 31 มีนาคม 2568,3,อินโฟร์ เซอร์ งบการเปลีย่ นแปลงส่ งบการเงินรวม สาหรับงวดสามเดือนสิ้นสุ “ยังไม่ได้ กาไรสะสม ทุนสารองตาม กฎหมาย,False,balance,500000.0
AIS,FINANCIAL_STATEMENTS_AIS.pdf,6,thousand,con,0,28,ยอดคงเหลือ ณ วันที่ 31 มีนาคม 2568,4,วสิ จากัด (มหาชน) และบริษทั วนของผู้ถือหุ้น ดวันที่ 31 มีนาคม 2569 ตรวจสอบ” ยังไม่ ได้ จัดสรร,False,balance,65209725.0
AIS,FINANCIAL_STATEMENTS_AIS.pdf,6,thousand,con,0,28,ยอดคงเหลือ ณ วันที่ 31 มีนาคม 2568,5,ย่ อย สารองสาหรับ การจ่ ายโดย ใช้ หุ้น เป็ นเกณฑ์,False,balance,50944.0
AIS,FINANCIAL_STATEMENTS_AIS.pdf,6,thousand,con,0,28,ยอดคงเหลือ ณ วันที่ 31 มีนาคม 2568,6,องค์ กาไรจาก การลดสั ดส่ วน ของเงินลงทุน,False,balance,161187.0
AIS,FINANCIAL_STATEMENTS_AIS.pdf,6,thousand,con,0,28,ยอดคงเหลือ ณ วันที่ 31 มีนาคม 2568,7,ประกอบอื่นของส่ สารองรายการ ป้ องกันความเสี่,False,balance,-36773.0
AIS,FINANCIAL_STATEMENTS_AIS.pdf,6,thousand,con,0,28,ยอดคงเหลือ ณ วันที่ 31 มีนาคม 2568,8,วนของผู้ถือหุ้น สารอง การเปลีย่ นแปลง ยง ในมูลค่ายุติธรรม,False,balance,-32530.0
AIS,FINANCIAL_STATEMENTS_AIS.pdf,6,thousand,con,0,28,ยอดคงเหลือ ณ วันที่ 31 มีนาคม 2568,9,รวมองค์ ประกอบ อื่นของส่ วนของ ผู้ถือหุ้น,False,balance,142828.0
AIS,FINANCIAL_STATEMENTS_AIS.pdf,6,thousand,con,0,28,ยอดคงเหลือ ณ วันที่ 31 มีนาคม 2568,10,รวมส่ วนของ ผู้ถือหุ้น ของบริ ษทั,False,balance,90708673.0
AIS,FINANCIAL_STATEMENTS_AIS.pdf,6,thousand,con,0,28,ยอดคงเหลือ ณ วันที่ 31 มีนาคม 2568,11,ส่ วนของ ส่ วนได้ เสี ย ที่ไม่ มีอานาจ ควบคุม,False,balance,102363.0
AIS,FINANCIAL_STATEMENTS_AIS.pdf,6,thousand,con,0,28,ยอดคงเหลือ ณ วันที่ 31 มีนาคม 2568,12,หน่ วย : พันบาท รวมส่ วนของ ผู้ถือหุ้น,True,balance,90811036.0
AIS,FINANCIAL_STATEMENTS_AIS.pdf,7,thousand,con,0,13,ยอดคงเหลือ ณ วันที่ 1 มกราคม 2569,0,ทุนที่ออกและ ชาระแล้ว,False,balance,2974210.0
AIS,FINANCIAL_STATEMENTS_AIS.pdf,7,thousand,con,0,13,ยอดคงเหลือ ณ วันที่ 1 มกราคม 2569,1,ส่ วนเกิน มูลค่าหุ้น,False,balance,22551567.0
AIS,FINANCIAL_STATEMENTS_AIS.pdf,7,thousand,con,0,13,ยอดคงเหลือ ณ วันที่ 1 มกราคม 2569,2,บริษทั ส่ วนตา่ กว่าทุนอื่น ส่ วนตา่ จาก การเปลีย่ นแปลง สั ดส่ วนการถือหุ้น ในบริษทั ย่อย,False,balance,-669657.0
AIS,FINANCIAL_STATEMENTS_AIS.pdf,7,thousand,con,0,13,ยอดคงเหลือ ณ วันที่ 1 มกราคม 2569,3,แอดวานซ์ อินโฟร์ เซอร์ งบการเปลีย่ นแปลงส่ สาหรับงวดสามเดือนสิ้นสุ “ยังไม่ กาไรสะสม ทุนสารองตาม กฎหมาย,False,balance,500000.0
AIS,FINANCIAL_STATEMENTS_AIS.pdf,7,thousand,con,0,13,ยอดคงเหลือ ณ วันที่ 1 มกราคม 2569,4,วสิ จากัด (มหาชน) และบริษทั วนของผู้ถือหุ้น (ต่อ) งบการเงินรวม ดวันที่ 31 มีนาคม 2569 ได้ ตรวจสอบ” ยังไม่ ได้ จัดสรร,False,balance,81682737.0
AIS,FINANCIAL_STATEMENTS_AIS.pdf,7,thousand,con,0,13,ยอดคงเหลือ ณ วันที่ 1 มกราคม 2569,5,ย่ อย สารองสาหรับ การจ่ ายโดย ใช้ หุ้น เป็ นเกณฑ์,False,balance,50944.0
AIS,FINANCIAL_STATEMENTS_AIS.pdf,7,thousand,con,0,13,ยอดคงเหลือ ณ วันที่ 1 มกราคม 2569,6,องค์ กาไรจาก การลดสั ดส่ วน ของเงินลงทุน,False,balance,161187.0
AIS,FINANCIAL_STATEMENTS_AIS.pdf,7,thousand,con,0,13,ยอดคงเหลือ ณ วันที่ 1 มกราคม 2569,7,ประกอบอื่นของส่ สารองรายการ ป้ องกันความเสี่,False,balance,-41241.0
AIS,FINANCIAL_STATEMENTS_AIS.pdf,7,thousand,con,0,13,ยอดคงเหลือ ณ วันที่ 1 มกราคม 2569,8,วนของผู้ถือหุ้น สารอง การเปลีย่ นแปลง ยง ในมูลค่ายุติธรรม,False,balance,-34222.0
AIS,FINANCIAL_STATEMENTS_AIS.pdf,7,thousand,con,0,13,ยอดคงเหลือ ณ วันที่ 1 มกราคม 2569,9,รวมองค์ ประกอบ อื่นของส่ วนของ ผู้ถือหุ้น,False,balance,136668.0
AIS,FINANCIAL_STATEMENTS_AIS.pdf,7,thousand,con,0,13,ยอดคงเหลือ ณ วันที่ 1 มกราคม 2569,10,รวมส่ วนของ ผู้ถือหุ้น ของบริ ษทั,False,balance,107175525.0
AIS,FINANCIAL_STATEMENTS_AIS.pdf,7,thousand,con,0,13,ยอดคงเหลือ ณ วันที่ 1 มกราคม 2569,11,ส่ วนของ ส่ วนได้ เสี ย ที่ไม่ มีอานาจ ควบคุม,False,balance,104837.0
AIS,FINANCIAL_STATEMENTS_AIS.pdf,7,thousand,con,0,13,ยอดคงเหลือ ณ วันที่ 1 มกราคม 2569,12,หน่ วย : พันบาท รวมส่ วนของ ผู้ถือหุ้น,True,balance,107280362.0
AIS,FINANCIAL_STATEMENTS_AIS.pdf,7,thousand,con,0,16,"เงินปั นผลจ่าย 12, 13",0,ทุนที่ออกและ ชาระแล้ว,False,movement,
AIS,FINANCIAL_STATEMENTS_AIS.pdf,7,thousand,con,0,16,"เงินปั นผลจ่าย 12, 13",1,ส่ วนเกิน มูลค่าหุ้น,False,movement,
AIS,FINANCIAL_STATEMENTS_AIS.pdf,7,thousand,con,0,16,"เงินปั นผลจ่าย 12, 13",2,บริษทั ส่ วนตา่ กว่าทุนอื่น ส่ วนตา่ จาก การเปลีย่ นแปลง สั ดส่ วนการถือหุ้น ในบริษทั ย่อย,False,movement,
AIS,FINANCIAL_STATEMENTS_AIS.pdf,7,thousand,con,0,16,"เงินปั นผลจ่าย 12, 13",3,แอดวานซ์ อินโฟร์ เซอร์ งบการเปลีย่ นแปลงส่ สาหรับงวดสามเดือนสิ้นสุ “ยังไม่ กาไรสะสม ทุนสารองตาม กฎหมาย,False,movement,
AIS,FINANCIAL_STATEMENTS_AIS.pdf,7,thousand,con,0,16,"เงินปั นผลจ่าย 12, 13",4,วสิ จากัด (มหาชน) และบริษทั วนของผู้ถือหุ้น (ต่อ) งบการเงินรวม ดวันที่ 31 มีนาคม 2569 ได้ ตรวจสอบ” ยังไม่ ได้ จัดสรร,False,movement,
AIS,FINANCIAL_STATEMENTS_AIS.pdf,7,thousand,con,0,16,"เงินปั นผลจ่าย 12, 13",5,ย่ อย สารองสาหรับ การจ่ ายโดย ใช้ หุ้น เป็ นเกณฑ์,False,movement,
AIS,FINANCIAL_STATEMENTS_AIS.pdf,7,thousand,con,0,16,"เงินปั นผลจ่าย 12, 13",6,องค์ กาไรจาก การลดสั ดส่ วน ของเงินลงทุน,False,movement,
AIS,FINANCIAL_STATEMENTS_AIS.pdf,7,thousand,con,0,16,"เงินปั นผลจ่าย 12, 13",7,ประกอบอื่นของส่ สารองรายการ ป้ องกันความเสี่,False,movement,
AIS,FINANCIAL_STATEMENTS_AIS.pdf,7,thousand,con,0,16,"เงินปั นผลจ่าย 12, 13",8,วนของผู้ถือหุ้น สารอง การเปลีย่ นแปลง ยง ในมูลค่ายุติธรรม,False,movement,
AIS,FINANCIAL_STATEMENTS_AIS.pdf,7,thousand,con,0,16,"เงินปั นผลจ่าย 12, 13",9,รวมองค์ ประกอบ อื่นของส่ วนของ ผู้ถือหุ้น,False,movement,
AIS,FINANCIAL_STATEMENTS_AIS.pdf,7,thousand,con,0,16,"เงินปั นผลจ่าย 12, 13",10,รวมส่ วนของ ผู้ถือหุ้น ของบริ ษทั,False,movement,
AIS,FINANCIAL_STATEMENTS_AIS.pdf,7,thousand,con,0,16,"เงินปั นผลจ่าย 12, 13",11,ส่ วนของ ส่ วนได้ เสี ย ที่ไม่ มีอานาจ ควบคุม,False,movement,-8.0
AIS,FINANCIAL_STATEMENTS_AIS.pdf,7,thousand,con,0,16,"เงินปั นผลจ่าย 12, 13",12,หน่ วย : พันบาท รวมส่ วนของ ผู้ถือหุ้น,True,movement,-8.0
AIS,FINANCIAL_STATEMENTS_AIS.pdf,7,thousand,con,0,17,รวมเงินทุนที่ได้ รับจากและการจัดสรรส่ วนทุนให้ ผ้ถู ือหุ้น,0,ทุนที่ออกและ ชาระแล้ว,False,movement,
AIS,FINANCIAL_STATEMENTS_AIS.pdf,7,thousand,con,0,17,รวมเงินทุนที่ได้ รับจากและการจัดสรรส่ วนทุนให้ ผ้ถู ือหุ้น,1,ส่ วนเกิน มูลค่าหุ้น,False,movement,
AIS,FINANCIAL_STATEMENTS_AIS.pdf,7,thousand,con,0,17,รวมเงินทุนที่ได้ รับจากและการจัดสรรส่ วนทุนให้ ผ้ถู ือหุ้น,2,บริษทั ส่ วนตา่ กว่าทุนอื่น ส่ วนตา่ จาก การเปลีย่ นแปลง สั ดส่ วนการถือหุ้น ในบริษทั ย่อย,False,movement,
AIS,FINANCIAL_STATEMENTS_AIS.pdf,7,thousand,con,0,17,รวมเงินทุนที่ได้ รับจากและการจัดสรรส่ วนทุนให้ ผ้ถู ือหุ้น,3,แอดวานซ์ อินโฟร์ เซอร์ งบการเปลีย่ นแปลงส่ สาหรับงวดสามเดือนสิ้นสุ “ยังไม่ กาไรสะสม ทุนสารองตาม กฎหมาย,False,movement,
AIS,FINANCIAL_STATEMENTS_AIS.pdf,7,thousand,con,0,17,รวมเงินทุนที่ได้ รับจากและการจัดสรรส่ วนทุนให้ ผ้ถู ือหุ้น,4,วสิ จากัด (มหาชน) และบริษทั วนของผู้ถือหุ้น (ต่อ) งบการเงินรวม ดวันที่ 31 มีนาคม 2569 ได้ ตรวจสอบ” ยังไม่ ได้ จัดสรร,False,movement,
AIS,FINANCIAL_STATEMENTS_AIS.pdf,7,thousand,con,0,17,รวมเงินทุนที่ได้ รับจากและการจัดสรรส่ วนทุนให้ ผ้ถู ือหุ้น,5,ย่ อย สารองสาหรับ การจ่ ายโดย ใช้ หุ้น เป็ นเกณฑ์,False,movement,
AIS,FINANCIAL_STATEMENTS_AIS.pdf,7,thousand,con,0,17,รวมเงินทุนที่ได้ รับจากและการจัดสรรส่ วนทุนให้ ผ้ถู ือหุ้น,6,องค์ กาไรจาก การลดสั ดส่ วน ของเงินลงทุน,False,movement,
AIS,FINANCIAL_STATEMENTS_AIS.pdf,7,thousand,con,0,17,รวมเงินทุนที่ได้ รับจากและการจัดสรรส่ วนทุนให้ ผ้ถู ือหุ้น,7,ประกอบอื่นของส่ สารองรายการ ป้ องกันความเสี่,False,movement,
AIS,FINANCIAL_STATEMENTS_AIS.pdf,7,thousand,con,0,17,รวมเงินทุนที่ได้ รับจากและการจัดสรรส่ วนทุนให้ ผ้ถู ือหุ้น,8,วนของผู้ถือหุ้น สารอง การเปลีย่ นแปลง ยง ในมูลค่ายุติธรรม,False,movement,
AIS,FINANCIAL_STATEMENTS_AIS.pdf,7,thousand,con,0,17,รวมเงินทุนที่ได้ รับจากและการจัดสรรส่ วนทุนให้ ผ้ถู ือหุ้น,9,รวมองค์ ประกอบ อื่นของส่ วนของ ผู้ถือหุ้น,False,movement,
AIS,FINANCIAL_STATEMENTS_AIS.pdf,7,thousand,con,0,17,รวมเงินทุนที่ได้ รับจากและการจัดสรรส่ วนทุนให้ ผ้ถู ือหุ้น,10,รวมส่ วนของ ผู้ถือหุ้น ของบริ ษทั,False,movement,
AIS,FINANCIAL_STATEMENTS_AIS.pdf,7,thousand,con,0,17,รวมเงินทุนที่ได้ รับจากและการจัดสรรส่ วนทุนให้ ผ้ถู ือหุ้น,11,ส่ วนของ ส่ วนได้ เสี ย ที่ไม่ มีอานาจ ควบคุม,False,movement,-8.0
AIS,FINANCIAL_STATEMENTS_AIS.pdf,7,thousand,con,0,17,รวมเงินทุนที่ได้ รับจากและการจัดสรรส่ วนทุนให้ ผ้ถู ือหุ้น,12,หน่ วย : พันบาท รวมส่ วนของ ผู้ถือหุ้น,True,movement,-8.0
AIS,FINANCIAL_STATEMENTS_AIS.pdf,7,thousand,con,0,20,การเปลี่ยนแปลงส่วนได้เสี ยของบริ ษทั ย่อย,0,ทุนที่ออกและ ชาระแล้ว,False,movement,
AIS,FINANCIAL_STATEMENTS_AIS.pdf,7,thousand,con,0,20,การเปลี่ยนแปลงส่วนได้เสี ยของบริ ษทั ย่อย,1,ส่ วนเกิน มูลค่าหุ้น,False,movement,
AIS,FINANCIAL_STATEMENTS_AIS.pdf,7,thousand,con,0,20,การเปลี่ยนแปลงส่วนได้เสี ยของบริ ษทั ย่อย,2,บริษทั ส่ วนตา่ กว่าทุนอื่น ส่ วนตา่ จาก การเปลีย่ นแปลง สั ดส่ วนการถือหุ้น ในบริษทั ย่อย,False,movement,
AIS,FINANCIAL_STATEMENTS_AIS.pdf,7,thousand,con,0,20,การเปลี่ยนแปลงส่วนได้เสี ยของบริ ษทั ย่อย,3,แอดวานซ์ อินโฟร์ เซอร์ งบการเปลีย่ นแปลงส่ สาหรับงวดสามเดือนสิ้นสุ “ยังไม่ กาไรสะสม ทุนสารองตาม กฎหมาย,False,movement,
AIS,FINANCIAL_STATEMENTS_AIS.pdf,7,thousand,con,0,20,การเปลี่ยนแปลงส่วนได้เสี ยของบริ ษทั ย่อย,4,วสิ จากัด (มหาชน) และบริษทั วนของผู้ถือหุ้น (ต่อ) งบการเงินรวม ดวันที่ 31 มีนาคม 2569 ได้ ตรวจสอบ” ยังไม่ ได้ จัดสรร,False,movement,
AIS,FINANCIAL_STATEMENTS_AIS.pdf,7,thousand,con,0,20,การเปลี่ยนแปลงส่วนได้เสี ยของบริ ษทั ย่อย,5,ย่ อย สารองสาหรับ การจ่ ายโดย ใช้ หุ้น เป็ นเกณฑ์,False,movement,
AIS,FINANCIAL_STATEMENTS_AIS.pdf,7,thousand,con,0,20,การเปลี่ยนแปลงส่วนได้เสี ยของบริ ษทั ย่อย,6,องค์ กาไรจาก การลดสั ดส่ วน ของเงินลงทุน,False,movement,
AIS,FINANCIAL_STATEMENTS_AIS.pdf,7,thousand,con,0,20,การเปลี่ยนแปลงส่วนได้เสี ยของบริ ษทั ย่อย,7,ประกอบอื่นของส่ สารองรายการ ป้ องกันความเสี่,False,movement,
AIS,FINANCIAL_STATEMENTS_AIS.pdf,7,thousand,con,0,20,การเปลี่ยนแปลงส่วนได้เสี ยของบริ ษทั ย่อย,8,วนของผู้ถือหุ้น สารอง การเปลีย่ นแปลง ยง ในมูลค่ายุติธรรม,False,movement,
AIS,FINANCIAL_STATEMENTS_AIS.pdf,7,thousand,con,0,20,การเปลี่ยนแปลงส่วนได้เสี ยของบริ ษทั ย่อย,9,รวมองค์ ประกอบ อื่นของส่ วนของ ผู้ถือหุ้น,False,movement,
AIS,FINANCIAL_STATEMENTS_AIS.pdf,7,thousand,con,0,20,การเปลี่ยนแปลงส่วนได้เสี ยของบริ ษทั ย่อย,10,รวมส่ วนของ ผู้ถือหุ้น ของบริ ษทั,False,movement,
AIS,FINANCIAL_STATEMENTS_AIS.pdf,7,thousand,con,0,20,การเปลี่ยนแปลงส่วนได้เสี ยของบริ ษทั ย่อย,11,ส่ วนของ ส่ วนได้ เสี ย ที่ไม่ มีอานาจ ควบคุม,False,movement,-44.0
AIS,FINANCIAL_STATEMENTS_AIS.pdf,7,thousand,con,0,20,การเปลี่ยนแปลงส่วนได้เสี ยของบริ ษทั ย่อย,12,หน่ วย : พันบาท รวมส่ วนของ ผู้ถือหุ้น,True,movement,-44.0
AIS,FINANCIAL_STATEMENTS_AIS.pdf,7,thousand,con,0,21,รวมการเปลีย่ นแปลงส่ วนได้ เสี ยของบริษทั ย่อย,0,ทุนที่ออกและ ชาระแล้ว,False,movement,
AIS,FINANCIAL_STATEMENTS_AIS.pdf,7,thousand,con,0,21,รวมการเปลีย่ นแปลงส่ วนได้ เสี ยของบริษทั ย่อย,1,ส่ วนเกิน มูลค่าหุ้น,False,movement,
AIS,FINANCIAL_STATEMENTS_AIS.pdf,7,thousand,con,0,21,รวมการเปลีย่ นแปลงส่ วนได้ เสี ยของบริษทั ย่อย,2,บริษทั ส่ วนตา่ กว่าทุนอื่น ส่ วนตา่ จาก การเปลีย่ นแปลง สั ดส่ วนการถือหุ้น ในบริษทั ย่อย,False,movement,
AIS,FINANCIAL_STATEMENTS_AIS.pdf,7,thousand,con,0,21,รวมการเปลีย่ นแปลงส่ วนได้ เสี ยของบริษทั ย่อย,3,แอดวานซ์ อินโฟร์ เซอร์ งบการเปลีย่ นแปลงส่ สาหรับงวดสามเดือนสิ้นสุ “ยังไม่ กาไรสะสม ทุนสารองตาม กฎหมาย,False,movement,
AIS,FINANCIAL_STATEMENTS_AIS.pdf,7,thousand,con,0,21,รวมการเปลีย่ นแปลงส่ วนได้ เสี ยของบริษทั ย่อย,4,วสิ จากัด (มหาชน) และบริษทั วนของผู้ถือหุ้น (ต่อ) งบการเงินรวม ดวันที่ 31 มีนาคม 2569 ได้ ตรวจสอบ” ยังไม่ ได้ จัดสรร,False,movement,
AIS,FINANCIAL_STATEMENTS_AIS.pdf,7,thousand,con,0,21,รวมการเปลีย่ นแปลงส่ วนได้ เสี ยของบริษทั ย่อย,5,ย่ อย สารองสาหรับ การจ่ ายโดย ใช้ หุ้น เป็ นเกณฑ์,False,movement,
AIS,FINANCIAL_STATEMENTS_AIS.pdf,7,thousand,con,0,21,รวมการเปลีย่ นแปลงส่ วนได้ เสี ยของบริษทั ย่อย,6,องค์ กาไรจาก การลดสั ดส่ วน ของเงินลงทุน,False,movement,
AIS,FINANCIAL_STATEMENTS_AIS.pdf,7,thousand,con,0,21,รวมการเปลีย่ นแปลงส่ วนได้ เสี ยของบริษทั ย่อย,7,ประกอบอื่นของส่ สารองรายการ ป้ องกันความเสี่,False,movement,
AIS,FINANCIAL_STATEMENTS_AIS.pdf,7,thousand,con,0,21,รวมการเปลีย่ นแปลงส่ วนได้ เสี ยของบริษทั ย่อย,8,วนของผู้ถือหุ้น สารอง การเปลีย่ นแปลง ยง ในมูลค่ายุติธรรม,False,movement,
AIS,FINANCIAL_STATEMENTS_AIS.pdf,7,thousand,con,0,21,รวมการเปลีย่ นแปลงส่ วนได้ เสี ยของบริษทั ย่อย,9,รวมองค์ ประกอบ อื่นของส่ วนของ ผู้ถือหุ้น,False,movement,
AIS,FINANCIAL_STATEMENTS_AIS.pdf,7,thousand,con,0,21,รวมการเปลีย่ นแปลงส่ วนได้ เสี ยของบริษทั ย่อย,10,รวมส่ วนของ ผู้ถือหุ้น ของบริ ษทั,False,movement,
AIS,FINANCIAL_STATEMENTS_AIS.pdf,7,thousand,con,0,21,รวมการเปลีย่ นแปลงส่ วนได้ เสี ยของบริษทั ย่อย,11,ส่ วนของ ส่ วนได้ เสี ย ที่ไม่ มีอานาจ ควบคุม,False,movement,-44.0
AIS,FINANCIAL_STATEMENTS_AIS.pdf,7,thousand,con,0,21,รวมการเปลีย่ นแปลงส่ วนได้ เสี ยของบริษทั ย่อย,12,หน่ วย : พันบาท รวมส่ วนของ ผู้ถือหุ้น,True,movement,-44.0
AIS,FINANCIAL_STATEMENTS_AIS.pdf,7,thousand,con,0,22,รวมรายการกับผู้ถือหุ้นที่บันทึกโดยตรงเข้ าส่ วนของผู้ถือหุ้น,0,ทุนที่ออกและ ชาระแล้ว,False,movement,
AIS,FINANCIAL_STATEMENTS_AIS.pdf,7,thousand,con,0,22,รวมรายการกับผู้ถือหุ้นที่บันทึกโดยตรงเข้ าส่ วนของผู้ถือหุ้น,1,ส่ วนเกิน มูลค่าหุ้น,False,movement,
AIS,FINANCIAL_STATEMENTS_AIS.pdf,7,thousand,con,0,22,รวมรายการกับผู้ถือหุ้นที่บันทึกโดยตรงเข้ าส่ วนของผู้ถือหุ้น,2,บริษทั ส่ วนตา่ กว่าทุนอื่น ส่ วนตา่ จาก การเปลีย่ นแปลง สั ดส่ วนการถือหุ้น ในบริษทั ย่อย,False,movement,
AIS,FINANCIAL_STATEMENTS_AIS.pdf,7,thousand,con,0,22,รวมรายการกับผู้ถือหุ้นที่บันทึกโดยตรงเข้ าส่ วนของผู้ถือหุ้น,3,แอดวานซ์ อินโฟร์ เซอร์ งบการเปลีย่ นแปลงส่ สาหรับงวดสามเดือนสิ้นสุ “ยังไม่ กาไรสะสม ทุนสารองตาม กฎหมาย,False,movement,
AIS,FINANCIAL_STATEMENTS_AIS.pdf,7,thousand,con,0,22,รวมรายการกับผู้ถือหุ้นที่บันทึกโดยตรงเข้ าส่ วนของผู้ถือหุ้น,4,วสิ จากัด (มหาชน) และบริษทั วนของผู้ถือหุ้น (ต่อ) งบการเงินรวม ดวันที่ 31 มีนาคม 2569 ได้ ตรวจสอบ” ยังไม่ ได้ จัดสรร,False,movement,
AIS,FINANCIAL_STATEMENTS_AIS.pdf,7,thousand,con,0,22,รวมรายการกับผู้ถือหุ้นที่บันทึกโดยตรงเข้ าส่ วนของผู้ถือหุ้น,5,ย่ อย สารองสาหรับ การจ่ ายโดย ใช้ หุ้น เป็ นเกณฑ์,False,movement,
AIS,FINANCIAL_STATEMENTS_AIS.pdf,7,thousand,con,0,22,รวมรายการกับผู้ถือหุ้นที่บันทึกโดยตรงเข้ าส่ วนของผู้ถือหุ้น,6,องค์ กาไรจาก การลดสั ดส่ วน ของเงินลงทุน,False,movement,
AIS,FINANCIAL_STATEMENTS_AIS.pdf,7,thousand,con,0,22,รวมรายการกับผู้ถือหุ้นที่บันทึกโดยตรงเข้ าส่ วนของผู้ถือหุ้น,7,ประกอบอื่นของส่ สารองรายการ ป้ องกันความเสี่,False,movement,
AIS,FINANCIAL_STATEMENTS_AIS.pdf,7,thousand,con,0,22,รวมรายการกับผู้ถือหุ้นที่บันทึกโดยตรงเข้ าส่ วนของผู้ถือหุ้น,8,วนของผู้ถือหุ้น สารอง การเปลีย่ นแปลง ยง ในมูลค่ายุติธรรม,False,movement,
AIS,FINANCIAL_STATEMENTS_AIS.pdf,7,thousand,con,0,22,รวมรายการกับผู้ถือหุ้นที่บันทึกโดยตรงเข้ าส่ วนของผู้ถือหุ้น,9,รวมองค์ ประกอบ อื่นของส่ วนของ ผู้ถือหุ้น,False,movement,
AIS,FINANCIAL_STATEMENTS_AIS.pdf,7,thousand,con,0,22,รวมรายการกับผู้ถือหุ้นที่บันทึกโดยตรงเข้ าส่ วนของผู้ถือหุ้น,10,รวมส่ วนของ ผู้ถือหุ้น ของบริ ษทั,False,movement,
AIS,FINANCIAL_STATEMENTS_AIS.pdf,7,thousand,con,0,22,รวมรายการกับผู้ถือหุ้นที่บันทึกโดยตรงเข้ าส่ วนของผู้ถือหุ้น,11,ส่ วนของ ส่ วนได้ เสี ย ที่ไม่ มีอานาจ ควบคุม,False,movement,-52.0
AIS,FINANCIAL_STATEMENTS_AIS.pdf,7,thousand,con,0,22,รวมรายการกับผู้ถือหุ้นที่บันทึกโดยตรงเข้ าส่ วนของผู้ถือหุ้น,12,หน่ วย : พันบาท รวมส่ วนของ ผู้ถือหุ้น,True,movement,-52.0
AIS,FINANCIAL_STATEMENTS_AIS.pdf,7,thousand,con,0,25,กาไรสาหรับงวด,0,ทุนที่ออกและ ชาระแล้ว,False,movement,
AIS,FINANCIAL_STATEMENTS_AIS.pdf,7,thousand,con,0,25,กาไรสาหรับงวด,1,ส่ วนเกิน มูลค่าหุ้น,False,movement,
AIS,FINANCIAL_STATEMENTS_AIS.pdf,7,thousand,con,0,25,กาไรสาหรับงวด,2,บริษทั ส่ วนตา่ กว่าทุนอื่น ส่ วนตา่ จาก การเปลีย่ นแปลง สั ดส่ วนการถือหุ้น ในบริษทั ย่อย,False,movement,
AIS,FINANCIAL_STATEMENTS_AIS.pdf,7,thousand,con,0,25,กาไรสาหรับงวด,3,แอดวานซ์ อินโฟร์ เซอร์ งบการเปลีย่ นแปลงส่ สาหรับงวดสามเดือนสิ้นสุ “ยังไม่ กาไรสะสม ทุนสารองตาม กฎหมาย,False,movement,
AIS,FINANCIAL_STATEMENTS_AIS.pdf,7,thousand,con,0,25,กาไรสาหรับงวด,4,วสิ จากัด (มหาชน) และบริษทั วนของผู้ถือหุ้น (ต่อ) งบการเงินรวม ดวันที่ 31 มีนาคม 2569 ได้ ตรวจสอบ” ยังไม่ ได้ จัดสรร,False,movement,13495505.0
AIS,FINANCIAL_STATEMENTS_AIS.pdf,7,thousand,con,0,25,กาไรสาหรับงวด,5,ย่ อย สารองสาหรับ การจ่ ายโดย ใช้ หุ้น เป็ นเกณฑ์,False,movement,
AIS,FINANCIAL_STATEMENTS_AIS.pdf,7,thousand,con,0,25,กาไรสาหรับงวด,6,องค์ กาไรจาก การลดสั ดส่ วน ของเงินลงทุน,False,movement,
AIS,FINANCIAL_STATEMENTS_AIS.pdf,7,thousand,con,0,25,กาไรสาหรับงวด,7,ประกอบอื่นของส่ สารองรายการ ป้ องกันความเสี่,False,movement,
AIS,FINANCIAL_STATEMENTS_AIS.pdf,7,thousand,con,0,25,กาไรสาหรับงวด,8,วนของผู้ถือหุ้น สารอง การเปลีย่ นแปลง ยง ในมูลค่ายุติธรรม,False,movement,
AIS,FINANCIAL_STATEMENTS_AIS.pdf,7,thousand,con,0,25,กาไรสาหรับงวด,9,รวมองค์ ประกอบ อื่นของส่ วนของ ผู้ถือหุ้น,False,movement,
AIS,FINANCIAL_STATEMENTS_AIS.pdf,7,thousand,con,0,25,กาไรสาหรับงวด,10,รวมส่ วนของ ผู้ถือหุ้น ของบริ ษทั,False,movement,13495505.0
AIS,FINANCIAL_STATEMENTS_AIS.pdf,7,thousand,con,0,25,กาไรสาหรับงวด,11,ส่ วนของ ส่ วนได้ เสี ย ที่ไม่ มีอานาจ ควบคุม,False,movement,434.0
AIS,FINANCIAL_STATEMENTS_AIS.pdf,7,thousand,con,0,25,กาไรสาหรับงวด,12,หน่ วย : พันบาท รวมส่ วนของ ผู้ถือหุ้น,True,movement,13495939.0
AIS,FINANCIAL_STATEMENTS_AIS.pdf,7,thousand,con,0,26,กาไรขาดทุนเบ็ดเสร็ จอื่น,0,ทุนที่ออกและ ชาระแล้ว,False,movement,
AIS,FINANCIAL_STATEMENTS_AIS.pdf,7,thousand,con,0,26,กาไรขาดทุนเบ็ดเสร็ จอื่น,1,ส่ วนเกิน มูลค่าหุ้น,False,movement,
AIS,FINANCIAL_STATEMENTS_AIS.pdf,7,thousand,con,0,26,กาไรขาดทุนเบ็ดเสร็ จอื่น,2,บริษทั ส่ วนตา่ กว่าทุนอื่น ส่ วนตา่ จาก การเปลีย่ นแปลง สั ดส่ วนการถือหุ้น ในบริษทั ย่อย,False,movement,
AIS,FINANCIAL_STATEMENTS_AIS.pdf,7,thousand,con,0,26,กาไรขาดทุนเบ็ดเสร็ จอื่น,3,แอดวานซ์ อินโฟร์ เซอร์ งบการเปลีย่ นแปลงส่ สาหรับงวดสามเดือนสิ้นสุ “ยังไม่ กาไรสะสม ทุนสารองตาม กฎหมาย,False,movement,
AIS,FINANCIAL_STATEMENTS_AIS.pdf,7,thousand,con,0,26,กาไรขาดทุนเบ็ดเสร็ จอื่น,4,วสิ จากัด (มหาชน) และบริษทั วนของผู้ถือหุ้น (ต่อ) งบการเงินรวม ดวันที่ 31 มีนาคม 2569 ได้ ตรวจสอบ” ยังไม่ ได้ จัดสรร,False,movement,
AIS,FINANCIAL_STATEMENTS_AIS.pdf,7,thousand,con,0,26,กาไรขาดทุนเบ็ดเสร็ จอื่น,5,ย่ อย สารองสาหรับ การจ่ ายโดย ใช้ หุ้น เป็ นเกณฑ์,False,movement,
AIS,FINANCIAL_STATEMENTS_AIS.pdf,7,thousand,con,0,26,กาไรขาดทุนเบ็ดเสร็ จอื่น,6,องค์ กาไรจาก การลดสั ดส่ วน ของเงินลงทุน,False,movement,
AIS,FINANCIAL_STATEMENTS_AIS.pdf,7,thousand,con,0,26,กาไรขาดทุนเบ็ดเสร็ จอื่น,7,ประกอบอื่นของส่ สารองรายการ ป้ องกันความเสี่,False,movement,-195690.0
AIS,FINANCIAL_STATEMENTS_AIS.pdf,7,thousand,con,0,26,กาไรขาดทุนเบ็ดเสร็ จอื่น,8,วนของผู้ถือหุ้น สารอง การเปลีย่ นแปลง ยง ในมูลค่ายุติธรรม,False,movement,-2619.0
AIS,FINANCIAL_STATEMENTS_AIS.pdf,7,thousand,con,0,26,กาไรขาดทุนเบ็ดเสร็ จอื่น,9,รวมองค์ ประกอบ อื่นของส่ วนของ ผู้ถือหุ้น,False,movement,-198309.0
AIS,FINANCIAL_STATEMENTS_AIS.pdf,7,thousand,con,0,26,กาไรขาดทุนเบ็ดเสร็ จอื่น,10,รวมส่ วนของ ผู้ถือหุ้น ของบริ ษทั,False,movement,-198309.0
AIS,FINANCIAL_STATEMENTS_AIS.pdf,7,thousand,con,0,26,กาไรขาดทุนเบ็ดเสร็ จอื่น,11,ส่ วนของ ส่ วนได้ เสี ย ที่ไม่ มีอานาจ ควบคุม,False,movement,
AIS,FINANCIAL_STATEMENTS_AIS.pdf,7,thousand,con,0,26,กาไรขาดทุนเบ็ดเสร็ จอื่น,12,หน่ วย : พันบาท รวมส่ วนของ ผู้ถือหุ้น,True,movement,-198309.0
AIS,FINANCIAL_STATEMENTS_AIS.pdf,7,thousand,con,0,27,รวมกาไรเบ็ดเสร็จสาหรับงวด,0,ทุนที่ออกและ ชาระแล้ว,False,movement,
AIS,FINANCIAL_STATEMENTS_AIS.pdf,7,thousand,con,0,27,รวมกาไรเบ็ดเสร็จสาหรับงวด,1,ส่ วนเกิน มูลค่าหุ้น,False,movement,
AIS,FINANCIAL_STATEMENTS_AIS.pdf,7,thousand,con,0,27,รวมกาไรเบ็ดเสร็จสาหรับงวด,2,บริษทั ส่ วนตา่ กว่าทุนอื่น ส่ วนตา่ จาก การเปลีย่ นแปลง สั ดส่ วนการถือหุ้น ในบริษทั ย่อย,False,movement,
AIS,FINANCIAL_STATEMENTS_AIS.pdf,7,thousand,con,0,27,รวมกาไรเบ็ดเสร็จสาหรับงวด,3,แอดวานซ์ อินโฟร์ เซอร์ งบการเปลีย่ นแปลงส่ สาหรับงวดสามเดือนสิ้นสุ “ยังไม่ กาไรสะสม ทุนสารองตาม กฎหมาย,False,movement,
AIS,FINANCIAL_STATEMENTS_AIS.pdf,7,thousand,con,0,27,รวมกาไรเบ็ดเสร็จสาหรับงวด,4,วสิ จากัด (มหาชน) และบริษทั วนของผู้ถือหุ้น (ต่อ) งบการเงินรวม ดวันที่ 31 มีนาคม 2569 ได้ ตรวจสอบ” ยังไม่ ได้ จัดสรร,False,movement,13495505.0
AIS,FINANCIAL_STATEMENTS_AIS.pdf,7,thousand,con,0,27,รวมกาไรเบ็ดเสร็จสาหรับงวด,5,ย่ อย สารองสาหรับ การจ่ ายโดย ใช้ หุ้น เป็ นเกณฑ์,False,movement,
AIS,FINANCIAL_STATEMENTS_AIS.pdf,7,thousand,con,0,27,รวมกาไรเบ็ดเสร็จสาหรับงวด,6,องค์ กาไรจาก การลดสั ดส่ วน ของเงินลงทุน,False,movement,
AIS,FINANCIAL_STATEMENTS_AIS.pdf,7,thousand,con,0,27,รวมกาไรเบ็ดเสร็จสาหรับงวด,7,ประกอบอื่นของส่ สารองรายการ ป้ องกันความเสี่,False,movement,-195690.0
AIS,FINANCIAL_STATEMENTS_AIS.pdf,7,thousand,con,0,27,รวมกาไรเบ็ดเสร็จสาหรับงวด,8,วนของผู้ถือหุ้น สารอง การเปลีย่ นแปลง ยง ในมูลค่ายุติธรรม,False,movement,-2619.0
AIS,FINANCIAL_STATEMENTS_AIS.pdf,7,thousand,con,0,27,รวมกาไรเบ็ดเสร็จสาหรับงวด,9,รวมองค์ ประกอบ อื่นของส่ วนของ ผู้ถือหุ้น,False,movement,-198309.0
AIS,FINANCIAL_STATEMENTS_AIS.pdf,7,thousand,con,0,27,รวมกาไรเบ็ดเสร็จสาหรับงวด,10,รวมส่ วนของ ผู้ถือหุ้น ของบริ ษทั,False,movement,13297196.0
AIS,FINANCIAL_STATEMENTS_AIS.pdf,7,thousand,con,0,27,รวมกาไรเบ็ดเสร็จสาหรับงวด,11,ส่ วนของ ส่ วนได้ เสี ย ที่ไม่ มีอานาจ ควบคุม,False,movement,434.0
AIS,FINANCIAL_STATEMENTS_AIS.pdf,7,thousand,con,0,27,รวมกาไรเบ็ดเสร็จสาหรับงวด,12,หน่ วย : พันบาท รวมส่ วนของ ผู้ถือหุ้น,True,movement,13297630.0
AIS,FINANCIAL_STATEMENTS_AIS.pdf,7,thousand,con,0,28,ยอดคงเหลือ ณ วันที่ 31 มีนาคม 2569,0,ทุนที่ออกและ ชาระแล้ว,False,balance,2974210.0
AIS,FINANCIAL_STATEMENTS_AIS.pdf,7,thousand,con,0,28,ยอดคงเหลือ ณ วันที่ 31 มีนาคม 2569,1,ส่ วนเกิน มูลค่าหุ้น,False,balance,22551567.0
AIS,FINANCIAL_STATEMENTS_AIS.pdf,7,thousand,con,0,28,ยอดคงเหลือ ณ วันที่ 31 มีนาคม 2569,2,บริษทั ส่ วนตา่ กว่าทุนอื่น ส่ วนตา่ จาก การเปลีย่ นแปลง สั ดส่ วนการถือหุ้น ในบริษทั ย่อย,False,balance,-669657.0
AIS,FINANCIAL_STATEMENTS_AIS.pdf,7,thousand,con,0,28,ยอดคงเหลือ ณ วันที่ 31 มีนาคม 2569,3,แอดวานซ์ อินโฟร์ เซอร์ งบการเปลีย่ นแปลงส่ สาหรับงวดสามเดือนสิ้นสุ “ยังไม่ กาไรสะสม ทุนสารองตาม กฎหมาย,False,balance,500000.0
AIS,FINANCIAL_STATEMENTS_AIS.pdf,7,thousand,con,0,28,ยอดคงเหลือ ณ วันที่ 31 มีนาคม 2569,4,วสิ จากัด (มหาชน) และบริษทั วนของผู้ถือหุ้น (ต่อ) งบการเงินรวม ดวันที่ 31 มีนาคม 2569 ได้ ตรวจสอบ” ยังไม่ ได้ จัดสรร,False,balance,95178242.0
AIS,FINANCIAL_STATEMENTS_AIS.pdf,7,thousand,con,0,28,ยอดคงเหลือ ณ วันที่ 31 มีนาคม 2569,5,ย่ อย สารองสาหรับ การจ่ ายโดย ใช้ หุ้น เป็ นเกณฑ์,False,balance,50944.0
AIS,FINANCIAL_STATEMENTS_AIS.pdf,7,thousand,con,0,28,ยอดคงเหลือ ณ วันที่ 31 มีนาคม 2569,6,องค์ กาไรจาก การลดสั ดส่ วน ของเงินลงทุน,False,balance,161187.0
AIS,FINANCIAL_STATEMENTS_AIS.pdf,7,thousand,con,0,28,ยอดคงเหลือ ณ วันที่ 31 มีนาคม 2569,7,ประกอบอื่นของส่ สารองรายการ ป้ องกันความเสี่,False,balance,-236931.0
AIS,FINANCIAL_STATEMENTS_AIS.pdf,7,thousand,con,0,28,ยอดคงเหลือ ณ วันที่ 31 มีนาคม 2569,8,วนของผู้ถือหุ้น สารอง การเปลีย่ นแปลง ยง ในมูลค่ายุติธรรม,False,balance,-36841.0
AIS,FINANCIAL_STATEMENTS_AIS.pdf,7,thousand,con,0,28,ยอดคงเหลือ ณ วันที่ 31 มีนาคม 2569,9,รวมองค์ ประกอบ อื่นของส่ วนของ ผู้ถือหุ้น,False,balance,-61641.0
AIS,FINANCIAL_STATEMENTS_AIS.pdf,7,thousand,con,0,28,ยอดคงเหลือ ณ วันที่ 31 มีนาคม 2569,10,รวมส่ วนของ ผู้ถือหุ้น ของบริ ษทั,False,balance,120472721.0
AIS,FINANCIAL_STATEMENTS_AIS.pdf,7,thousand,con,0,28,ยอดคงเหลือ ณ วันที่ 31 มีนาคม 2569,11,ส่ วนของ ส่ วนได้ เสี ย ที่ไม่ มีอานาจ ควบคุม,False,balance,105219.0
AIS,FINANCIAL_STATEMENTS_AIS.pdf,7,thousand,con,0,28,ยอดคงเหลือ ณ วันที่ 31 มีนาคม 2569,12,หน่ วย : พันบาท รวมส่ วนของ ผู้ถือหุ้น,True,balance,120577940.0
AIS,FINANCIAL_STATEMENTS_AIS.pdf,7,thousand,con,0,29,,0,ทุนที่ออกและ ชาระแล้ว,False,movement,
AIS,FINANCIAL_STATEMENTS_AIS.pdf,7,thousand,con,0,29,,1,ส่ วนเกิน มูลค่าหุ้น,False,movement,
AIS,FINANCIAL_STATEMENTS_AIS.pdf,7,thousand,con,0,29,,2,บริษทั ส่ วนตา่ กว่าทุนอื่น ส่ วนตา่ จาก การเปลีย่ นแปลง สั ดส่ วนการถือหุ้น ในบริษทั ย่อย,False,movement,
AIS,FINANCIAL_STATEMENTS_AIS.pdf,7,thousand,con,0,29,,3,แอดวานซ์ อินโฟร์ เซอร์ งบการเปลีย่ นแปลงส่ สาหรับงวดสามเดือนสิ้นสุ “ยังไม่ กาไรสะสม ทุนสารองตาม กฎหมาย,False,movement,
AIS,FINANCIAL_STATEMENTS_AIS.pdf,7,thousand,con,0,29,,4,วสิ จากัด (มหาชน) และบริษทั วนของผู้ถือหุ้น (ต่อ) งบการเงินรวม ดวันที่ 31 มีนาคม 2569 ได้ ตรวจสอบ” ยังไม่ ได้ จัดสรร,False,movement,
AIS,FINANCIAL_STATEMENTS_AIS.pdf,7,thousand,con,0,29,,5,ย่ อย สารองสาหรับ การจ่ ายโดย ใช้ หุ้น เป็ นเกณฑ์,False,movement,
AIS,FINANCIAL_STATEMENTS_AIS.pdf,7,thousand,con,0,29,,6,องค์ กาไรจาก การลดสั ดส่ วน ของเงินลงทุน,False,movement,
AIS,FINANCIAL_STATEMENTS_AIS.pdf,7,thousand,con,0,29,,7,ประกอบอื่นของส่ สารองรายการ ป้ องกันความเสี่,False,movement,
AIS,FINANCIAL_STATEMENTS_AIS.pdf,7,thousand,con,0,29,,8,วนของผู้ถือหุ้น สารอง การเปลีย่ นแปลง ยง ในมูลค่ายุติธรรม,False,movement,
AIS,FINANCIAL_STATEMENTS_AIS.pdf,7,thousand,con,0,29,,9,รวมองค์ ประกอบ อื่นของส่ วนของ ผู้ถือหุ้น,False,movement,
AIS,FINANCIAL_STATEMENTS_AIS.pdf,7,thousand,con,0,29,,10,รวมส่ วนของ ผู้ถือหุ้น ของบริ ษทั,False,movement,
AIS,FINANCIAL_STATEMENTS_AIS.pdf,7,thousand,con,0,29,,11,ส่ วนของ ส่ วนได้ เสี ย ที่ไม่ มีอานาจ ควบคุม,False,movement,
AIS,FINANCIAL_STATEMENTS_AIS.pdf,7,thousand,con,0,29,,12,หน่ วย : พันบาท รวมส่ วนของ ผู้ถือหุ้น,True,movement,
AIS,FINANCIAL_STATEMENTS_AIS.pdf,8,thousand,sep,0,14,ยอดคงเหลือ ณ วันที่ 1 มกราคม 2568,0,อกและ ชาระแล้ว,False,balance,2974210.0
AIS,FINANCIAL_STATEMENTS_AIS.pdf,8,thousand,sep,0,14,ยอดคงเหลือ ณ วันที่ 1 มกราคม 2568,1,บริษทั ส่ วนเกิน มูลค่ าหุ้น,False,balance,22551567.0
AIS,FINANCIAL_STATEMENTS_AIS.pdf,8,thousand,sep,0,14,ยอดคงเหลือ ณ วันที่ 1 มกราคม 2568,2,แอดวานซ์ อินโฟร์ งบการเปลี่ยนแปลงส่ สาหรับงวดสามเดือนสิ้นสุ “ยังไม่ กาไรสะสม ทุนสารองตาม กฎหมาย,False,balance,500000.0
AIS,FINANCIAL_STATEMENTS_AIS.pdf,8,thousand,sep,0,14,ยอดคงเหลือ ณ วันที่ 1 มกราคม 2568,3,เซอร์ วิส จากัด (มหาชน) วนของผู้ถือหุ้น งบการเงินเฉพาะกิจการ ดวันที่ 31 ได้ตรวจสอบ” ยังไม่ ได้ จัดสรร,False,balance,71696872.0
AIS,FINANCIAL_STATEMENTS_AIS.pdf,8,thousand,sep,0,14,ยอดคงเหลือ ณ วันที่ 1 มกราคม 2568,4,และบริษทั ย่ อย มีนาคม 2569 สารองสาหรับ การจ่ ายโดย ใช้ ห้นุ เป็ นเกณฑ์,False,balance,50944.0
AIS,FINANCIAL_STATEMENTS_AIS.pdf,8,thousand,sep,0,14,ยอดคงเหลือ ณ วันที่ 1 มกราคม 2568,5,องค์ กาไรจาก การลดสั ดส่ วน ของเงินลงทุน,False,balance,161187.0
AIS,FINANCIAL_STATEMENTS_AIS.pdf,8,thousand,sep,0,14,ยอดคงเหลือ ณ วันที่ 1 มกราคม 2568,6,ประกอบอื่นของส่ สารอง การเปลี่ยนแปลง ในมูลค่ ายุติธรรม,False,balance,12908.0
AIS,FINANCIAL_STATEMENTS_AIS.pdf,8,thousand,sep,0,14,ยอดคงเหลือ ณ วันที่ 1 มกราคม 2568,7,วนของผู้ถือหุ้น ส่ วนแบ่ งกาไร (ขาดทุน) เบ็ดเสร็จอื่น ในบริษทั ย่อย ทีใ่ ช้ วธิ ีส่วนได้ เสี ย,False,balance,-55608.0
AIS,FINANCIAL_STATEMENTS_AIS.pdf,8,thousand,sep,0,14,ยอดคงเหลือ ณ วันที่ 1 มกราคม 2568,8,รวมองค์ ประกอบ อื่นของส่ วนของ ผู้ถือหุ้น,False,balance,169431.0
AIS,FINANCIAL_STATEMENTS_AIS.pdf,8,thousand,sep,0,14,ยอดคงเหลือ ณ วันที่ 1 มกราคม 2568,9,หน่ วย : พันบาท รวมส่ วนของ ผู้ถือหุ้น,True,balance,97892080.0
AIS,FINANCIAL_STATEMENTS_AIS.pdf,8,thousand,sep,0,16,"เงินปันผลจ่าย 12, 13",0,อกและ ชาระแล้ว,False,movement,
AIS,FINANCIAL_STATEMENTS_AIS.pdf,8,thousand,sep,0,16,"เงินปันผลจ่าย 12, 13",1,บริษทั ส่ วนเกิน มูลค่ าหุ้น,False,movement,
AIS,FINANCIAL_STATEMENTS_AIS.pdf,8,thousand,sep,0,16,"เงินปันผลจ่าย 12, 13",2,แอดวานซ์ อินโฟร์ งบการเปลี่ยนแปลงส่ สาหรับงวดสามเดือนสิ้นสุ “ยังไม่ กาไรสะสม ทุนสารองตาม กฎหมาย,False,movement,
AIS,FINANCIAL_STATEMENTS_AIS.pdf,8,thousand,sep,0,16,"เงินปันผลจ่าย 12, 13",3,เซอร์ วิส จากัด (มหาชน) วนของผู้ถือหุ้น งบการเงินเฉพาะกิจการ ดวันที่ 31 ได้ตรวจสอบ” ยังไม่ ได้ จัดสรร,False,movement,-17070673.0
AIS,FINANCIAL_STATEMENTS_AIS.pdf,8,thousand,sep,0,16,"เงินปันผลจ่าย 12, 13",4,และบริษทั ย่ อย มีนาคม 2569 สารองสาหรับ การจ่ ายโดย ใช้ ห้นุ เป็ นเกณฑ์,False,movement,
AIS,FINANCIAL_STATEMENTS_AIS.pdf,8,thousand,sep,0,16,"เงินปันผลจ่าย 12, 13",5,องค์ กาไรจาก การลดสั ดส่ วน ของเงินลงทุน,False,movement,
AIS,FINANCIAL_STATEMENTS_AIS.pdf,8,thousand,sep,0,16,"เงินปันผลจ่าย 12, 13",6,ประกอบอื่นของส่ สารอง การเปลี่ยนแปลง ในมูลค่ ายุติธรรม,False,movement,
AIS,FINANCIAL_STATEMENTS_AIS.pdf,8,thousand,sep,0,16,"เงินปันผลจ่าย 12, 13",7,วนของผู้ถือหุ้น ส่ วนแบ่ งกาไร (ขาดทุน) เบ็ดเสร็จอื่น ในบริษทั ย่อย ทีใ่ ช้ วธิ ีส่วนได้ เสี ย,False,movement,
AIS,FINANCIAL_STATEMENTS_AIS.pdf,8,thousand,sep,0,16,"เงินปันผลจ่าย 12, 13",8,รวมองค์ ประกอบ อื่นของส่ วนของ ผู้ถือหุ้น,False,movement,
AIS,FINANCIAL_STATEMENTS_AIS.pdf,8,thousand,sep,0,16,"เงินปันผลจ่าย 12, 13",9,หน่ วย : พันบาท รวมส่ วนของ ผู้ถือหุ้น,True,movement,-17070673.0
AIS,FINANCIAL_STATEMENTS_AIS.pdf,8,thousand,sep,0,17,รวมรายการกับผู้ถือหุ้นทีบ่ ันทึกโดยตรงเข้ าส่ วนของผู้ถือหุ้น,0,อกและ ชาระแล้ว,False,movement,
AIS,FINANCIAL_STATEMENTS_AIS.pdf,8,thousand,sep,0,17,รวมรายการกับผู้ถือหุ้นทีบ่ ันทึกโดยตรงเข้ าส่ วนของผู้ถือหุ้น,1,บริษทั ส่ วนเกิน มูลค่ าหุ้น,False,movement,
AIS,FINANCIAL_STATEMENTS_AIS.pdf,8,thousand,sep,0,17,รวมรายการกับผู้ถือหุ้นทีบ่ ันทึกโดยตรงเข้ าส่ วนของผู้ถือหุ้น,2,แอดวานซ์ อินโฟร์ งบการเปลี่ยนแปลงส่ สาหรับงวดสามเดือนสิ้นสุ “ยังไม่ กาไรสะสม ทุนสารองตาม กฎหมาย,False,movement,
AIS,FINANCIAL_STATEMENTS_AIS.pdf,8,thousand,sep,0,17,รวมรายการกับผู้ถือหุ้นทีบ่ ันทึกโดยตรงเข้ าส่ วนของผู้ถือหุ้น,3,เซอร์ วิส จากัด (มหาชน) วนของผู้ถือหุ้น งบการเงินเฉพาะกิจการ ดวันที่ 31 ได้ตรวจสอบ” ยังไม่ ได้ จัดสรร,False,movement,-17070673.0
AIS,FINANCIAL_STATEMENTS_AIS.pdf,8,thousand,sep,0,17,รวมรายการกับผู้ถือหุ้นทีบ่ ันทึกโดยตรงเข้ าส่ วนของผู้ถือหุ้น,4,และบริษทั ย่ อย มีนาคม 2569 สารองสาหรับ การจ่ ายโดย ใช้ ห้นุ เป็ นเกณฑ์,False,movement,
AIS,FINANCIAL_STATEMENTS_AIS.pdf,8,thousand,sep,0,17,รวมรายการกับผู้ถือหุ้นทีบ่ ันทึกโดยตรงเข้ าส่ วนของผู้ถือหุ้น,5,องค์ กาไรจาก การลดสั ดส่ วน ของเงินลงทุน,False,movement,
AIS,FINANCIAL_STATEMENTS_AIS.pdf,8,thousand,sep,0,17,รวมรายการกับผู้ถือหุ้นทีบ่ ันทึกโดยตรงเข้ าส่ วนของผู้ถือหุ้น,6,ประกอบอื่นของส่ สารอง การเปลี่ยนแปลง ในมูลค่ ายุติธรรม,False,movement,
AIS,FINANCIAL_STATEMENTS_AIS.pdf,8,thousand,sep,0,17,รวมรายการกับผู้ถือหุ้นทีบ่ ันทึกโดยตรงเข้ าส่ วนของผู้ถือหุ้น,7,วนของผู้ถือหุ้น ส่ วนแบ่ งกาไร (ขาดทุน) เบ็ดเสร็จอื่น ในบริษทั ย่อย ทีใ่ ช้ วธิ ีส่วนได้ เสี ย,False,movement,
AIS,FINANCIAL_STATEMENTS_AIS.pdf,8,thousand,sep,0,17,รวมรายการกับผู้ถือหุ้นทีบ่ ันทึกโดยตรงเข้ าส่ วนของผู้ถือหุ้น,8,รวมองค์ ประกอบ อื่นของส่ วนของ ผู้ถือหุ้น,False,movement,
AIS,FINANCIAL_STATEMENTS_AIS.pdf,8,thousand,sep,0,17,รวมรายการกับผู้ถือหุ้นทีบ่ ันทึกโดยตรงเข้ าส่ วนของผู้ถือหุ้น,9,หน่ วย : พันบาท รวมส่ วนของ ผู้ถือหุ้น,True,movement,-17070673.0
AIS,FINANCIAL_STATEMENTS_AIS.pdf,8,thousand,sep,0,20,กาไรสาหรับงวด,0,อกและ ชาระแล้ว,False,movement,
AIS,FINANCIAL_STATEMENTS_AIS.pdf,8,thousand,sep,0,20,กาไรสาหรับงวด,1,บริษทั ส่ วนเกิน มูลค่ าหุ้น,False,movement,
AIS,FINANCIAL_STATEMENTS_AIS.pdf,8,thousand,sep,0,20,กาไรสาหรับงวด,2,แอดวานซ์ อินโฟร์ งบการเปลี่ยนแปลงส่ สาหรับงวดสามเดือนสิ้นสุ “ยังไม่ กาไรสะสม ทุนสารองตาม กฎหมาย,False,movement,
AIS,FINANCIAL_STATEMENTS_AIS.pdf,8,thousand,sep,0,20,กาไรสาหรับงวด,3,เซอร์ วิส จากัด (มหาชน) วนของผู้ถือหุ้น งบการเงินเฉพาะกิจการ ดวันที่ 31 ได้ตรวจสอบ” ยังไม่ ได้ จัดสรร,False,movement,10583526.0
AIS,FINANCIAL_STATEMENTS_AIS.pdf,8,thousand,sep,0,20,กาไรสาหรับงวด,4,และบริษทั ย่ อย มีนาคม 2569 สารองสาหรับ การจ่ ายโดย ใช้ ห้นุ เป็ นเกณฑ์,False,movement,
AIS,FINANCIAL_STATEMENTS_AIS.pdf,8,thousand,sep,0,20,กาไรสาหรับงวด,5,องค์ กาไรจาก การลดสั ดส่ วน ของเงินลงทุน,False,movement,
AIS,FINANCIAL_STATEMENTS_AIS.pdf,8,thousand,sep,0,20,กาไรสาหรับงวด,6,ประกอบอื่นของส่ สารอง การเปลี่ยนแปลง ในมูลค่ ายุติธรรม,False,movement,
AIS,FINANCIAL_STATEMENTS_AIS.pdf,8,thousand,sep,0,20,กาไรสาหรับงวด,7,วนของผู้ถือหุ้น ส่ วนแบ่ งกาไร (ขาดทุน) เบ็ดเสร็จอื่น ในบริษทั ย่อย ทีใ่ ช้ วธิ ีส่วนได้ เสี ย,False,movement,
AIS,FINANCIAL_STATEMENTS_AIS.pdf,8,thousand,sep,0,20,กาไรสาหรับงวด,8,รวมองค์ ประกอบ อื่นของส่ วนของ ผู้ถือหุ้น,False,movement,
AIS,FINANCIAL_STATEMENTS_AIS.pdf,8,thousand,sep,0,20,กาไรสาหรับงวด,9,หน่ วย : พันบาท รวมส่ วนของ ผู้ถือหุ้น,True,movement,10583526.0
AIS,FINANCIAL_STATEMENTS_AIS.pdf,8,thousand,sep,0,21,กาไรขาดทุนเบ็ดเสร็ จอื่น,0,อกและ ชาระแล้ว,False,movement,
AIS,FINANCIAL_STATEMENTS_AIS.pdf,8,thousand,sep,0,21,กาไรขาดทุนเบ็ดเสร็ จอื่น,1,บริษทั ส่ วนเกิน มูลค่ าหุ้น,False,movement,
AIS,FINANCIAL_STATEMENTS_AIS.pdf,8,thousand,sep,0,21,กาไรขาดทุนเบ็ดเสร็ จอื่น,2,แอดวานซ์ อินโฟร์ งบการเปลี่ยนแปลงส่ สาหรับงวดสามเดือนสิ้นสุ “ยังไม่ กาไรสะสม ทุนสารองตาม กฎหมาย,False,movement,
AIS,FINANCIAL_STATEMENTS_AIS.pdf,8,thousand,sep,0,21,กาไรขาดทุนเบ็ดเสร็ จอื่น,3,เซอร์ วิส จากัด (มหาชน) วนของผู้ถือหุ้น งบการเงินเฉพาะกิจการ ดวันที่ 31 ได้ตรวจสอบ” ยังไม่ ได้ จัดสรร,False,movement,
AIS,FINANCIAL_STATEMENTS_AIS.pdf,8,thousand,sep,0,21,กาไรขาดทุนเบ็ดเสร็ จอื่น,4,และบริษทั ย่ อย มีนาคม 2569 สารองสาหรับ การจ่ ายโดย ใช้ ห้นุ เป็ นเกณฑ์,False,movement,
AIS,FINANCIAL_STATEMENTS_AIS.pdf,8,thousand,sep,0,21,กาไรขาดทุนเบ็ดเสร็ จอื่น,5,องค์ กาไรจาก การลดสั ดส่ วน ของเงินลงทุน,False,movement,
AIS,FINANCIAL_STATEMENTS_AIS.pdf,8,thousand,sep,0,21,กาไรขาดทุนเบ็ดเสร็ จอื่น,6,ประกอบอื่นของส่ สารอง การเปลี่ยนแปลง ในมูลค่ ายุติธรรม,False,movement,
AIS,FINANCIAL_STATEMENTS_AIS.pdf,8,thousand,sep,0,21,กาไรขาดทุนเบ็ดเสร็ จอื่น,7,วนของผู้ถือหุ้น ส่ วนแบ่ งกาไร (ขาดทุน) เบ็ดเสร็จอื่น ในบริษทั ย่อย ทีใ่ ช้ วธิ ีส่วนได้ เสี ย,False,movement,-26603.0
AIS,FINANCIAL_STATEMENTS_AIS.pdf,8,thousand,sep,0,21,กาไรขาดทุนเบ็ดเสร็ จอื่น,8,รวมองค์ ประกอบ อื่นของส่ วนของ ผู้ถือหุ้น,False,movement,-26603.0
AIS,FINANCIAL_STATEMENTS_AIS.pdf,8,thousand,sep,0,21,กาไรขาดทุนเบ็ดเสร็ จอื่น,9,หน่ วย : พันบาท รวมส่ วนของ ผู้ถือหุ้น,True,movement,-26603.0
AIS,FINANCIAL_STATEMENTS_AIS.pdf,8,thousand,sep,0,22,รวมกาไรขาดทุนเบ็ดเสร็จสาหรับงวด,0,อกและ ชาระแล้ว,False,movement,
AIS,FINANCIAL_STATEMENTS_AIS.pdf,8,thousand,sep,0,22,รวมกาไรขาดทุนเบ็ดเสร็จสาหรับงวด,1,บริษทั ส่ วนเกิน มูลค่ าหุ้น,False,movement,
AIS,FINANCIAL_STATEMENTS_AIS.pdf,8,thousand,sep,0,22,รวมกาไรขาดทุนเบ็ดเสร็จสาหรับงวด,2,แอดวานซ์ อินโฟร์ งบการเปลี่ยนแปลงส่ สาหรับงวดสามเดือนสิ้นสุ “ยังไม่ กาไรสะสม ทุนสารองตาม กฎหมาย,False,movement,
AIS,FINANCIAL_STATEMENTS_AIS.pdf,8,thousand,sep,0,22,รวมกาไรขาดทุนเบ็ดเสร็จสาหรับงวด,3,เซอร์ วิส จากัด (มหาชน) วนของผู้ถือหุ้น งบการเงินเฉพาะกิจการ ดวันที่ 31 ได้ตรวจสอบ” ยังไม่ ได้ จัดสรร,False,movement,10583526.0
AIS,FINANCIAL_STATEMENTS_AIS.pdf,8,thousand,sep,0,22,รวมกาไรขาดทุนเบ็ดเสร็จสาหรับงวด,4,และบริษทั ย่ อย มีนาคม 2569 สารองสาหรับ การจ่ ายโดย ใช้ ห้นุ เป็ นเกณฑ์,False,movement,
AIS,FINANCIAL_STATEMENTS_AIS.pdf,8,thousand,sep,0,22,รวมกาไรขาดทุนเบ็ดเสร็จสาหรับงวด,5,องค์ กาไรจาก การลดสั ดส่ วน ของเงินลงทุน,False,movement,
AIS,FINANCIAL_STATEMENTS_AIS.pdf,8,thousand,sep,0,22,รวมกาไรขาดทุนเบ็ดเสร็จสาหรับงวด,6,ประกอบอื่นของส่ สารอง การเปลี่ยนแปลง ในมูลค่ ายุติธรรม,False,movement,
AIS,FINANCIAL_STATEMENTS_AIS.pdf,8,thousand,sep,0,22,รวมกาไรขาดทุนเบ็ดเสร็จสาหรับงวด,7,วนของผู้ถือหุ้น ส่ วนแบ่ งกาไร (ขาดทุน) เบ็ดเสร็จอื่น ในบริษทั ย่อย ทีใ่ ช้ วธิ ีส่วนได้ เสี ย,False,movement,-26603.0
AIS,FINANCIAL_STATEMENTS_AIS.pdf,8,thousand,sep,0,22,รวมกาไรขาดทุนเบ็ดเสร็จสาหรับงวด,8,รวมองค์ ประกอบ อื่นของส่ วนของ ผู้ถือหุ้น,False,movement,-26603.0
AIS,FINANCIAL_STATEMENTS_AIS.pdf,8,thousand,sep,0,22,รวมกาไรขาดทุนเบ็ดเสร็จสาหรับงวด,9,หน่ วย : พันบาท รวมส่ วนของ ผู้ถือหุ้น,True,movement,10556923.0
AIS,FINANCIAL_STATEMENTS_AIS.pdf,8,thousand,sep,0,23,ยอดคงเหลือ ณ วันที่ 31 มีนาคม 2568,0,อกและ ชาระแล้ว,False,balance,2974210.0
AIS,FINANCIAL_STATEMENTS_AIS.pdf,8,thousand,sep,0,23,ยอดคงเหลือ ณ วันที่ 31 มีนาคม 2568,1,บริษทั ส่ วนเกิน มูลค่ าหุ้น,False,balance,22551567.0
AIS,FINANCIAL_STATEMENTS_AIS.pdf,8,thousand,sep,0,23,ยอดคงเหลือ ณ วันที่ 31 มีนาคม 2568,2,แอดวานซ์ อินโฟร์ งบการเปลี่ยนแปลงส่ สาหรับงวดสามเดือนสิ้นสุ “ยังไม่ กาไรสะสม ทุนสารองตาม กฎหมาย,False,balance,500000.0
AIS,FINANCIAL_STATEMENTS_AIS.pdf,8,thousand,sep,0,23,ยอดคงเหลือ ณ วันที่ 31 มีนาคม 2568,3,เซอร์ วิส จากัด (มหาชน) วนของผู้ถือหุ้น งบการเงินเฉพาะกิจการ ดวันที่ 31 ได้ตรวจสอบ” ยังไม่ ได้ จัดสรร,False,balance,65209725.0
AIS,FINANCIAL_STATEMENTS_AIS.pdf,8,thousand,sep,0,23,ยอดคงเหลือ ณ วันที่ 31 มีนาคม 2568,4,และบริษทั ย่ อย มีนาคม 2569 สารองสาหรับ การจ่ ายโดย ใช้ ห้นุ เป็ นเกณฑ์,False,balance,50944.0
AIS,FINANCIAL_STATEMENTS_AIS.pdf,8,thousand,sep,0,23,ยอดคงเหลือ ณ วันที่ 31 มีนาคม 2568,5,องค์ กาไรจาก การลดสั ดส่ วน ของเงินลงทุน,False,balance,161187.0
AIS,FINANCIAL_STATEMENTS_AIS.pdf,8,thousand,sep,0,23,ยอดคงเหลือ ณ วันที่ 31 มีนาคม 2568,6,ประกอบอื่นของส่ สารอง การเปลี่ยนแปลง ในมูลค่ ายุติธรรม,False,balance,12908.0
AIS,FINANCIAL_STATEMENTS_AIS.pdf,8,thousand,sep,0,23,ยอดคงเหลือ ณ วันที่ 31 มีนาคม 2568,7,วนของผู้ถือหุ้น ส่ วนแบ่ งกาไร (ขาดทุน) เบ็ดเสร็จอื่น ในบริษทั ย่อย ทีใ่ ช้ วธิ ีส่วนได้ เสี ย,False,balance,-82211.0
AIS,FINANCIAL_STATEMENTS_AIS.pdf,8,thousand,sep,0,23,ยอดคงเหลือ ณ วันที่ 31 มีนาคม 2568,8,รวมองค์ ประกอบ อื่นของส่ วนของ ผู้ถือหุ้น,False,balance,142828.0
AIS,FINANCIAL_STATEMENTS_AIS.pdf,8,thousand,sep,0,23,ยอดคงเหลือ ณ วันที่ 31 มีนาคม 2568,9,หน่ วย : พันบาท รวมส่ วนของ ผู้ถือหุ้น,True,balance,91378330.0
AIS,FINANCIAL_STATEMENTS_AIS.pdf,8,thousand,sep,0,24,,0,อกและ ชาระแล้ว,False,movement,
AIS,FINANCIAL_STATEMENTS_AIS.pdf,8,thousand,sep,0,24,,1,บริษทั ส่ วนเกิน มูลค่ าหุ้น,False,movement,
AIS,FINANCIAL_STATEMENTS_AIS.pdf,8,thousand,sep,0,24,,2,แอดวานซ์ อินโฟร์ งบการเปลี่ยนแปลงส่ สาหรับงวดสามเดือนสิ้นสุ “ยังไม่ กาไรสะสม ทุนสารองตาม กฎหมาย,False,movement,
AIS,FINANCIAL_STATEMENTS_AIS.pdf,8,thousand,sep,0,24,,3,เซอร์ วิส จากัด (มหาชน) วนของผู้ถือหุ้น งบการเงินเฉพาะกิจการ ดวันที่ 31 ได้ตรวจสอบ” ยังไม่ ได้ จัดสรร,False,movement,29968517.0
AIS,FINANCIAL_STATEMENTS_AIS.pdf,8,thousand,sep,0,24,,4,และบริษทั ย่ อย มีนาคม 2569 สารองสาหรับ การจ่ ายโดย ใช้ ห้นุ เป็ นเกณฑ์,False,movement,
AIS,FINANCIAL_STATEMENTS_AIS.pdf,8,thousand,sep,0,24,,5,องค์ กาไรจาก การลดสั ดส่ วน ของเงินลงทุน,False,movement,
AIS,FINANCIAL_STATEMENTS_AIS.pdf,8,thousand,sep,0,24,,6,ประกอบอื่นของส่ สารอง การเปลี่ยนแปลง ในมูลค่ ายุติธรรม,False,movement,
AIS,FINANCIAL_STATEMENTS_AIS.pdf,8,thousand,sep,0,24,,7,วนของผู้ถือหุ้น ส่ วนแบ่ งกาไร (ขาดทุน) เบ็ดเสร็จอื่น ในบริษทั ย่อย ทีใ่ ช้ วธิ ีส่วนได้ เสี ย,False,movement,
AIS,FINANCIAL_STATEMENTS_AIS.pdf,8,thousand,sep,0,24,,8,รวมองค์ ประกอบ อื่นของส่ วนของ ผู้ถือหุ้น,False,movement,204469.0
AIS,FINANCIAL_STATEMENTS_AIS.pdf,8,thousand,sep,0,24,,9,หน่ วย : พันบาท รวมส่ วนของ ผู้ถือหุ้น,True,movement,-29764048.0
AIS,FINANCIAL_STATEMENTS_AIS.pdf,9,thousand,sep,0,14,ยอดคงเหลือ ณ วันที่ 1 มกราคม 2569,0,ทุนที่ออกและ ชาระแล้ ว,False,balance,2974210.0
AIS,FINANCIAL_STATEMENTS_AIS.pdf,9,thousand,sep,0,14,ยอดคงเหลือ ณ วันที่ 1 มกราคม 2569,1,ส่ วนเกิน มูลค่ าหุ้น,False,balance,22551567.0
AIS,FINANCIAL_STATEMENTS_AIS.pdf,9,thousand,sep,0,14,ยอดคงเหลือ ณ วันที่ 1 มกราคม 2569,2,บริษทั แอดวานซ์ กาไรสะสม ทุนสารองตาม กฎหมาย,False,balance,500000.0
AIS,FINANCIAL_STATEMENTS_AIS.pdf,9,thousand,sep,0,14,ยอดคงเหลือ ณ วันที่ 1 มกราคม 2569,3,อินโฟร์ เซอร์ วสิ จากัด งบการเปลีย่ นแปลงส่ วนของผู้ถือหุ้น งบการเงินเฉพาะกิจการ สาหรับงวดสามเดือนสิ้นสุ ดวันที่ “ยังไม่ ได้ ตรวจสอบ” ยังไม่ ได้ จัดสรร,False,balance,81682737.0
AIS,FINANCIAL_STATEMENTS_AIS.pdf,9,thousand,sep,0,14,ยอดคงเหลือ ณ วันที่ 1 มกราคม 2569,4,(มหาชน) และบริษทั ย่อย (ต่อ) 31 มีนาคม 2569 สารองสาหรับ การจ่ ายโดย ใช้ ห้ ุนเป็ นเกณฑ์,False,balance,50944.0
AIS,FINANCIAL_STATEMENTS_AIS.pdf,9,thousand,sep,0,14,ยอดคงเหลือ ณ วันที่ 1 มกราคม 2569,5,กาไรจาก การลดสั ดส่ วน ของเงินลงทุน,False,balance,161187.0
AIS,FINANCIAL_STATEMENTS_AIS.pdf,9,thousand,sep,0,14,ยอดคงเหลือ ณ วันที่ 1 มกราคม 2569,6,องค์ ประกอบอื่นของส่ สารองรายการ ป้ องกันความเสี่ ยง,False,balance,
AIS,FINANCIAL_STATEMENTS_AIS.pdf,9,thousand,sep,0,14,ยอดคงเหลือ ณ วันที่ 1 มกราคม 2569,7,วนของผู้ถือหุ้น สารอง การเปลีย่ นแปลง ในมูลค่ายุติธรรม,False,balance,11938.0
AIS,FINANCIAL_STATEMENTS_AIS.pdf,9,thousand,sep,0,14,ยอดคงเหลือ ณ วันที่ 1 มกราคม 2569,8,ส่ วนแบ่ งกาไร (ขาดทุน) เบ็ดเสร็จอื่น ในบริษทั ย่อย ที่ใช้ วธิ ีส่วนได้ เสี ย,False,balance,-87401.0
AIS,FINANCIAL_STATEMENTS_AIS.pdf,9,thousand,sep,0,14,ยอดคงเหลือ ณ วันที่ 1 มกราคม 2569,9,รวมองค์ ประกอบ อื่นของส่ วนของ ผู้ถือหุ้น,False,balance,136668.0
AIS,FINANCIAL_STATEMENTS_AIS.pdf,9,thousand,sep,0,14,ยอดคงเหลือ ณ วันที่ 1 มกราคม 2569,10,หน่ วย : พันบาท รวมส่ วนของ ผู้ถือหุ้น,True,balance,107845182.0
AIS,FINANCIAL_STATEMENTS_AIS.pdf,9,thousand,sep,0,16,"เงินปันผลจ่าย 12, 13",0,ทุนที่ออกและ ชาระแล้ ว,False,movement,
AIS,FINANCIAL_STATEMENTS_AIS.pdf,9,thousand,sep,0,16,"เงินปันผลจ่าย 12, 13",1,ส่ วนเกิน มูลค่ าหุ้น,False,movement,
AIS,FINANCIAL_STATEMENTS_AIS.pdf,9,thousand,sep,0,16,"เงินปันผลจ่าย 12, 13",2,บริษทั แอดวานซ์ กาไรสะสม ทุนสารองตาม กฎหมาย,False,movement,
AIS,FINANCIAL_STATEMENTS_AIS.pdf,9,thousand,sep,0,16,"เงินปันผลจ่าย 12, 13",3,อินโฟร์ เซอร์ วสิ จากัด งบการเปลีย่ นแปลงส่ วนของผู้ถือหุ้น งบการเงินเฉพาะกิจการ สาหรับงวดสามเดือนสิ้นสุ ดวันที่ “ยังไม่ ได้ ตรวจสอบ” ยังไม่ ได้ จัดสรร,False,movement,
AIS,FINANCIAL_STATEMENTS_AIS.pdf,9,thousand,sep,0,16,"เงินปันผลจ่าย 12, 13",4,(มหาชน) และบริษทั ย่อย (ต่อ) 31 มีนาคม 2569 สารองสาหรับ การจ่ ายโดย ใช้ ห้ ุนเป็ นเกณฑ์,False,movement,
AIS,FINANCIAL_STATEMENTS_AIS.pdf,9,thousand,sep,0,16,"เงินปันผลจ่าย 12, 13",5,กาไรจาก การลดสั ดส่ วน ของเงินลงทุน,False,movement,
AIS,FINANCIAL_STATEMENTS_AIS.pdf,9,thousand,sep,0,16,"เงินปันผลจ่าย 12, 13",6,องค์ ประกอบอื่นของส่ สารองรายการ ป้ องกันความเสี่ ยง,False,movement,
AIS,FINANCIAL_STATEMENTS_AIS.pdf,9,thousand,sep,0,16,"เงินปันผลจ่าย 12, 13",7,วนของผู้ถือหุ้น สารอง การเปลีย่ นแปลง ในมูลค่ายุติธรรม,False,movement,
AIS,FINANCIAL_STATEMENTS_AIS.pdf,9,thousand,sep,0,16,"เงินปันผลจ่าย 12, 13",8,ส่ วนแบ่ งกาไร (ขาดทุน) เบ็ดเสร็จอื่น ในบริษทั ย่อย ที่ใช้ วธิ ีส่วนได้ เสี ย,False,movement,
AIS,FINANCIAL_STATEMENTS_AIS.pdf,9,thousand,sep,0,16,"เงินปันผลจ่าย 12, 13",9,รวมองค์ ประกอบ อื่นของส่ วนของ ผู้ถือหุ้น,False,movement,
AIS,FINANCIAL_STATEMENTS_AIS.pdf,9,thousand,sep,0,16,"เงินปันผลจ่าย 12, 13",10,หน่ วย : พันบาท รวมส่ วนของ ผู้ถือหุ้น,True,movement,
AIS,FINANCIAL_STATEMENTS_AIS.pdf,9,thousand,sep,0,17,รวมรายการกับผู้ถือหุ้นที่บันทึกโดยตรงเข้ าส่ วนของผู้ถือหุ้น,0,ทุนที่ออกและ ชาระแล้ ว,False,movement,
AIS,FINANCIAL_STATEMENTS_AIS.pdf,9,thousand,sep,0,17,รวมรายการกับผู้ถือหุ้นที่บันทึกโดยตรงเข้ าส่ วนของผู้ถือหุ้น,1,ส่ วนเกิน มูลค่ าหุ้น,False,movement,
AIS,FINANCIAL_STATEMENTS_AIS.pdf,9,thousand,sep,0,17,รวมรายการกับผู้ถือหุ้นที่บันทึกโดยตรงเข้ าส่ วนของผู้ถือหุ้น,2,บริษทั แอดวานซ์ กาไรสะสม ทุนสารองตาม กฎหมาย,False,movement,
AIS,FINANCIAL_STATEMENTS_AIS.pdf,9,thousand,sep,0,17,รวมรายการกับผู้ถือหุ้นที่บันทึกโดยตรงเข้ าส่ วนของผู้ถือหุ้น,3,อินโฟร์ เซอร์ วสิ จากัด งบการเปลีย่ นแปลงส่ วนของผู้ถือหุ้น งบการเงินเฉพาะกิจการ สาหรับงวดสามเดือนสิ้นสุ ดวันที่ “ยังไม่ ได้ ตรวจสอบ” ยังไม่ ได้ จัดสรร,False,movement,
AIS,FINANCIAL_STATEMENTS_AIS.pdf,9,thousand,sep,0,17,รวมรายการกับผู้ถือหุ้นที่บันทึกโดยตรงเข้ าส่ วนของผู้ถือหุ้น,4,(มหาชน) และบริษทั ย่อย (ต่อ) 31 มีนาคม 2569 สารองสาหรับ การจ่ ายโดย ใช้ ห้ ุนเป็ นเกณฑ์,False,movement,
AIS,FINANCIAL_STATEMENTS_AIS.pdf,9,thousand,sep,0,17,รวมรายการกับผู้ถือหุ้นที่บันทึกโดยตรงเข้ าส่ วนของผู้ถือหุ้น,5,กาไรจาก การลดสั ดส่ วน ของเงินลงทุน,False,movement,
AIS,FINANCIAL_STATEMENTS_AIS.pdf,9,thousand,sep,0,17,รวมรายการกับผู้ถือหุ้นที่บันทึกโดยตรงเข้ าส่ วนของผู้ถือหุ้น,6,องค์ ประกอบอื่นของส่ สารองรายการ ป้ องกันความเสี่ ยง,False,movement,
AIS,FINANCIAL_STATEMENTS_AIS.pdf,9,thousand,sep,0,17,รวมรายการกับผู้ถือหุ้นที่บันทึกโดยตรงเข้ าส่ วนของผู้ถือหุ้น,7,วนของผู้ถือหุ้น สารอง การเปลีย่ นแปลง ในมูลค่ายุติธรรม,False,movement,
AIS,FINANCIAL_STATEMENTS_AIS.pdf,9,thousand,sep,0,17,รวมรายการกับผู้ถือหุ้นที่บันทึกโดยตรงเข้ าส่ วนของผู้ถือหุ้น,8,ส่ วนแบ่ งกาไร (ขาดทุน) เบ็ดเสร็จอื่น ในบริษทั ย่อย ที่ใช้ วธิ ีส่วนได้ เสี ย,False,movement,
AIS,FINANCIAL_STATEMENTS_AIS.pdf,9,thousand,sep,0,17,รวมรายการกับผู้ถือหุ้นที่บันทึกโดยตรงเข้ าส่ วนของผู้ถือหุ้น,9,รวมองค์ ประกอบ อื่นของส่ วนของ ผู้ถือหุ้น,False,movement,
AIS,FINANCIAL_STATEMENTS_AIS.pdf,9,thousand,sep,0,17,รวมรายการกับผู้ถือหุ้นที่บันทึกโดยตรงเข้ าส่ วนของผู้ถือหุ้น,10,หน่ วย : พันบาท รวมส่ วนของ ผู้ถือหุ้น,True,movement,
AIS,FINANCIAL_STATEMENTS_AIS.pdf,9,thousand,sep,0,20,กาไรสาหรับงวด,0,ทุนที่ออกและ ชาระแล้ ว,False,movement,
AIS,FINANCIAL_STATEMENTS_AIS.pdf,9,thousand,sep,0,20,กาไรสาหรับงวด,1,ส่ วนเกิน มูลค่ าหุ้น,False,movement,
AIS,FINANCIAL_STATEMENTS_AIS.pdf,9,thousand,sep,0,20,กาไรสาหรับงวด,2,บริษทั แอดวานซ์ กาไรสะสม ทุนสารองตาม กฎหมาย,False,movement,
AIS,FINANCIAL_STATEMENTS_AIS.pdf,9,thousand,sep,0,20,กาไรสาหรับงวด,3,อินโฟร์ เซอร์ วสิ จากัด งบการเปลีย่ นแปลงส่ วนของผู้ถือหุ้น งบการเงินเฉพาะกิจการ สาหรับงวดสามเดือนสิ้นสุ ดวันที่ “ยังไม่ ได้ ตรวจสอบ” ยังไม่ ได้ จัดสรร,False,movement,13495505.0
AIS,FINANCIAL_STATEMENTS_AIS.pdf,9,thousand,sep,0,20,กาไรสาหรับงวด,4,(มหาชน) และบริษทั ย่อย (ต่อ) 31 มีนาคม 2569 สารองสาหรับ การจ่ ายโดย ใช้ ห้ ุนเป็ นเกณฑ์,False,movement,
AIS,FINANCIAL_STATEMENTS_AIS.pdf,9,thousand,sep,0,20,กาไรสาหรับงวด,5,กาไรจาก การลดสั ดส่ วน ของเงินลงทุน,False,movement,
AIS,FINANCIAL_STATEMENTS_AIS.pdf,9,thousand,sep,0,20,กาไรสาหรับงวด,6,องค์ ประกอบอื่นของส่ สารองรายการ ป้ องกันความเสี่ ยง,False,movement,
AIS,FINANCIAL_STATEMENTS_AIS.pdf,9,thousand,sep,0,20,กาไรสาหรับงวด,7,วนของผู้ถือหุ้น สารอง การเปลีย่ นแปลง ในมูลค่ายุติธรรม,False,movement,
AIS,FINANCIAL_STATEMENTS_AIS.pdf,9,thousand,sep,0,20,กาไรสาหรับงวด,8,ส่ วนแบ่ งกาไร (ขาดทุน) เบ็ดเสร็จอื่น ในบริษทั ย่อย ที่ใช้ วธิ ีส่วนได้ เสี ย,False,movement,
AIS,FINANCIAL_STATEMENTS_AIS.pdf,9,thousand,sep,0,20,กาไรสาหรับงวด,9,รวมองค์ ประกอบ อื่นของส่ วนของ ผู้ถือหุ้น,False,movement,
AIS,FINANCIAL_STATEMENTS_AIS.pdf,9,thousand,sep,0,20,กาไรสาหรับงวด,10,หน่ วย : พันบาท รวมส่ วนของ ผู้ถือหุ้น,True,movement,13495505.0
AIS,FINANCIAL_STATEMENTS_AIS.pdf,9,thousand,sep,0,21,กาไรขาดทุนเบ็ดเสร็ จอื่น,0,ทุนที่ออกและ ชาระแล้ ว,False,movement,
AIS,FINANCIAL_STATEMENTS_AIS.pdf,9,thousand,sep,0,21,กาไรขาดทุนเบ็ดเสร็ จอื่น,1,ส่ วนเกิน มูลค่ าหุ้น,False,movement,
AIS,FINANCIAL_STATEMENTS_AIS.pdf,9,thousand,sep,0,21,กาไรขาดทุนเบ็ดเสร็ จอื่น,2,บริษทั แอดวานซ์ กาไรสะสม ทุนสารองตาม กฎหมาย,False,movement,
AIS,FINANCIAL_STATEMENTS_AIS.pdf,9,thousand,sep,0,21,กาไรขาดทุนเบ็ดเสร็ จอื่น,3,อินโฟร์ เซอร์ วสิ จากัด งบการเปลีย่ นแปลงส่ วนของผู้ถือหุ้น งบการเงินเฉพาะกิจการ สาหรับงวดสามเดือนสิ้นสุ ดวันที่ “ยังไม่ ได้ ตรวจสอบ” ยังไม่ ได้ จัดสรร,False,movement,
AIS,FINANCIAL_STATEMENTS_AIS.pdf,9,thousand,sep,0,21,กาไรขาดทุนเบ็ดเสร็ จอื่น,4,(มหาชน) และบริษทั ย่อย (ต่อ) 31 มีนาคม 2569 สารองสาหรับ การจ่ ายโดย ใช้ ห้ ุนเป็ นเกณฑ์,False,movement,
AIS,FINANCIAL_STATEMENTS_AIS.pdf,9,thousand,sep,0,21,กาไรขาดทุนเบ็ดเสร็ จอื่น,5,กาไรจาก การลดสั ดส่ วน ของเงินลงทุน,False,movement,
AIS,FINANCIAL_STATEMENTS_AIS.pdf,9,thousand,sep,0,21,กาไรขาดทุนเบ็ดเสร็ จอื่น,6,องค์ ประกอบอื่นของส่ สารองรายการ ป้ องกันความเสี่ ยง,False,movement,-208185.0
AIS,FINANCIAL_STATEMENTS_AIS.pdf,9,thousand,sep,0,21,กาไรขาดทุนเบ็ดเสร็ จอื่น,7,วนของผู้ถือหุ้น สารอง การเปลีย่ นแปลง ในมูลค่ายุติธรรม,False,movement,
AIS,FINANCIAL_STATEMENTS_AIS.pdf,9,thousand,sep,0,21,กาไรขาดทุนเบ็ดเสร็ จอื่น,8,ส่ วนแบ่ งกาไร (ขาดทุน) เบ็ดเสร็จอื่น ในบริษทั ย่อย ที่ใช้ วธิ ีส่วนได้ เสี ย,False,movement,9876.0
AIS,FINANCIAL_STATEMENTS_AIS.pdf,9,thousand,sep,0,21,กาไรขาดทุนเบ็ดเสร็ จอื่น,9,รวมองค์ ประกอบ อื่นของส่ วนของ ผู้ถือหุ้น,False,movement,-198309.0
AIS,FINANCIAL_STATEMENTS_AIS.pdf,9,thousand,sep,0,21,กาไรขาดทุนเบ็ดเสร็ จอื่น,10,หน่ วย : พันบาท รวมส่ วนของ ผู้ถือหุ้น,True,movement,-198309.0
AIS,FINANCIAL_STATEMENTS_AIS.pdf,9,thousand,sep,0,22,รวมกาไรขาดทุนเบ็ดเสร็จสาหรับงวด,0,ทุนที่ออกและ ชาระแล้ ว,False,movement,
AIS,FINANCIAL_STATEMENTS_AIS.pdf,9,thousand,sep,0,22,รวมกาไรขาดทุนเบ็ดเสร็จสาหรับงวด,1,ส่ วนเกิน มูลค่ าหุ้น,False,movement,
AIS,FINANCIAL_STATEMENTS_AIS.pdf,9,thousand,sep,0,22,รวมกาไรขาดทุนเบ็ดเสร็จสาหรับงวด,2,บริษทั แอดวานซ์ กาไรสะสม ทุนสารองตาม กฎหมาย,False,movement,
AIS,FINANCIAL_STATEMENTS_AIS.pdf,9,thousand,sep,0,22,รวมกาไรขาดทุนเบ็ดเสร็จสาหรับงวด,3,อินโฟร์ เซอร์ วสิ จากัด งบการเปลีย่ นแปลงส่ วนของผู้ถือหุ้น งบการเงินเฉพาะกิจการ สาหรับงวดสามเดือนสิ้นสุ ดวันที่ “ยังไม่ ได้ ตรวจสอบ” ยังไม่ ได้ จัดสรร,False,movement,13495505.0
AIS,FINANCIAL_STATEMENTS_AIS.pdf,9,thousand,sep,0,22,รวมกาไรขาดทุนเบ็ดเสร็จสาหรับงวด,4,(มหาชน) และบริษทั ย่อย (ต่อ) 31 มีนาคม 2569 สารองสาหรับ การจ่ ายโดย ใช้ ห้ ุนเป็ นเกณฑ์,False,movement,
AIS,FINANCIAL_STATEMENTS_AIS.pdf,9,thousand,sep,0,22,รวมกาไรขาดทุนเบ็ดเสร็จสาหรับงวด,5,กาไรจาก การลดสั ดส่ วน ของเงินลงทุน,False,movement,
AIS,FINANCIAL_STATEMENTS_AIS.pdf,9,thousand,sep,0,22,รวมกาไรขาดทุนเบ็ดเสร็จสาหรับงวด,6,องค์ ประกอบอื่นของส่ สารองรายการ ป้ องกันความเสี่ ยง,False,movement,-208185.0
AIS,FINANCIAL_STATEMENTS_AIS.pdf,9,thousand,sep,0,22,รวมกาไรขาดทุนเบ็ดเสร็จสาหรับงวด,7,วนของผู้ถือหุ้น สารอง การเปลีย่ นแปลง ในมูลค่ายุติธรรม,False,movement,
AIS,FINANCIAL_STATEMENTS_AIS.pdf,9,thousand,sep,0,22,รวมกาไรขาดทุนเบ็ดเสร็จสาหรับงวด,8,ส่ วนแบ่ งกาไร (ขาดทุน) เบ็ดเสร็จอื่น ในบริษทั ย่อย ที่ใช้ วธิ ีส่วนได้ เสี ย,False,movement,9876.0
AIS,FINANCIAL_STATEMENTS_AIS.pdf,9,thousand,sep,0,22,รวมกาไรขาดทุนเบ็ดเสร็จสาหรับงวด,9,รวมองค์ ประกอบ อื่นของส่ วนของ ผู้ถือหุ้น,False,movement,-198309.0
AIS,FINANCIAL_STATEMENTS_AIS.pdf,9,thousand,sep,0,22,รวมกาไรขาดทุนเบ็ดเสร็จสาหรับงวด,10,หน่ วย : พันบาท รวมส่ วนของ ผู้ถือหุ้น,True,movement,13297196.0
AIS,FINANCIAL_STATEMENTS_AIS.pdf,9,thousand,sep,0,23,ยอดคงเหลือ ณ วันที่ 31 มีนาคม 2569,0,ทุนที่ออกและ ชาระแล้ ว,False,balance,2974210.0
AIS,FINANCIAL_STATEMENTS_AIS.pdf,9,thousand,sep,0,23,ยอดคงเหลือ ณ วันที่ 31 มีนาคม 2569,1,ส่ วนเกิน มูลค่ าหุ้น,False,balance,22551567.0
AIS,FINANCIAL_STATEMENTS_AIS.pdf,9,thousand,sep,0,23,ยอดคงเหลือ ณ วันที่ 31 มีนาคม 2569,2,บริษทั แอดวานซ์ กาไรสะสม ทุนสารองตาม กฎหมาย,False,balance,500000.0
AIS,FINANCIAL_STATEMENTS_AIS.pdf,9,thousand,sep,0,23,ยอดคงเหลือ ณ วันที่ 31 มีนาคม 2569,3,อินโฟร์ เซอร์ วสิ จากัด งบการเปลีย่ นแปลงส่ วนของผู้ถือหุ้น งบการเงินเฉพาะกิจการ สาหรับงวดสามเดือนสิ้นสุ ดวันที่ “ยังไม่ ได้ ตรวจสอบ” ยังไม่ ได้ จัดสรร,False,balance,95178242.0
AIS,FINANCIAL_STATEMENTS_AIS.pdf,9,thousand,sep,0,23,ยอดคงเหลือ ณ วันที่ 31 มีนาคม 2569,4,(มหาชน) และบริษทั ย่อย (ต่อ) 31 มีนาคม 2569 สารองสาหรับ การจ่ ายโดย ใช้ ห้ ุนเป็ นเกณฑ์,False,balance,50944.0
AIS,FINANCIAL_STATEMENTS_AIS.pdf,9,thousand,sep,0,23,ยอดคงเหลือ ณ วันที่ 31 มีนาคม 2569,5,กาไรจาก การลดสั ดส่ วน ของเงินลงทุน,False,balance,161187.0
AIS,FINANCIAL_STATEMENTS_AIS.pdf,9,thousand,sep,0,23,ยอดคงเหลือ ณ วันที่ 31 มีนาคม 2569,6,องค์ ประกอบอื่นของส่ สารองรายการ ป้ องกันความเสี่ ยง,False,balance,-208185.0
AIS,FINANCIAL_STATEMENTS_AIS.pdf,9,thousand,sep,0,23,ยอดคงเหลือ ณ วันที่ 31 มีนาคม 2569,7,วนของผู้ถือหุ้น สารอง การเปลีย่ นแปลง ในมูลค่ายุติธรรม,False,balance,11938.0
AIS,FINANCIAL_STATEMENTS_AIS.pdf,9,thousand,sep,0,23,ยอดคงเหลือ ณ วันที่ 31 มีนาคม 2569,8,ส่ วนแบ่ งกาไร (ขาดทุน) เบ็ดเสร็จอื่น ในบริษทั ย่อย ที่ใช้ วธิ ีส่วนได้ เสี ย,False,balance,-77525.0
AIS,FINANCIAL_STATEMENTS_AIS.pdf,9,thousand,sep,0,23,ยอดคงเหลือ ณ วันที่ 31 มีนาคม 2569,9,รวมองค์ ประกอบ อื่นของส่ วนของ ผู้ถือหุ้น,False,balance,-61641.0
AIS,FINANCIAL_STATEMENTS_AIS.pdf,9,thousand,sep,0,23,ยอดคงเหลือ ณ วันที่ 31 มีนาคม 2569,10,หน่ วย : พันบาท รวมส่ วนของ ผู้ถือหุ้น,True,balance,121142378.0
AIS,FINANCIAL_STATEMENTS_AIS.pdf,9,thousand,sep,0,24,,0,ทุนที่ออกและ ชาระแล้ ว,False,movement,
AIS,FINANCIAL_STATEMENTS_AIS.pdf,9,thousand,sep,0,24,,1,ส่ วนเกิน มูลค่ าหุ้น,False,movement,
AIS,FINANCIAL_STATEMENTS_AIS.pdf,9,thousand,sep,0,24,,2,บริษทั แอดวานซ์ กาไรสะสม ทุนสารองตาม กฎหมาย,False,movement,
AIS,FINANCIAL_STATEMENTS_AIS.pdf,9,thousand,sep,0,24,,3,อินโฟร์ เซอร์ วสิ จากัด งบการเปลีย่ นแปลงส่ วนของผู้ถือหุ้น งบการเงินเฉพาะกิจการ สาหรับงวดสามเดือนสิ้นสุ ดวันที่ “ยังไม่ ได้ ตรวจสอบ” ยังไม่ ได้ จัดสรร,False,movement,
AIS,FINANCIAL_STATEMENTS_AIS.pdf,9,thousand,sep,0,24,,4,(มหาชน) และบริษทั ย่อย (ต่อ) 31 มีนาคม 2569 สารองสาหรับ การจ่ ายโดย ใช้ ห้ ุนเป็ นเกณฑ์,False,movement,
AIS,FINANCIAL_STATEMENTS_AIS.pdf,9,thousand,sep,0,24,,5,กาไรจาก การลดสั ดส่ วน ของเงินลงทุน,False,movement,
AIS,FINANCIAL_STATEMENTS_AIS.pdf,9,thousand,sep,0,24,,6,องค์ ประกอบอื่นของส่ สารองรายการ ป้ องกันความเสี่ ยง,False,movement,
AIS,FINANCIAL_STATEMENTS_AIS.pdf,9,thousand,sep,0,24,,7,วนของผู้ถือหุ้น สารอง การเปลีย่ นแปลง ในมูลค่ายุติธรรม,False,movement,
AIS,FINANCIAL_STATEMENTS_AIS.pdf,9,thousand,sep,0,24,,8,ส่ วนแบ่ งกาไร (ขาดทุน) เบ็ดเสร็จอื่น ในบริษทั ย่อย ที่ใช้ วธิ ีส่วนได้ เสี ย,False,movement,
AIS,FINANCIAL_STATEMENTS_AIS.pdf,9,thousand,sep,0,24,,9,รวมองค์ ประกอบ อื่นของส่ วนของ ผู้ถือหุ้น,False,movement,
AIS,FINANCIAL_STATEMENTS_AIS.pdf,9,thousand,sep,0,24,,10,หน่ วย : พันบาท รวมส่ วนของ ผู้ถือหุ้น,True,movement,
IIG,FINANCIAL_STATEMENTS_IIG.pdf,6,unknown,,0,13,ยอดยกมำ ณ วันที่ 1 มกรำคม 2568,0,ทุนที่ออก และชำระแล้ว,False,balance,59798334.0
IIG,FINANCIAL_STATEMENTS_IIG.pdf,6,unknown,,0,13,ยอดยกมำ ณ วันที่ 1 มกรำคม 2568,1,ส่วนของเจ้ำของของบริ ส่วนเกิ น มูลค่ำหุ้น,False,balance,741612325.0
IIG,FINANCIAL_STATEMENTS_IIG.pdf,6,unknown,,0,13,ยอดยกมำ ณ วันที่ 1 มกรำคม 2568,2,ษทั กำไร (ขำดทุน) จัดสรรเพื่อสำรอง ตำมกฎหมำย,False,balance,5686184.0
IIG,FINANCIAL_STATEMENTS_IIG.pdf,6,unknown,,0,13,ยอดยกมำ ณ วันที่ 1 มกรำคม 2568,3,ข้อมูลทำงกำรเงิ นรวม สะสม ขำดทุนสะสม,False,balance,-199021631.0
IIG,FINANCIAL_STATEMENTS_IIG.pdf,6,unknown,,0,13,ยอดยกมำ ณ วันที่ 1 มกรำคม 2568,4,รวมส่วนของผูเ้ ป็ น เจ้ำของของบริ ษทั,False,balance,608075212.0
IIG,FINANCIAL_STATEMENTS_IIG.pdf,6,unknown,,0,13,ยอดยกมำ ณ วันที่ 1 มกรำคม 2568,5,(ยังไม่ได้ตรวจสอบ ส่วนได้เสียที่ ไม่มีอำนำจควบคุม,True,balance,72517799.0
IIG,FINANCIAL_STATEMENTS_IIG.pdf,6,unknown,,0,15,เงินปันผลจ่าย,0,ทุนที่ออก และชำระแล้ว,False,movement,
IIG,FINANCIAL_STATEMENTS_IIG.pdf,6,unknown,,0,15,เงินปันผลจ่าย,1,ส่วนของเจ้ำของของบริ ส่วนเกิ น มูลค่ำหุ้น,False,movement,
IIG,FINANCIAL_STATEMENTS_IIG.pdf,6,unknown,,0,15,เงินปันผลจ่าย,2,ษทั กำไร (ขำดทุน) จัดสรรเพื่อสำรอง ตำมกฎหมำย,False,movement,
IIG,FINANCIAL_STATEMENTS_IIG.pdf,6,unknown,,0,15,เงินปันผลจ่าย,3,ข้อมูลทำงกำรเงิ นรวม สะสม ขำดทุนสะสม,False,movement,
IIG,FINANCIAL_STATEMENTS_IIG.pdf,6,unknown,,0,15,เงินปันผลจ่าย,4,รวมส่วนของผูเ้ ป็ น เจ้ำของของบริ ษทั,False,movement,
IIG,FINANCIAL_STATEMENTS_IIG.pdf,6,unknown,,0,15,เงินปันผลจ่าย,5,(ยังไม่ได้ตรวจสอบ ส่วนได้เสียที่ ไม่มีอำนำจควบคุม,True,movement,-4800000.0
IIG,FINANCIAL_STATEMENTS_IIG.pdf,6,unknown,,0,16,การเพิม่ ทุน,0,ทุนที่ออก และชำระแล้ว,False,movement,800513.0
IIG,FINANCIAL_STATEMENTS_IIG.pdf,6,unknown,,0,16,การเพิม่ ทุน,1,ส่วนของเจ้ำของของบริ ส่วนเกิ น มูลค่ำหุ้น,False,movement,4199519.0
IIG,FINANCIAL_STATEMENTS_IIG.pdf,6,unknown,,0,16,การเพิม่ ทุน,2,ษทั กำไร (ขำดทุน) จัดสรรเพื่อสำรอง ตำมกฎหมำย,False,movement,
IIG,FINANCIAL_STATEMENTS_IIG.pdf,6,unknown,,0,16,การเพิม่ ทุน,3,ข้อมูลทำงกำรเงิ นรวม สะสม ขำดทุนสะสม,False,movement,
IIG,FINANCIAL_STATEMENTS_IIG.pdf,6,unknown,,0,16,การเพิม่ ทุน,4,รวมส่วนของผูเ้ ป็ น เจ้ำของของบริ ษทั,False,movement,5000032.0
IIG,FINANCIAL_STATEMENTS_IIG.pdf,6,unknown,,0,16,การเพิม่ ทุน,5,(ยังไม่ได้ตรวจสอบ ส่วนได้เสียที่ ไม่มีอำนำจควบคุม,True,movement,
IIG,FINANCIAL_STATEMENTS_IIG.pdf,6,unknown,,0,18,การควบคุมในบริษทั ย่อย,0,ทุนที่ออก และชำระแล้ว,False,movement,
IIG,FINANCIAL_STATEMENTS_IIG.pdf,6,unknown,,0,18,การควบคุมในบริษทั ย่อย,1,ส่วนของเจ้ำของของบริ ส่วนเกิ น มูลค่ำหุ้น,False,movement,
IIG,FINANCIAL_STATEMENTS_IIG.pdf,6,unknown,,0,18,การควบคุมในบริษทั ย่อย,2,ษทั กำไร (ขำดทุน) จัดสรรเพื่อสำรอง ตำมกฎหมำย,False,movement,
IIG,FINANCIAL_STATEMENTS_IIG.pdf,6,unknown,,0,18,การควบคุมในบริษทั ย่อย,3,ข้อมูลทำงกำรเงิ นรวม สะสม ขำดทุนสะสม,False,movement,
IIG,FINANCIAL_STATEMENTS_IIG.pdf,6,unknown,,0,18,การควบคุมในบริษทั ย่อย,4,รวมส่วนของผูเ้ ป็ น เจ้ำของของบริ ษทั,False,movement,
IIG,FINANCIAL_STATEMENTS_IIG.pdf,6,unknown,,0,18,การควบคุมในบริษทั ย่อย,5,(ยังไม่ได้ตรวจสอบ ส่วนได้เสียที่ ไม่มีอำนำจควบคุม,True,movement,-62175035.0
IIG,FINANCIAL_STATEMENTS_IIG.pdf,6,unknown,,0,19,กาไร (ขาดทุน) เบ็ดเสร็จรวมสาหรับงวด,0,ทุนที่ออก และชำระแล้ว,False,movement,
IIG,FINANCIAL_STATEMENTS_IIG.pdf,6,unknown,,0,19,กาไร (ขาดทุน) เบ็ดเสร็จรวมสาหรับงวด,1,ส่วนของเจ้ำของของบริ ส่วนเกิ น มูลค่ำหุ้น,False,movement,
IIG,FINANCIAL_STATEMENTS_IIG.pdf,6,unknown,,0,19,กาไร (ขาดทุน) เบ็ดเสร็จรวมสาหรับงวด,2,ษทั กำไร (ขำดทุน) จัดสรรเพื่อสำรอง ตำมกฎหมำย,False,movement,
IIG,FINANCIAL_STATEMENTS_IIG.pdf,6,unknown,,0,19,กาไร (ขาดทุน) เบ็ดเสร็จรวมสาหรับงวด,3,ข้อมูลทำงกำรเงิ นรวม สะสม ขำดทุนสะสม,False,movement,-100044392.0
IIG,FINANCIAL_STATEMENTS_IIG.pdf,6,unknown,,0,19,กาไร (ขาดทุน) เบ็ดเสร็จรวมสาหรับงวด,4,รวมส่วนของผูเ้ ป็ น เจ้ำของของบริ ษทั,False,movement,-100044392.0
IIG,FINANCIAL_STATEMENTS_IIG.pdf,6,unknown,,0,19,กาไร (ขาดทุน) เบ็ดเสร็จรวมสาหรับงวด,5,(ยังไม่ได้ตรวจสอบ ส่วนได้เสียที่ ไม่มีอำนำจควบคุม,True,movement,823908.0
IIG,FINANCIAL_STATEMENTS_IIG.pdf,6,unknown,,0,21,ยอดคงเหลือ ณ วันที่ 31 มีนำคม 2568,0,ทุนที่ออก และชำระแล้ว,False,balance,60598847.0
IIG,FINANCIAL_STATEMENTS_IIG.pdf,6,unknown,,0,21,ยอดคงเหลือ ณ วันที่ 31 มีนำคม 2568,1,ส่วนของเจ้ำของของบริ ส่วนเกิ น มูลค่ำหุ้น,False,balance,745811844.0
IIG,FINANCIAL_STATEMENTS_IIG.pdf,6,unknown,,0,21,ยอดคงเหลือ ณ วันที่ 31 มีนำคม 2568,2,ษทั กำไร (ขำดทุน) จัดสรรเพื่อสำรอง ตำมกฎหมำย,False,balance,5686184.0
IIG,FINANCIAL_STATEMENTS_IIG.pdf,6,unknown,,0,21,ยอดคงเหลือ ณ วันที่ 31 มีนำคม 2568,3,ข้อมูลทำงกำรเงิ นรวม สะสม ขำดทุนสะสม,False,balance,-299066023.0
IIG,FINANCIAL_STATEMENTS_IIG.pdf,6,unknown,,0,21,ยอดคงเหลือ ณ วันที่ 31 มีนำคม 2568,4,รวมส่วนของผูเ้ ป็ น เจ้ำของของบริ ษทั,False,balance,513030852.0
IIG,FINANCIAL_STATEMENTS_IIG.pdf,6,unknown,,0,21,ยอดคงเหลือ ณ วันที่ 31 มีนำคม 2568,5,(ยังไม่ได้ตรวจสอบ ส่วนได้เสียที่ ไม่มีอำนำจควบคุม,True,balance,6366672.0
IIG,FINANCIAL_STATEMENTS_IIG.pdf,6,unknown,,1,24,ยอดยกมำ ณ วันที่ 1 มกรำคม 2569,0,ทุนที่ออก และชำระแล้ว,False,balance,61688304.0
IIG,FINANCIAL_STATEMENTS_IIG.pdf,6,unknown,,1,24,ยอดยกมำ ณ วันที่ 1 มกรำคม 2569,1,ส่วนของเจ้ำของของบริ ส่วนเกิ น มูลค่ำหุ้น,False,balance,749722387.0
IIG,FINANCIAL_STATEMENTS_IIG.pdf,6,unknown,,1,24,ยอดยกมำ ณ วันที่ 1 มกรำคม 2569,2,ษทั กำไร (ขำดทุน) จัดสรรเพื่อสำรอง ตำมกฎหมำย,False,balance,5686184.0
IIG,FINANCIAL_STATEMENTS_IIG.pdf,6,unknown,,1,24,ยอดยกมำ ณ วันที่ 1 มกรำคม 2569,3,ข้อมูลทำงกำรเงิ นรวม สะสม ขำดทุนสะสม,False,balance,-583900245.0
IIG,FINANCIAL_STATEMENTS_IIG.pdf,6,unknown,,1,24,ยอดยกมำ ณ วันที่ 1 มกรำคม 2569,4,รวมส่วนของผูเ้ ป็ น เจ้ำของของบริ ษทั,False,balance,233196630.0
IIG,FINANCIAL_STATEMENTS_IIG.pdf,6,unknown,,1,24,ยอดยกมำ ณ วันที่ 1 มกรำคม 2569,5,(ยังไม่ได้ตรวจสอบ ส่วนได้เสียที่ ไม่มีอำนำจควบคุม,True,balance,4768273.0
IIG,FINANCIAL_STATEMENTS_IIG.pdf,6,unknown,,1,26,กาไร (ขาดทุน) เบ็ดเสร็จรวมสาหรับงวด,0,ทุนที่ออก และชำระแล้ว,False,movement,
IIG,FINANCIAL_STATEMENTS_IIG.pdf,6,unknown,,1,26,กาไร (ขาดทุน) เบ็ดเสร็จรวมสาหรับงวด,1,ส่วนของเจ้ำของของบริ ส่วนเกิ น มูลค่ำหุ้น,False,movement,
IIG,FINANCIAL_STATEMENTS_IIG.pdf,6,unknown,,1,26,กาไร (ขาดทุน) เบ็ดเสร็จรวมสาหรับงวด,2,ษทั กำไร (ขำดทุน) จัดสรรเพื่อสำรอง ตำมกฎหมำย,False,movement,
IIG,FINANCIAL_STATEMENTS_IIG.pdf,6,unknown,,1,26,กาไร (ขาดทุน) เบ็ดเสร็จรวมสาหรับงวด,3,ข้อมูลทำงกำรเงิ นรวม สะสม ขำดทุนสะสม,False,movement,-15450954.0
IIG,FINANCIAL_STATEMENTS_IIG.pdf,6,unknown,,1,26,กาไร (ขาดทุน) เบ็ดเสร็จรวมสาหรับงวด,4,รวมส่วนของผูเ้ ป็ น เจ้ำของของบริ ษทั,False,movement,-15450954.0
IIG,FINANCIAL_STATEMENTS_IIG.pdf,6,unknown,,1,26,กาไร (ขาดทุน) เบ็ดเสร็จรวมสาหรับงวด,5,(ยังไม่ได้ตรวจสอบ ส่วนได้เสียที่ ไม่มีอำนำจควบคุม,True,movement,-1702909.0
IIG,FINANCIAL_STATEMENTS_IIG.pdf,6,unknown,,1,28,ยอดคงเหลือ ณ วันที่ 31 มีนำคม 2569,0,ทุนที่ออก และชำระแล้ว,False,balance,61688304.0
IIG,FINANCIAL_STATEMENTS_IIG.pdf,6,unknown,,1,28,ยอดคงเหลือ ณ วันที่ 31 มีนำคม 2569,1,ส่วนของเจ้ำของของบริ ส่วนเกิ น มูลค่ำหุ้น,False,balance,749722387.0
IIG,FINANCIAL_STATEMENTS_IIG.pdf,6,unknown,,1,28,ยอดคงเหลือ ณ วันที่ 31 มีนำคม 2569,2,ษทั กำไร (ขำดทุน) จัดสรรเพื่อสำรอง ตำมกฎหมำย,False,balance,5686184.0
IIG,FINANCIAL_STATEMENTS_IIG.pdf,6,unknown,,1,28,ยอดคงเหลือ ณ วันที่ 31 มีนำคม 2569,3,ข้อมูลทำงกำรเงิ นรวม สะสม ขำดทุนสะสม,False,balance,-599351199.0
IIG,FINANCIAL_STATEMENTS_IIG.pdf,6,unknown,,1,28,ยอดคงเหลือ ณ วันที่ 31 มีนำคม 2569,4,รวมส่วนของผูเ้ ป็ น เจ้ำของของบริ ษทั,False,balance,217745676.0
IIG,FINANCIAL_STATEMENTS_IIG.pdf,6,unknown,,1,28,ยอดคงเหลือ ณ วันที่ 31 มีนำคม 2569,5,(ยังไม่ได้ตรวจสอบ ส่วนได้เสียที่ ไม่มีอำนำจควบคุม,True,balance,3065364.0
MFEC,FINANCIAL_STATEMENTS_Mfec.pdf,6,thousand,con,0,13,ยอดคงเหลือ ณ วันที่ 1 มกรำคม 2568,0,อนหุ้น,False,balance,441454.0
MFEC,FINANCIAL_STATEMENTS_Mfec.pdf,6,thousand,con,0,13,ยอดคงเหลือ ณ วันที่ 1 มกรำคม 2568,1,ส่ วนเกินมูลค่า หุ้นสามัญ,False,balance,986742.0
MFEC,FINANCIAL_STATEMENTS_Mfec.pdf,6,thousand,con,0,13,ยอดคงเหลือ ณ วันที่ 1 มกรำคม 2568,2,กาไรสะสม จัดสรรแล้ว - สารองตามกฎหมาย,False,balance,44150.0
MFEC,FINANCIAL_STATEMENTS_Mfec.pdf,6,thousand,con,0,13,ยอดคงเหลือ ณ วันที่ 1 มกรำคม 2568,3,ส่ ยังไม่ได้จดั สรร,False,balance,1136815.0
MFEC,FINANCIAL_STATEMENTS_Mfec.pdf,6,thousand,con,0,13,ยอดคงเหลือ ณ วันที่ 1 มกรำคม 2568,4,วนของผูถ้ ือหุ้นของบริ ษทั กาไรขาดทุนเบ็ดเสร็ สารองสาหรับ การป้ องกัน ส่ ความเสี่ ยงใน กระแสเงินสด,False,balance,-11526.0
MFEC,FINANCIAL_STATEMENTS_Mfec.pdf,6,thousand,con,0,13,ยอดคงเหลือ ณ วันที่ 1 มกรำคม 2568,5,งบกำรเงินรวม ฯ องค์ประกอบอื่นของส่ จอื่น วนแบ่งกาไรขาดทุน เบ็ดเสร็ จอื่น จากบริ ษทั ร่ วม,False,balance,1321.0
MFEC,FINANCIAL_STATEMENTS_Mfec.pdf,6,thousand,con,0,13,ยอดคงเหลือ ณ วันที่ 1 มกรำคม 2568,6,วนของผูถ้ ือหุ้น ผลต่างจากการ เปลี่ยนแปลง สัดส่ วนการถือหุ้น ในบริ ษทั ย่อย,False,balance,5733.0
MFEC,FINANCIAL_STATEMENTS_Mfec.pdf,6,thousand,con,0,13,ยอดคงเหลือ ณ วันที่ 1 มกรำคม 2568,7,รวม องค์ประกอบอื่น ของส่ วนผูถ้ ือหุ ้น,False,balance,-4472.0
MFEC,FINANCIAL_STATEMENTS_Mfec.pdf,6,thousand,con,0,13,ยอดคงเหลือ ณ วันที่ 1 มกรำคม 2568,8,รวม ส่ วนของผูถ้ ือหุ ้น ของบริ ษทั ฯ,False,balance,2604689.0
MFEC,FINANCIAL_STATEMENTS_Mfec.pdf,6,thousand,con,0,13,ยอดคงเหลือ ณ วันที่ 1 มกรำคม 2568,9,(ยังไม่ได้ตรวจสอบ ส่ วนของผูม้ ีส่วนได้เสี ที่ไม่มีอานาจควบคุม ของบริ ษทั ย่อย,False,balance,19779.0
MFEC,FINANCIAL_STATEMENTS_Mfec.pdf,6,thousand,con,0,13,ยอดคงเหลือ ณ วันที่ 1 มกรำคม 2568,10,แต่สอบทานแล้ว) (หน่วย: พันบาท) ย รวม ส่ วนของผูถ้ ือหุ ้น,True,balance,2624468.0
MFEC,FINANCIAL_STATEMENTS_Mfec.pdf,6,thousand,con,0,14,กาไรสาหรับงวด,0,อนหุ้น,False,movement,
MFEC,FINANCIAL_STATEMENTS_Mfec.pdf,6,thousand,con,0,14,กาไรสาหรับงวด,1,ส่ วนเกินมูลค่า หุ้นสามัญ,False,movement,
MFEC,FINANCIAL_STATEMENTS_Mfec.pdf,6,thousand,con,0,14,กาไรสาหรับงวด,2,กาไรสะสม จัดสรรแล้ว - สารองตามกฎหมาย,False,movement,
MFEC,FINANCIAL_STATEMENTS_Mfec.pdf,6,thousand,con,0,14,กาไรสาหรับงวด,3,ส่ ยังไม่ได้จดั สรร,False,movement,60254.0
MFEC,FINANCIAL_STATEMENTS_Mfec.pdf,6,thousand,con,0,14,กาไรสาหรับงวด,4,วนของผูถ้ ือหุ้นของบริ ษทั กาไรขาดทุนเบ็ดเสร็ สารองสาหรับ การป้ องกัน ส่ ความเสี่ ยงใน กระแสเงินสด,False,movement,
MFEC,FINANCIAL_STATEMENTS_Mfec.pdf,6,thousand,con,0,14,กาไรสาหรับงวด,5,งบกำรเงินรวม ฯ องค์ประกอบอื่นของส่ จอื่น วนแบ่งกาไรขาดทุน เบ็ดเสร็ จอื่น จากบริ ษทั ร่ วม,False,movement,
MFEC,FINANCIAL_STATEMENTS_Mfec.pdf,6,thousand,con,0,14,กาไรสาหรับงวด,6,วนของผูถ้ ือหุ้น ผลต่างจากการ เปลี่ยนแปลง สัดส่ วนการถือหุ้น ในบริ ษทั ย่อย,False,movement,
MFEC,FINANCIAL_STATEMENTS_Mfec.pdf,6,thousand,con,0,14,กาไรสาหรับงวด,7,รวม องค์ประกอบอื่น ของส่ วนผูถ้ ือหุ ้น,False,movement,
MFEC,FINANCIAL_STATEMENTS_Mfec.pdf,6,thousand,con,0,14,กาไรสาหรับงวด,8,รวม ส่ วนของผูถ้ ือหุ ้น ของบริ ษทั ฯ,False,movement,60254.0
MFEC,FINANCIAL_STATEMENTS_Mfec.pdf,6,thousand,con,0,14,กาไรสาหรับงวด,9,(ยังไม่ได้ตรวจสอบ ส่ วนของผูม้ ีส่วนได้เสี ที่ไม่มีอานาจควบคุม ของบริ ษทั ย่อย,False,movement,408.0
MFEC,FINANCIAL_STATEMENTS_Mfec.pdf,6,thousand,con,0,14,กาไรสาหรับงวด,10,แต่สอบทานแล้ว) (หน่วย: พันบาท) ย รวม ส่ วนของผูถ้ ือหุ ้น,True,movement,60662.0
MFEC,FINANCIAL_STATEMENTS_Mfec.pdf,6,thousand,con,0,15,กาไรขาดทุนเบ็ดเสร็ จอื่นสาหรับงวด,0,อนหุ้น,False,movement,
MFEC,FINANCIAL_STATEMENTS_Mfec.pdf,6,thousand,con,0,15,กาไรขาดทุนเบ็ดเสร็ จอื่นสาหรับงวด,1,ส่ วนเกินมูลค่า หุ้นสามัญ,False,movement,
MFEC,FINANCIAL_STATEMENTS_Mfec.pdf,6,thousand,con,0,15,กาไรขาดทุนเบ็ดเสร็ จอื่นสาหรับงวด,2,กาไรสะสม จัดสรรแล้ว - สารองตามกฎหมาย,False,movement,
MFEC,FINANCIAL_STATEMENTS_Mfec.pdf,6,thousand,con,0,15,กาไรขาดทุนเบ็ดเสร็ จอื่นสาหรับงวด,3,ส่ ยังไม่ได้จดั สรร,False,movement,
MFEC,FINANCIAL_STATEMENTS_Mfec.pdf,6,thousand,con,0,15,กาไรขาดทุนเบ็ดเสร็ จอื่นสาหรับงวด,4,วนของผูถ้ ือหุ้นของบริ ษทั กาไรขาดทุนเบ็ดเสร็ สารองสาหรับ การป้ องกัน ส่ ความเสี่ ยงใน กระแสเงินสด,False,movement,-7931.0
MFEC,FINANCIAL_STATEMENTS_Mfec.pdf,6,thousand,con,0,15,กาไรขาดทุนเบ็ดเสร็ จอื่นสาหรับงวด,5,งบกำรเงินรวม ฯ องค์ประกอบอื่นของส่ จอื่น วนแบ่งกาไรขาดทุน เบ็ดเสร็ จอื่น จากบริ ษทั ร่ วม,False,movement,
MFEC,FINANCIAL_STATEMENTS_Mfec.pdf,6,thousand,con,0,15,กาไรขาดทุนเบ็ดเสร็ จอื่นสาหรับงวด,6,วนของผูถ้ ือหุ้น ผลต่างจากการ เปลี่ยนแปลง สัดส่ วนการถือหุ้น ในบริ ษทั ย่อย,False,movement,
MFEC,FINANCIAL_STATEMENTS_Mfec.pdf,6,thousand,con,0,15,กาไรขาดทุนเบ็ดเสร็ จอื่นสาหรับงวด,7,รวม องค์ประกอบอื่น ของส่ วนผูถ้ ือหุ ้น,False,movement,-7931.0
MFEC,FINANCIAL_STATEMENTS_Mfec.pdf,6,thousand,con,0,15,กาไรขาดทุนเบ็ดเสร็ จอื่นสาหรับงวด,8,รวม ส่ วนของผูถ้ ือหุ ้น ของบริ ษทั ฯ,False,movement,-7931.0
MFEC,FINANCIAL_STATEMENTS_Mfec.pdf,6,thousand,con,0,15,กาไรขาดทุนเบ็ดเสร็ จอื่นสาหรับงวด,9,(ยังไม่ได้ตรวจสอบ ส่ วนของผูม้ ีส่วนได้เสี ที่ไม่มีอานาจควบคุม ของบริ ษทั ย่อย,False,movement,
MFEC,FINANCIAL_STATEMENTS_Mfec.pdf,6,thousand,con,0,15,กาไรขาดทุนเบ็ดเสร็ จอื่นสาหรับงวด,10,แต่สอบทานแล้ว) (หน่วย: พันบาท) ย รวม ส่ วนของผูถ้ ือหุ ้น,True,movement,-7931.0
MFEC,FINANCIAL_STATEMENTS_Mfec.pdf,6,thousand,con,0,16,กาไรขาดทุนเบ็ดเสร็ จรวมสาหรับงวด,0,อนหุ้น,False,movement,
MFEC,FINANCIAL_STATEMENTS_Mfec.pdf,6,thousand,con,0,16,กาไรขาดทุนเบ็ดเสร็ จรวมสาหรับงวด,1,ส่ วนเกินมูลค่า หุ้นสามัญ,False,movement,
MFEC,FINANCIAL_STATEMENTS_Mfec.pdf,6,thousand,con,0,16,กาไรขาดทุนเบ็ดเสร็ จรวมสาหรับงวด,2,กาไรสะสม จัดสรรแล้ว - สารองตามกฎหมาย,False,movement,
MFEC,FINANCIAL_STATEMENTS_Mfec.pdf,6,thousand,con,0,16,กาไรขาดทุนเบ็ดเสร็ จรวมสาหรับงวด,3,ส่ ยังไม่ได้จดั สรร,False,movement,60254.0
MFEC,FINANCIAL_STATEMENTS_Mfec.pdf,6,thousand,con,0,16,กาไรขาดทุนเบ็ดเสร็ จรวมสาหรับงวด,4,วนของผูถ้ ือหุ้นของบริ ษทั กาไรขาดทุนเบ็ดเสร็ สารองสาหรับ การป้ องกัน ส่ ความเสี่ ยงใน กระแสเงินสด,False,movement,-7931.0
MFEC,FINANCIAL_STATEMENTS_Mfec.pdf,6,thousand,con,0,16,กาไรขาดทุนเบ็ดเสร็ จรวมสาหรับงวด,5,งบกำรเงินรวม ฯ องค์ประกอบอื่นของส่ จอื่น วนแบ่งกาไรขาดทุน เบ็ดเสร็ จอื่น จากบริ ษทั ร่ วม,False,movement,
MFEC,FINANCIAL_STATEMENTS_Mfec.pdf,6,thousand,con,0,16,กาไรขาดทุนเบ็ดเสร็ จรวมสาหรับงวด,6,วนของผูถ้ ือหุ้น ผลต่างจากการ เปลี่ยนแปลง สัดส่ วนการถือหุ้น ในบริ ษทั ย่อย,False,movement,
MFEC,FINANCIAL_STATEMENTS_Mfec.pdf,6,thousand,con,0,16,กาไรขาดทุนเบ็ดเสร็ จรวมสาหรับงวด,7,รวม องค์ประกอบอื่น ของส่ วนผูถ้ ือหุ ้น,False,movement,-7931.0
MFEC,FINANCIAL_STATEMENTS_Mfec.pdf,6,thousand,con,0,16,กาไรขาดทุนเบ็ดเสร็ จรวมสาหรับงวด,8,รวม ส่ วนของผูถ้ ือหุ ้น ของบริ ษทั ฯ,False,movement,52323.0
MFEC,FINANCIAL_STATEMENTS_Mfec.pdf,6,thousand,con,0,16,กาไรขาดทุนเบ็ดเสร็ จรวมสาหรับงวด,9,(ยังไม่ได้ตรวจสอบ ส่ วนของผูม้ ีส่วนได้เสี ที่ไม่มีอานาจควบคุม ของบริ ษทั ย่อย,False,movement,408.0
MFEC,FINANCIAL_STATEMENTS_Mfec.pdf,6,thousand,con,0,16,กาไรขาดทุนเบ็ดเสร็ จรวมสาหรับงวด,10,แต่สอบทานแล้ว) (หน่วย: พันบาท) ย รวม ส่ วนของผูถ้ ือหุ ้น,True,movement,52731.0
MFEC,FINANCIAL_STATEMENTS_Mfec.pdf,6,thousand,con,0,18,ในกระแสเงินสดไปยังต้นทุนงานระหว่างทา,0,อนหุ้น,False,movement,
MFEC,FINANCIAL_STATEMENTS_Mfec.pdf,6,thousand,con,0,18,ในกระแสเงินสดไปยังต้นทุนงานระหว่างทา,1,ส่ วนเกินมูลค่า หุ้นสามัญ,False,movement,
MFEC,FINANCIAL_STATEMENTS_Mfec.pdf,6,thousand,con,0,18,ในกระแสเงินสดไปยังต้นทุนงานระหว่างทา,2,กาไรสะสม จัดสรรแล้ว - สารองตามกฎหมาย,False,movement,
MFEC,FINANCIAL_STATEMENTS_Mfec.pdf,6,thousand,con,0,18,ในกระแสเงินสดไปยังต้นทุนงานระหว่างทา,3,ส่ ยังไม่ได้จดั สรร,False,movement,
MFEC,FINANCIAL_STATEMENTS_Mfec.pdf,6,thousand,con,0,18,ในกระแสเงินสดไปยังต้นทุนงานระหว่างทา,4,วนของผูถ้ ือหุ้นของบริ ษทั กาไรขาดทุนเบ็ดเสร็ สารองสาหรับ การป้ องกัน ส่ ความเสี่ ยงใน กระแสเงินสด,False,movement,5674.0
MFEC,FINANCIAL_STATEMENTS_Mfec.pdf,6,thousand,con,0,18,ในกระแสเงินสดไปยังต้นทุนงานระหว่างทา,5,งบกำรเงินรวม ฯ องค์ประกอบอื่นของส่ จอื่น วนแบ่งกาไรขาดทุน เบ็ดเสร็ จอื่น จากบริ ษทั ร่ วม,False,movement,
MFEC,FINANCIAL_STATEMENTS_Mfec.pdf,6,thousand,con,0,18,ในกระแสเงินสดไปยังต้นทุนงานระหว่างทา,6,วนของผูถ้ ือหุ้น ผลต่างจากการ เปลี่ยนแปลง สัดส่ วนการถือหุ้น ในบริ ษทั ย่อย,False,movement,
MFEC,FINANCIAL_STATEMENTS_Mfec.pdf,6,thousand,con,0,18,ในกระแสเงินสดไปยังต้นทุนงานระหว่างทา,7,รวม องค์ประกอบอื่น ของส่ วนผูถ้ ือหุ ้น,False,movement,5674.0
MFEC,FINANCIAL_STATEMENTS_Mfec.pdf,6,thousand,con,0,18,ในกระแสเงินสดไปยังต้นทุนงานระหว่างทา,8,รวม ส่ วนของผูถ้ ือหุ ้น ของบริ ษทั ฯ,False,movement,5674.0
MFEC,FINANCIAL_STATEMENTS_Mfec.pdf,6,thousand,con,0,18,ในกระแสเงินสดไปยังต้นทุนงานระหว่างทา,9,(ยังไม่ได้ตรวจสอบ ส่ วนของผูม้ ีส่วนได้เสี ที่ไม่มีอานาจควบคุม ของบริ ษทั ย่อย,False,movement,
MFEC,FINANCIAL_STATEMENTS_Mfec.pdf,6,thousand,con,0,18,ในกระแสเงินสดไปยังต้นทุนงานระหว่างทา,10,แต่สอบทานแล้ว) (หน่วย: พันบาท) ย รวม ส่ วนของผูถ้ ือหุ ้น,True,movement,5674.0
MFEC,FINANCIAL_STATEMENTS_Mfec.pdf,6,thousand,con,0,20,กระแสเงินสดที่โอนไปยังกาไรหรื อขาดทุน,0,อนหุ้น,False,movement,
MFEC,FINANCIAL_STATEMENTS_Mfec.pdf,6,thousand,con,0,20,กระแสเงินสดที่โอนไปยังกาไรหรื อขาดทุน,1,ส่ วนเกินมูลค่า หุ้นสามัญ,False,movement,
MFEC,FINANCIAL_STATEMENTS_Mfec.pdf,6,thousand,con,0,20,กระแสเงินสดที่โอนไปยังกาไรหรื อขาดทุน,2,กาไรสะสม จัดสรรแล้ว - สารองตามกฎหมาย,False,movement,
MFEC,FINANCIAL_STATEMENTS_Mfec.pdf,6,thousand,con,0,20,กระแสเงินสดที่โอนไปยังกาไรหรื อขาดทุน,3,ส่ ยังไม่ได้จดั สรร,False,movement,
MFEC,FINANCIAL_STATEMENTS_Mfec.pdf,6,thousand,con,0,20,กระแสเงินสดที่โอนไปยังกาไรหรื อขาดทุน,4,วนของผูถ้ ือหุ้นของบริ ษทั กาไรขาดทุนเบ็ดเสร็ สารองสาหรับ การป้ องกัน ส่ ความเสี่ ยงใน กระแสเงินสด,False,movement,5.0
MFEC,FINANCIAL_STATEMENTS_Mfec.pdf,6,thousand,con,0,20,กระแสเงินสดที่โอนไปยังกาไรหรื อขาดทุน,5,งบกำรเงินรวม ฯ องค์ประกอบอื่นของส่ จอื่น วนแบ่งกาไรขาดทุน เบ็ดเสร็ จอื่น จากบริ ษทั ร่ วม,False,movement,
MFEC,FINANCIAL_STATEMENTS_Mfec.pdf,6,thousand,con,0,20,กระแสเงินสดที่โอนไปยังกาไรหรื อขาดทุน,6,วนของผูถ้ ือหุ้น ผลต่างจากการ เปลี่ยนแปลง สัดส่ วนการถือหุ้น ในบริ ษทั ย่อย,False,movement,
MFEC,FINANCIAL_STATEMENTS_Mfec.pdf,6,thousand,con,0,20,กระแสเงินสดที่โอนไปยังกาไรหรื อขาดทุน,7,รวม องค์ประกอบอื่น ของส่ วนผูถ้ ือหุ ้น,False,movement,5.0
MFEC,FINANCIAL_STATEMENTS_Mfec.pdf,6,thousand,con,0,20,กระแสเงินสดที่โอนไปยังกาไรหรื อขาดทุน,8,รวม ส่ วนของผูถ้ ือหุ ้น ของบริ ษทั ฯ,False,movement,5.0
MFEC,FINANCIAL_STATEMENTS_Mfec.pdf,6,thousand,con,0,20,กระแสเงินสดที่โอนไปยังกาไรหรื อขาดทุน,9,(ยังไม่ได้ตรวจสอบ ส่ วนของผูม้ ีส่วนได้เสี ที่ไม่มีอานาจควบคุม ของบริ ษทั ย่อย,False,movement,
MFEC,FINANCIAL_STATEMENTS_Mfec.pdf,6,thousand,con,0,20,กระแสเงินสดที่โอนไปยังกาไรหรื อขาดทุน,10,แต่สอบทานแล้ว) (หน่วย: พันบาท) ย รวม ส่ วนของผูถ้ ือหุ ้น,True,movement,5.0
MFEC,FINANCIAL_STATEMENTS_Mfec.pdf,6,thousand,con,0,21,ยอดคงเหลือ ณ วันที่ 31 มีนำคม 2568,0,อนหุ้น,False,balance,441454.0
MFEC,FINANCIAL_STATEMENTS_Mfec.pdf,6,thousand,con,0,21,ยอดคงเหลือ ณ วันที่ 31 มีนำคม 2568,1,ส่ วนเกินมูลค่า หุ้นสามัญ,False,balance,986742.0
MFEC,FINANCIAL_STATEMENTS_Mfec.pdf,6,thousand,con,0,21,ยอดคงเหลือ ณ วันที่ 31 มีนำคม 2568,2,กาไรสะสม จัดสรรแล้ว - สารองตามกฎหมาย,False,balance,44150.0
MFEC,FINANCIAL_STATEMENTS_Mfec.pdf,6,thousand,con,0,21,ยอดคงเหลือ ณ วันที่ 31 มีนำคม 2568,3,ส่ ยังไม่ได้จดั สรร,False,balance,1197069.0
MFEC,FINANCIAL_STATEMENTS_Mfec.pdf,6,thousand,con,0,21,ยอดคงเหลือ ณ วันที่ 31 มีนำคม 2568,4,วนของผูถ้ ือหุ้นของบริ ษทั กาไรขาดทุนเบ็ดเสร็ สารองสาหรับ การป้ องกัน ส่ ความเสี่ ยงใน กระแสเงินสด,False,balance,-13778.0
MFEC,FINANCIAL_STATEMENTS_Mfec.pdf,6,thousand,con,0,21,ยอดคงเหลือ ณ วันที่ 31 มีนำคม 2568,5,งบกำรเงินรวม ฯ องค์ประกอบอื่นของส่ จอื่น วนแบ่งกาไรขาดทุน เบ็ดเสร็ จอื่น จากบริ ษทั ร่ วม,False,balance,1321.0
MFEC,FINANCIAL_STATEMENTS_Mfec.pdf,6,thousand,con,0,21,ยอดคงเหลือ ณ วันที่ 31 มีนำคม 2568,6,วนของผูถ้ ือหุ้น ผลต่างจากการ เปลี่ยนแปลง สัดส่ วนการถือหุ้น ในบริ ษทั ย่อย,False,balance,5733.0
MFEC,FINANCIAL_STATEMENTS_Mfec.pdf,6,thousand,con,0,21,ยอดคงเหลือ ณ วันที่ 31 มีนำคม 2568,7,รวม องค์ประกอบอื่น ของส่ วนผูถ้ ือหุ ้น,False,balance,-6724.0
MFEC,FINANCIAL_STATEMENTS_Mfec.pdf,6,thousand,con,0,21,ยอดคงเหลือ ณ วันที่ 31 มีนำคม 2568,8,รวม ส่ วนของผูถ้ ือหุ ้น ของบริ ษทั ฯ,False,balance,2662691.0
MFEC,FINANCIAL_STATEMENTS_Mfec.pdf,6,thousand,con,0,21,ยอดคงเหลือ ณ วันที่ 31 มีนำคม 2568,9,(ยังไม่ได้ตรวจสอบ ส่ วนของผูม้ ีส่วนได้เสี ที่ไม่มีอานาจควบคุม ของบริ ษทั ย่อย,False,balance,20187.0
MFEC,FINANCIAL_STATEMENTS_Mfec.pdf,6,thousand,con,0,21,ยอดคงเหลือ ณ วันที่ 31 มีนำคม 2568,10,แต่สอบทานแล้ว) (หน่วย: พันบาท) ย รวม ส่ วนของผูถ้ ือหุ ้น,True,balance,2682878.0
MFEC,FINANCIAL_STATEMENTS_Mfec.pdf,6,thousand,con,1,23,ยอดคงเหลือ ณ วันที่ 1 มกรำคม 2569,0,อนหุ้น,False,balance,441454.0
MFEC,FINANCIAL_STATEMENTS_Mfec.pdf,6,thousand,con,1,23,ยอดคงเหลือ ณ วันที่ 1 มกรำคม 2569,1,ส่ วนเกินมูลค่า หุ้นสามัญ,False,balance,986742.0
MFEC,FINANCIAL_STATEMENTS_Mfec.pdf,6,thousand,con,1,23,ยอดคงเหลือ ณ วันที่ 1 มกรำคม 2569,2,กาไรสะสม จัดสรรแล้ว - สารองตามกฎหมาย,False,balance,44150.0
MFEC,FINANCIAL_STATEMENTS_Mfec.pdf,6,thousand,con,1,23,ยอดคงเหลือ ณ วันที่ 1 มกรำคม 2569,3,ส่ ยังไม่ได้จดั สรร,False,balance,1135251.0
MFEC,FINANCIAL_STATEMENTS_Mfec.pdf,6,thousand,con,1,23,ยอดคงเหลือ ณ วันที่ 1 มกรำคม 2569,4,วนของผูถ้ ือหุ้นของบริ ษทั กาไรขาดทุนเบ็ดเสร็ สารองสาหรับ การป้ องกัน ส่ ความเสี่ ยงใน กระแสเงินสด,False,balance,-29504.0
MFEC,FINANCIAL_STATEMENTS_Mfec.pdf,6,thousand,con,1,23,ยอดคงเหลือ ณ วันที่ 1 มกรำคม 2569,5,งบกำรเงินรวม ฯ องค์ประกอบอื่นของส่ จอื่น วนแบ่งกาไรขาดทุน เบ็ดเสร็ จอื่น จากบริ ษทั ร่ วม,False,balance,-200.0
MFEC,FINANCIAL_STATEMENTS_Mfec.pdf,6,thousand,con,1,23,ยอดคงเหลือ ณ วันที่ 1 มกรำคม 2569,6,วนของผูถ้ ือหุ้น ผลต่างจากการ เปลี่ยนแปลง สัดส่ วนการถือหุ้น ในบริ ษทั ย่อย,False,balance,7162.0
MFEC,FINANCIAL_STATEMENTS_Mfec.pdf,6,thousand,con,1,23,ยอดคงเหลือ ณ วันที่ 1 มกรำคม 2569,7,รวม องค์ประกอบอื่น ของส่ วนผูถ้ ือหุ ้น,False,balance,-22542.0
MFEC,FINANCIAL_STATEMENTS_Mfec.pdf,6,thousand,con,1,23,ยอดคงเหลือ ณ วันที่ 1 มกรำคม 2569,8,รวม ส่ วนของผูถ้ ือหุ ้น ของบริ ษทั ฯ,False,balance,2585055.0
MFEC,FINANCIAL_STATEMENTS_Mfec.pdf,6,thousand,con,1,23,ยอดคงเหลือ ณ วันที่ 1 มกรำคม 2569,9,(ยังไม่ได้ตรวจสอบ ส่ วนของผูม้ ีส่วนได้เสี ที่ไม่มีอานาจควบคุม ของบริ ษทั ย่อย,False,balance,25844.0
MFEC,FINANCIAL_STATEMENTS_Mfec.pdf,6,thousand,con,1,23,ยอดคงเหลือ ณ วันที่ 1 มกรำคม 2569,10,แต่สอบทานแล้ว) (หน่วย: พันบาท) ย รวม ส่ วนของผูถ้ ือหุ ้น,True,balance,2610899.0
MFEC,FINANCIAL_STATEMENTS_Mfec.pdf,6,thousand,con,1,24,กาไรสาหรับงวด,0,อนหุ้น,False,movement,
MFEC,FINANCIAL_STATEMENTS_Mfec.pdf,6,thousand,con,1,24,กาไรสาหรับงวด,1,ส่ วนเกินมูลค่า หุ้นสามัญ,False,movement,
MFEC,FINANCIAL_STATEMENTS_Mfec.pdf,6,thousand,con,1,24,กาไรสาหรับงวด,2,กาไรสะสม จัดสรรแล้ว - สารองตามกฎหมาย,False,movement,
MFEC,FINANCIAL_STATEMENTS_Mfec.pdf,6,thousand,con,1,24,กาไรสาหรับงวด,3,ส่ ยังไม่ได้จดั สรร,False,movement,73355.0
MFEC,FINANCIAL_STATEMENTS_Mfec.pdf,6,thousand,con,1,24,กาไรสาหรับงวด,4,วนของผูถ้ ือหุ้นของบริ ษทั กาไรขาดทุนเบ็ดเสร็ สารองสาหรับ การป้ องกัน ส่ ความเสี่ ยงใน กระแสเงินสด,False,movement,
MFEC,FINANCIAL_STATEMENTS_Mfec.pdf,6,thousand,con,1,24,กาไรสาหรับงวด,5,งบกำรเงินรวม ฯ องค์ประกอบอื่นของส่ จอื่น วนแบ่งกาไรขาดทุน เบ็ดเสร็ จอื่น จากบริ ษทั ร่ วม,False,movement,
MFEC,FINANCIAL_STATEMENTS_Mfec.pdf,6,thousand,con,1,24,กาไรสาหรับงวด,6,วนของผูถ้ ือหุ้น ผลต่างจากการ เปลี่ยนแปลง สัดส่ วนการถือหุ้น ในบริ ษทั ย่อย,False,movement,
MFEC,FINANCIAL_STATEMENTS_Mfec.pdf,6,thousand,con,1,24,กาไรสาหรับงวด,7,รวม องค์ประกอบอื่น ของส่ วนผูถ้ ือหุ ้น,False,movement,
MFEC,FINANCIAL_STATEMENTS_Mfec.pdf,6,thousand,con,1,24,กาไรสาหรับงวด,8,รวม ส่ วนของผูถ้ ือหุ ้น ของบริ ษทั ฯ,False,movement,73355.0
MFEC,FINANCIAL_STATEMENTS_Mfec.pdf,6,thousand,con,1,24,กาไรสาหรับงวด,9,(ยังไม่ได้ตรวจสอบ ส่ วนของผูม้ ีส่วนได้เสี ที่ไม่มีอานาจควบคุม ของบริ ษทั ย่อย,False,movement,2212.0
MFEC,FINANCIAL_STATEMENTS_Mfec.pdf,6,thousand,con,1,24,กาไรสาหรับงวด,10,แต่สอบทานแล้ว) (หน่วย: พันบาท) ย รวม ส่ วนของผูถ้ ือหุ ้น,True,movement,75567.0
MFEC,FINANCIAL_STATEMENTS_Mfec.pdf,6,thousand,con,1,25,กาไรขาดทุนเบ็ดเสร็ จอื่นสาหรับงวด,0,อนหุ้น,False,movement,
MFEC,FINANCIAL_STATEMENTS_Mfec.pdf,6,thousand,con,1,25,กาไรขาดทุนเบ็ดเสร็ จอื่นสาหรับงวด,1,ส่ วนเกินมูลค่า หุ้นสามัญ,False,movement,
MFEC,FINANCIAL_STATEMENTS_Mfec.pdf,6,thousand,con,1,25,กาไรขาดทุนเบ็ดเสร็ จอื่นสาหรับงวด,2,กาไรสะสม จัดสรรแล้ว - สารองตามกฎหมาย,False,movement,
MFEC,FINANCIAL_STATEMENTS_Mfec.pdf,6,thousand,con,1,25,กาไรขาดทุนเบ็ดเสร็ จอื่นสาหรับงวด,3,ส่ ยังไม่ได้จดั สรร,False,movement,
MFEC,FINANCIAL_STATEMENTS_Mfec.pdf,6,thousand,con,1,25,กาไรขาดทุนเบ็ดเสร็ จอื่นสาหรับงวด,4,วนของผูถ้ ือหุ้นของบริ ษทั กาไรขาดทุนเบ็ดเสร็ สารองสาหรับ การป้ องกัน ส่ ความเสี่ ยงใน กระแสเงินสด,False,movement,21960.0
MFEC,FINANCIAL_STATEMENTS_Mfec.pdf,6,thousand,con,1,25,กาไรขาดทุนเบ็ดเสร็ จอื่นสาหรับงวด,5,งบกำรเงินรวม ฯ องค์ประกอบอื่นของส่ จอื่น วนแบ่งกาไรขาดทุน เบ็ดเสร็ จอื่น จากบริ ษทั ร่ วม,False,movement,
MFEC,FINANCIAL_STATEMENTS_Mfec.pdf,6,thousand,con,1,25,กาไรขาดทุนเบ็ดเสร็ จอื่นสาหรับงวด,6,วนของผูถ้ ือหุ้น ผลต่างจากการ เปลี่ยนแปลง สัดส่ วนการถือหุ้น ในบริ ษทั ย่อย,False,movement,
MFEC,FINANCIAL_STATEMENTS_Mfec.pdf,6,thousand,con,1,25,กาไรขาดทุนเบ็ดเสร็ จอื่นสาหรับงวด,7,รวม องค์ประกอบอื่น ของส่ วนผูถ้ ือหุ ้น,False,movement,21960.0
MFEC,FINANCIAL_STATEMENTS_Mfec.pdf,6,thousand,con,1,25,กาไรขาดทุนเบ็ดเสร็ จอื่นสาหรับงวด,8,รวม ส่ วนของผูถ้ ือหุ ้น ของบริ ษทั ฯ,False,movement,21960.0
MFEC,FINANCIAL_STATEMENTS_Mfec.pdf,6,thousand,con,1,25,กาไรขาดทุนเบ็ดเสร็ จอื่นสาหรับงวด,9,(ยังไม่ได้ตรวจสอบ ส่ วนของผูม้ ีส่วนได้เสี ที่ไม่มีอานาจควบคุม ของบริ ษทั ย่อย,False,movement,
MFEC,FINANCIAL_STATEMENTS_Mfec.pdf,6,thousand,con,1,25,กาไรขาดทุนเบ็ดเสร็ จอื่นสาหรับงวด,10,แต่สอบทานแล้ว) (หน่วย: พันบาท) ย รวม ส่ วนของผูถ้ ือหุ ้น,True,movement,21960.0
MFEC,FINANCIAL_STATEMENTS_Mfec.pdf,6,thousand,con,1,26,กาไรขาดทุนเบ็ดเสร็ จรวมสาหรับงวด,0,อนหุ้น,False,movement,
MFEC,FINANCIAL_STATEMENTS_Mfec.pdf,6,thousand,con,1,26,กาไรขาดทุนเบ็ดเสร็ จรวมสาหรับงวด,1,ส่ วนเกินมูลค่า หุ้นสามัญ,False,movement,
MFEC,FINANCIAL_STATEMENTS_Mfec.pdf,6,thousand,con,1,26,กาไรขาดทุนเบ็ดเสร็ จรวมสาหรับงวด,2,กาไรสะสม จัดสรรแล้ว - สารองตามกฎหมาย,False,movement,
MFEC,FINANCIAL_STATEMENTS_Mfec.pdf,6,thousand,con,1,26,กาไรขาดทุนเบ็ดเสร็ จรวมสาหรับงวด,3,ส่ ยังไม่ได้จดั สรร,False,movement,73355.0
MFEC,FINANCIAL_STATEMENTS_Mfec.pdf,6,thousand,con,1,26,กาไรขาดทุนเบ็ดเสร็ จรวมสาหรับงวด,4,วนของผูถ้ ือหุ้นของบริ ษทั กาไรขาดทุนเบ็ดเสร็ สารองสาหรับ การป้ องกัน ส่ ความเสี่ ยงใน กระแสเงินสด,False,movement,21960.0
MFEC,FINANCIAL_STATEMENTS_Mfec.pdf,6,thousand,con,1,26,กาไรขาดทุนเบ็ดเสร็ จรวมสาหรับงวด,5,งบกำรเงินรวม ฯ องค์ประกอบอื่นของส่ จอื่น วนแบ่งกาไรขาดทุน เบ็ดเสร็ จอื่น จากบริ ษทั ร่ วม,False,movement,
MFEC,FINANCIAL_STATEMENTS_Mfec.pdf,6,thousand,con,1,26,กาไรขาดทุนเบ็ดเสร็ จรวมสาหรับงวด,6,วนของผูถ้ ือหุ้น ผลต่างจากการ เปลี่ยนแปลง สัดส่ วนการถือหุ้น ในบริ ษทั ย่อย,False,movement,
MFEC,FINANCIAL_STATEMENTS_Mfec.pdf,6,thousand,con,1,26,กาไรขาดทุนเบ็ดเสร็ จรวมสาหรับงวด,7,รวม องค์ประกอบอื่น ของส่ วนผูถ้ ือหุ ้น,False,movement,21960.0
MFEC,FINANCIAL_STATEMENTS_Mfec.pdf,6,thousand,con,1,26,กาไรขาดทุนเบ็ดเสร็ จรวมสาหรับงวด,8,รวม ส่ วนของผูถ้ ือหุ ้น ของบริ ษทั ฯ,False,movement,95315.0
MFEC,FINANCIAL_STATEMENTS_Mfec.pdf,6,thousand,con,1,26,กาไรขาดทุนเบ็ดเสร็ จรวมสาหรับงวด,9,(ยังไม่ได้ตรวจสอบ ส่ วนของผูม้ ีส่วนได้เสี ที่ไม่มีอานาจควบคุม ของบริ ษทั ย่อย,False,movement,2212.0
MFEC,FINANCIAL_STATEMENTS_Mfec.pdf,6,thousand,con,1,26,กาไรขาดทุนเบ็ดเสร็ จรวมสาหรับงวด,10,แต่สอบทานแล้ว) (หน่วย: พันบาท) ย รวม ส่ วนของผูถ้ ือหุ ้น,True,movement,97527.0
MFEC,FINANCIAL_STATEMENTS_Mfec.pdf,6,thousand,con,1,28,ที่ไม่มีอานาจควบคุม,0,อนหุ้น,False,movement,
MFEC,FINANCIAL_STATEMENTS_Mfec.pdf,6,thousand,con,1,28,ที่ไม่มีอานาจควบคุม,1,ส่ วนเกินมูลค่า หุ้นสามัญ,False,movement,
MFEC,FINANCIAL_STATEMENTS_Mfec.pdf,6,thousand,con,1,28,ที่ไม่มีอานาจควบคุม,2,กาไรสะสม จัดสรรแล้ว - สารองตามกฎหมาย,False,movement,
MFEC,FINANCIAL_STATEMENTS_Mfec.pdf,6,thousand,con,1,28,ที่ไม่มีอานาจควบคุม,3,ส่ ยังไม่ได้จดั สรร,False,movement,
MFEC,FINANCIAL_STATEMENTS_Mfec.pdf,6,thousand,con,1,28,ที่ไม่มีอานาจควบคุม,4,วนของผูถ้ ือหุ้นของบริ ษทั กาไรขาดทุนเบ็ดเสร็ สารองสาหรับ การป้ องกัน ส่ ความเสี่ ยงใน กระแสเงินสด,False,movement,
MFEC,FINANCIAL_STATEMENTS_Mfec.pdf,6,thousand,con,1,28,ที่ไม่มีอานาจควบคุม,5,งบกำรเงินรวม ฯ องค์ประกอบอื่นของส่ จอื่น วนแบ่งกาไรขาดทุน เบ็ดเสร็ จอื่น จากบริ ษทั ร่ วม,False,movement,
MFEC,FINANCIAL_STATEMENTS_Mfec.pdf,6,thousand,con,1,28,ที่ไม่มีอานาจควบคุม,6,วนของผูถ้ ือหุ้น ผลต่างจากการ เปลี่ยนแปลง สัดส่ วนการถือหุ้น ในบริ ษทั ย่อย,False,movement,
MFEC,FINANCIAL_STATEMENTS_Mfec.pdf,6,thousand,con,1,28,ที่ไม่มีอานาจควบคุม,7,รวม องค์ประกอบอื่น ของส่ วนผูถ้ ือหุ ้น,False,movement,
MFEC,FINANCIAL_STATEMENTS_Mfec.pdf,6,thousand,con,1,28,ที่ไม่มีอานาจควบคุม,8,รวม ส่ วนของผูถ้ ือหุ ้น ของบริ ษทั ฯ,False,movement,
MFEC,FINANCIAL_STATEMENTS_Mfec.pdf,6,thousand,con,1,28,ที่ไม่มีอานาจควบคุม,9,(ยังไม่ได้ตรวจสอบ ส่ วนของผูม้ ีส่วนได้เสี ที่ไม่มีอานาจควบคุม ของบริ ษทั ย่อย,False,movement,-2279.0
MFEC,FINANCIAL_STATEMENTS_Mfec.pdf,6,thousand,con,1,28,ที่ไม่มีอานาจควบคุม,10,แต่สอบทานแล้ว) (หน่วย: พันบาท) ย รวม ส่ วนของผูถ้ ือหุ ้น,True,movement,-2279.0
MFEC,FINANCIAL_STATEMENTS_Mfec.pdf,6,thousand,con,1,30,จากการลงทุนในบริ ษทั ย่อยเพิ่มขึ้น,0,อนหุ้น,False,movement,
MFEC,FINANCIAL_STATEMENTS_Mfec.pdf,6,thousand,con,1,30,จากการลงทุนในบริ ษทั ย่อยเพิ่มขึ้น,1,ส่ วนเกินมูลค่า หุ้นสามัญ,False,movement,
MFEC,FINANCIAL_STATEMENTS_Mfec.pdf,6,thousand,con,1,30,จากการลงทุนในบริ ษทั ย่อยเพิ่มขึ้น,2,กาไรสะสม จัดสรรแล้ว - สารองตามกฎหมาย,False,movement,
MFEC,FINANCIAL_STATEMENTS_Mfec.pdf,6,thousand,con,1,30,จากการลงทุนในบริ ษทั ย่อยเพิ่มขึ้น,3,ส่ ยังไม่ได้จดั สรร,False,movement,
MFEC,FINANCIAL_STATEMENTS_Mfec.pdf,6,thousand,con,1,30,จากการลงทุนในบริ ษทั ย่อยเพิ่มขึ้น,4,วนของผูถ้ ือหุ้นของบริ ษทั กาไรขาดทุนเบ็ดเสร็ สารองสาหรับ การป้ องกัน ส่ ความเสี่ ยงใน กระแสเงินสด,False,movement,
MFEC,FINANCIAL_STATEMENTS_Mfec.pdf,6,thousand,con,1,30,จากการลงทุนในบริ ษทั ย่อยเพิ่มขึ้น,5,งบกำรเงินรวม ฯ องค์ประกอบอื่นของส่ จอื่น วนแบ่งกาไรขาดทุน เบ็ดเสร็ จอื่น จากบริ ษทั ร่ วม,False,movement,
MFEC,FINANCIAL_STATEMENTS_Mfec.pdf,6,thousand,con,1,30,จากการลงทุนในบริ ษทั ย่อยเพิ่มขึ้น,6,วนของผูถ้ ือหุ้น ผลต่างจากการ เปลี่ยนแปลง สัดส่ วนการถือหุ้น ในบริ ษทั ย่อย,False,movement,
MFEC,FINANCIAL_STATEMENTS_Mfec.pdf,6,thousand,con,1,30,จากการลงทุนในบริ ษทั ย่อยเพิ่มขึ้น,7,รวม องค์ประกอบอื่น ของส่ วนผูถ้ ือหุ ้น,False,movement,
MFEC,FINANCIAL_STATEMENTS_Mfec.pdf,6,thousand,con,1,30,จากการลงทุนในบริ ษทั ย่อยเพิ่มขึ้น,8,รวม ส่ วนของผูถ้ ือหุ ้น ของบริ ษทั ฯ,False,movement,
MFEC,FINANCIAL_STATEMENTS_Mfec.pdf,6,thousand,con,1,30,จากการลงทุนในบริ ษทั ย่อยเพิ่มขึ้น,9,(ยังไม่ได้ตรวจสอบ ส่ วนของผูม้ ีส่วนได้เสี ที่ไม่มีอานาจควบคุม ของบริ ษทั ย่อย,False,movement,750.0
MFEC,FINANCIAL_STATEMENTS_Mfec.pdf,6,thousand,con,1,30,จากการลงทุนในบริ ษทั ย่อยเพิ่มขึ้น,10,แต่สอบทานแล้ว) (หน่วย: พันบาท) ย รวม ส่ วนของผูถ้ ือหุ ้น,True,movement,750.0
MFEC,FINANCIAL_STATEMENTS_Mfec.pdf,6,thousand,con,1,32,ในกระแสเงินสดไปยังต้นทุนงานระหว่างทา,0,อนหุ้น,False,movement,
MFEC,FINANCIAL_STATEMENTS_Mfec.pdf,6,thousand,con,1,32,ในกระแสเงินสดไปยังต้นทุนงานระหว่างทา,1,ส่ วนเกินมูลค่า หุ้นสามัญ,False,movement,
MFEC,FINANCIAL_STATEMENTS_Mfec.pdf,6,thousand,con,1,32,ในกระแสเงินสดไปยังต้นทุนงานระหว่างทา,2,กาไรสะสม จัดสรรแล้ว - สารองตามกฎหมาย,False,movement,
MFEC,FINANCIAL_STATEMENTS_Mfec.pdf,6,thousand,con,1,32,ในกระแสเงินสดไปยังต้นทุนงานระหว่างทา,3,ส่ ยังไม่ได้จดั สรร,False,movement,
MFEC,FINANCIAL_STATEMENTS_Mfec.pdf,6,thousand,con,1,32,ในกระแสเงินสดไปยังต้นทุนงานระหว่างทา,4,วนของผูถ้ ือหุ้นของบริ ษทั กาไรขาดทุนเบ็ดเสร็ สารองสาหรับ การป้ องกัน ส่ ความเสี่ ยงใน กระแสเงินสด,False,movement,8253.0
MFEC,FINANCIAL_STATEMENTS_Mfec.pdf,6,thousand,con,1,32,ในกระแสเงินสดไปยังต้นทุนงานระหว่างทา,5,งบกำรเงินรวม ฯ องค์ประกอบอื่นของส่ จอื่น วนแบ่งกาไรขาดทุน เบ็ดเสร็ จอื่น จากบริ ษทั ร่ วม,False,movement,
MFEC,FINANCIAL_STATEMENTS_Mfec.pdf,6,thousand,con,1,32,ในกระแสเงินสดไปยังต้นทุนงานระหว่างทา,6,วนของผูถ้ ือหุ้น ผลต่างจากการ เปลี่ยนแปลง สัดส่ วนการถือหุ้น ในบริ ษทั ย่อย,False,movement,
MFEC,FINANCIAL_STATEMENTS_Mfec.pdf,6,thousand,con,1,32,ในกระแสเงินสดไปยังต้นทุนงานระหว่างทา,7,รวม องค์ประกอบอื่น ของส่ วนผูถ้ ือหุ ้น,False,movement,8253.0
MFEC,FINANCIAL_STATEMENTS_Mfec.pdf,6,thousand,con,1,32,ในกระแสเงินสดไปยังต้นทุนงานระหว่างทา,8,รวม ส่ วนของผูถ้ ือหุ ้น ของบริ ษทั ฯ,False,movement,8253.0
MFEC,FINANCIAL_STATEMENTS_Mfec.pdf,6,thousand,con,1,32,ในกระแสเงินสดไปยังต้นทุนงานระหว่างทา,9,(ยังไม่ได้ตรวจสอบ ส่ วนของผูม้ ีส่วนได้เสี ที่ไม่มีอานาจควบคุม ของบริ ษทั ย่อย,False,movement,
MFEC,FINANCIAL_STATEMENTS_Mfec.pdf,6,thousand,con,1,32,ในกระแสเงินสดไปยังต้นทุนงานระหว่างทา,10,แต่สอบทานแล้ว) (หน่วย: พันบาท) ย รวม ส่ วนของผูถ้ ือหุ ้น,True,movement,8253.0
MFEC,FINANCIAL_STATEMENTS_Mfec.pdf,6,thousand,con,1,34,กระแสเงินสดที่โอนไปยังกาไรหรื อขาดทุน,0,อนหุ้น,False,movement,
MFEC,FINANCIAL_STATEMENTS_Mfec.pdf,6,thousand,con,1,34,กระแสเงินสดที่โอนไปยังกาไรหรื อขาดทุน,1,ส่ วนเกินมูลค่า หุ้นสามัญ,False,movement,
MFEC,FINANCIAL_STATEMENTS_Mfec.pdf,6,thousand,con,1,34,กระแสเงินสดที่โอนไปยังกาไรหรื อขาดทุน,2,กาไรสะสม จัดสรรแล้ว - สารองตามกฎหมาย,False,movement,
MFEC,FINANCIAL_STATEMENTS_Mfec.pdf,6,thousand,con,1,34,กระแสเงินสดที่โอนไปยังกาไรหรื อขาดทุน,3,ส่ ยังไม่ได้จดั สรร,False,movement,
MFEC,FINANCIAL_STATEMENTS_Mfec.pdf,6,thousand,con,1,34,กระแสเงินสดที่โอนไปยังกาไรหรื อขาดทุน,4,วนของผูถ้ ือหุ้นของบริ ษทั กาไรขาดทุนเบ็ดเสร็ สารองสาหรับ การป้ องกัน ส่ ความเสี่ ยงใน กระแสเงินสด,False,movement,33.0
MFEC,FINANCIAL_STATEMENTS_Mfec.pdf,6,thousand,con,1,34,กระแสเงินสดที่โอนไปยังกาไรหรื อขาดทุน,5,งบกำรเงินรวม ฯ องค์ประกอบอื่นของส่ จอื่น วนแบ่งกาไรขาดทุน เบ็ดเสร็ จอื่น จากบริ ษทั ร่ วม,False,movement,
MFEC,FINANCIAL_STATEMENTS_Mfec.pdf,6,thousand,con,1,34,กระแสเงินสดที่โอนไปยังกาไรหรื อขาดทุน,6,วนของผูถ้ ือหุ้น ผลต่างจากการ เปลี่ยนแปลง สัดส่ วนการถือหุ้น ในบริ ษทั ย่อย,False,movement,
MFEC,FINANCIAL_STATEMENTS_Mfec.pdf,6,thousand,con,1,34,กระแสเงินสดที่โอนไปยังกาไรหรื อขาดทุน,7,รวม องค์ประกอบอื่น ของส่ วนผูถ้ ือหุ ้น,False,movement,33.0
MFEC,FINANCIAL_STATEMENTS_Mfec.pdf,6,thousand,con,1,34,กระแสเงินสดที่โอนไปยังกาไรหรื อขาดทุน,8,รวม ส่ วนของผูถ้ ือหุ ้น ของบริ ษทั ฯ,False,movement,33.0
MFEC,FINANCIAL_STATEMENTS_Mfec.pdf,6,thousand,con,1,34,กระแสเงินสดที่โอนไปยังกาไรหรื อขาดทุน,9,(ยังไม่ได้ตรวจสอบ ส่ วนของผูม้ ีส่วนได้เสี ที่ไม่มีอานาจควบคุม ของบริ ษทั ย่อย,False,movement,
MFEC,FINANCIAL_STATEMENTS_Mfec.pdf,6,thousand,con,1,34,กระแสเงินสดที่โอนไปยังกาไรหรื อขาดทุน,10,แต่สอบทานแล้ว) (หน่วย: พันบาท) ย รวม ส่ วนของผูถ้ ือหุ ้น,True,movement,33.0
MFEC,FINANCIAL_STATEMENTS_Mfec.pdf,6,thousand,con,1,35,ยอดคงเหลือ ณ วันที่ 31 มีนำคม 2569,0,อนหุ้น,False,balance,441454.0
MFEC,FINANCIAL_STATEMENTS_Mfec.pdf,6,thousand,con,1,35,ยอดคงเหลือ ณ วันที่ 31 มีนำคม 2569,1,ส่ วนเกินมูลค่า หุ้นสามัญ,False,balance,986742.0
MFEC,FINANCIAL_STATEMENTS_Mfec.pdf,6,thousand,con,1,35,ยอดคงเหลือ ณ วันที่ 31 มีนำคม 2569,2,กาไรสะสม จัดสรรแล้ว - สารองตามกฎหมาย,False,balance,44150.0
MFEC,FINANCIAL_STATEMENTS_Mfec.pdf,6,thousand,con,1,35,ยอดคงเหลือ ณ วันที่ 31 มีนำคม 2569,3,ส่ ยังไม่ได้จดั สรร,False,balance,1208606.0
MFEC,FINANCIAL_STATEMENTS_Mfec.pdf,6,thousand,con,1,35,ยอดคงเหลือ ณ วันที่ 31 มีนำคม 2569,4,วนของผูถ้ ือหุ้นของบริ ษทั กาไรขาดทุนเบ็ดเสร็ สารองสาหรับ การป้ องกัน ส่ ความเสี่ ยงใน กระแสเงินสด,False,balance,742.0
MFEC,FINANCIAL_STATEMENTS_Mfec.pdf,6,thousand,con,1,35,ยอดคงเหลือ ณ วันที่ 31 มีนำคม 2569,5,งบกำรเงินรวม ฯ องค์ประกอบอื่นของส่ จอื่น วนแบ่งกาไรขาดทุน เบ็ดเสร็ จอื่น จากบริ ษทั ร่ วม,False,balance,-200.0
MFEC,FINANCIAL_STATEMENTS_Mfec.pdf,6,thousand,con,1,35,ยอดคงเหลือ ณ วันที่ 31 มีนำคม 2569,6,วนของผูถ้ ือหุ้น ผลต่างจากการ เปลี่ยนแปลง สัดส่ วนการถือหุ้น ในบริ ษทั ย่อย,False,balance,7162.0
MFEC,FINANCIAL_STATEMENTS_Mfec.pdf,6,thousand,con,1,35,ยอดคงเหลือ ณ วันที่ 31 มีนำคม 2569,7,รวม องค์ประกอบอื่น ของส่ วนผูถ้ ือหุ ้น,False,balance,7704.0
MFEC,FINANCIAL_STATEMENTS_Mfec.pdf,6,thousand,con,1,35,ยอดคงเหลือ ณ วันที่ 31 มีนำคม 2569,8,รวม ส่ วนของผูถ้ ือหุ ้น ของบริ ษทั ฯ,False,balance,2688656.0
MFEC,FINANCIAL_STATEMENTS_Mfec.pdf,6,thousand,con,1,35,ยอดคงเหลือ ณ วันที่ 31 มีนำคม 2569,9,(ยังไม่ได้ตรวจสอบ ส่ วนของผูม้ ีส่วนได้เสี ที่ไม่มีอานาจควบคุม ของบริ ษทั ย่อย,False,balance,26527.0
MFEC,FINANCIAL_STATEMENTS_Mfec.pdf,6,thousand,con,1,35,ยอดคงเหลือ ณ วันที่ 31 มีนำคม 2569,10,แต่สอบทานแล้ว) (หน่วย: พันบาท) ย รวม ส่ วนของผูถ้ ือหุ ้น,True,balance,2715183.0
MFEC,FINANCIAL_STATEMENTS_Mfec.pdf,7,thousand,sep,0,9,ยอดคงเหลือ ณ วันที่ 1 มกรำคม 2568,0,อนหุ ้น,False,balance,441454.0
MFEC,FINANCIAL_STATEMENTS_Mfec.pdf,7,thousand,sep,0,9,ยอดคงเหลือ ณ วันที่ 1 มกรำคม 2568,1,ส่ วนเกินมูลค่า หุ ้นสามัญ,False,balance,986742.0
MFEC,FINANCIAL_STATEMENTS_Mfec.pdf,7,thousand,sep,0,9,ยอดคงเหลือ ณ วันที่ 1 มกรำคม 2568,2,งบกำรเงินเฉพำะกิจกำร กาไรสะสม จัดสรรแล้ว - สารองตามกฎหมาย,False,balance,44150.0
MFEC,FINANCIAL_STATEMENTS_Mfec.pdf,7,thousand,sep,0,9,ยอดคงเหลือ ณ วันที่ 1 มกรำคม 2568,3,ยังไม่ได้จดั สรร,False,balance,932839.0
MFEC,FINANCIAL_STATEMENTS_Mfec.pdf,7,thousand,sep,0,9,ยอดคงเหลือ ณ วันที่ 1 มกรำคม 2568,4,(ยังไม่ได้ตรวจสอบ กาไรขาดทุนเบ็ดเสร็ จอื่น สารองสาหรับการป้ องกัน ความเสี่ ยงในกระแสเงินสด,False,balance,-11526.0
MFEC,FINANCIAL_STATEMENTS_Mfec.pdf,7,thousand,sep,0,9,ยอดคงเหลือ ณ วันที่ 1 มกรำคม 2568,5,แต่สอบทานแล้ว) (หน่วย: พันบาท) รวม ส่วนของผูถ้ ือหุ ้น,True,balance,2393659.0
MFEC,FINANCIAL_STATEMENTS_Mfec.pdf,7,thousand,sep,0,10,กาไรสาหรับงวด,0,อนหุ ้น,False,movement,
MFEC,FINANCIAL_STATEMENTS_Mfec.pdf,7,thousand,sep,0,10,กาไรสาหรับงวด,1,ส่ วนเกินมูลค่า หุ ้นสามัญ,False,movement,
MFEC,FINANCIAL_STATEMENTS_Mfec.pdf,7,thousand,sep,0,10,กาไรสาหรับงวด,2,งบกำรเงินเฉพำะกิจกำร กาไรสะสม จัดสรรแล้ว - สารองตามกฎหมาย,False,movement,
MFEC,FINANCIAL_STATEMENTS_Mfec.pdf,7,thousand,sep,0,10,กาไรสาหรับงวด,3,ยังไม่ได้จดั สรร,False,movement,86475.0
MFEC,FINANCIAL_STATEMENTS_Mfec.pdf,7,thousand,sep,0,10,กาไรสาหรับงวด,4,(ยังไม่ได้ตรวจสอบ กาไรขาดทุนเบ็ดเสร็ จอื่น สารองสาหรับการป้ องกัน ความเสี่ ยงในกระแสเงินสด,False,movement,
MFEC,FINANCIAL_STATEMENTS_Mfec.pdf,7,thousand,sep,0,10,กาไรสาหรับงวด,5,แต่สอบทานแล้ว) (หน่วย: พันบาท) รวม ส่วนของผูถ้ ือหุ ้น,True,movement,86475.0
MFEC,FINANCIAL_STATEMENTS_Mfec.pdf,7,thousand,sep,0,11,กาไรขาดทุนเบ็ดเสร็ จอื่นสาหรับงวด,0,อนหุ ้น,False,movement,
MFEC,FINANCIAL_STATEMENTS_Mfec.pdf,7,thousand,sep,0,11,กาไรขาดทุนเบ็ดเสร็ จอื่นสาหรับงวด,1,ส่ วนเกินมูลค่า หุ ้นสามัญ,False,movement,
MFEC,FINANCIAL_STATEMENTS_Mfec.pdf,7,thousand,sep,0,11,กาไรขาดทุนเบ็ดเสร็ จอื่นสาหรับงวด,2,งบกำรเงินเฉพำะกิจกำร กาไรสะสม จัดสรรแล้ว - สารองตามกฎหมาย,False,movement,
MFEC,FINANCIAL_STATEMENTS_Mfec.pdf,7,thousand,sep,0,11,กาไรขาดทุนเบ็ดเสร็ จอื่นสาหรับงวด,3,ยังไม่ได้จดั สรร,False,movement,
MFEC,FINANCIAL_STATEMENTS_Mfec.pdf,7,thousand,sep,0,11,กาไรขาดทุนเบ็ดเสร็ จอื่นสาหรับงวด,4,(ยังไม่ได้ตรวจสอบ กาไรขาดทุนเบ็ดเสร็ จอื่น สารองสาหรับการป้ องกัน ความเสี่ ยงในกระแสเงินสด,False,movement,-7931.0
MFEC,FINANCIAL_STATEMENTS_Mfec.pdf,7,thousand,sep,0,11,กาไรขาดทุนเบ็ดเสร็ จอื่นสาหรับงวด,5,แต่สอบทานแล้ว) (หน่วย: พันบาท) รวม ส่วนของผูถ้ ือหุ ้น,True,movement,-7931.0
MFEC,FINANCIAL_STATEMENTS_Mfec.pdf,7,thousand,sep,0,12,กาไรขาดทุนเบ็ดเสร็ จรวมสาหรับงวด,0,อนหุ ้น,False,movement,
MFEC,FINANCIAL_STATEMENTS_Mfec.pdf,7,thousand,sep,0,12,กาไรขาดทุนเบ็ดเสร็ จรวมสาหรับงวด,1,ส่ วนเกินมูลค่า หุ ้นสามัญ,False,movement,
MFEC,FINANCIAL_STATEMENTS_Mfec.pdf,7,thousand,sep,0,12,กาไรขาดทุนเบ็ดเสร็ จรวมสาหรับงวด,2,งบกำรเงินเฉพำะกิจกำร กาไรสะสม จัดสรรแล้ว - สารองตามกฎหมาย,False,movement,
MFEC,FINANCIAL_STATEMENTS_Mfec.pdf,7,thousand,sep,0,12,กาไรขาดทุนเบ็ดเสร็ จรวมสาหรับงวด,3,ยังไม่ได้จดั สรร,False,movement,86475.0
MFEC,FINANCIAL_STATEMENTS_Mfec.pdf,7,thousand,sep,0,12,กาไรขาดทุนเบ็ดเสร็ จรวมสาหรับงวด,4,(ยังไม่ได้ตรวจสอบ กาไรขาดทุนเบ็ดเสร็ จอื่น สารองสาหรับการป้ องกัน ความเสี่ ยงในกระแสเงินสด,False,movement,-7931.0
MFEC,FINANCIAL_STATEMENTS_Mfec.pdf,7,thousand,sep,0,12,กาไรขาดทุนเบ็ดเสร็ จรวมสาหรับงวด,5,แต่สอบทานแล้ว) (หน่วย: พันบาท) รวม ส่วนของผูถ้ ือหุ ้น,True,movement,78544.0
MFEC,FINANCIAL_STATEMENTS_Mfec.pdf,7,thousand,sep,0,14,กระแสเงินสดไปยังต้นทุนงานระหว่างทา,0,อนหุ ้น,False,movement,
MFEC,FINANCIAL_STATEMENTS_Mfec.pdf,7,thousand,sep,0,14,กระแสเงินสดไปยังต้นทุนงานระหว่างทา,1,ส่ วนเกินมูลค่า หุ ้นสามัญ,False,movement,
MFEC,FINANCIAL_STATEMENTS_Mfec.pdf,7,thousand,sep,0,14,กระแสเงินสดไปยังต้นทุนงานระหว่างทา,2,งบกำรเงินเฉพำะกิจกำร กาไรสะสม จัดสรรแล้ว - สารองตามกฎหมาย,False,movement,
MFEC,FINANCIAL_STATEMENTS_Mfec.pdf,7,thousand,sep,0,14,กระแสเงินสดไปยังต้นทุนงานระหว่างทา,3,ยังไม่ได้จดั สรร,False,movement,
MFEC,FINANCIAL_STATEMENTS_Mfec.pdf,7,thousand,sep,0,14,กระแสเงินสดไปยังต้นทุนงานระหว่างทา,4,(ยังไม่ได้ตรวจสอบ กาไรขาดทุนเบ็ดเสร็ จอื่น สารองสาหรับการป้ องกัน ความเสี่ ยงในกระแสเงินสด,False,movement,5674.0
MFEC,FINANCIAL_STATEMENTS_Mfec.pdf,7,thousand,sep,0,14,กระแสเงินสดไปยังต้นทุนงานระหว่างทา,5,แต่สอบทานแล้ว) (หน่วย: พันบาท) รวม ส่วนของผูถ้ ือหุ ้น,True,movement,5674.0
MFEC,FINANCIAL_STATEMENTS_Mfec.pdf,7,thousand,sep,0,16,กระแสเงินสดที่โอนไปยังกาไรหรื อขาดทุน,0,อนหุ ้น,False,movement,
MFEC,FINANCIAL_STATEMENTS_Mfec.pdf,7,thousand,sep,0,16,กระแสเงินสดที่โอนไปยังกาไรหรื อขาดทุน,1,ส่ วนเกินมูลค่า หุ ้นสามัญ,False,movement,
MFEC,FINANCIAL_STATEMENTS_Mfec.pdf,7,thousand,sep,0,16,กระแสเงินสดที่โอนไปยังกาไรหรื อขาดทุน,2,งบกำรเงินเฉพำะกิจกำร กาไรสะสม จัดสรรแล้ว - สารองตามกฎหมาย,False,movement,
MFEC,FINANCIAL_STATEMENTS_Mfec.pdf,7,thousand,sep,0,16,กระแสเงินสดที่โอนไปยังกาไรหรื อขาดทุน,3,ยังไม่ได้จดั สรร,False,movement,
MFEC,FINANCIAL_STATEMENTS_Mfec.pdf,7,thousand,sep,0,16,กระแสเงินสดที่โอนไปยังกาไรหรื อขาดทุน,4,(ยังไม่ได้ตรวจสอบ กาไรขาดทุนเบ็ดเสร็ จอื่น สารองสาหรับการป้ องกัน ความเสี่ ยงในกระแสเงินสด,False,movement,5.0
MFEC,FINANCIAL_STATEMENTS_Mfec.pdf,7,thousand,sep,0,16,กระแสเงินสดที่โอนไปยังกาไรหรื อขาดทุน,5,แต่สอบทานแล้ว) (หน่วย: พันบาท) รวม ส่วนของผูถ้ ือหุ ้น,True,movement,5.0
MFEC,FINANCIAL_STATEMENTS_Mfec.pdf,7,thousand,sep,0,17,ยอดคงเหลือ ณ วันที่ 31 มีนำคม 2568,0,อนหุ ้น,False,balance,441454.0
MFEC,FINANCIAL_STATEMENTS_Mfec.pdf,7,thousand,sep,0,17,ยอดคงเหลือ ณ วันที่ 31 มีนำคม 2568,1,ส่ วนเกินมูลค่า หุ ้นสามัญ,False,balance,986742.0
MFEC,FINANCIAL_STATEMENTS_Mfec.pdf,7,thousand,sep,0,17,ยอดคงเหลือ ณ วันที่ 31 มีนำคม 2568,2,งบกำรเงินเฉพำะกิจกำร กาไรสะสม จัดสรรแล้ว - สารองตามกฎหมาย,False,balance,44150.0
MFEC,FINANCIAL_STATEMENTS_Mfec.pdf,7,thousand,sep,0,17,ยอดคงเหลือ ณ วันที่ 31 มีนำคม 2568,3,ยังไม่ได้จดั สรร,False,balance,1019314.0
MFEC,FINANCIAL_STATEMENTS_Mfec.pdf,7,thousand,sep,0,17,ยอดคงเหลือ ณ วันที่ 31 มีนำคม 2568,4,(ยังไม่ได้ตรวจสอบ กาไรขาดทุนเบ็ดเสร็ จอื่น สารองสาหรับการป้ องกัน ความเสี่ ยงในกระแสเงินสด,False,balance,-13778.0
MFEC,FINANCIAL_STATEMENTS_Mfec.pdf,7,thousand,sep,0,17,ยอดคงเหลือ ณ วันที่ 31 มีนำคม 2568,5,แต่สอบทานแล้ว) (หน่วย: พันบาท) รวม ส่วนของผูถ้ ือหุ ้น,True,balance,2477882.0
MFEC,FINANCIAL_STATEMENTS_Mfec.pdf,7,thousand,sep,1,19,ยอดคงเหลือ ณ วันที่ 1 มกรำคม 2569,0,อนหุ ้น,False,balance,441454.0
MFEC,FINANCIAL_STATEMENTS_Mfec.pdf,7,thousand,sep,1,19,ยอดคงเหลือ ณ วันที่ 1 มกรำคม 2569,1,ส่ วนเกินมูลค่า หุ ้นสามัญ,False,balance,986742.0
MFEC,FINANCIAL_STATEMENTS_Mfec.pdf,7,thousand,sep,1,19,ยอดคงเหลือ ณ วันที่ 1 มกรำคม 2569,2,งบกำรเงินเฉพำะกิจกำร กาไรสะสม จัดสรรแล้ว - สารองตามกฎหมาย,False,balance,44150.0
MFEC,FINANCIAL_STATEMENTS_Mfec.pdf,7,thousand,sep,1,19,ยอดคงเหลือ ณ วันที่ 1 มกรำคม 2569,3,ยังไม่ได้จดั สรร,False,balance,941748.0
MFEC,FINANCIAL_STATEMENTS_Mfec.pdf,7,thousand,sep,1,19,ยอดคงเหลือ ณ วันที่ 1 มกรำคม 2569,4,(ยังไม่ได้ตรวจสอบ กาไรขาดทุนเบ็ดเสร็ จอื่น สารองสาหรับการป้ องกัน ความเสี่ ยงในกระแสเงินสด,False,balance,-29504.0
MFEC,FINANCIAL_STATEMENTS_Mfec.pdf,7,thousand,sep,1,19,ยอดคงเหลือ ณ วันที่ 1 มกรำคม 2569,5,แต่สอบทานแล้ว) (หน่วย: พันบาท) รวม ส่วนของผูถ้ ือหุ ้น,True,balance,2384590.0
MFEC,FINANCIAL_STATEMENTS_Mfec.pdf,7,thousand,sep,1,20,กาไรสาหรับงวด,0,อนหุ ้น,False,movement,
MFEC,FINANCIAL_STATEMENTS_Mfec.pdf,7,thousand,sep,1,20,กาไรสาหรับงวด,1,ส่ วนเกินมูลค่า หุ ้นสามัญ,False,movement,
MFEC,FINANCIAL_STATEMENTS_Mfec.pdf,7,thousand,sep,1,20,กาไรสาหรับงวด,2,งบกำรเงินเฉพำะกิจกำร กาไรสะสม จัดสรรแล้ว - สารองตามกฎหมาย,False,movement,
MFEC,FINANCIAL_STATEMENTS_Mfec.pdf,7,thousand,sep,1,20,กาไรสาหรับงวด,3,ยังไม่ได้จดั สรร,False,movement,68493.0
MFEC,FINANCIAL_STATEMENTS_Mfec.pdf,7,thousand,sep,1,20,กาไรสาหรับงวด,4,(ยังไม่ได้ตรวจสอบ กาไรขาดทุนเบ็ดเสร็ จอื่น สารองสาหรับการป้ องกัน ความเสี่ ยงในกระแสเงินสด,False,movement,
MFEC,FINANCIAL_STATEMENTS_Mfec.pdf,7,thousand,sep,1,20,กาไรสาหรับงวด,5,แต่สอบทานแล้ว) (หน่วย: พันบาท) รวม ส่วนของผูถ้ ือหุ ้น,True,movement,68493.0
MFEC,FINANCIAL_STATEMENTS_Mfec.pdf,7,thousand,sep,1,21,กาไรขาดทุนเบ็ดเสร็ จอื่นสาหรับงวด,0,อนหุ ้น,False,movement,
MFEC,FINANCIAL_STATEMENTS_Mfec.pdf,7,thousand,sep,1,21,กาไรขาดทุนเบ็ดเสร็ จอื่นสาหรับงวด,1,ส่ วนเกินมูลค่า หุ ้นสามัญ,False,movement,
MFEC,FINANCIAL_STATEMENTS_Mfec.pdf,7,thousand,sep,1,21,กาไรขาดทุนเบ็ดเสร็ จอื่นสาหรับงวด,2,งบกำรเงินเฉพำะกิจกำร กาไรสะสม จัดสรรแล้ว - สารองตามกฎหมาย,False,movement,
MFEC,FINANCIAL_STATEMENTS_Mfec.pdf,7,thousand,sep,1,21,กาไรขาดทุนเบ็ดเสร็ จอื่นสาหรับงวด,3,ยังไม่ได้จดั สรร,False,movement,
MFEC,FINANCIAL_STATEMENTS_Mfec.pdf,7,thousand,sep,1,21,กาไรขาดทุนเบ็ดเสร็ จอื่นสาหรับงวด,4,(ยังไม่ได้ตรวจสอบ กาไรขาดทุนเบ็ดเสร็ จอื่น สารองสาหรับการป้ องกัน ความเสี่ ยงในกระแสเงินสด,False,movement,21960.0
MFEC,FINANCIAL_STATEMENTS_Mfec.pdf,7,thousand,sep,1,21,กาไรขาดทุนเบ็ดเสร็ จอื่นสาหรับงวด,5,แต่สอบทานแล้ว) (หน่วย: พันบาท) รวม ส่วนของผูถ้ ือหุ ้น,True,movement,21960.0
MFEC,FINANCIAL_STATEMENTS_Mfec.pdf,7,thousand,sep,1,22,กาไรขาดทุนเบ็ดเสร็ จรวมสาหรับงวด,0,อนหุ ้น,False,movement,
MFEC,FINANCIAL_STATEMENTS_Mfec.pdf,7,thousand,sep,1,22,กาไรขาดทุนเบ็ดเสร็ จรวมสาหรับงวด,1,ส่ วนเกินมูลค่า หุ ้นสามัญ,False,movement,
MFEC,FINANCIAL_STATEMENTS_Mfec.pdf,7,thousand,sep,1,22,กาไรขาดทุนเบ็ดเสร็ จรวมสาหรับงวด,2,งบกำรเงินเฉพำะกิจกำร กาไรสะสม จัดสรรแล้ว - สารองตามกฎหมาย,False,movement,
MFEC,FINANCIAL_STATEMENTS_Mfec.pdf,7,thousand,sep,1,22,กาไรขาดทุนเบ็ดเสร็ จรวมสาหรับงวด,3,ยังไม่ได้จดั สรร,False,movement,68493.0
MFEC,FINANCIAL_STATEMENTS_Mfec.pdf,7,thousand,sep,1,22,กาไรขาดทุนเบ็ดเสร็ จรวมสาหรับงวด,4,(ยังไม่ได้ตรวจสอบ กาไรขาดทุนเบ็ดเสร็ จอื่น สารองสาหรับการป้ องกัน ความเสี่ ยงในกระแสเงินสด,False,movement,21960.0
MFEC,FINANCIAL_STATEMENTS_Mfec.pdf,7,thousand,sep,1,22,กาไรขาดทุนเบ็ดเสร็ จรวมสาหรับงวด,5,แต่สอบทานแล้ว) (หน่วย: พันบาท) รวม ส่วนของผูถ้ ือหุ ้น,True,movement,90453.0
MFEC,FINANCIAL_STATEMENTS_Mfec.pdf,7,thousand,sep,1,24,ในกระแสเงินสดไปยังต้นทุนงานระหว่างทา,0,อนหุ ้น,False,movement,
MFEC,FINANCIAL_STATEMENTS_Mfec.pdf,7,thousand,sep,1,24,ในกระแสเงินสดไปยังต้นทุนงานระหว่างทา,1,ส่ วนเกินมูลค่า หุ ้นสามัญ,False,movement,
MFEC,FINANCIAL_STATEMENTS_Mfec.pdf,7,thousand,sep,1,24,ในกระแสเงินสดไปยังต้นทุนงานระหว่างทา,2,งบกำรเงินเฉพำะกิจกำร กาไรสะสม จัดสรรแล้ว - สารองตามกฎหมาย,False,movement,
MFEC,FINANCIAL_STATEMENTS_Mfec.pdf,7,thousand,sep,1,24,ในกระแสเงินสดไปยังต้นทุนงานระหว่างทา,3,ยังไม่ได้จดั สรร,False,movement,
MFEC,FINANCIAL_STATEMENTS_Mfec.pdf,7,thousand,sep,1,24,ในกระแสเงินสดไปยังต้นทุนงานระหว่างทา,4,(ยังไม่ได้ตรวจสอบ กาไรขาดทุนเบ็ดเสร็ จอื่น สารองสาหรับการป้ องกัน ความเสี่ ยงในกระแสเงินสด,False,movement,8253.0
MFEC,FINANCIAL_STATEMENTS_Mfec.pdf,7,thousand,sep,1,24,ในกระแสเงินสดไปยังต้นทุนงานระหว่างทา,5,แต่สอบทานแล้ว) (หน่วย: พันบาท) รวม ส่วนของผูถ้ ือหุ ้น,True,movement,8253.0
MFEC,FINANCIAL_STATEMENTS_Mfec.pdf,7,thousand,sep,1,26,กระแสเงินสดที่โอนไปยังกาไรหรื อขาดทุน,0,อนหุ ้น,False,movement,
MFEC,FINANCIAL_STATEMENTS_Mfec.pdf,7,thousand,sep,1,26,กระแสเงินสดที่โอนไปยังกาไรหรื อขาดทุน,1,ส่ วนเกินมูลค่า หุ ้นสามัญ,False,movement,
MFEC,FINANCIAL_STATEMENTS_Mfec.pdf,7,thousand,sep,1,26,กระแสเงินสดที่โอนไปยังกาไรหรื อขาดทุน,2,งบกำรเงินเฉพำะกิจกำร กาไรสะสม จัดสรรแล้ว - สารองตามกฎหมาย,False,movement,
MFEC,FINANCIAL_STATEMENTS_Mfec.pdf,7,thousand,sep,1,26,กระแสเงินสดที่โอนไปยังกาไรหรื อขาดทุน,3,ยังไม่ได้จดั สรร,False,movement,
MFEC,FINANCIAL_STATEMENTS_Mfec.pdf,7,thousand,sep,1,26,กระแสเงินสดที่โอนไปยังกาไรหรื อขาดทุน,4,(ยังไม่ได้ตรวจสอบ กาไรขาดทุนเบ็ดเสร็ จอื่น สารองสาหรับการป้ องกัน ความเสี่ ยงในกระแสเงินสด,False,movement,33.0
MFEC,FINANCIAL_STATEMENTS_Mfec.pdf,7,thousand,sep,1,26,กระแสเงินสดที่โอนไปยังกาไรหรื อขาดทุน,5,แต่สอบทานแล้ว) (หน่วย: พันบาท) รวม ส่วนของผูถ้ ือหุ ้น,True,movement,33.0
MFEC,FINANCIAL_STATEMENTS_Mfec.pdf,7,thousand,sep,1,27,ยอดคงเหลือ ณ วันที่ 31 มีนำคม 2569,0,อนหุ ้น,False,balance,441454.0
MFEC,FINANCIAL_STATEMENTS_Mfec.pdf,7,thousand,sep,1,27,ยอดคงเหลือ ณ วันที่ 31 มีนำคม 2569,1,ส่ วนเกินมูลค่า หุ ้นสามัญ,False,balance,986742.0
MFEC,FINANCIAL_STATEMENTS_Mfec.pdf,7,thousand,sep,1,27,ยอดคงเหลือ ณ วันที่ 31 มีนำคม 2569,2,งบกำรเงินเฉพำะกิจกำร กาไรสะสม จัดสรรแล้ว - สารองตามกฎหมาย,False,balance,44150.0
MFEC,FINANCIAL_STATEMENTS_Mfec.pdf,7,thousand,sep,1,27,ยอดคงเหลือ ณ วันที่ 31 มีนำคม 2569,3,ยังไม่ได้จดั สรร,False,balance,1010241.0
MFEC,FINANCIAL_STATEMENTS_Mfec.pdf,7,thousand,sep,1,27,ยอดคงเหลือ ณ วันที่ 31 มีนำคม 2569,4,(ยังไม่ได้ตรวจสอบ กาไรขาดทุนเบ็ดเสร็ จอื่น สารองสาหรับการป้ องกัน ความเสี่ ยงในกระแสเงินสด,False,balance,742.0
MFEC,FINANCIAL_STATEMENTS_Mfec.pdf,7,thousand,sep,1,27,ยอดคงเหลือ ณ วันที่ 31 มีนำคม 2569,5,แต่สอบทานแล้ว) (หน่วย: พันบาท) รวม ส่วนของผูถ้ ือหุ ้น,True,balance,2483329.0
PTT,FINANCIAL_STATEMENTS_PTT.pdf,6,baht,con,0,15,ยอดคงเหลือ ณ วันที่ 1 มกราคม 2568,0,ทุนออกจาหน่ าย และชาระ เต็มมูลค่ าแล้ ว,False,balance,28562996250.0
PTT,FINANCIAL_STATEMENTS_PTT.pdf,6,baht,con,0,15,ยอดคงเหลือ ณ วันที่ 1 มกราคม 2568,1,ส่ วนเกิน มูลค่ าหุ้นสามัญ,False,balance,29211131966.0
PTT,FINANCIAL_STATEMENTS_PTT.pdf,6,baht,con,0,15,ยอดคงเหลือ ณ วันที่ 1 มกราคม 2568,2,ส่ วนเกินทุน จากการเปลี่ยนแปลง ส่ วนได้ เสีย ในบริ ษัทย่ อย,False,balance,41009841135.0
PTT,FINANCIAL_STATEMENTS_PTT.pdf,6,baht,con,0,15,ยอดคงเหลือ ณ วันที่ 1 มกราคม 2568,3,ทุนสารอง ตามกฎหมาย,False,balance,2857245725.0
PTT,FINANCIAL_STATEMENTS_PTT.pdf,6,baht,con,0,15,ยอดคงเหลือ ณ วันที่ 1 มกราคม 2568,4,จัดสรรแล้ ว ทุนสารอง เพื่อกองทุน ประกันวินาศภัย,False,balance,1370128692.0
PTT,FINANCIAL_STATEMENTS_PTT.pdf,6,baht,con,0,15,ยอดคงเหลือ ณ วันที่ 1 มกราคม 2568,5,กาไรสะสม สารอง หุ้นทุนซือ้ คืน,False,balance,
PTT,FINANCIAL_STATEMENTS_PTT.pdf,6,baht,con,0,15,ยอดคงเหลือ ณ วันที่ 1 มกราคม 2568,6,บริษัท ปตท. จากัด (มหาชน) งบการเปลี่ยนแปลงส่ สาหรับงวดสามเดือนสิน้ สุดวันที่ ส่ ยังไม่ ได้ จดั สรร,False,balance,1035610421327.0
PTT,FINANCIAL_STATEMENTS_PTT.pdf,6,baht,con,0,15,ยอดคงเหลือ ณ วันที่ 1 มกราคม 2568,7,และบริษัทย่ อย วนของผู้ถือหุ้น 31 มีนาคม 2569 วนของผู้ถือหุ้นของบริษัทฯ หุ้นทุนซือ้ คืน,False,balance,
PTT,FINANCIAL_STATEMENTS_PTT.pdf,6,baht,con,0,15,ยอดคงเหลือ ณ วันที่ 1 มกราคม 2568,8,งบการเงินรวม ผลต่ างจากการ แปลงค่ างบการเงิน ที่เป็ นเงินตรา ต่ างประเทศ,False,balance,5229374797.0
PTT,FINANCIAL_STATEMENTS_PTT.pdf,6,baht,con,0,15,ยอดคงเหลือ ณ วันที่ 1 มกราคม 2568,9,องค์ กาไรขาดทุนเบ็ดเสร็จอื่น เงินลงทุนใน สินทรัพย์ ทางการเงิน ระยะยาวอื่น,False,balance,8752449740.0
PTT,FINANCIAL_STATEMENTS_PTT.pdf,6,baht,con,0,15,ยอดคงเหลือ ณ วันที่ 1 มกราคม 2568,10,ประกอบอื่นของส่ การป้ องกัน ความเสี่ยง กระแสเงินสด,False,balance,-137149852.0
PTT,FINANCIAL_STATEMENTS_PTT.pdf,6,baht,con,0,15,ยอดคงเหลือ ณ วันที่ 1 มกราคม 2568,11,วนของผู้ถือหุ้น ส่ วนแบ่ งกาไรขาดทุน เบ็ดเสร็จอื่น ในการร่ วมค้ า และบริษัทร่ วม,False,balance,-2814268529.0
PTT,FINANCIAL_STATEMENTS_PTT.pdf,6,baht,con,0,15,ยอดคงเหลือ ณ วันที่ 1 มกราคม 2568,12,รวมองค์ ประกอบอื่น ของส่ วนของ ผู้ถือหุ้น,False,balance,11030406156.0
PTT,FINANCIAL_STATEMENTS_PTT.pdf,6,baht,con,0,15,ยอดคงเหลือ ณ วันที่ 1 มกราคม 2568,13,ส่ รวมส่ วนที่เป็ นของ ที่ไม่ ผู้ถือหุ้นของบริษัทฯ,False,balance,1149652171251.0
PTT,FINANCIAL_STATEMENTS_PTT.pdf,6,baht,con,0,15,ยอดคงเหลือ ณ วันที่ 1 มกราคม 2568,14,วนของผู้มสี ่ วนได้ เสีย มอี านาจควบคุม ของบริษัทย่ อย,False,balance,507224913408.0
PTT,FINANCIAL_STATEMENTS_PTT.pdf,6,baht,con,0,15,ยอดคงเหลือ ณ วันที่ 1 มกราคม 2568,15,ยังไม่ ได้ ตรวจสอบ แต่ สอบทานแล้ ว หน่ วย : บาท รวม ส่ วนของผู้ถือหุ้น,True,balance,1656877084659.0
PTT,FINANCIAL_STATEMENTS_PTT.pdf,6,baht,con,0,17,หุ้นทุนซื ้อคืน,0,ทุนออกจาหน่ าย และชาระ เต็มมูลค่ าแล้ ว,False,movement,
PTT,FINANCIAL_STATEMENTS_PTT.pdf,6,baht,con,0,17,หุ้นทุนซื ้อคืน,1,ส่ วนเกิน มูลค่ าหุ้นสามัญ,False,movement,
PTT,FINANCIAL_STATEMENTS_PTT.pdf,6,baht,con,0,17,หุ้นทุนซื ้อคืน,2,ส่ วนเกินทุน จากการเปลี่ยนแปลง ส่ วนได้ เสีย ในบริ ษัทย่ อย,False,movement,
PTT,FINANCIAL_STATEMENTS_PTT.pdf,6,baht,con,0,17,หุ้นทุนซื ้อคืน,3,ทุนสารอง ตามกฎหมาย,False,movement,
PTT,FINANCIAL_STATEMENTS_PTT.pdf,6,baht,con,0,17,หุ้นทุนซื ้อคืน,4,จัดสรรแล้ ว ทุนสารอง เพื่อกองทุน ประกันวินาศภัย,False,movement,
PTT,FINANCIAL_STATEMENTS_PTT.pdf,6,baht,con,0,17,หุ้นทุนซื ้อคืน,5,กาไรสะสม สารอง หุ้นทุนซือ้ คืน,False,movement,2555643437.0
PTT,FINANCIAL_STATEMENTS_PTT.pdf,6,baht,con,0,17,หุ้นทุนซื ้อคืน,6,บริษัท ปตท. จากัด (มหาชน) งบการเปลี่ยนแปลงส่ สาหรับงวดสามเดือนสิน้ สุดวันที่ ส่ ยังไม่ ได้ จดั สรร,False,movement,-2555643437.0
PTT,FINANCIAL_STATEMENTS_PTT.pdf,6,baht,con,0,17,หุ้นทุนซื ้อคืน,7,และบริษัทย่ อย วนของผู้ถือหุ้น 31 มีนาคม 2569 วนของผู้ถือหุ้นของบริษัทฯ หุ้นทุนซือ้ คืน,False,movement,-2555643437.0
PTT,FINANCIAL_STATEMENTS_PTT.pdf,6,baht,con,0,17,หุ้นทุนซื ้อคืน,8,งบการเงินรวม ผลต่ างจากการ แปลงค่ างบการเงิน ที่เป็ นเงินตรา ต่ างประเทศ,False,movement,
PTT,FINANCIAL_STATEMENTS_PTT.pdf,6,baht,con,0,17,หุ้นทุนซื ้อคืน,9,องค์ กาไรขาดทุนเบ็ดเสร็จอื่น เงินลงทุนใน สินทรัพย์ ทางการเงิน ระยะยาวอื่น,False,movement,
PTT,FINANCIAL_STATEMENTS_PTT.pdf,6,baht,con,0,17,หุ้นทุนซื ้อคืน,10,ประกอบอื่นของส่ การป้ องกัน ความเสี่ยง กระแสเงินสด,False,movement,
PTT,FINANCIAL_STATEMENTS_PTT.pdf,6,baht,con,0,17,หุ้นทุนซื ้อคืน,11,วนของผู้ถือหุ้น ส่ วนแบ่ งกาไรขาดทุน เบ็ดเสร็จอื่น ในการร่ วมค้ า และบริษัทร่ วม,False,movement,
PTT,FINANCIAL_STATEMENTS_PTT.pdf,6,baht,con,0,17,หุ้นทุนซื ้อคืน,12,รวมองค์ ประกอบอื่น ของส่ วนของ ผู้ถือหุ้น,False,movement,
PTT,FINANCIAL_STATEMENTS_PTT.pdf,6,baht,con,0,17,หุ้นทุนซื ้อคืน,13,ส่ รวมส่ วนที่เป็ นของ ที่ไม่ ผู้ถือหุ้นของบริษัทฯ,False,movement,-2555643437.0
PTT,FINANCIAL_STATEMENTS_PTT.pdf,6,baht,con,0,17,หุ้นทุนซื ้อคืน,14,วนของผู้มสี ่ วนได้ เสีย มอี านาจควบคุม ของบริษัทย่ อย,False,movement,
PTT,FINANCIAL_STATEMENTS_PTT.pdf,6,baht,con,0,17,หุ้นทุนซื ้อคืน,15,ยังไม่ ได้ ตรวจสอบ แต่ สอบทานแล้ ว หน่ วย : บาท รวม ส่ วนของผู้ถือหุ้น,True,movement,-2555643437.0
PTT,FINANCIAL_STATEMENTS_PTT.pdf,6,baht,con,0,18,เงินปันผลจ่ายของบริษัทย่อย,0,ทุนออกจาหน่ าย และชาระ เต็มมูลค่ าแล้ ว,False,movement,
PTT,FINANCIAL_STATEMENTS_PTT.pdf,6,baht,con,0,18,เงินปันผลจ่ายของบริษัทย่อย,1,ส่ วนเกิน มูลค่ าหุ้นสามัญ,False,movement,
PTT,FINANCIAL_STATEMENTS_PTT.pdf,6,baht,con,0,18,เงินปันผลจ่ายของบริษัทย่อย,2,ส่ วนเกินทุน จากการเปลี่ยนแปลง ส่ วนได้ เสีย ในบริ ษัทย่ อย,False,movement,
PTT,FINANCIAL_STATEMENTS_PTT.pdf,6,baht,con,0,18,เงินปันผลจ่ายของบริษัทย่อย,3,ทุนสารอง ตามกฎหมาย,False,movement,
PTT,FINANCIAL_STATEMENTS_PTT.pdf,6,baht,con,0,18,เงินปันผลจ่ายของบริษัทย่อย,4,จัดสรรแล้ ว ทุนสารอง เพื่อกองทุน ประกันวินาศภัย,False,movement,
PTT,FINANCIAL_STATEMENTS_PTT.pdf,6,baht,con,0,18,เงินปันผลจ่ายของบริษัทย่อย,5,กาไรสะสม สารอง หุ้นทุนซือ้ คืน,False,movement,
PTT,FINANCIAL_STATEMENTS_PTT.pdf,6,baht,con,0,18,เงินปันผลจ่ายของบริษัทย่อย,6,บริษัท ปตท. จากัด (มหาชน) งบการเปลี่ยนแปลงส่ สาหรับงวดสามเดือนสิน้ สุดวันที่ ส่ ยังไม่ ได้ จดั สรร,False,movement,
PTT,FINANCIAL_STATEMENTS_PTT.pdf,6,baht,con,0,18,เงินปันผลจ่ายของบริษัทย่อย,7,และบริษัทย่ อย วนของผู้ถือหุ้น 31 มีนาคม 2569 วนของผู้ถือหุ้นของบริษัทฯ หุ้นทุนซือ้ คืน,False,movement,
PTT,FINANCIAL_STATEMENTS_PTT.pdf,6,baht,con,0,18,เงินปันผลจ่ายของบริษัทย่อย,8,งบการเงินรวม ผลต่ างจากการ แปลงค่ างบการเงิน ที่เป็ นเงินตรา ต่ างประเทศ,False,movement,
PTT,FINANCIAL_STATEMENTS_PTT.pdf,6,baht,con,0,18,เงินปันผลจ่ายของบริษัทย่อย,9,องค์ กาไรขาดทุนเบ็ดเสร็จอื่น เงินลงทุนใน สินทรัพย์ ทางการเงิน ระยะยาวอื่น,False,movement,
PTT,FINANCIAL_STATEMENTS_PTT.pdf,6,baht,con,0,18,เงินปันผลจ่ายของบริษัทย่อย,10,ประกอบอื่นของส่ การป้ องกัน ความเสี่ยง กระแสเงินสด,False,movement,
PTT,FINANCIAL_STATEMENTS_PTT.pdf,6,baht,con,0,18,เงินปันผลจ่ายของบริษัทย่อย,11,วนของผู้ถือหุ้น ส่ วนแบ่ งกาไรขาดทุน เบ็ดเสร็จอื่น ในการร่ วมค้ า และบริษัทร่ วม,False,movement,
PTT,FINANCIAL_STATEMENTS_PTT.pdf,6,baht,con,0,18,เงินปันผลจ่ายของบริษัทย่อย,12,รวมองค์ ประกอบอื่น ของส่ วนของ ผู้ถือหุ้น,False,movement,
PTT,FINANCIAL_STATEMENTS_PTT.pdf,6,baht,con,0,18,เงินปันผลจ่ายของบริษัทย่อย,13,ส่ รวมส่ วนที่เป็ นของ ที่ไม่ ผู้ถือหุ้นของบริษัทฯ,False,movement,
PTT,FINANCIAL_STATEMENTS_PTT.pdf,6,baht,con,0,18,เงินปันผลจ่ายของบริษัทย่อย,14,วนของผู้มสี ่ วนได้ เสีย มอี านาจควบคุม ของบริษัทย่ อย,False,movement,-8352117050.0
PTT,FINANCIAL_STATEMENTS_PTT.pdf,6,baht,con,0,18,เงินปันผลจ่ายของบริษัทย่อย,15,ยังไม่ ได้ ตรวจสอบ แต่ สอบทานแล้ ว หน่ วย : บาท รวม ส่ วนของผู้ถือหุ้น,True,movement,-8352117050.0
PTT,FINANCIAL_STATEMENTS_PTT.pdf,6,baht,con,0,19,การเปลี่ยนแปลงส่วนได้ เสียในบริษัทย่อย,0,ทุนออกจาหน่ าย และชาระ เต็มมูลค่ าแล้ ว,False,movement,
PTT,FINANCIAL_STATEMENTS_PTT.pdf,6,baht,con,0,19,การเปลี่ยนแปลงส่วนได้ เสียในบริษัทย่อย,1,ส่ วนเกิน มูลค่ าหุ้นสามัญ,False,movement,
PTT,FINANCIAL_STATEMENTS_PTT.pdf,6,baht,con,0,19,การเปลี่ยนแปลงส่วนได้ เสียในบริษัทย่อย,2,ส่ วนเกินทุน จากการเปลี่ยนแปลง ส่ วนได้ เสีย ในบริ ษัทย่ อย,False,movement,23153399.0
PTT,FINANCIAL_STATEMENTS_PTT.pdf,6,baht,con,0,19,การเปลี่ยนแปลงส่วนได้ เสียในบริษัทย่อย,3,ทุนสารอง ตามกฎหมาย,False,movement,
PTT,FINANCIAL_STATEMENTS_PTT.pdf,6,baht,con,0,19,การเปลี่ยนแปลงส่วนได้ เสียในบริษัทย่อย,4,จัดสรรแล้ ว ทุนสารอง เพื่อกองทุน ประกันวินาศภัย,False,movement,
PTT,FINANCIAL_STATEMENTS_PTT.pdf,6,baht,con,0,19,การเปลี่ยนแปลงส่วนได้ เสียในบริษัทย่อย,5,กาไรสะสม สารอง หุ้นทุนซือ้ คืน,False,movement,
PTT,FINANCIAL_STATEMENTS_PTT.pdf,6,baht,con,0,19,การเปลี่ยนแปลงส่วนได้ เสียในบริษัทย่อย,6,บริษัท ปตท. จากัด (มหาชน) งบการเปลี่ยนแปลงส่ สาหรับงวดสามเดือนสิน้ สุดวันที่ ส่ ยังไม่ ได้ จดั สรร,False,movement,
PTT,FINANCIAL_STATEMENTS_PTT.pdf,6,baht,con,0,19,การเปลี่ยนแปลงส่วนได้ เสียในบริษัทย่อย,7,และบริษัทย่ อย วนของผู้ถือหุ้น 31 มีนาคม 2569 วนของผู้ถือหุ้นของบริษัทฯ หุ้นทุนซือ้ คืน,False,movement,
PTT,FINANCIAL_STATEMENTS_PTT.pdf,6,baht,con,0,19,การเปลี่ยนแปลงส่วนได้ เสียในบริษัทย่อย,8,งบการเงินรวม ผลต่ างจากการ แปลงค่ างบการเงิน ที่เป็ นเงินตรา ต่ างประเทศ,False,movement,
PTT,FINANCIAL_STATEMENTS_PTT.pdf,6,baht,con,0,19,การเปลี่ยนแปลงส่วนได้ เสียในบริษัทย่อย,9,องค์ กาไรขาดทุนเบ็ดเสร็จอื่น เงินลงทุนใน สินทรัพย์ ทางการเงิน ระยะยาวอื่น,False,movement,
PTT,FINANCIAL_STATEMENTS_PTT.pdf,6,baht,con,0,19,การเปลี่ยนแปลงส่วนได้ เสียในบริษัทย่อย,10,ประกอบอื่นของส่ การป้ องกัน ความเสี่ยง กระแสเงินสด,False,movement,
PTT,FINANCIAL_STATEMENTS_PTT.pdf,6,baht,con,0,19,การเปลี่ยนแปลงส่วนได้ เสียในบริษัทย่อย,11,วนของผู้ถือหุ้น ส่ วนแบ่ งกาไรขาดทุน เบ็ดเสร็จอื่น ในการร่ วมค้ า และบริษัทร่ วม,False,movement,
PTT,FINANCIAL_STATEMENTS_PTT.pdf,6,baht,con,0,19,การเปลี่ยนแปลงส่วนได้ เสียในบริษัทย่อย,12,รวมองค์ ประกอบอื่น ของส่ วนของ ผู้ถือหุ้น,False,movement,
PTT,FINANCIAL_STATEMENTS_PTT.pdf,6,baht,con,0,19,การเปลี่ยนแปลงส่วนได้ เสียในบริษัทย่อย,13,ส่ รวมส่ วนที่เป็ นของ ที่ไม่ ผู้ถือหุ้นของบริษัทฯ,False,movement,23153399.0
PTT,FINANCIAL_STATEMENTS_PTT.pdf,6,baht,con,0,19,การเปลี่ยนแปลงส่วนได้ เสียในบริษัทย่อย,14,วนของผู้มสี ่ วนได้ เสีย มอี านาจควบคุม ของบริษัทย่ อย,False,movement,51364315.0
PTT,FINANCIAL_STATEMENTS_PTT.pdf,6,baht,con,0,19,การเปลี่ยนแปลงส่วนได้ เสียในบริษัทย่อย,15,ยังไม่ ได้ ตรวจสอบ แต่ สอบทานแล้ ว หน่ วย : บาท รวม ส่ วนของผู้ถือหุ้น,True,movement,74517714.0
PTT,FINANCIAL_STATEMENTS_PTT.pdf,6,baht,con,0,20,การเพิ่มทุนของบริษัทย่อย,0,ทุนออกจาหน่ าย และชาระ เต็มมูลค่ าแล้ ว,False,movement,
PTT,FINANCIAL_STATEMENTS_PTT.pdf,6,baht,con,0,20,การเพิ่มทุนของบริษัทย่อย,1,ส่ วนเกิน มูลค่ าหุ้นสามัญ,False,movement,
PTT,FINANCIAL_STATEMENTS_PTT.pdf,6,baht,con,0,20,การเพิ่มทุนของบริษัทย่อย,2,ส่ วนเกินทุน จากการเปลี่ยนแปลง ส่ วนได้ เสีย ในบริ ษัทย่ อย,False,movement,
PTT,FINANCIAL_STATEMENTS_PTT.pdf,6,baht,con,0,20,การเพิ่มทุนของบริษัทย่อย,3,ทุนสารอง ตามกฎหมาย,False,movement,
PTT,FINANCIAL_STATEMENTS_PTT.pdf,6,baht,con,0,20,การเพิ่มทุนของบริษัทย่อย,4,จัดสรรแล้ ว ทุนสารอง เพื่อกองทุน ประกันวินาศภัย,False,movement,
PTT,FINANCIAL_STATEMENTS_PTT.pdf,6,baht,con,0,20,การเพิ่มทุนของบริษัทย่อย,5,กาไรสะสม สารอง หุ้นทุนซือ้ คืน,False,movement,
PTT,FINANCIAL_STATEMENTS_PTT.pdf,6,baht,con,0,20,การเพิ่มทุนของบริษัทย่อย,6,บริษัท ปตท. จากัด (มหาชน) งบการเปลี่ยนแปลงส่ สาหรับงวดสามเดือนสิน้ สุดวันที่ ส่ ยังไม่ ได้ จดั สรร,False,movement,
PTT,FINANCIAL_STATEMENTS_PTT.pdf,6,baht,con,0,20,การเพิ่มทุนของบริษัทย่อย,7,และบริษัทย่ อย วนของผู้ถือหุ้น 31 มีนาคม 2569 วนของผู้ถือหุ้นของบริษัทฯ หุ้นทุนซือ้ คืน,False,movement,
PTT,FINANCIAL_STATEMENTS_PTT.pdf,6,baht,con,0,20,การเพิ่มทุนของบริษัทย่อย,8,งบการเงินรวม ผลต่ างจากการ แปลงค่ างบการเงิน ที่เป็ นเงินตรา ต่ างประเทศ,False,movement,
PTT,FINANCIAL_STATEMENTS_PTT.pdf,6,baht,con,0,20,การเพิ่มทุนของบริษัทย่อย,9,องค์ กาไรขาดทุนเบ็ดเสร็จอื่น เงินลงทุนใน สินทรัพย์ ทางการเงิน ระยะยาวอื่น,False,movement,
PTT,FINANCIAL_STATEMENTS_PTT.pdf,6,baht,con,0,20,การเพิ่มทุนของบริษัทย่อย,10,ประกอบอื่นของส่ การป้ องกัน ความเสี่ยง กระแสเงินสด,False,movement,
PTT,FINANCIAL_STATEMENTS_PTT.pdf,6,baht,con,0,20,การเพิ่มทุนของบริษัทย่อย,11,วนของผู้ถือหุ้น ส่ วนแบ่ งกาไรขาดทุน เบ็ดเสร็จอื่น ในการร่ วมค้ า และบริษัทร่ วม,False,movement,
PTT,FINANCIAL_STATEMENTS_PTT.pdf,6,baht,con,0,20,การเพิ่มทุนของบริษัทย่อย,12,รวมองค์ ประกอบอื่น ของส่ วนของ ผู้ถือหุ้น,False,movement,
PTT,FINANCIAL_STATEMENTS_PTT.pdf,6,baht,con,0,20,การเพิ่มทุนของบริษัทย่อย,13,ส่ รวมส่ วนที่เป็ นของ ที่ไม่ ผู้ถือหุ้นของบริษัทฯ,False,movement,
PTT,FINANCIAL_STATEMENTS_PTT.pdf,6,baht,con,0,20,การเพิ่มทุนของบริษัทย่อย,14,วนของผู้มสี ่ วนได้ เสีย มอี านาจควบคุม ของบริษัทย่ อย,False,movement,24377601.0
PTT,FINANCIAL_STATEMENTS_PTT.pdf,6,baht,con,0,20,การเพิ่มทุนของบริษัทย่อย,15,ยังไม่ ได้ ตรวจสอบ แต่ สอบทานแล้ ว หน่ วย : บาท รวม ส่ วนของผู้ถือหุ้น,True,movement,24377601.0
PTT,FINANCIAL_STATEMENTS_PTT.pdf,6,baht,con,0,21,กาไรสาหรับงวด,0,ทุนออกจาหน่ าย และชาระ เต็มมูลค่ าแล้ ว,False,movement,
PTT,FINANCIAL_STATEMENTS_PTT.pdf,6,baht,con,0,21,กาไรสาหรับงวด,1,ส่ วนเกิน มูลค่ าหุ้นสามัญ,False,movement,
PTT,FINANCIAL_STATEMENTS_PTT.pdf,6,baht,con,0,21,กาไรสาหรับงวด,2,ส่ วนเกินทุน จากการเปลี่ยนแปลง ส่ วนได้ เสีย ในบริ ษัทย่ อย,False,movement,
PTT,FINANCIAL_STATEMENTS_PTT.pdf,6,baht,con,0,21,กาไรสาหรับงวด,3,ทุนสารอง ตามกฎหมาย,False,movement,
PTT,FINANCIAL_STATEMENTS_PTT.pdf,6,baht,con,0,21,กาไรสาหรับงวด,4,จัดสรรแล้ ว ทุนสารอง เพื่อกองทุน ประกันวินาศภัย,False,movement,
PTT,FINANCIAL_STATEMENTS_PTT.pdf,6,baht,con,0,21,กาไรสาหรับงวด,5,กาไรสะสม สารอง หุ้นทุนซือ้ คืน,False,movement,
PTT,FINANCIAL_STATEMENTS_PTT.pdf,6,baht,con,0,21,กาไรสาหรับงวด,6,บริษัท ปตท. จากัด (มหาชน) งบการเปลี่ยนแปลงส่ สาหรับงวดสามเดือนสิน้ สุดวันที่ ส่ ยังไม่ ได้ จดั สรร,False,movement,23315488909.0
PTT,FINANCIAL_STATEMENTS_PTT.pdf,6,baht,con,0,21,กาไรสาหรับงวด,7,และบริษัทย่ อย วนของผู้ถือหุ้น 31 มีนาคม 2569 วนของผู้ถือหุ้นของบริษัทฯ หุ้นทุนซือ้ คืน,False,movement,
PTT,FINANCIAL_STATEMENTS_PTT.pdf,6,baht,con,0,21,กาไรสาหรับงวด,8,งบการเงินรวม ผลต่ างจากการ แปลงค่ างบการเงิน ที่เป็ นเงินตรา ต่ างประเทศ,False,movement,
PTT,FINANCIAL_STATEMENTS_PTT.pdf,6,baht,con,0,21,กาไรสาหรับงวด,9,องค์ กาไรขาดทุนเบ็ดเสร็จอื่น เงินลงทุนใน สินทรัพย์ ทางการเงิน ระยะยาวอื่น,False,movement,
PTT,FINANCIAL_STATEMENTS_PTT.pdf,6,baht,con,0,21,กาไรสาหรับงวด,10,ประกอบอื่นของส่ การป้ องกัน ความเสี่ยง กระแสเงินสด,False,movement,
PTT,FINANCIAL_STATEMENTS_PTT.pdf,6,baht,con,0,21,กาไรสาหรับงวด,11,วนของผู้ถือหุ้น ส่ วนแบ่ งกาไรขาดทุน เบ็ดเสร็จอื่น ในการร่ วมค้ า และบริษัทร่ วม,False,movement,
PTT,FINANCIAL_STATEMENTS_PTT.pdf,6,baht,con,0,21,กาไรสาหรับงวด,12,รวมองค์ ประกอบอื่น ของส่ วนของ ผู้ถือหุ้น,False,movement,
PTT,FINANCIAL_STATEMENTS_PTT.pdf,6,baht,con,0,21,กาไรสาหรับงวด,13,ส่ รวมส่ วนที่เป็ นของ ที่ไม่ ผู้ถือหุ้นของบริษัทฯ,False,movement,23315488909.0
PTT,FINANCIAL_STATEMENTS_PTT.pdf,6,baht,con,0,21,กาไรสาหรับงวด,14,วนของผู้มสี ่ วนได้ เสีย มอี านาจควบคุม ของบริษัทย่ อย,False,movement,8498733961.0
PTT,FINANCIAL_STATEMENTS_PTT.pdf,6,baht,con,0,21,กาไรสาหรับงวด,15,ยังไม่ ได้ ตรวจสอบ แต่ สอบทานแล้ ว หน่ วย : บาท รวม ส่ วนของผู้ถือหุ้น,True,movement,31814222870.0
PTT,FINANCIAL_STATEMENTS_PTT.pdf,6,baht,con,0,22,กาไร(ขาดทุน)เบ็ดเสร็จอื่นสาหรับงวด,0,ทุนออกจาหน่ าย และชาระ เต็มมูลค่ าแล้ ว,False,movement,
PTT,FINANCIAL_STATEMENTS_PTT.pdf,6,baht,con,0,22,กาไร(ขาดทุน)เบ็ดเสร็จอื่นสาหรับงวด,1,ส่ วนเกิน มูลค่ าหุ้นสามัญ,False,movement,
PTT,FINANCIAL_STATEMENTS_PTT.pdf,6,baht,con,0,22,กาไร(ขาดทุน)เบ็ดเสร็จอื่นสาหรับงวด,2,ส่ วนเกินทุน จากการเปลี่ยนแปลง ส่ วนได้ เสีย ในบริ ษัทย่ อย,False,movement,
PTT,FINANCIAL_STATEMENTS_PTT.pdf,6,baht,con,0,22,กาไร(ขาดทุน)เบ็ดเสร็จอื่นสาหรับงวด,3,ทุนสารอง ตามกฎหมาย,False,movement,
PTT,FINANCIAL_STATEMENTS_PTT.pdf,6,baht,con,0,22,กาไร(ขาดทุน)เบ็ดเสร็จอื่นสาหรับงวด,4,จัดสรรแล้ ว ทุนสารอง เพื่อกองทุน ประกันวินาศภัย,False,movement,
PTT,FINANCIAL_STATEMENTS_PTT.pdf,6,baht,con,0,22,กาไร(ขาดทุน)เบ็ดเสร็จอื่นสาหรับงวด,5,กาไรสะสม สารอง หุ้นทุนซือ้ คืน,False,movement,
PTT,FINANCIAL_STATEMENTS_PTT.pdf,6,baht,con,0,22,กาไร(ขาดทุน)เบ็ดเสร็จอื่นสาหรับงวด,6,บริษัท ปตท. จากัด (มหาชน) งบการเปลี่ยนแปลงส่ สาหรับงวดสามเดือนสิน้ สุดวันที่ ส่ ยังไม่ ได้ จดั สรร,False,movement,-96647378.0
PTT,FINANCIAL_STATEMENTS_PTT.pdf,6,baht,con,0,22,กาไร(ขาดทุน)เบ็ดเสร็จอื่นสาหรับงวด,7,และบริษัทย่ อย วนของผู้ถือหุ้น 31 มีนาคม 2569 วนของผู้ถือหุ้นของบริษัทฯ หุ้นทุนซือ้ คืน,False,movement,
PTT,FINANCIAL_STATEMENTS_PTT.pdf,6,baht,con,0,22,กาไร(ขาดทุน)เบ็ดเสร็จอื่นสาหรับงวด,8,งบการเงินรวม ผลต่ างจากการ แปลงค่ างบการเงิน ที่เป็ นเงินตรา ต่ างประเทศ,False,movement,1156746676.0
PTT,FINANCIAL_STATEMENTS_PTT.pdf,6,baht,con,0,22,กาไร(ขาดทุน)เบ็ดเสร็จอื่นสาหรับงวด,9,องค์ กาไรขาดทุนเบ็ดเสร็จอื่น เงินลงทุนใน สินทรัพย์ ทางการเงิน ระยะยาวอื่น,False,movement,-696612500.0
PTT,FINANCIAL_STATEMENTS_PTT.pdf,6,baht,con,0,22,กาไร(ขาดทุน)เบ็ดเสร็จอื่นสาหรับงวด,10,ประกอบอื่นของส่ การป้ องกัน ความเสี่ยง กระแสเงินสด,False,movement,-968060890.0
PTT,FINANCIAL_STATEMENTS_PTT.pdf,6,baht,con,0,22,กาไร(ขาดทุน)เบ็ดเสร็จอื่นสาหรับงวด,11,วนของผู้ถือหุ้น ส่ วนแบ่ งกาไรขาดทุน เบ็ดเสร็จอื่น ในการร่ วมค้ า และบริษัทร่ วม,False,movement,-371161059.0
PTT,FINANCIAL_STATEMENTS_PTT.pdf,6,baht,con,0,22,กาไร(ขาดทุน)เบ็ดเสร็จอื่นสาหรับงวด,12,รวมองค์ ประกอบอื่น ของส่ วนของ ผู้ถือหุ้น,False,movement,-879087773.0
PTT,FINANCIAL_STATEMENTS_PTT.pdf,6,baht,con,0,22,กาไร(ขาดทุน)เบ็ดเสร็จอื่นสาหรับงวด,13,ส่ รวมส่ วนที่เป็ นของ ที่ไม่ ผู้ถือหุ้นของบริษัทฯ,False,movement,-975735151.0
PTT,FINANCIAL_STATEMENTS_PTT.pdf,6,baht,con,0,22,กาไร(ขาดทุน)เบ็ดเสร็จอื่นสาหรับงวด,14,วนของผู้มสี ่ วนได้ เสีย มอี านาจควบคุม ของบริษัทย่ อย,False,movement,943431923.0
PTT,FINANCIAL_STATEMENTS_PTT.pdf,6,baht,con,0,22,กาไร(ขาดทุน)เบ็ดเสร็จอื่นสาหรับงวด,15,ยังไม่ ได้ ตรวจสอบ แต่ สอบทานแล้ ว หน่ วย : บาท รวม ส่ วนของผู้ถือหุ้น,True,movement,-32303228.0
PTT,FINANCIAL_STATEMENTS_PTT.pdf,6,baht,con,0,23,ยอดคงเหลือ ณ วันที่ 31 มีนาคม 2568,0,ทุนออกจาหน่ าย และชาระ เต็มมูลค่ าแล้ ว,False,balance,28562996250.0
PTT,FINANCIAL_STATEMENTS_PTT.pdf,6,baht,con,0,23,ยอดคงเหลือ ณ วันที่ 31 มีนาคม 2568,1,ส่ วนเกิน มูลค่ าหุ้นสามัญ,False,balance,29211131966.0
PTT,FINANCIAL_STATEMENTS_PTT.pdf,6,baht,con,0,23,ยอดคงเหลือ ณ วันที่ 31 มีนาคม 2568,2,ส่ วนเกินทุน จากการเปลี่ยนแปลง ส่ วนได้ เสีย ในบริ ษัทย่ อย,False,balance,41032994534.0
PTT,FINANCIAL_STATEMENTS_PTT.pdf,6,baht,con,0,23,ยอดคงเหลือ ณ วันที่ 31 มีนาคม 2568,3,ทุนสารอง ตามกฎหมาย,False,balance,2857245725.0
PTT,FINANCIAL_STATEMENTS_PTT.pdf,6,baht,con,0,23,ยอดคงเหลือ ณ วันที่ 31 มีนาคม 2568,4,จัดสรรแล้ ว ทุนสารอง เพื่อกองทุน ประกันวินาศภัย,False,balance,1370128692.0
PTT,FINANCIAL_STATEMENTS_PTT.pdf,6,baht,con,0,23,ยอดคงเหลือ ณ วันที่ 31 มีนาคม 2568,5,กาไรสะสม สารอง หุ้นทุนซือ้ คืน,False,balance,2555643437.0
PTT,FINANCIAL_STATEMENTS_PTT.pdf,6,baht,con,0,23,ยอดคงเหลือ ณ วันที่ 31 มีนาคม 2568,6,บริษัท ปตท. จากัด (มหาชน) งบการเปลี่ยนแปลงส่ สาหรับงวดสามเดือนสิน้ สุดวันที่ ส่ ยังไม่ ได้ จดั สรร,False,balance,1056273619421.0
PTT,FINANCIAL_STATEMENTS_PTT.pdf,6,baht,con,0,23,ยอดคงเหลือ ณ วันที่ 31 มีนาคม 2568,7,และบริษัทย่ อย วนของผู้ถือหุ้น 31 มีนาคม 2569 วนของผู้ถือหุ้นของบริษัทฯ หุ้นทุนซือ้ คืน,False,balance,-2555643437.0
PTT,FINANCIAL_STATEMENTS_PTT.pdf,6,baht,con,0,23,ยอดคงเหลือ ณ วันที่ 31 มีนาคม 2568,8,งบการเงินรวม ผลต่ างจากการ แปลงค่ างบการเงิน ที่เป็ นเงินตรา ต่ างประเทศ,False,balance,6386121473.0
PTT,FINANCIAL_STATEMENTS_PTT.pdf,6,baht,con,0,23,ยอดคงเหลือ ณ วันที่ 31 มีนาคม 2568,9,องค์ กาไรขาดทุนเบ็ดเสร็จอื่น เงินลงทุนใน สินทรัพย์ ทางการเงิน ระยะยาวอื่น,False,balance,8055837240.0
PTT,FINANCIAL_STATEMENTS_PTT.pdf,6,baht,con,0,23,ยอดคงเหลือ ณ วันที่ 31 มีนาคม 2568,10,ประกอบอื่นของส่ การป้ องกัน ความเสี่ยง กระแสเงินสด,False,balance,-1105210742.0
PTT,FINANCIAL_STATEMENTS_PTT.pdf,6,baht,con,0,23,ยอดคงเหลือ ณ วันที่ 31 มีนาคม 2568,11,วนของผู้ถือหุ้น ส่ วนแบ่ งกาไรขาดทุน เบ็ดเสร็จอื่น ในการร่ วมค้ า และบริษัทร่ วม,False,balance,-3185429588.0
PTT,FINANCIAL_STATEMENTS_PTT.pdf,6,baht,con,0,23,ยอดคงเหลือ ณ วันที่ 31 มีนาคม 2568,12,รวมองค์ ประกอบอื่น ของส่ วนของ ผู้ถือหุ้น,False,balance,10151318383.0
PTT,FINANCIAL_STATEMENTS_PTT.pdf,6,baht,con,0,23,ยอดคงเหลือ ณ วันที่ 31 มีนาคม 2568,13,ส่ รวมส่ วนที่เป็ นของ ที่ไม่ ผู้ถือหุ้นของบริษัทฯ,False,balance,1169459434971.0
PTT,FINANCIAL_STATEMENTS_PTT.pdf,6,baht,con,0,23,ยอดคงเหลือ ณ วันที่ 31 มีนาคม 2568,14,วนของผู้มสี ่ วนได้ เสีย มอี านาจควบคุม ของบริษัทย่ อย,False,balance,508390704158.0
PTT,FINANCIAL_STATEMENTS_PTT.pdf,6,baht,con,0,23,ยอดคงเหลือ ณ วันที่ 31 มีนาคม 2568,15,ยังไม่ ได้ ตรวจสอบ แต่ สอบทานแล้ ว หน่ วย : บาท รวม ส่ วนของผู้ถือหุ้น,True,balance,1677850139129.0
PTT,FINANCIAL_STATEMENTS_PTT.pdf,6,baht,con,1,25,ยอดคงเหลือ ณ วันที่ 1 มกราคม 2569,0,ทุนออกจาหน่ าย และชาระ เต็มมูลค่ าแล้ ว,False,balance,28562996250.0
PTT,FINANCIAL_STATEMENTS_PTT.pdf,6,baht,con,1,25,ยอดคงเหลือ ณ วันที่ 1 มกราคม 2569,1,ส่ วนเกิน มูลค่ าหุ้นสามัญ,False,balance,29211131966.0
PTT,FINANCIAL_STATEMENTS_PTT.pdf,6,baht,con,1,25,ยอดคงเหลือ ณ วันที่ 1 มกราคม 2569,2,ส่ วนเกินทุน จากการเปลี่ยนแปลง ส่ วนได้ เสีย ในบริ ษัทย่ อย,False,balance,33213226939.0
PTT,FINANCIAL_STATEMENTS_PTT.pdf,6,baht,con,1,25,ยอดคงเหลือ ณ วันที่ 1 มกราคม 2569,3,ทุนสารอง ตามกฎหมาย,False,balance,2857245725.0
PTT,FINANCIAL_STATEMENTS_PTT.pdf,6,baht,con,1,25,ยอดคงเหลือ ณ วันที่ 1 มกราคม 2569,4,จัดสรรแล้ ว ทุนสารอง เพื่อกองทุน ประกันวินาศภัย,False,balance,1411283750.0
PTT,FINANCIAL_STATEMENTS_PTT.pdf,6,baht,con,1,25,ยอดคงเหลือ ณ วันที่ 1 มกราคม 2569,5,กาไรสะสม สารอง หุ้นทุนซือ้ คืน,False,balance,7552066570.0
PTT,FINANCIAL_STATEMENTS_PTT.pdf,6,baht,con,1,25,ยอดคงเหลือ ณ วันที่ 1 มกราคม 2569,6,บริษัท ปตท. จากัด (มหาชน) งบการเปลี่ยนแปลงส่ สาหรับงวดสามเดือนสิน้ สุดวันที่ ส่ ยังไม่ ได้ จดั สรร,False,balance,1060722990881.0
PTT,FINANCIAL_STATEMENTS_PTT.pdf,6,baht,con,1,25,ยอดคงเหลือ ณ วันที่ 1 มกราคม 2569,7,และบริษัทย่ อย วนของผู้ถือหุ้น 31 มีนาคม 2569 วนของผู้ถือหุ้นของบริษัทฯ หุ้นทุนซือ้ คืน,False,balance,-7552066570.0
PTT,FINANCIAL_STATEMENTS_PTT.pdf,6,baht,con,1,25,ยอดคงเหลือ ณ วันที่ 1 มกราคม 2569,8,งบการเงินรวม ผลต่ างจากการ แปลงค่ างบการเงิน ที่เป็ นเงินตรา ต่ างประเทศ,False,balance,-23191572376.0
PTT,FINANCIAL_STATEMENTS_PTT.pdf,6,baht,con,1,25,ยอดคงเหลือ ณ วันที่ 1 มกราคม 2569,9,องค์ กาไรขาดทุนเบ็ดเสร็จอื่น เงินลงทุนใน สินทรัพย์ ทางการเงิน ระยะยาวอื่น,False,balance,1424391446.0
PTT,FINANCIAL_STATEMENTS_PTT.pdf,6,baht,con,1,25,ยอดคงเหลือ ณ วันที่ 1 มกราคม 2569,10,ประกอบอื่นของส่ การป้ องกัน ความเสี่ยง กระแสเงินสด,False,balance,-1134487872.0
PTT,FINANCIAL_STATEMENTS_PTT.pdf,6,baht,con,1,25,ยอดคงเหลือ ณ วันที่ 1 มกราคม 2569,11,วนของผู้ถือหุ้น ส่ วนแบ่ งกาไรขาดทุน เบ็ดเสร็จอื่น ในการร่ วมค้ า และบริษัทร่ วม,False,balance,-5655110973.0
PTT,FINANCIAL_STATEMENTS_PTT.pdf,6,baht,con,1,25,ยอดคงเหลือ ณ วันที่ 1 มกราคม 2569,12,รวมองค์ ประกอบอื่น ของส่ วนของ ผู้ถือหุ้น,False,balance,-28556779775.0
PTT,FINANCIAL_STATEMENTS_PTT.pdf,6,baht,con,1,25,ยอดคงเหลือ ณ วันที่ 1 มกราคม 2569,13,ส่ รวมส่ วนที่เป็ นของ ที่ไม่ ผู้ถือหุ้นของบริษัทฯ,False,balance,1127422095736.0
PTT,FINANCIAL_STATEMENTS_PTT.pdf,6,baht,con,1,25,ยอดคงเหลือ ณ วันที่ 1 มกราคม 2569,14,วนของผู้มสี ่ วนได้ เสีย มอี านาจควบคุม ของบริษัทย่ อย,False,balance,525061514559.0
PTT,FINANCIAL_STATEMENTS_PTT.pdf,6,baht,con,1,25,ยอดคงเหลือ ณ วันที่ 1 มกราคม 2569,15,ยังไม่ ได้ ตรวจสอบ แต่ สอบทานแล้ ว หน่ วย : บาท รวม ส่ วนของผู้ถือหุ้น,True,balance,1652483610295.0
PTT,FINANCIAL_STATEMENTS_PTT.pdf,6,baht,con,1,28,ของบริษัทย่อย 15,0,ทุนออกจาหน่ าย และชาระ เต็มมูลค่ าแล้ ว,False,movement,
PTT,FINANCIAL_STATEMENTS_PTT.pdf,6,baht,con,1,28,ของบริษัทย่อย 15,1,ส่ วนเกิน มูลค่ าหุ้นสามัญ,False,movement,
PTT,FINANCIAL_STATEMENTS_PTT.pdf,6,baht,con,1,28,ของบริษัทย่อย 15,2,ส่ วนเกินทุน จากการเปลี่ยนแปลง ส่ วนได้ เสีย ในบริ ษัทย่ อย,False,movement,
PTT,FINANCIAL_STATEMENTS_PTT.pdf,6,baht,con,1,28,ของบริษัทย่อย 15,3,ทุนสารอง ตามกฎหมาย,False,movement,
PTT,FINANCIAL_STATEMENTS_PTT.pdf,6,baht,con,1,28,ของบริษัทย่อย 15,4,จัดสรรแล้ ว ทุนสารอง เพื่อกองทุน ประกันวินาศภัย,False,movement,
PTT,FINANCIAL_STATEMENTS_PTT.pdf,6,baht,con,1,28,ของบริษัทย่อย 15,5,กาไรสะสม สารอง หุ้นทุนซือ้ คืน,False,movement,
PTT,FINANCIAL_STATEMENTS_PTT.pdf,6,baht,con,1,28,ของบริษัทย่อย 15,6,บริษัท ปตท. จากัด (มหาชน) งบการเปลี่ยนแปลงส่ สาหรับงวดสามเดือนสิน้ สุดวันที่ ส่ ยังไม่ ได้ จดั สรร,False,movement,
PTT,FINANCIAL_STATEMENTS_PTT.pdf,6,baht,con,1,28,ของบริษัทย่อย 15,7,และบริษัทย่ อย วนของผู้ถือหุ้น 31 มีนาคม 2569 วนของผู้ถือหุ้นของบริษัทฯ หุ้นทุนซือ้ คืน,False,movement,
PTT,FINANCIAL_STATEMENTS_PTT.pdf,6,baht,con,1,28,ของบริษัทย่อย 15,8,งบการเงินรวม ผลต่ างจากการ แปลงค่ างบการเงิน ที่เป็ นเงินตรา ต่ างประเทศ,False,movement,
PTT,FINANCIAL_STATEMENTS_PTT.pdf,6,baht,con,1,28,ของบริษัทย่อย 15,9,องค์ กาไรขาดทุนเบ็ดเสร็จอื่น เงินลงทุนใน สินทรัพย์ ทางการเงิน ระยะยาวอื่น,False,movement,
PTT,FINANCIAL_STATEMENTS_PTT.pdf,6,baht,con,1,28,ของบริษัทย่อย 15,10,ประกอบอื่นของส่ การป้ องกัน ความเสี่ยง กระแสเงินสด,False,movement,
PTT,FINANCIAL_STATEMENTS_PTT.pdf,6,baht,con,1,28,ของบริษัทย่อย 15,11,วนของผู้ถือหุ้น ส่ วนแบ่ งกาไรขาดทุน เบ็ดเสร็จอื่น ในการร่ วมค้ า และบริษัทร่ วม,False,movement,
PTT,FINANCIAL_STATEMENTS_PTT.pdf,6,baht,con,1,28,ของบริษัทย่อย 15,12,รวมองค์ ประกอบอื่น ของส่ วนของ ผู้ถือหุ้น,False,movement,
PTT,FINANCIAL_STATEMENTS_PTT.pdf,6,baht,con,1,28,ของบริษัทย่อย 15,13,ส่ รวมส่ วนที่เป็ นของ ที่ไม่ ผู้ถือหุ้นของบริษัทฯ,False,movement,
PTT,FINANCIAL_STATEMENTS_PTT.pdf,6,baht,con,1,28,ของบริษัทย่อย 15,14,วนของผู้มสี ่ วนได้ เสีย มอี านาจควบคุม ของบริษัทย่ อย,False,movement,18899704233.0
PTT,FINANCIAL_STATEMENTS_PTT.pdf,6,baht,con,1,28,ของบริษัทย่อย 15,15,ยังไม่ ได้ ตรวจสอบ แต่ สอบทานแล้ ว หน่ วย : บาท รวม ส่ วนของผู้ถือหุ้น,True,movement,18899704233.0
PTT,FINANCIAL_STATEMENTS_PTT.pdf,6,baht,con,1,30,ของบริษัทย่อย,0,ทุนออกจาหน่ าย และชาระ เต็มมูลค่ าแล้ ว,False,movement,
PTT,FINANCIAL_STATEMENTS_PTT.pdf,6,baht,con,1,30,ของบริษัทย่อย,1,ส่ วนเกิน มูลค่ าหุ้นสามัญ,False,movement,
PTT,FINANCIAL_STATEMENTS_PTT.pdf,6,baht,con,1,30,ของบริษัทย่อย,2,ส่ วนเกินทุน จากการเปลี่ยนแปลง ส่ วนได้ เสีย ในบริ ษัทย่ อย,False,movement,
PTT,FINANCIAL_STATEMENTS_PTT.pdf,6,baht,con,1,30,ของบริษัทย่อย,3,ทุนสารอง ตามกฎหมาย,False,movement,
PTT,FINANCIAL_STATEMENTS_PTT.pdf,6,baht,con,1,30,ของบริษัทย่อย,4,จัดสรรแล้ ว ทุนสารอง เพื่อกองทุน ประกันวินาศภัย,False,movement,
PTT,FINANCIAL_STATEMENTS_PTT.pdf,6,baht,con,1,30,ของบริษัทย่อย,5,กาไรสะสม สารอง หุ้นทุนซือ้ คืน,False,movement,
PTT,FINANCIAL_STATEMENTS_PTT.pdf,6,baht,con,1,30,ของบริษัทย่อย,6,บริษัท ปตท. จากัด (มหาชน) งบการเปลี่ยนแปลงส่ สาหรับงวดสามเดือนสิน้ สุดวันที่ ส่ ยังไม่ ได้ จดั สรร,False,movement,
PTT,FINANCIAL_STATEMENTS_PTT.pdf,6,baht,con,1,30,ของบริษัทย่อย,7,และบริษัทย่ อย วนของผู้ถือหุ้น 31 มีนาคม 2569 วนของผู้ถือหุ้นของบริษัทฯ หุ้นทุนซือ้ คืน,False,movement,
PTT,FINANCIAL_STATEMENTS_PTT.pdf,6,baht,con,1,30,ของบริษัทย่อย,8,งบการเงินรวม ผลต่ างจากการ แปลงค่ างบการเงิน ที่เป็ นเงินตรา ต่ างประเทศ,False,movement,
PTT,FINANCIAL_STATEMENTS_PTT.pdf,6,baht,con,1,30,ของบริษัทย่อย,9,องค์ กาไรขาดทุนเบ็ดเสร็จอื่น เงินลงทุนใน สินทรัพย์ ทางการเงิน ระยะยาวอื่น,False,movement,
PTT,FINANCIAL_STATEMENTS_PTT.pdf,6,baht,con,1,30,ของบริษัทย่อย,10,ประกอบอื่นของส่ การป้ องกัน ความเสี่ยง กระแสเงินสด,False,movement,
PTT,FINANCIAL_STATEMENTS_PTT.pdf,6,baht,con,1,30,ของบริษัทย่อย,11,วนของผู้ถือหุ้น ส่ วนแบ่ งกาไรขาดทุน เบ็ดเสร็จอื่น ในการร่ วมค้ า และบริษัทร่ วม,False,movement,
PTT,FINANCIAL_STATEMENTS_PTT.pdf,6,baht,con,1,30,ของบริษัทย่อย,12,รวมองค์ ประกอบอื่น ของส่ วนของ ผู้ถือหุ้น,False,movement,
PTT,FINANCIAL_STATEMENTS_PTT.pdf,6,baht,con,1,30,ของบริษัทย่อย,13,ส่ รวมส่ วนที่เป็ นของ ที่ไม่ ผู้ถือหุ้นของบริษัทฯ,False,movement,
PTT,FINANCIAL_STATEMENTS_PTT.pdf,6,baht,con,1,30,ของบริษัทย่อย,14,วนของผู้มสี ่ วนได้ เสีย มอี านาจควบคุม ของบริษัทย่ อย,False,movement,-574765345.0
PTT,FINANCIAL_STATEMENTS_PTT.pdf,6,baht,con,1,30,ของบริษัทย่อย,15,ยังไม่ ได้ ตรวจสอบ แต่ สอบทานแล้ ว หน่ วย : บาท รวม ส่ วนของผู้ถือหุ้น,True,movement,-574765345.0
PTT,FINANCIAL_STATEMENTS_PTT.pdf,6,baht,con,1,31,เงินปันผลจ่ายของบริษัทย่อย,0,ทุนออกจาหน่ าย และชาระ เต็มมูลค่ าแล้ ว,False,movement,
PTT,FINANCIAL_STATEMENTS_PTT.pdf,6,baht,con,1,31,เงินปันผลจ่ายของบริษัทย่อย,1,ส่ วนเกิน มูลค่ าหุ้นสามัญ,False,movement,
PTT,FINANCIAL_STATEMENTS_PTT.pdf,6,baht,con,1,31,เงินปันผลจ่ายของบริษัทย่อย,2,ส่ วนเกินทุน จากการเปลี่ยนแปลง ส่ วนได้ เสีย ในบริ ษัทย่ อย,False,movement,
PTT,FINANCIAL_STATEMENTS_PTT.pdf,6,baht,con,1,31,เงินปันผลจ่ายของบริษัทย่อย,3,ทุนสารอง ตามกฎหมาย,False,movement,
PTT,FINANCIAL_STATEMENTS_PTT.pdf,6,baht,con,1,31,เงินปันผลจ่ายของบริษัทย่อย,4,จัดสรรแล้ ว ทุนสารอง เพื่อกองทุน ประกันวินาศภัย,False,movement,
PTT,FINANCIAL_STATEMENTS_PTT.pdf,6,baht,con,1,31,เงินปันผลจ่ายของบริษัทย่อย,5,กาไรสะสม สารอง หุ้นทุนซือ้ คืน,False,movement,
PTT,FINANCIAL_STATEMENTS_PTT.pdf,6,baht,con,1,31,เงินปันผลจ่ายของบริษัทย่อย,6,บริษัท ปตท. จากัด (มหาชน) งบการเปลี่ยนแปลงส่ สาหรับงวดสามเดือนสิน้ สุดวันที่ ส่ ยังไม่ ได้ จดั สรร,False,movement,
PTT,FINANCIAL_STATEMENTS_PTT.pdf,6,baht,con,1,31,เงินปันผลจ่ายของบริษัทย่อย,7,และบริษัทย่ อย วนของผู้ถือหุ้น 31 มีนาคม 2569 วนของผู้ถือหุ้นของบริษัทฯ หุ้นทุนซือ้ คืน,False,movement,
PTT,FINANCIAL_STATEMENTS_PTT.pdf,6,baht,con,1,31,เงินปันผลจ่ายของบริษัทย่อย,8,งบการเงินรวม ผลต่ างจากการ แปลงค่ างบการเงิน ที่เป็ นเงินตรา ต่ างประเทศ,False,movement,
PTT,FINANCIAL_STATEMENTS_PTT.pdf,6,baht,con,1,31,เงินปันผลจ่ายของบริษัทย่อย,9,องค์ กาไรขาดทุนเบ็ดเสร็จอื่น เงินลงทุนใน สินทรัพย์ ทางการเงิน ระยะยาวอื่น,False,movement,
PTT,FINANCIAL_STATEMENTS_PTT.pdf,6,baht,con,1,31,เงินปันผลจ่ายของบริษัทย่อย,10,ประกอบอื่นของส่ การป้ องกัน ความเสี่ยง กระแสเงินสด,False,movement,
PTT,FINANCIAL_STATEMENTS_PTT.pdf,6,baht,con,1,31,เงินปันผลจ่ายของบริษัทย่อย,11,วนของผู้ถือหุ้น ส่ วนแบ่ งกาไรขาดทุน เบ็ดเสร็จอื่น ในการร่ วมค้ า และบริษัทร่ วม,False,movement,
PTT,FINANCIAL_STATEMENTS_PTT.pdf,6,baht,con,1,31,เงินปันผลจ่ายของบริษัทย่อย,12,รวมองค์ ประกอบอื่น ของส่ วนของ ผู้ถือหุ้น,False,movement,
PTT,FINANCIAL_STATEMENTS_PTT.pdf,6,baht,con,1,31,เงินปันผลจ่ายของบริษัทย่อย,13,ส่ รวมส่ วนที่เป็ นของ ที่ไม่ ผู้ถือหุ้นของบริษัทฯ,False,movement,
PTT,FINANCIAL_STATEMENTS_PTT.pdf,6,baht,con,1,31,เงินปันผลจ่ายของบริษัทย่อย,14,วนของผู้มสี ่ วนได้ เสีย มอี านาจควบคุม ของบริษัทย่ อย,False,movement,-6710837072.0
PTT,FINANCIAL_STATEMENTS_PTT.pdf,6,baht,con,1,31,เงินปันผลจ่ายของบริษัทย่อย,15,ยังไม่ ได้ ตรวจสอบ แต่ สอบทานแล้ ว หน่ วย : บาท รวม ส่ วนของผู้ถือหุ้น,True,movement,-6710837072.0
PTT,FINANCIAL_STATEMENTS_PTT.pdf,6,baht,con,1,32,การเพิ่มทุนของบริษัทย่อย,0,ทุนออกจาหน่ าย และชาระ เต็มมูลค่ าแล้ ว,False,movement,
PTT,FINANCIAL_STATEMENTS_PTT.pdf,6,baht,con,1,32,การเพิ่มทุนของบริษัทย่อย,1,ส่ วนเกิน มูลค่ าหุ้นสามัญ,False,movement,
PTT,FINANCIAL_STATEMENTS_PTT.pdf,6,baht,con,1,32,การเพิ่มทุนของบริษัทย่อย,2,ส่ วนเกินทุน จากการเปลี่ยนแปลง ส่ วนได้ เสีย ในบริ ษัทย่ อย,False,movement,
PTT,FINANCIAL_STATEMENTS_PTT.pdf,6,baht,con,1,32,การเพิ่มทุนของบริษัทย่อย,3,ทุนสารอง ตามกฎหมาย,False,movement,
PTT,FINANCIAL_STATEMENTS_PTT.pdf,6,baht,con,1,32,การเพิ่มทุนของบริษัทย่อย,4,จัดสรรแล้ ว ทุนสารอง เพื่อกองทุน ประกันวินาศภัย,False,movement,
PTT,FINANCIAL_STATEMENTS_PTT.pdf,6,baht,con,1,32,การเพิ่มทุนของบริษัทย่อย,5,กาไรสะสม สารอง หุ้นทุนซือ้ คืน,False,movement,
PTT,FINANCIAL_STATEMENTS_PTT.pdf,6,baht,con,1,32,การเพิ่มทุนของบริษัทย่อย,6,บริษัท ปตท. จากัด (มหาชน) งบการเปลี่ยนแปลงส่ สาหรับงวดสามเดือนสิน้ สุดวันที่ ส่ ยังไม่ ได้ จดั สรร,False,movement,
PTT,FINANCIAL_STATEMENTS_PTT.pdf,6,baht,con,1,32,การเพิ่มทุนของบริษัทย่อย,7,และบริษัทย่ อย วนของผู้ถือหุ้น 31 มีนาคม 2569 วนของผู้ถือหุ้นของบริษัทฯ หุ้นทุนซือ้ คืน,False,movement,
PTT,FINANCIAL_STATEMENTS_PTT.pdf,6,baht,con,1,32,การเพิ่มทุนของบริษัทย่อย,8,งบการเงินรวม ผลต่ างจากการ แปลงค่ างบการเงิน ที่เป็ นเงินตรา ต่ างประเทศ,False,movement,
PTT,FINANCIAL_STATEMENTS_PTT.pdf,6,baht,con,1,32,การเพิ่มทุนของบริษัทย่อย,9,องค์ กาไรขาดทุนเบ็ดเสร็จอื่น เงินลงทุนใน สินทรัพย์ ทางการเงิน ระยะยาวอื่น,False,movement,
PTT,FINANCIAL_STATEMENTS_PTT.pdf,6,baht,con,1,32,การเพิ่มทุนของบริษัทย่อย,10,ประกอบอื่นของส่ การป้ องกัน ความเสี่ยง กระแสเงินสด,False,movement,
PTT,FINANCIAL_STATEMENTS_PTT.pdf,6,baht,con,1,32,การเพิ่มทุนของบริษัทย่อย,11,วนของผู้ถือหุ้น ส่ วนแบ่ งกาไรขาดทุน เบ็ดเสร็จอื่น ในการร่ วมค้ า และบริษัทร่ วม,False,movement,
PTT,FINANCIAL_STATEMENTS_PTT.pdf,6,baht,con,1,32,การเพิ่มทุนของบริษัทย่อย,12,รวมองค์ ประกอบอื่น ของส่ วนของ ผู้ถือหุ้น,False,movement,
PTT,FINANCIAL_STATEMENTS_PTT.pdf,6,baht,con,1,32,การเพิ่มทุนของบริษัทย่อย,13,ส่ รวมส่ วนที่เป็ นของ ที่ไม่ ผู้ถือหุ้นของบริษัทฯ,False,movement,
PTT,FINANCIAL_STATEMENTS_PTT.pdf,6,baht,con,1,32,การเพิ่มทุนของบริษัทย่อย,14,วนของผู้มสี ่ วนได้ เสีย มอี านาจควบคุม ของบริษัทย่ อย,False,movement,8785276.0
PTT,FINANCIAL_STATEMENTS_PTT.pdf,6,baht,con,1,32,การเพิ่มทุนของบริษัทย่อย,15,ยังไม่ ได้ ตรวจสอบ แต่ สอบทานแล้ ว หน่ วย : บาท รวม ส่ วนของผู้ถือหุ้น,True,movement,8785276.0
PTT,FINANCIAL_STATEMENTS_PTT.pdf,6,baht,con,1,34,สินทรัพย์สทุ ธิของบริษัทร่วม,0,ทุนออกจาหน่ าย และชาระ เต็มมูลค่ าแล้ ว,False,movement,
PTT,FINANCIAL_STATEMENTS_PTT.pdf,6,baht,con,1,34,สินทรัพย์สทุ ธิของบริษัทร่วม,1,ส่ วนเกิน มูลค่ าหุ้นสามัญ,False,movement,
PTT,FINANCIAL_STATEMENTS_PTT.pdf,6,baht,con,1,34,สินทรัพย์สทุ ธิของบริษัทร่วม,2,ส่ วนเกินทุน จากการเปลี่ยนแปลง ส่ วนได้ เสีย ในบริ ษัทย่ อย,False,movement,
PTT,FINANCIAL_STATEMENTS_PTT.pdf,6,baht,con,1,34,สินทรัพย์สทุ ธิของบริษัทร่วม,3,ทุนสารอง ตามกฎหมาย,False,movement,
PTT,FINANCIAL_STATEMENTS_PTT.pdf,6,baht,con,1,34,สินทรัพย์สทุ ธิของบริษัทร่วม,4,จัดสรรแล้ ว ทุนสารอง เพื่อกองทุน ประกันวินาศภัย,False,movement,
PTT,FINANCIAL_STATEMENTS_PTT.pdf,6,baht,con,1,34,สินทรัพย์สทุ ธิของบริษัทร่วม,5,กาไรสะสม สารอง หุ้นทุนซือ้ คืน,False,movement,
PTT,FINANCIAL_STATEMENTS_PTT.pdf,6,baht,con,1,34,สินทรัพย์สทุ ธิของบริษัทร่วม,6,บริษัท ปตท. จากัด (มหาชน) งบการเปลี่ยนแปลงส่ สาหรับงวดสามเดือนสิน้ สุดวันที่ ส่ ยังไม่ ได้ จดั สรร,False,movement,154841186.0
PTT,FINANCIAL_STATEMENTS_PTT.pdf,6,baht,con,1,34,สินทรัพย์สทุ ธิของบริษัทร่วม,7,และบริษัทย่ อย วนของผู้ถือหุ้น 31 มีนาคม 2569 วนของผู้ถือหุ้นของบริษัทฯ หุ้นทุนซือ้ คืน,False,movement,
PTT,FINANCIAL_STATEMENTS_PTT.pdf,6,baht,con,1,34,สินทรัพย์สทุ ธิของบริษัทร่วม,8,งบการเงินรวม ผลต่ างจากการ แปลงค่ างบการเงิน ที่เป็ นเงินตรา ต่ างประเทศ,False,movement,
PTT,FINANCIAL_STATEMENTS_PTT.pdf,6,baht,con,1,34,สินทรัพย์สทุ ธิของบริษัทร่วม,9,องค์ กาไรขาดทุนเบ็ดเสร็จอื่น เงินลงทุนใน สินทรัพย์ ทางการเงิน ระยะยาวอื่น,False,movement,
PTT,FINANCIAL_STATEMENTS_PTT.pdf,6,baht,con,1,34,สินทรัพย์สทุ ธิของบริษัทร่วม,10,ประกอบอื่นของส่ การป้ องกัน ความเสี่ยง กระแสเงินสด,False,movement,
PTT,FINANCIAL_STATEMENTS_PTT.pdf,6,baht,con,1,34,สินทรัพย์สทุ ธิของบริษัทร่วม,11,วนของผู้ถือหุ้น ส่ วนแบ่ งกาไรขาดทุน เบ็ดเสร็จอื่น ในการร่ วมค้ า และบริษัทร่ วม,False,movement,
PTT,FINANCIAL_STATEMENTS_PTT.pdf,6,baht,con,1,34,สินทรัพย์สทุ ธิของบริษัทร่วม,12,รวมองค์ ประกอบอื่น ของส่ วนของ ผู้ถือหุ้น,False,movement,
PTT,FINANCIAL_STATEMENTS_PTT.pdf,6,baht,con,1,34,สินทรัพย์สทุ ธิของบริษัทร่วม,13,ส่ รวมส่ วนที่เป็ นของ ที่ไม่ ผู้ถือหุ้นของบริษัทฯ,False,movement,154841186.0
PTT,FINANCIAL_STATEMENTS_PTT.pdf,6,baht,con,1,34,สินทรัพย์สทุ ธิของบริษัทร่วม,14,วนของผู้มสี ่ วนได้ เสีย มอี านาจควบคุม ของบริษัทย่ อย,False,movement,167720628.0
PTT,FINANCIAL_STATEMENTS_PTT.pdf,6,baht,con,1,34,สินทรัพย์สทุ ธิของบริษัทร่วม,15,ยังไม่ ได้ ตรวจสอบ แต่ สอบทานแล้ ว หน่ วย : บาท รวม ส่ วนของผู้ถือหุ้น,True,movement,322561814.0
PTT,FINANCIAL_STATEMENTS_PTT.pdf,6,baht,con,1,35,กาไรสาหรับงวด,0,ทุนออกจาหน่ าย และชาระ เต็มมูลค่ าแล้ ว,False,movement,
PTT,FINANCIAL_STATEMENTS_PTT.pdf,6,baht,con,1,35,กาไรสาหรับงวด,1,ส่ วนเกิน มูลค่ าหุ้นสามัญ,False,movement,
PTT,FINANCIAL_STATEMENTS_PTT.pdf,6,baht,con,1,35,กาไรสาหรับงวด,2,ส่ วนเกินทุน จากการเปลี่ยนแปลง ส่ วนได้ เสีย ในบริ ษัทย่ อย,False,movement,
PTT,FINANCIAL_STATEMENTS_PTT.pdf,6,baht,con,1,35,กาไรสาหรับงวด,3,ทุนสารอง ตามกฎหมาย,False,movement,
PTT,FINANCIAL_STATEMENTS_PTT.pdf,6,baht,con,1,35,กาไรสาหรับงวด,4,จัดสรรแล้ ว ทุนสารอง เพื่อกองทุน ประกันวินาศภัย,False,movement,
PTT,FINANCIAL_STATEMENTS_PTT.pdf,6,baht,con,1,35,กาไรสาหรับงวด,5,กาไรสะสม สารอง หุ้นทุนซือ้ คืน,False,movement,
PTT,FINANCIAL_STATEMENTS_PTT.pdf,6,baht,con,1,35,กาไรสาหรับงวด,6,บริษัท ปตท. จากัด (มหาชน) งบการเปลี่ยนแปลงส่ สาหรับงวดสามเดือนสิน้ สุดวันที่ ส่ ยังไม่ ได้ จดั สรร,False,movement,25738298847.0
PTT,FINANCIAL_STATEMENTS_PTT.pdf,6,baht,con,1,35,กาไรสาหรับงวด,7,และบริษัทย่ อย วนของผู้ถือหุ้น 31 มีนาคม 2569 วนของผู้ถือหุ้นของบริษัทฯ หุ้นทุนซือ้ คืน,False,movement,
PTT,FINANCIAL_STATEMENTS_PTT.pdf,6,baht,con,1,35,กาไรสาหรับงวด,8,งบการเงินรวม ผลต่ างจากการ แปลงค่ างบการเงิน ที่เป็ นเงินตรา ต่ างประเทศ,False,movement,
PTT,FINANCIAL_STATEMENTS_PTT.pdf,6,baht,con,1,35,กาไรสาหรับงวด,9,องค์ กาไรขาดทุนเบ็ดเสร็จอื่น เงินลงทุนใน สินทรัพย์ ทางการเงิน ระยะยาวอื่น,False,movement,
PTT,FINANCIAL_STATEMENTS_PTT.pdf,6,baht,con,1,35,กาไรสาหรับงวด,10,ประกอบอื่นของส่ การป้ องกัน ความเสี่ยง กระแสเงินสด,False,movement,
PTT,FINANCIAL_STATEMENTS_PTT.pdf,6,baht,con,1,35,กาไรสาหรับงวด,11,วนของผู้ถือหุ้น ส่ วนแบ่ งกาไรขาดทุน เบ็ดเสร็จอื่น ในการร่ วมค้ า และบริษัทร่ วม,False,movement,
PTT,FINANCIAL_STATEMENTS_PTT.pdf,6,baht,con,1,35,กาไรสาหรับงวด,12,รวมองค์ ประกอบอื่น ของส่ วนของ ผู้ถือหุ้น,False,movement,
PTT,FINANCIAL_STATEMENTS_PTT.pdf,6,baht,con,1,35,กาไรสาหรับงวด,13,ส่ รวมส่ วนที่เป็ นของ ที่ไม่ ผู้ถือหุ้นของบริษัทฯ,False,movement,25738298847.0
PTT,FINANCIAL_STATEMENTS_PTT.pdf,6,baht,con,1,35,กาไรสาหรับงวด,14,วนของผู้มสี ่ วนได้ เสีย มอี านาจควบคุม ของบริษัทย่ อย,False,movement,15885151057.0
PTT,FINANCIAL_STATEMENTS_PTT.pdf,6,baht,con,1,35,กาไรสาหรับงวด,15,ยังไม่ ได้ ตรวจสอบ แต่ สอบทานแล้ ว หน่ วย : บาท รวม ส่ วนของผู้ถือหุ้น,True,movement,41623449904.0
PTT,FINANCIAL_STATEMENTS_PTT.pdf,6,baht,con,1,36,กาไรเบ็ดเสร็จอื่นสาหรับงวด,0,ทุนออกจาหน่ าย และชาระ เต็มมูลค่ าแล้ ว,False,movement,
PTT,FINANCIAL_STATEMENTS_PTT.pdf,6,baht,con,1,36,กาไรเบ็ดเสร็จอื่นสาหรับงวด,1,ส่ วนเกิน มูลค่ าหุ้นสามัญ,False,movement,
PTT,FINANCIAL_STATEMENTS_PTT.pdf,6,baht,con,1,36,กาไรเบ็ดเสร็จอื่นสาหรับงวด,2,ส่ วนเกินทุน จากการเปลี่ยนแปลง ส่ วนได้ เสีย ในบริ ษัทย่ อย,False,movement,
PTT,FINANCIAL_STATEMENTS_PTT.pdf,6,baht,con,1,36,กาไรเบ็ดเสร็จอื่นสาหรับงวด,3,ทุนสารอง ตามกฎหมาย,False,movement,
PTT,FINANCIAL_STATEMENTS_PTT.pdf,6,baht,con,1,36,กาไรเบ็ดเสร็จอื่นสาหรับงวด,4,จัดสรรแล้ ว ทุนสารอง เพื่อกองทุน ประกันวินาศภัย,False,movement,
PTT,FINANCIAL_STATEMENTS_PTT.pdf,6,baht,con,1,36,กาไรเบ็ดเสร็จอื่นสาหรับงวด,5,กาไรสะสม สารอง หุ้นทุนซือ้ คืน,False,movement,
PTT,FINANCIAL_STATEMENTS_PTT.pdf,6,baht,con,1,36,กาไรเบ็ดเสร็จอื่นสาหรับงวด,6,บริษัท ปตท. จากัด (มหาชน) งบการเปลี่ยนแปลงส่ สาหรับงวดสามเดือนสิน้ สุดวันที่ ส่ ยังไม่ ได้ จดั สรร,False,movement,9781950.0
PTT,FINANCIAL_STATEMENTS_PTT.pdf,6,baht,con,1,36,กาไรเบ็ดเสร็จอื่นสาหรับงวด,7,และบริษัทย่ อย วนของผู้ถือหุ้น 31 มีนาคม 2569 วนของผู้ถือหุ้นของบริษัทฯ หุ้นทุนซือ้ คืน,False,movement,
PTT,FINANCIAL_STATEMENTS_PTT.pdf,6,baht,con,1,36,กาไรเบ็ดเสร็จอื่นสาหรับงวด,8,งบการเงินรวม ผลต่ างจากการ แปลงค่ างบการเงิน ที่เป็ นเงินตรา ต่ างประเทศ,False,movement,18693327732.0
PTT,FINANCIAL_STATEMENTS_PTT.pdf,6,baht,con,1,36,กาไรเบ็ดเสร็จอื่นสาหรับงวด,9,องค์ กาไรขาดทุนเบ็ดเสร็จอื่น เงินลงทุนใน สินทรัพย์ ทางการเงิน ระยะยาวอื่น,False,movement,1169868008.0
PTT,FINANCIAL_STATEMENTS_PTT.pdf,6,baht,con,1,36,กาไรเบ็ดเสร็จอื่นสาหรับงวด,10,ประกอบอื่นของส่ การป้ องกัน ความเสี่ยง กระแสเงินสด,False,movement,988512689.0
PTT,FINANCIAL_STATEMENTS_PTT.pdf,6,baht,con,1,36,กาไรเบ็ดเสร็จอื่นสาหรับงวด,11,วนของผู้ถือหุ้น ส่ วนแบ่ งกาไรขาดทุน เบ็ดเสร็จอื่น ในการร่ วมค้ า และบริษัทร่ วม,False,movement,131049199.0
PTT,FINANCIAL_STATEMENTS_PTT.pdf,6,baht,con,1,36,กาไรเบ็ดเสร็จอื่นสาหรับงวด,12,รวมองค์ ประกอบอื่น ของส่ วนของ ผู้ถือหุ้น,False,movement,20982757628.0
PTT,FINANCIAL_STATEMENTS_PTT.pdf,6,baht,con,1,36,กาไรเบ็ดเสร็จอื่นสาหรับงวด,13,ส่ รวมส่ วนที่เป็ นของ ที่ไม่ ผู้ถือหุ้นของบริษัทฯ,False,movement,20992539578.0
PTT,FINANCIAL_STATEMENTS_PTT.pdf,6,baht,con,1,36,กาไรเบ็ดเสร็จอื่นสาหรับงวด,14,วนของผู้มสี ่ วนได้ เสีย มอี านาจควบคุม ของบริษัทย่ อย,False,movement,11666224004.0
PTT,FINANCIAL_STATEMENTS_PTT.pdf,6,baht,con,1,36,กาไรเบ็ดเสร็จอื่นสาหรับงวด,15,ยังไม่ ได้ ตรวจสอบ แต่ สอบทานแล้ ว หน่ วย : บาท รวม ส่ วนของผู้ถือหุ้น,True,movement,32658763582.0
PTT,FINANCIAL_STATEMENTS_PTT.pdf,6,baht,con,1,37,ยอดคงเหลือ ณ วันที่ 31 มีนาคม 2569,0,ทุนออกจาหน่ าย และชาระ เต็มมูลค่ าแล้ ว,False,balance,28562996250.0
PTT,FINANCIAL_STATEMENTS_PTT.pdf,6,baht,con,1,37,ยอดคงเหลือ ณ วันที่ 31 มีนาคม 2569,1,ส่ วนเกิน มูลค่ าหุ้นสามัญ,False,balance,29211131966.0
PTT,FINANCIAL_STATEMENTS_PTT.pdf,6,baht,con,1,37,ยอดคงเหลือ ณ วันที่ 31 มีนาคม 2569,2,ส่ วนเกินทุน จากการเปลี่ยนแปลง ส่ วนได้ เสีย ในบริ ษัทย่ อย,False,balance,33213226939.0
PTT,FINANCIAL_STATEMENTS_PTT.pdf,6,baht,con,1,37,ยอดคงเหลือ ณ วันที่ 31 มีนาคม 2569,3,ทุนสารอง ตามกฎหมาย,False,balance,2857245725.0
PTT,FINANCIAL_STATEMENTS_PTT.pdf,6,baht,con,1,37,ยอดคงเหลือ ณ วันที่ 31 มีนาคม 2569,4,จัดสรรแล้ ว ทุนสารอง เพื่อกองทุน ประกันวินาศภัย,False,balance,1411283750.0
PTT,FINANCIAL_STATEMENTS_PTT.pdf,6,baht,con,1,37,ยอดคงเหลือ ณ วันที่ 31 มีนาคม 2569,5,กาไรสะสม สารอง หุ้นทุนซือ้ คืน,False,balance,7552066570.0
PTT,FINANCIAL_STATEMENTS_PTT.pdf,6,baht,con,1,37,ยอดคงเหลือ ณ วันที่ 31 มีนาคม 2569,6,บริษัท ปตท. จากัด (มหาชน) งบการเปลี่ยนแปลงส่ สาหรับงวดสามเดือนสิน้ สุดวันที่ ส่ ยังไม่ ได้ จดั สรร,False,balance,1086625912864.0
PTT,FINANCIAL_STATEMENTS_PTT.pdf,6,baht,con,1,37,ยอดคงเหลือ ณ วันที่ 31 มีนาคม 2569,7,และบริษัทย่ อย วนของผู้ถือหุ้น 31 มีนาคม 2569 วนของผู้ถือหุ้นของบริษัทฯ หุ้นทุนซือ้ คืน,False,balance,-7552066570.0
PTT,FINANCIAL_STATEMENTS_PTT.pdf,6,baht,con,1,37,ยอดคงเหลือ ณ วันที่ 31 มีนาคม 2569,8,งบการเงินรวม ผลต่ างจากการ แปลงค่ างบการเงิน ที่เป็ นเงินตรา ต่ างประเทศ,False,balance,-4498244644.0
PTT,FINANCIAL_STATEMENTS_PTT.pdf,6,baht,con,1,37,ยอดคงเหลือ ณ วันที่ 31 มีนาคม 2569,9,องค์ กาไรขาดทุนเบ็ดเสร็จอื่น เงินลงทุนใน สินทรัพย์ ทางการเงิน ระยะยาวอื่น,False,balance,2594259454.0
PTT,FINANCIAL_STATEMENTS_PTT.pdf,6,baht,con,1,37,ยอดคงเหลือ ณ วันที่ 31 มีนาคม 2569,10,ประกอบอื่นของส่ การป้ องกัน ความเสี่ยง กระแสเงินสด,False,balance,-145975183.0
PTT,FINANCIAL_STATEMENTS_PTT.pdf,6,baht,con,1,37,ยอดคงเหลือ ณ วันที่ 31 มีนาคม 2569,11,วนของผู้ถือหุ้น ส่ วนแบ่ งกาไรขาดทุน เบ็ดเสร็จอื่น ในการร่ วมค้ า และบริษัทร่ วม,False,balance,-5524061774.0
PTT,FINANCIAL_STATEMENTS_PTT.pdf,6,baht,con,1,37,ยอดคงเหลือ ณ วันที่ 31 มีนาคม 2569,12,รวมองค์ ประกอบอื่น ของส่ วนของ ผู้ถือหุ้น,False,balance,-7574022147.0
PTT,FINANCIAL_STATEMENTS_PTT.pdf,6,baht,con,1,37,ยอดคงเหลือ ณ วันที่ 31 มีนาคม 2569,13,ส่ รวมส่ วนที่เป็ นของ ที่ไม่ ผู้ถือหุ้นของบริษัทฯ,False,balance,1174307775347.0
PTT,FINANCIAL_STATEMENTS_PTT.pdf,6,baht,con,1,37,ยอดคงเหลือ ณ วันที่ 31 มีนาคม 2569,14,วนของผู้มสี ่ วนได้ เสีย มอี านาจควบคุม ของบริษัทย่ อย,False,balance,564403497340.0
PTT,FINANCIAL_STATEMENTS_PTT.pdf,6,baht,con,1,37,ยอดคงเหลือ ณ วันที่ 31 มีนาคม 2569,15,ยังไม่ ได้ ตรวจสอบ แต่ สอบทานแล้ ว หน่ วย : บาท รวม ส่ วนของผู้ถือหุ้น,True,balance,1738711272687.0
PTT,FINANCIAL_STATEMENTS_PTT.pdf,7,baht,sep,0,13,ยอดคงเหลือ ณ วันที่ 1 มกราคม 2568,0,ทุนออกจาหน่ าย และชาระ เต็มมูลค่ าแล้ ว,False,balance,28562996250.0
PTT,FINANCIAL_STATEMENTS_PTT.pdf,7,baht,sep,0,13,ยอดคงเหลือ ณ วันที่ 1 มกราคม 2568,1,ส่ วนเกิน มูลค่ าหุ้นสามัญ,False,balance,29211131966.0
PTT,FINANCIAL_STATEMENTS_PTT.pdf,7,baht,sep,0,13,ยอดคงเหลือ ณ วันที่ 1 มกราคม 2568,2,บริษัท ปตท. จากัด งบการเปลี่ยนแปลงส่ สาหรั บงวดสามเดือนสิน้ ทุนสารอง ตามกฎหมาย,False,balance,2857245725.0
PTT,FINANCIAL_STATEMENTS_PTT.pdf,7,baht,sep,0,13,ยอดคงเหลือ ณ วันที่ 1 มกราคม 2568,3,(มหาชน) และบริ ษัทย่ อย วนของผู้ถือหุ้น (ต่ สุดวันที่ 31 มีนาคม จัดสรรแล้ ว ทุนสารองเพื่อกองทุน ประกันวินาศภัย,False,balance,1370128692.0
PTT,FINANCIAL_STATEMENTS_PTT.pdf,7,baht,sep,0,13,ยอดคงเหลือ ณ วันที่ 1 มกราคม 2568,4,อ) 2569 งบการเงินเฉพาะกิจการ กาไรสะสม สารอง หุ้นทุนซือ้ คืน,False,balance,
PTT,FINANCIAL_STATEMENTS_PTT.pdf,7,baht,sep,0,13,ยอดคงเหลือ ณ วันที่ 1 มกราคม 2568,5,ยังไม่ ได้ จดั สรร,False,balance,614647951904.0
PTT,FINANCIAL_STATEMENTS_PTT.pdf,7,baht,sep,0,13,ยอดคงเหลือ ณ วันที่ 1 มกราคม 2568,6,หุ้นทุนซือ้ คืน,False,balance,
PTT,FINANCIAL_STATEMENTS_PTT.pdf,7,baht,sep,0,13,ยอดคงเหลือ ณ วันที่ 1 มกราคม 2568,7,องค์ ประกอบอื่น ของส่ วนของผู้ถือหุ้น กาไรขาดทุนเบ็ดเสร็ จอื่น เงินลงทุนในสินทรั พย์ ทางการเงินระยะยาวอื่น,False,balance,1134938386.0
PTT,FINANCIAL_STATEMENTS_PTT.pdf,7,baht,sep,0,13,ยอดคงเหลือ ณ วันที่ 1 มกราคม 2568,8,ยังไม่ ได้ ตรวจสอบ แต่ สอบทานแล้ ว หน่ วย : บาท รวม ส่ วนของผู้ถือหุ้น,True,balance,677784392923.0
PTT,FINANCIAL_STATEMENTS_PTT.pdf,7,baht,sep,0,15,หุ้นทุนซื ้อคืน,0,ทุนออกจาหน่ าย และชาระ เต็มมูลค่ าแล้ ว,False,movement,
PTT,FINANCIAL_STATEMENTS_PTT.pdf,7,baht,sep,0,15,หุ้นทุนซื ้อคืน,1,ส่ วนเกิน มูลค่ าหุ้นสามัญ,False,movement,
PTT,FINANCIAL_STATEMENTS_PTT.pdf,7,baht,sep,0,15,หุ้นทุนซื ้อคืน,2,บริษัท ปตท. จากัด งบการเปลี่ยนแปลงส่ สาหรั บงวดสามเดือนสิน้ ทุนสารอง ตามกฎหมาย,False,movement,
PTT,FINANCIAL_STATEMENTS_PTT.pdf,7,baht,sep,0,15,หุ้นทุนซื ้อคืน,3,(มหาชน) และบริ ษัทย่ อย วนของผู้ถือหุ้น (ต่ สุดวันที่ 31 มีนาคม จัดสรรแล้ ว ทุนสารองเพื่อกองทุน ประกันวินาศภัย,False,movement,
PTT,FINANCIAL_STATEMENTS_PTT.pdf,7,baht,sep,0,15,หุ้นทุนซื ้อคืน,4,อ) 2569 งบการเงินเฉพาะกิจการ กาไรสะสม สารอง หุ้นทุนซือ้ คืน,False,movement,2555643437.0
PTT,FINANCIAL_STATEMENTS_PTT.pdf,7,baht,sep,0,15,หุ้นทุนซื ้อคืน,5,ยังไม่ ได้ จดั สรร,False,movement,-2555643437.0
PTT,FINANCIAL_STATEMENTS_PTT.pdf,7,baht,sep,0,15,หุ้นทุนซื ้อคืน,6,หุ้นทุนซือ้ คืน,False,movement,-2555643437.0
PTT,FINANCIAL_STATEMENTS_PTT.pdf,7,baht,sep,0,15,หุ้นทุนซื ้อคืน,7,องค์ ประกอบอื่น ของส่ วนของผู้ถือหุ้น กาไรขาดทุนเบ็ดเสร็ จอื่น เงินลงทุนในสินทรั พย์ ทางการเงินระยะยาวอื่น,False,movement,
PTT,FINANCIAL_STATEMENTS_PTT.pdf,7,baht,sep,0,15,หุ้นทุนซื ้อคืน,8,ยังไม่ ได้ ตรวจสอบ แต่ สอบทานแล้ ว หน่ วย : บาท รวม ส่ วนของผู้ถือหุ้น,True,movement,-2555643437.0
PTT,FINANCIAL_STATEMENTS_PTT.pdf,7,baht,sep,0,16,กาไรสาหรับงวด,0,ทุนออกจาหน่ าย และชาระ เต็มมูลค่ าแล้ ว,False,movement,
PTT,FINANCIAL_STATEMENTS_PTT.pdf,7,baht,sep,0,16,กาไรสาหรับงวด,1,ส่ วนเกิน มูลค่ าหุ้นสามัญ,False,movement,
PTT,FINANCIAL_STATEMENTS_PTT.pdf,7,baht,sep,0,16,กาไรสาหรับงวด,2,บริษัท ปตท. จากัด งบการเปลี่ยนแปลงส่ สาหรั บงวดสามเดือนสิน้ ทุนสารอง ตามกฎหมาย,False,movement,
PTT,FINANCIAL_STATEMENTS_PTT.pdf,7,baht,sep,0,16,กาไรสาหรับงวด,3,(มหาชน) และบริ ษัทย่ อย วนของผู้ถือหุ้น (ต่ สุดวันที่ 31 มีนาคม จัดสรรแล้ ว ทุนสารองเพื่อกองทุน ประกันวินาศภัย,False,movement,
PTT,FINANCIAL_STATEMENTS_PTT.pdf,7,baht,sep,0,16,กาไรสาหรับงวด,4,อ) 2569 งบการเงินเฉพาะกิจการ กาไรสะสม สารอง หุ้นทุนซือ้ คืน,False,movement,
PTT,FINANCIAL_STATEMENTS_PTT.pdf,7,baht,sep,0,16,กาไรสาหรับงวด,5,ยังไม่ ได้ จดั สรร,False,movement,20300828274.0
PTT,FINANCIAL_STATEMENTS_PTT.pdf,7,baht,sep,0,16,กาไรสาหรับงวด,6,หุ้นทุนซือ้ คืน,False,movement,
PTT,FINANCIAL_STATEMENTS_PTT.pdf,7,baht,sep,0,16,กาไรสาหรับงวด,7,องค์ ประกอบอื่น ของส่ วนของผู้ถือหุ้น กาไรขาดทุนเบ็ดเสร็ จอื่น เงินลงทุนในสินทรั พย์ ทางการเงินระยะยาวอื่น,False,movement,
PTT,FINANCIAL_STATEMENTS_PTT.pdf,7,baht,sep,0,16,กาไรสาหรับงวด,8,ยังไม่ ได้ ตรวจสอบ แต่ สอบทานแล้ ว หน่ วย : บาท รวม ส่ วนของผู้ถือหุ้น,True,movement,20300828274.0
PTT,FINANCIAL_STATEMENTS_PTT.pdf,7,baht,sep,0,17,ขาดทุนเบ็ดเสร็จอื่นสาหรับงวด,0,ทุนออกจาหน่ าย และชาระ เต็มมูลค่ าแล้ ว,False,movement,
PTT,FINANCIAL_STATEMENTS_PTT.pdf,7,baht,sep,0,17,ขาดทุนเบ็ดเสร็จอื่นสาหรับงวด,1,ส่ วนเกิน มูลค่ าหุ้นสามัญ,False,movement,
PTT,FINANCIAL_STATEMENTS_PTT.pdf,7,baht,sep,0,17,ขาดทุนเบ็ดเสร็จอื่นสาหรับงวด,2,บริษัท ปตท. จากัด งบการเปลี่ยนแปลงส่ สาหรั บงวดสามเดือนสิน้ ทุนสารอง ตามกฎหมาย,False,movement,
PTT,FINANCIAL_STATEMENTS_PTT.pdf,7,baht,sep,0,17,ขาดทุนเบ็ดเสร็จอื่นสาหรับงวด,3,(มหาชน) และบริ ษัทย่ อย วนของผู้ถือหุ้น (ต่ สุดวันที่ 31 มีนาคม จัดสรรแล้ ว ทุนสารองเพื่อกองทุน ประกันวินาศภัย,False,movement,
PTT,FINANCIAL_STATEMENTS_PTT.pdf,7,baht,sep,0,17,ขาดทุนเบ็ดเสร็จอื่นสาหรับงวด,4,อ) 2569 งบการเงินเฉพาะกิจการ กาไรสะสม สารอง หุ้นทุนซือ้ คืน,False,movement,
PTT,FINANCIAL_STATEMENTS_PTT.pdf,7,baht,sep,0,17,ขาดทุนเบ็ดเสร็จอื่นสาหรับงวด,5,ยังไม่ ได้ จดั สรร,False,movement,
PTT,FINANCIAL_STATEMENTS_PTT.pdf,7,baht,sep,0,17,ขาดทุนเบ็ดเสร็จอื่นสาหรับงวด,6,หุ้นทุนซือ้ คืน,False,movement,
PTT,FINANCIAL_STATEMENTS_PTT.pdf,7,baht,sep,0,17,ขาดทุนเบ็ดเสร็จอื่นสาหรับงวด,7,องค์ ประกอบอื่น ของส่ วนของผู้ถือหุ้น กาไรขาดทุนเบ็ดเสร็ จอื่น เงินลงทุนในสินทรั พย์ ทางการเงินระยะยาวอื่น,False,movement,-170617143.0
PTT,FINANCIAL_STATEMENTS_PTT.pdf,7,baht,sep,0,17,ขาดทุนเบ็ดเสร็จอื่นสาหรับงวด,8,ยังไม่ ได้ ตรวจสอบ แต่ สอบทานแล้ ว หน่ วย : บาท รวม ส่ วนของผู้ถือหุ้น,True,movement,-170617143.0
PTT,FINANCIAL_STATEMENTS_PTT.pdf,7,baht,sep,0,18,ยอดคงเหลือ ณ วันที่ 31 มีนาคม 2568,0,ทุนออกจาหน่ าย และชาระ เต็มมูลค่ าแล้ ว,False,balance,28562996250.0
PTT,FINANCIAL_STATEMENTS_PTT.pdf,7,baht,sep,0,18,ยอดคงเหลือ ณ วันที่ 31 มีนาคม 2568,1,ส่ วนเกิน มูลค่ าหุ้นสามัญ,False,balance,29211131966.0
PTT,FINANCIAL_STATEMENTS_PTT.pdf,7,baht,sep,0,18,ยอดคงเหลือ ณ วันที่ 31 มีนาคม 2568,2,บริษัท ปตท. จากัด งบการเปลี่ยนแปลงส่ สาหรั บงวดสามเดือนสิน้ ทุนสารอง ตามกฎหมาย,False,balance,2857245725.0
PTT,FINANCIAL_STATEMENTS_PTT.pdf,7,baht,sep,0,18,ยอดคงเหลือ ณ วันที่ 31 มีนาคม 2568,3,(มหาชน) และบริ ษัทย่ อย วนของผู้ถือหุ้น (ต่ สุดวันที่ 31 มีนาคม จัดสรรแล้ ว ทุนสารองเพื่อกองทุน ประกันวินาศภัย,False,balance,1370128692.0
PTT,FINANCIAL_STATEMENTS_PTT.pdf,7,baht,sep,0,18,ยอดคงเหลือ ณ วันที่ 31 มีนาคม 2568,4,อ) 2569 งบการเงินเฉพาะกิจการ กาไรสะสม สารอง หุ้นทุนซือ้ คืน,False,balance,2555643437.0
PTT,FINANCIAL_STATEMENTS_PTT.pdf,7,baht,sep,0,18,ยอดคงเหลือ ณ วันที่ 31 มีนาคม 2568,5,ยังไม่ ได้ จดั สรร,False,balance,632393136741.0
PTT,FINANCIAL_STATEMENTS_PTT.pdf,7,baht,sep,0,18,ยอดคงเหลือ ณ วันที่ 31 มีนาคม 2568,6,หุ้นทุนซือ้ คืน,False,balance,-2555643437.0
PTT,FINANCIAL_STATEMENTS_PTT.pdf,7,baht,sep,0,18,ยอดคงเหลือ ณ วันที่ 31 มีนาคม 2568,7,องค์ ประกอบอื่น ของส่ วนของผู้ถือหุ้น กาไรขาดทุนเบ็ดเสร็ จอื่น เงินลงทุนในสินทรั พย์ ทางการเงินระยะยาวอื่น,False,balance,964321243.0
PTT,FINANCIAL_STATEMENTS_PTT.pdf,7,baht,sep,0,18,ยอดคงเหลือ ณ วันที่ 31 มีนาคม 2568,8,ยังไม่ ได้ ตรวจสอบ แต่ สอบทานแล้ ว หน่ วย : บาท รวม ส่ วนของผู้ถือหุ้น,True,balance,695358960617.0
PTT,FINANCIAL_STATEMENTS_PTT.pdf,7,baht,sep,1,20,ยอดคงเหลือ ณ วันที่ 1 มกราคม 2569,0,ทุนออกจาหน่ าย และชาระ เต็มมูลค่ าแล้ ว,False,balance,28562996250.0
PTT,FINANCIAL_STATEMENTS_PTT.pdf,7,baht,sep,1,20,ยอดคงเหลือ ณ วันที่ 1 มกราคม 2569,1,ส่ วนเกิน มูลค่ าหุ้นสามัญ,False,balance,29211131966.0
PTT,FINANCIAL_STATEMENTS_PTT.pdf,7,baht,sep,1,20,ยอดคงเหลือ ณ วันที่ 1 มกราคม 2569,2,บริษัท ปตท. จากัด งบการเปลี่ยนแปลงส่ สาหรั บงวดสามเดือนสิน้ ทุนสารอง ตามกฎหมาย,False,balance,2857245725.0
PTT,FINANCIAL_STATEMENTS_PTT.pdf,7,baht,sep,1,20,ยอดคงเหลือ ณ วันที่ 1 มกราคม 2569,3,(มหาชน) และบริ ษัทย่ อย วนของผู้ถือหุ้น (ต่ สุดวันที่ 31 มีนาคม จัดสรรแล้ ว ทุนสารองเพื่อกองทุน ประกันวินาศภัย,False,balance,1411283750.0
PTT,FINANCIAL_STATEMENTS_PTT.pdf,7,baht,sep,1,20,ยอดคงเหลือ ณ วันที่ 1 มกราคม 2569,4,อ) 2569 งบการเงินเฉพาะกิจการ กาไรสะสม สารอง หุ้นทุนซือ้ คืน,False,balance,7552066570.0
PTT,FINANCIAL_STATEMENTS_PTT.pdf,7,baht,sep,1,20,ยอดคงเหลือ ณ วันที่ 1 มกราคม 2569,5,ยังไม่ ได้ จดั สรร,False,balance,601605508474.0
PTT,FINANCIAL_STATEMENTS_PTT.pdf,7,baht,sep,1,20,ยอดคงเหลือ ณ วันที่ 1 มกราคม 2569,6,หุ้นทุนซือ้ คืน,False,balance,-7552066570.0
PTT,FINANCIAL_STATEMENTS_PTT.pdf,7,baht,sep,1,20,ยอดคงเหลือ ณ วันที่ 1 มกราคม 2569,7,องค์ ประกอบอื่น ของส่ วนของผู้ถือหุ้น กาไรขาดทุนเบ็ดเสร็ จอื่น เงินลงทุนในสินทรั พย์ ทางการเงินระยะยาวอื่น,False,balance,218430620.0
PTT,FINANCIAL_STATEMENTS_PTT.pdf,7,baht,sep,1,20,ยอดคงเหลือ ณ วันที่ 1 มกราคม 2569,8,ยังไม่ ได้ ตรวจสอบ แต่ สอบทานแล้ ว หน่ วย : บาท รวม ส่ วนของผู้ถือหุ้น,True,balance,663866596785.0
PTT,FINANCIAL_STATEMENTS_PTT.pdf,7,baht,sep,1,22,กาไรสาหรับงวด,0,ทุนออกจาหน่ าย และชาระ เต็มมูลค่ าแล้ ว,False,movement,
PTT,FINANCIAL_STATEMENTS_PTT.pdf,7,baht,sep,1,22,กาไรสาหรับงวด,1,ส่ วนเกิน มูลค่ าหุ้นสามัญ,False,movement,
PTT,FINANCIAL_STATEMENTS_PTT.pdf,7,baht,sep,1,22,กาไรสาหรับงวด,2,บริษัท ปตท. จากัด งบการเปลี่ยนแปลงส่ สาหรั บงวดสามเดือนสิน้ ทุนสารอง ตามกฎหมาย,False,movement,
PTT,FINANCIAL_STATEMENTS_PTT.pdf,7,baht,sep,1,22,กาไรสาหรับงวด,3,(มหาชน) และบริ ษัทย่ อย วนของผู้ถือหุ้น (ต่ สุดวันที่ 31 มีนาคม จัดสรรแล้ ว ทุนสารองเพื่อกองทุน ประกันวินาศภัย,False,movement,
PTT,FINANCIAL_STATEMENTS_PTT.pdf,7,baht,sep,1,22,กาไรสาหรับงวด,4,อ) 2569 งบการเงินเฉพาะกิจการ กาไรสะสม สารอง หุ้นทุนซือ้ คืน,False,movement,
PTT,FINANCIAL_STATEMENTS_PTT.pdf,7,baht,sep,1,22,กาไรสาหรับงวด,5,ยังไม่ ได้ จดั สรร,False,movement,20879146869.0
PTT,FINANCIAL_STATEMENTS_PTT.pdf,7,baht,sep,1,22,กาไรสาหรับงวด,6,หุ้นทุนซือ้ คืน,False,movement,
PTT,FINANCIAL_STATEMENTS_PTT.pdf,7,baht,sep,1,22,กาไรสาหรับงวด,7,องค์ ประกอบอื่น ของส่ วนของผู้ถือหุ้น กาไรขาดทุนเบ็ดเสร็ จอื่น เงินลงทุนในสินทรั พย์ ทางการเงินระยะยาวอื่น,False,movement,
PTT,FINANCIAL_STATEMENTS_PTT.pdf,7,baht,sep,1,22,กาไรสาหรับงวด,8,ยังไม่ ได้ ตรวจสอบ แต่ สอบทานแล้ ว หน่ วย : บาท รวม ส่ วนของผู้ถือหุ้น,True,movement,20879146869.0
PTT,FINANCIAL_STATEMENTS_PTT.pdf,7,baht,sep,1,23,กาไรเบ็ดเสร็จอื่นสาหรับงวด,0,ทุนออกจาหน่ าย และชาระ เต็มมูลค่ าแล้ ว,False,movement,
PTT,FINANCIAL_STATEMENTS_PTT.pdf,7,baht,sep,1,23,กาไรเบ็ดเสร็จอื่นสาหรับงวด,1,ส่ วนเกิน มูลค่ าหุ้นสามัญ,False,movement,
PTT,FINANCIAL_STATEMENTS_PTT.pdf,7,baht,sep,1,23,กาไรเบ็ดเสร็จอื่นสาหรับงวด,2,บริษัท ปตท. จากัด งบการเปลี่ยนแปลงส่ สาหรั บงวดสามเดือนสิน้ ทุนสารอง ตามกฎหมาย,False,movement,
PTT,FINANCIAL_STATEMENTS_PTT.pdf,7,baht,sep,1,23,กาไรเบ็ดเสร็จอื่นสาหรับงวด,3,(มหาชน) และบริ ษัทย่ อย วนของผู้ถือหุ้น (ต่ สุดวันที่ 31 มีนาคม จัดสรรแล้ ว ทุนสารองเพื่อกองทุน ประกันวินาศภัย,False,movement,
PTT,FINANCIAL_STATEMENTS_PTT.pdf,7,baht,sep,1,23,กาไรเบ็ดเสร็จอื่นสาหรับงวด,4,อ) 2569 งบการเงินเฉพาะกิจการ กาไรสะสม สารอง หุ้นทุนซือ้ คืน,False,movement,
PTT,FINANCIAL_STATEMENTS_PTT.pdf,7,baht,sep,1,23,กาไรเบ็ดเสร็จอื่นสาหรับงวด,5,ยังไม่ ได้ จดั สรร,False,movement,
PTT,FINANCIAL_STATEMENTS_PTT.pdf,7,baht,sep,1,23,กาไรเบ็ดเสร็จอื่นสาหรับงวด,6,หุ้นทุนซือ้ คืน,False,movement,
PTT,FINANCIAL_STATEMENTS_PTT.pdf,7,baht,sep,1,23,กาไรเบ็ดเสร็จอื่นสาหรับงวด,7,องค์ ประกอบอื่น ของส่ วนของผู้ถือหุ้น กาไรขาดทุนเบ็ดเสร็ จอื่น เงินลงทุนในสินทรั พย์ ทางการเงินระยะยาวอื่น,False,movement,114464761.0
PTT,FINANCIAL_STATEMENTS_PTT.pdf,7,baht,sep,1,23,กาไรเบ็ดเสร็จอื่นสาหรับงวด,8,ยังไม่ ได้ ตรวจสอบ แต่ สอบทานแล้ ว หน่ วย : บาท รวม ส่ วนของผู้ถือหุ้น,True,movement,114464761.0
PTT,FINANCIAL_STATEMENTS_PTT.pdf,7,baht,sep,1,24,ยอดคงเหลือ ณ วันที่ 31 มีนาคม 2569,0,ทุนออกจาหน่ าย และชาระ เต็มมูลค่ าแล้ ว,False,balance,28562996250.0
PTT,FINANCIAL_STATEMENTS_PTT.pdf,7,baht,sep,1,24,ยอดคงเหลือ ณ วันที่ 31 มีนาคม 2569,1,ส่ วนเกิน มูลค่ าหุ้นสามัญ,False,balance,29211131966.0
PTT,FINANCIAL_STATEMENTS_PTT.pdf,7,baht,sep,1,24,ยอดคงเหลือ ณ วันที่ 31 มีนาคม 2569,2,บริษัท ปตท. จากัด งบการเปลี่ยนแปลงส่ สาหรั บงวดสามเดือนสิน้ ทุนสารอง ตามกฎหมาย,False,balance,2857245725.0
PTT,FINANCIAL_STATEMENTS_PTT.pdf,7,baht,sep,1,24,ยอดคงเหลือ ณ วันที่ 31 มีนาคม 2569,3,(มหาชน) และบริ ษัทย่ อย วนของผู้ถือหุ้น (ต่ สุดวันที่ 31 มีนาคม จัดสรรแล้ ว ทุนสารองเพื่อกองทุน ประกันวินาศภัย,False,balance,1411283750.0
PTT,FINANCIAL_STATEMENTS_PTT.pdf,7,baht,sep,1,24,ยอดคงเหลือ ณ วันที่ 31 มีนาคม 2569,4,อ) 2569 งบการเงินเฉพาะกิจการ กาไรสะสม สารอง หุ้นทุนซือ้ คืน,False,balance,7552066570.0
PTT,FINANCIAL_STATEMENTS_PTT.pdf,7,baht,sep,1,24,ยอดคงเหลือ ณ วันที่ 31 มีนาคม 2569,5,ยังไม่ ได้ จดั สรร,False,balance,622484655343.0
PTT,FINANCIAL_STATEMENTS_PTT.pdf,7,baht,sep,1,24,ยอดคงเหลือ ณ วันที่ 31 มีนาคม 2569,6,หุ้นทุนซือ้ คืน,False,balance,-7552066570.0
PTT,FINANCIAL_STATEMENTS_PTT.pdf,7,baht,sep,1,24,ยอดคงเหลือ ณ วันที่ 31 มีนาคม 2569,7,องค์ ประกอบอื่น ของส่ วนของผู้ถือหุ้น กาไรขาดทุนเบ็ดเสร็ จอื่น เงินลงทุนในสินทรั พย์ ทางการเงินระยะยาวอื่น,False,balance,332895381.0
PTT,FINANCIAL_STATEMENTS_PTT.pdf,7,baht,sep,1,24,ยอดคงเหลือ ณ วันที่ 31 มีนาคม 2569,8,ยังไม่ ได้ ตรวจสอบ แต่ สอบทานแล้ ว หน่ วย : บาท รวม ส่ วนของผู้ถือหุ้น,True,balance,684860208415.0
STANLEY,Thai-Stanley_Q1_June69-T1-1.pdf,7,baht,,0,15,ยอดคงเหลือต้นรอบระยะเวลา ณ วันที่ 1 เมษายน พ.ศ. 2568,0,ทุนที่ออก และชําระแล้ว บาท,False,balance,383125000.0
STANLEY,Thai-Stanley_Q1_June69-T1-1.pdf,7,baht,,0,15,ยอดคงเหลือต้นรอบระยะเวลา ณ วันที่ 1 เมษายน พ.ศ. 2568,1,ส่วนเกิ น มูลค่าหุ้น บาท,False,balance,504250000.0
STANLEY,Thai-Stanley_Q1_June69-T1-1.pdf,7,baht,,0,15,ยอดคงเหลือต้นรอบระยะเวลา ณ วันที่ 1 เมษายน พ.ศ. 2568,2,ข้อมูลทางการเงิ กําไรสะสม จัดสรรแล้ว - สํารองตามกฎหมาย บาท,False,balance,38312500.0
STANLEY,Thai-Stanley_Q1_June69-T1-1.pdf,7,baht,,0,15,ยอดคงเหลือต้นรอบระยะเวลา ณ วันที่ 1 เมษายน พ.ศ. 2568,3,นที่แสดงเงิ ยังไม่ได้จดั บาท,False,balance,19298469132.0
STANLEY,Thai-Stanley_Q1_June69-T1-1.pdf,7,baht,,0,15,ยอดคงเหลือต้นรอบระยะเวลา ณ วันที่ 1 เมษายน พ.ศ. 2568,4,นลงทุนตามวิ ธีส่วนได้เสีย กําไร การวัดมูลค่า เงิ นลงทุนใน ตราสารทุน ผ่านกําไรขาดทุน สรร เบ็ดเสร็จอื่น บาท,False,balance,1430184115.0
STANLEY,Thai-Stanley_Q1_June69-T1-1.pdf,7,baht,,0,15,ยอดคงเหลือต้นรอบระยะเวลา ณ วันที่ 1 เมษายน พ.ศ. 2568,5,(ยังไม่ได้ตรวจสอบ) องค์ประกอบอื่นของส่วนของเจ้าของ (ขาดทุน) เบ็ดเสร็จอื่น ผลต่างจาก การแปลงค่า ข้อมูลทางการเงิ น ของบริ ษทั ร่วม และการร่วมค้า บาท,False,balance,-290365364.0
STANLEY,Thai-Stanley_Q1_June69-T1-1.pdf,7,baht,,0,15,ยอดคงเหลือต้นรอบระยะเวลา ณ วันที่ 1 เมษายน พ.ศ. 2568,6,การวัดมูลค่าใหม่ ของภาระผูกพัน ผลประโยชน์ หลังออกจากงาน บาท,False,balance,35823579.0
STANLEY,Thai-Stanley_Q1_June69-T1-1.pdf,7,baht,,0,15,ยอดคงเหลือต้นรอบระยะเวลา ณ วันที่ 1 เมษายน พ.ศ. 2568,7,รวม องค์ประกอบอื่น ของส่วนของ เจ้าของ บาท,False,balance,1175642330.0
STANLEY,Thai-Stanley_Q1_June69-T1-1.pdf,7,baht,,0,15,ยอดคงเหลือต้นรอบระยะเวลา ณ วันที่ 1 เมษายน พ.ศ. 2568,8,รวมส่วนของ เจ้าของ บาท,True,balance,21399798962.0
STANLEY,Thai-Stanley_Q1_June69-T1-1.pdf,7,baht,,0,16,กําไร(ขาดทุน)เบ็ดเสร็จรวมสําหรับรอบระยะเวลา,0,ทุนที่ออก และชําระแล้ว บาท,False,movement,
STANLEY,Thai-Stanley_Q1_June69-T1-1.pdf,7,baht,,0,16,กําไร(ขาดทุน)เบ็ดเสร็จรวมสําหรับรอบระยะเวลา,1,ส่วนเกิ น มูลค่าหุ้น บาท,False,movement,
STANLEY,Thai-Stanley_Q1_June69-T1-1.pdf,7,baht,,0,16,กําไร(ขาดทุน)เบ็ดเสร็จรวมสําหรับรอบระยะเวลา,2,ข้อมูลทางการเงิ กําไรสะสม จัดสรรแล้ว - สํารองตามกฎหมาย บาท,False,movement,
STANLEY,Thai-Stanley_Q1_June69-T1-1.pdf,7,baht,,0,16,กําไร(ขาดทุน)เบ็ดเสร็จรวมสําหรับรอบระยะเวลา,3,นที่แสดงเงิ ยังไม่ได้จดั บาท,False,movement,369623562.0
STANLEY,Thai-Stanley_Q1_June69-T1-1.pdf,7,baht,,0,16,กําไร(ขาดทุน)เบ็ดเสร็จรวมสําหรับรอบระยะเวลา,4,นลงทุนตามวิ ธีส่วนได้เสีย กําไร การวัดมูลค่า เงิ นลงทุนใน ตราสารทุน ผ่านกําไรขาดทุน สรร เบ็ดเสร็จอื่น บาท,False,movement,73328090.0
STANLEY,Thai-Stanley_Q1_June69-T1-1.pdf,7,baht,,0,16,กําไร(ขาดทุน)เบ็ดเสร็จรวมสําหรับรอบระยะเวลา,5,(ยังไม่ได้ตรวจสอบ) องค์ประกอบอื่นของส่วนของเจ้าของ (ขาดทุน) เบ็ดเสร็จอื่น ผลต่างจาก การแปลงค่า ข้อมูลทางการเงิ น ของบริ ษทั ร่วม และการร่วมค้า บาท,False,movement,-109265205.0
STANLEY,Thai-Stanley_Q1_June69-T1-1.pdf,7,baht,,0,16,กําไร(ขาดทุน)เบ็ดเสร็จรวมสําหรับรอบระยะเวลา,6,การวัดมูลค่าใหม่ ของภาระผูกพัน ผลประโยชน์ หลังออกจากงาน บาท,False,movement,
STANLEY,Thai-Stanley_Q1_June69-T1-1.pdf,7,baht,,0,16,กําไร(ขาดทุน)เบ็ดเสร็จรวมสําหรับรอบระยะเวลา,7,รวม องค์ประกอบอื่น ของส่วนของ เจ้าของ บาท,False,movement,-35937115.0
STANLEY,Thai-Stanley_Q1_June69-T1-1.pdf,7,baht,,0,16,กําไร(ขาดทุน)เบ็ดเสร็จรวมสําหรับรอบระยะเวลา,8,รวมส่วนของ เจ้าของ บาท,True,movement,333686447.0
STANLEY,Thai-Stanley_Q1_June69-T1-1.pdf,7,baht,,0,17,เงินปั นผลจ่าย,0,ทุนที่ออก และชําระแล้ว บาท,False,movement,
STANLEY,Thai-Stanley_Q1_June69-T1-1.pdf,7,baht,,0,17,เงินปั นผลจ่าย,1,ส่วนเกิ น มูลค่าหุ้น บาท,False,movement,
STANLEY,Thai-Stanley_Q1_June69-T1-1.pdf,7,baht,,0,17,เงินปั นผลจ่าย,2,ข้อมูลทางการเงิ กําไรสะสม จัดสรรแล้ว - สํารองตามกฎหมาย บาท,False,movement,
STANLEY,Thai-Stanley_Q1_June69-T1-1.pdf,7,baht,,0,17,เงินปั นผลจ่าย,3,นที่แสดงเงิ ยังไม่ได้จดั บาท,False,movement,-919500000.0
STANLEY,Thai-Stanley_Q1_June69-T1-1.pdf,7,baht,,0,17,เงินปั นผลจ่าย,4,นลงทุนตามวิ ธีส่วนได้เสีย กําไร การวัดมูลค่า เงิ นลงทุนใน ตราสารทุน ผ่านกําไรขาดทุน สรร เบ็ดเสร็จอื่น บาท,False,movement,
STANLEY,Thai-Stanley_Q1_June69-T1-1.pdf,7,baht,,0,17,เงินปั นผลจ่าย,5,(ยังไม่ได้ตรวจสอบ) องค์ประกอบอื่นของส่วนของเจ้าของ (ขาดทุน) เบ็ดเสร็จอื่น ผลต่างจาก การแปลงค่า ข้อมูลทางการเงิ น ของบริ ษทั ร่วม และการร่วมค้า บาท,False,movement,
STANLEY,Thai-Stanley_Q1_June69-T1-1.pdf,7,baht,,0,17,เงินปั นผลจ่าย,6,การวัดมูลค่าใหม่ ของภาระผูกพัน ผลประโยชน์ หลังออกจากงาน บาท,False,movement,
STANLEY,Thai-Stanley_Q1_June69-T1-1.pdf,7,baht,,0,17,เงินปั นผลจ่าย,7,รวม องค์ประกอบอื่น ของส่วนของ เจ้าของ บาท,False,movement,
STANLEY,Thai-Stanley_Q1_June69-T1-1.pdf,7,baht,,0,17,เงินปั นผลจ่าย,8,รวมส่วนของ เจ้าของ บาท,True,movement,-919500000.0
STANLEY,Thai-Stanley_Q1_June69-T1-1.pdf,7,baht,,0,19,ยอดคงเหลือสิ้ นรอบระยะเวลา ณ วันที่ 30 มิ ถนุ ายน พ.ศ. 2568,0,ทุนที่ออก และชําระแล้ว บาท,False,balance,383125000.0
STANLEY,Thai-Stanley_Q1_June69-T1-1.pdf,7,baht,,0,19,ยอดคงเหลือสิ้ นรอบระยะเวลา ณ วันที่ 30 มิ ถนุ ายน พ.ศ. 2568,1,ส่วนเกิ น มูลค่าหุ้น บาท,False,balance,504250000.0
STANLEY,Thai-Stanley_Q1_June69-T1-1.pdf,7,baht,,0,19,ยอดคงเหลือสิ้ นรอบระยะเวลา ณ วันที่ 30 มิ ถนุ ายน พ.ศ. 2568,2,ข้อมูลทางการเงิ กําไรสะสม จัดสรรแล้ว - สํารองตามกฎหมาย บาท,False,balance,38312500.0
STANLEY,Thai-Stanley_Q1_June69-T1-1.pdf,7,baht,,0,19,ยอดคงเหลือสิ้ นรอบระยะเวลา ณ วันที่ 30 มิ ถนุ ายน พ.ศ. 2568,3,นที่แสดงเงิ ยังไม่ได้จดั บาท,False,balance,18748592694.0
STANLEY,Thai-Stanley_Q1_June69-T1-1.pdf,7,baht,,0,19,ยอดคงเหลือสิ้ นรอบระยะเวลา ณ วันที่ 30 มิ ถนุ ายน พ.ศ. 2568,4,นลงทุนตามวิ ธีส่วนได้เสีย กําไร การวัดมูลค่า เงิ นลงทุนใน ตราสารทุน ผ่านกําไรขาดทุน สรร เบ็ดเสร็จอื่น บาท,False,balance,1503512205.0
STANLEY,Thai-Stanley_Q1_June69-T1-1.pdf,7,baht,,0,19,ยอดคงเหลือสิ้ นรอบระยะเวลา ณ วันที่ 30 มิ ถนุ ายน พ.ศ. 2568,5,(ยังไม่ได้ตรวจสอบ) องค์ประกอบอื่นของส่วนของเจ้าของ (ขาดทุน) เบ็ดเสร็จอื่น ผลต่างจาก การแปลงค่า ข้อมูลทางการเงิ น ของบริ ษทั ร่วม และการร่วมค้า บาท,False,balance,-399630569.0
STANLEY,Thai-Stanley_Q1_June69-T1-1.pdf,7,baht,,0,19,ยอดคงเหลือสิ้ นรอบระยะเวลา ณ วันที่ 30 มิ ถนุ ายน พ.ศ. 2568,6,การวัดมูลค่าใหม่ ของภาระผูกพัน ผลประโยชน์ หลังออกจากงาน บาท,False,balance,35823579.0
STANLEY,Thai-Stanley_Q1_June69-T1-1.pdf,7,baht,,0,19,ยอดคงเหลือสิ้ นรอบระยะเวลา ณ วันที่ 30 มิ ถนุ ายน พ.ศ. 2568,7,รวม องค์ประกอบอื่น ของส่วนของ เจ้าของ บาท,False,balance,1139705215.0
STANLEY,Thai-Stanley_Q1_June69-T1-1.pdf,7,baht,,0,19,ยอดคงเหลือสิ้ นรอบระยะเวลา ณ วันที่ 30 มิ ถนุ ายน พ.ศ. 2568,8,รวมส่วนของ เจ้าของ บาท,True,balance,20813985409.0
STANLEY,Thai-Stanley_Q1_June69-T1-1.pdf,7,baht,,1,22,ยอดคงเหลือต้นรอบระยะเวลา ณ วันที่ 1 เมษายน พ.ศ. 2569,0,ทุนที่ออก และชําระแล้ว บาท,False,balance,383125000.0
STANLEY,Thai-Stanley_Q1_June69-T1-1.pdf,7,baht,,1,22,ยอดคงเหลือต้นรอบระยะเวลา ณ วันที่ 1 เมษายน พ.ศ. 2569,1,ส่วนเกิ น มูลค่าหุ้น บาท,False,balance,504250000.0
STANLEY,Thai-Stanley_Q1_June69-T1-1.pdf,7,baht,,1,22,ยอดคงเหลือต้นรอบระยะเวลา ณ วันที่ 1 เมษายน พ.ศ. 2569,2,ข้อมูลทางการเงิ กําไรสะสม จัดสรรแล้ว - สํารองตามกฎหมาย บาท,False,balance,38312500.0
STANLEY,Thai-Stanley_Q1_June69-T1-1.pdf,7,baht,,1,22,ยอดคงเหลือต้นรอบระยะเวลา ณ วันที่ 1 เมษายน พ.ศ. 2569,3,นที่แสดงเงิ ยังไม่ได้จดั บาท,False,balance,19690830368.0
STANLEY,Thai-Stanley_Q1_June69-T1-1.pdf,7,baht,,1,22,ยอดคงเหลือต้นรอบระยะเวลา ณ วันที่ 1 เมษายน พ.ศ. 2569,4,นลงทุนตามวิ ธีส่วนได้เสีย กําไร การวัดมูลค่า เงิ นลงทุนใน ตราสารทุน ผ่านกําไรขาดทุน สรร เบ็ดเสร็จอื่น บาท,False,balance,1451956924.0
STANLEY,Thai-Stanley_Q1_June69-T1-1.pdf,7,baht,,1,22,ยอดคงเหลือต้นรอบระยะเวลา ณ วันที่ 1 เมษายน พ.ศ. 2569,5,(ยังไม่ได้ตรวจสอบ) องค์ประกอบอื่นของส่วนของเจ้าของ (ขาดทุน) เบ็ดเสร็จอื่น ผลต่างจาก การแปลงค่า ข้อมูลทางการเงิ น ของบริ ษทั ร่วม และการร่วมค้า บาท,False,balance,-386733086.0
STANLEY,Thai-Stanley_Q1_June69-T1-1.pdf,7,baht,,1,22,ยอดคงเหลือต้นรอบระยะเวลา ณ วันที่ 1 เมษายน พ.ศ. 2569,6,การวัดมูลค่าใหม่ ของภาระผูกพัน ผลประโยชน์ หลังออกจากงาน บาท,False,balance,15676660.0
STANLEY,Thai-Stanley_Q1_June69-T1-1.pdf,7,baht,,1,22,ยอดคงเหลือต้นรอบระยะเวลา ณ วันที่ 1 เมษายน พ.ศ. 2569,7,รวม องค์ประกอบอื่น ของส่วนของ เจ้าของ บาท,False,balance,1080900498.0
STANLEY,Thai-Stanley_Q1_June69-T1-1.pdf,7,baht,,1,22,ยอดคงเหลือต้นรอบระยะเวลา ณ วันที่ 1 เมษายน พ.ศ. 2569,8,รวมส่วนของ เจ้าของ บาท,True,balance,21697418366.0
STANLEY,Thai-Stanley_Q1_June69-T1-1.pdf,7,baht,,1,23,กําไร(ขาดทุน)เบ็ดเสร็จรวมสําหรับรอบระยะเวลา,0,ทุนที่ออก และชําระแล้ว บาท,False,movement,
STANLEY,Thai-Stanley_Q1_June69-T1-1.pdf,7,baht,,1,23,กําไร(ขาดทุน)เบ็ดเสร็จรวมสําหรับรอบระยะเวลา,1,ส่วนเกิ น มูลค่าหุ้น บาท,False,movement,
STANLEY,Thai-Stanley_Q1_June69-T1-1.pdf,7,baht,,1,23,กําไร(ขาดทุน)เบ็ดเสร็จรวมสําหรับรอบระยะเวลา,2,ข้อมูลทางการเงิ กําไรสะสม จัดสรรแล้ว - สํารองตามกฎหมาย บาท,False,movement,
STANLEY,Thai-Stanley_Q1_June69-T1-1.pdf,7,baht,,1,23,กําไร(ขาดทุน)เบ็ดเสร็จรวมสําหรับรอบระยะเวลา,3,นที่แสดงเงิ ยังไม่ได้จดั บาท,False,movement,361650603.0
STANLEY,Thai-Stanley_Q1_June69-T1-1.pdf,7,baht,,1,23,กําไร(ขาดทุน)เบ็ดเสร็จรวมสําหรับรอบระยะเวลา,4,นลงทุนตามวิ ธีส่วนได้เสีย กําไร การวัดมูลค่า เงิ นลงทุนใน ตราสารทุน ผ่านกําไรขาดทุน สรร เบ็ดเสร็จอื่น บาท,False,movement,57918030.0
STANLEY,Thai-Stanley_Q1_June69-T1-1.pdf,7,baht,,1,23,กําไร(ขาดทุน)เบ็ดเสร็จรวมสําหรับรอบระยะเวลา,5,(ยังไม่ได้ตรวจสอบ) องค์ประกอบอื่นของส่วนของเจ้าของ (ขาดทุน) เบ็ดเสร็จอื่น ผลต่างจาก การแปลงค่า ข้อมูลทางการเงิ น ของบริ ษทั ร่วม และการร่วมค้า บาท,False,movement,3258322.0
STANLEY,Thai-Stanley_Q1_June69-T1-1.pdf,7,baht,,1,23,กําไร(ขาดทุน)เบ็ดเสร็จรวมสําหรับรอบระยะเวลา,6,การวัดมูลค่าใหม่ ของภาระผูกพัน ผลประโยชน์ หลังออกจากงาน บาท,False,movement,
STANLEY,Thai-Stanley_Q1_June69-T1-1.pdf,7,baht,,1,23,กําไร(ขาดทุน)เบ็ดเสร็จรวมสําหรับรอบระยะเวลา,7,รวม องค์ประกอบอื่น ของส่วนของ เจ้าของ บาท,False,movement,61176352.0
STANLEY,Thai-Stanley_Q1_June69-T1-1.pdf,7,baht,,1,23,กําไร(ขาดทุน)เบ็ดเสร็จรวมสําหรับรอบระยะเวลา,8,รวมส่วนของ เจ้าของ บาท,True,movement,422826955.0
STANLEY,Thai-Stanley_Q1_June69-T1-1.pdf,7,baht,,1,24,เงินปั นผลค้างจ่าย 16,0,ทุนที่ออก และชําระแล้ว บาท,False,movement,
STANLEY,Thai-Stanley_Q1_June69-T1-1.pdf,7,baht,,1,24,เงินปั นผลค้างจ่าย 16,1,ส่วนเกิ น มูลค่าหุ้น บาท,False,movement,
STANLEY,Thai-Stanley_Q1_June69-T1-1.pdf,7,baht,,1,24,เงินปั นผลค้างจ่าย 16,2,ข้อมูลทางการเงิ กําไรสะสม จัดสรรแล้ว - สํารองตามกฎหมาย บาท,False,movement,
STANLEY,Thai-Stanley_Q1_June69-T1-1.pdf,7,baht,,1,24,เงินปั นผลค้างจ่าย 16,3,นที่แสดงเงิ ยังไม่ได้จดั บาท,False,movement,-1302625000.0
STANLEY,Thai-Stanley_Q1_June69-T1-1.pdf,7,baht,,1,24,เงินปั นผลค้างจ่าย 16,4,นลงทุนตามวิ ธีส่วนได้เสีย กําไร การวัดมูลค่า เงิ นลงทุนใน ตราสารทุน ผ่านกําไรขาดทุน สรร เบ็ดเสร็จอื่น บาท,False,movement,
STANLEY,Thai-Stanley_Q1_June69-T1-1.pdf,7,baht,,1,24,เงินปั นผลค้างจ่าย 16,5,(ยังไม่ได้ตรวจสอบ) องค์ประกอบอื่นของส่วนของเจ้าของ (ขาดทุน) เบ็ดเสร็จอื่น ผลต่างจาก การแปลงค่า ข้อมูลทางการเงิ น ของบริ ษทั ร่วม และการร่วมค้า บาท,False,movement,
STANLEY,Thai-Stanley_Q1_June69-T1-1.pdf,7,baht,,1,24,เงินปั นผลค้างจ่าย 16,6,การวัดมูลค่าใหม่ ของภาระผูกพัน ผลประโยชน์ หลังออกจากงาน บาท,False,movement,
STANLEY,Thai-Stanley_Q1_June69-T1-1.pdf,7,baht,,1,24,เงินปั นผลค้างจ่าย 16,7,รวม องค์ประกอบอื่น ของส่วนของ เจ้าของ บาท,False,movement,
STANLEY,Thai-Stanley_Q1_June69-T1-1.pdf,7,baht,,1,24,เงินปั นผลค้างจ่าย 16,8,รวมส่วนของ เจ้าของ บาท,True,movement,-1302625000.0
STANLEY,Thai-Stanley_Q1_June69-T1-1.pdf,7,baht,,1,26,ยอดคงเหลือสิ้ นรอบระยะเวลา ณ วันที่ 30 มิ ถนุ ายน พ.ศ. 2569,0,ทุนที่ออก และชําระแล้ว บาท,False,balance,383125000.0
STANLEY,Thai-Stanley_Q1_June69-T1-1.pdf,7,baht,,1,26,ยอดคงเหลือสิ้ นรอบระยะเวลา ณ วันที่ 30 มิ ถนุ ายน พ.ศ. 2569,1,ส่วนเกิ น มูลค่าหุ้น บาท,False,balance,504250000.0
STANLEY,Thai-Stanley_Q1_June69-T1-1.pdf,7,baht,,1,26,ยอดคงเหลือสิ้ นรอบระยะเวลา ณ วันที่ 30 มิ ถนุ ายน พ.ศ. 2569,2,ข้อมูลทางการเงิ กําไรสะสม จัดสรรแล้ว - สํารองตามกฎหมาย บาท,False,balance,38312500.0
STANLEY,Thai-Stanley_Q1_June69-T1-1.pdf,7,baht,,1,26,ยอดคงเหลือสิ้ นรอบระยะเวลา ณ วันที่ 30 มิ ถนุ ายน พ.ศ. 2569,3,นที่แสดงเงิ ยังไม่ได้จดั บาท,False,balance,18749855971.0
STANLEY,Thai-Stanley_Q1_June69-T1-1.pdf,7,baht,,1,26,ยอดคงเหลือสิ้ นรอบระยะเวลา ณ วันที่ 30 มิ ถนุ ายน พ.ศ. 2569,4,นลงทุนตามวิ ธีส่วนได้เสีย กําไร การวัดมูลค่า เงิ นลงทุนใน ตราสารทุน ผ่านกําไรขาดทุน สรร เบ็ดเสร็จอื่น บาท,False,balance,1509874954.0
STANLEY,Thai-Stanley_Q1_June69-T1-1.pdf,7,baht,,1,26,ยอดคงเหลือสิ้ นรอบระยะเวลา ณ วันที่ 30 มิ ถนุ ายน พ.ศ. 2569,5,(ยังไม่ได้ตรวจสอบ) องค์ประกอบอื่นของส่วนของเจ้าของ (ขาดทุน) เบ็ดเสร็จอื่น ผลต่างจาก การแปลงค่า ข้อมูลทางการเงิ น ของบริ ษทั ร่วม และการร่วมค้า บาท,False,balance,-383474764.0
STANLEY,Thai-Stanley_Q1_June69-T1-1.pdf,7,baht,,1,26,ยอดคงเหลือสิ้ นรอบระยะเวลา ณ วันที่ 30 มิ ถนุ ายน พ.ศ. 2569,6,การวัดมูลค่าใหม่ ของภาระผูกพัน ผลประโยชน์ หลังออกจากงาน บาท,False,balance,15676660.0
STANLEY,Thai-Stanley_Q1_June69-T1-1.pdf,7,baht,,1,26,ยอดคงเหลือสิ้ นรอบระยะเวลา ณ วันที่ 30 มิ ถนุ ายน พ.ศ. 2569,7,รวม องค์ประกอบอื่น ของส่วนของ เจ้าของ บาท,False,balance,1142076850.0
STANLEY,Thai-Stanley_Q1_June69-T1-1.pdf,7,baht,,1,26,ยอดคงเหลือสิ้ นรอบระยะเวลา ณ วันที่ 30 มิ ถนุ ายน พ.ศ. 2569,8,รวมส่วนของ เจ้าของ บาท,True,balance,20817620321.0
STANLEY,Thai-Stanley_Q1_June69-T1-1.pdf,8,baht,sep,0,15,ยอดคงเหลือต้นรอบระยะเวลา ณ วันที่ 1 เมษายน พ.ศ. 2568,0,ทุนที่ออก และชําระแล้ว บาท,False,balance,383125000.0
STANLEY,Thai-Stanley_Q1_June69-T1-1.pdf,8,baht,sep,0,15,ยอดคงเหลือต้นรอบระยะเวลา ณ วันที่ 1 เมษายน พ.ศ. 2568,1,ส่วนเกิ น มูลค่าหุ้น บาท,False,balance,504250000.0
STANLEY,Thai-Stanley_Q1_June69-T1-1.pdf,8,baht,sep,0,15,ยอดคงเหลือต้นรอบระยะเวลา ณ วันที่ 1 เมษายน พ.ศ. 2568,2,ข้อมูลทางการเงิ กําไรสะสม จัดสรรแล้ว - สํารองตามกฎหมาย บาท,False,balance,38312500.0
STANLEY,Thai-Stanley_Q1_June69-T1-1.pdf,8,baht,sep,0,15,ยอดคงเหลือต้นรอบระยะเวลา ณ วันที่ 1 เมษายน พ.ศ. 2568,3,นเฉพาะกิ ยังไม่ได้จดั สรร บาท,False,balance,17298828490.0
STANLEY,Thai-Stanley_Q1_June69-T1-1.pdf,8,baht,sep,0,15,ยอดคงเหลือต้นรอบระยะเวลา ณ วันที่ 1 เมษายน พ.ศ. 2568,4,จการ (ยังไม่ได้ตรวจสอบ) กําไร (ขาดทุน) การวัดมูลค่า เงิ นลงทุนใน ตราสารทุน ผ่านกําไรขาดทุน เบ็ดเสร็จอื่น บาท,False,balance,1430184115.0
STANLEY,Thai-Stanley_Q1_June69-T1-1.pdf,8,baht,sep,0,15,ยอดคงเหลือต้นรอบระยะเวลา ณ วันที่ 1 เมษายน พ.ศ. 2568,5,องค์ประกอบอื่นของส่วนของเจ้าของ เบ็ดเสร็จอื่น การวัดมูลค่าใหม่ ของภาระผูกพัน ผลประโยชน์ หลังออกจากงาน บาท,False,balance,35823579.0
STANLEY,Thai-Stanley_Q1_June69-T1-1.pdf,8,baht,sep,0,15,ยอดคงเหลือต้นรอบระยะเวลา ณ วันที่ 1 เมษายน พ.ศ. 2568,6,รวม องค์ประกอบอื่น ของส่วนของ เจ้าของ บาท,False,balance,1466007694.0
STANLEY,Thai-Stanley_Q1_June69-T1-1.pdf,8,baht,sep,0,15,ยอดคงเหลือต้นรอบระยะเวลา ณ วันที่ 1 เมษายน พ.ศ. 2568,7,รวมส่วนของ เจ้าของ บาท,True,balance,19690523684.0
STANLEY,Thai-Stanley_Q1_June69-T1-1.pdf,8,baht,sep,0,16,กําไร(ขาดทุน)เบ็ดเสร็จรวมสําหรับรอบระยะเวลา,0,ทุนที่ออก และชําระแล้ว บาท,False,movement,
STANLEY,Thai-Stanley_Q1_June69-T1-1.pdf,8,baht,sep,0,16,กําไร(ขาดทุน)เบ็ดเสร็จรวมสําหรับรอบระยะเวลา,1,ส่วนเกิ น มูลค่าหุ้น บาท,False,movement,
STANLEY,Thai-Stanley_Q1_June69-T1-1.pdf,8,baht,sep,0,16,กําไร(ขาดทุน)เบ็ดเสร็จรวมสําหรับรอบระยะเวลา,2,ข้อมูลทางการเงิ กําไรสะสม จัดสรรแล้ว - สํารองตามกฎหมาย บาท,False,movement,
STANLEY,Thai-Stanley_Q1_June69-T1-1.pdf,8,baht,sep,0,16,กําไร(ขาดทุน)เบ็ดเสร็จรวมสําหรับรอบระยะเวลา,3,นเฉพาะกิ ยังไม่ได้จดั สรร บาท,False,movement,631596197.0
STANLEY,Thai-Stanley_Q1_June69-T1-1.pdf,8,baht,sep,0,16,กําไร(ขาดทุน)เบ็ดเสร็จรวมสําหรับรอบระยะเวลา,4,จการ (ยังไม่ได้ตรวจสอบ) กําไร (ขาดทุน) การวัดมูลค่า เงิ นลงทุนใน ตราสารทุน ผ่านกําไรขาดทุน เบ็ดเสร็จอื่น บาท,False,movement,73328090.0
STANLEY,Thai-Stanley_Q1_June69-T1-1.pdf,8,baht,sep,0,16,กําไร(ขาดทุน)เบ็ดเสร็จรวมสําหรับรอบระยะเวลา,5,องค์ประกอบอื่นของส่วนของเจ้าของ เบ็ดเสร็จอื่น การวัดมูลค่าใหม่ ของภาระผูกพัน ผลประโยชน์ หลังออกจากงาน บาท,False,movement,
STANLEY,Thai-Stanley_Q1_June69-T1-1.pdf,8,baht,sep,0,16,กําไร(ขาดทุน)เบ็ดเสร็จรวมสําหรับรอบระยะเวลา,6,รวม องค์ประกอบอื่น ของส่วนของ เจ้าของ บาท,False,movement,73328090.0
STANLEY,Thai-Stanley_Q1_June69-T1-1.pdf,8,baht,sep,0,16,กําไร(ขาดทุน)เบ็ดเสร็จรวมสําหรับรอบระยะเวลา,7,รวมส่วนของ เจ้าของ บาท,True,movement,704924287.0
STANLEY,Thai-Stanley_Q1_June69-T1-1.pdf,8,baht,sep,0,17,เงินปั นผลจ่าย,0,ทุนที่ออก และชําระแล้ว บาท,False,movement,
STANLEY,Thai-Stanley_Q1_June69-T1-1.pdf,8,baht,sep,0,17,เงินปั นผลจ่าย,1,ส่วนเกิ น มูลค่าหุ้น บาท,False,movement,
STANLEY,Thai-Stanley_Q1_June69-T1-1.pdf,8,baht,sep,0,17,เงินปั นผลจ่าย,2,ข้อมูลทางการเงิ กําไรสะสม จัดสรรแล้ว - สํารองตามกฎหมาย บาท,False,movement,
STANLEY,Thai-Stanley_Q1_June69-T1-1.pdf,8,baht,sep,0,17,เงินปั นผลจ่าย,3,นเฉพาะกิ ยังไม่ได้จดั สรร บาท,False,movement,-919500000.0
STANLEY,Thai-Stanley_Q1_June69-T1-1.pdf,8,baht,sep,0,17,เงินปั นผลจ่าย,4,จการ (ยังไม่ได้ตรวจสอบ) กําไร (ขาดทุน) การวัดมูลค่า เงิ นลงทุนใน ตราสารทุน ผ่านกําไรขาดทุน เบ็ดเสร็จอื่น บาท,False,movement,
STANLEY,Thai-Stanley_Q1_June69-T1-1.pdf,8,baht,sep,0,17,เงินปั นผลจ่าย,5,องค์ประกอบอื่นของส่วนของเจ้าของ เบ็ดเสร็จอื่น การวัดมูลค่าใหม่ ของภาระผูกพัน ผลประโยชน์ หลังออกจากงาน บาท,False,movement,
STANLEY,Thai-Stanley_Q1_June69-T1-1.pdf,8,baht,sep,0,17,เงินปั นผลจ่าย,6,รวม องค์ประกอบอื่น ของส่วนของ เจ้าของ บาท,False,movement,
STANLEY,Thai-Stanley_Q1_June69-T1-1.pdf,8,baht,sep,0,17,เงินปั นผลจ่าย,7,รวมส่วนของ เจ้าของ บาท,True,movement,-919500000.0
STANLEY,Thai-Stanley_Q1_June69-T1-1.pdf,8,baht,sep,0,19,ยอดคงเหลือสิ้ นรอบระยะเวลา ณ วันที่ 30 มิ ถนุ ายน พ.ศ. 2568,0,ทุนที่ออก และชําระแล้ว บาท,False,balance,383125000.0
STANLEY,Thai-Stanley_Q1_June69-T1-1.pdf,8,baht,sep,0,19,ยอดคงเหลือสิ้ นรอบระยะเวลา ณ วันที่ 30 มิ ถนุ ายน พ.ศ. 2568,1,ส่วนเกิ น มูลค่าหุ้น บาท,False,balance,504250000.0
STANLEY,Thai-Stanley_Q1_June69-T1-1.pdf,8,baht,sep,0,19,ยอดคงเหลือสิ้ นรอบระยะเวลา ณ วันที่ 30 มิ ถนุ ายน พ.ศ. 2568,2,ข้อมูลทางการเงิ กําไรสะสม จัดสรรแล้ว - สํารองตามกฎหมาย บาท,False,balance,38312500.0
STANLEY,Thai-Stanley_Q1_June69-T1-1.pdf,8,baht,sep,0,19,ยอดคงเหลือสิ้ นรอบระยะเวลา ณ วันที่ 30 มิ ถนุ ายน พ.ศ. 2568,3,นเฉพาะกิ ยังไม่ได้จดั สรร บาท,False,balance,17010924687.0
STANLEY,Thai-Stanley_Q1_June69-T1-1.pdf,8,baht,sep,0,19,ยอดคงเหลือสิ้ นรอบระยะเวลา ณ วันที่ 30 มิ ถนุ ายน พ.ศ. 2568,4,จการ (ยังไม่ได้ตรวจสอบ) กําไร (ขาดทุน) การวัดมูลค่า เงิ นลงทุนใน ตราสารทุน ผ่านกําไรขาดทุน เบ็ดเสร็จอื่น บาท,False,balance,1503512205.0
STANLEY,Thai-Stanley_Q1_June69-T1-1.pdf,8,baht,sep,0,19,ยอดคงเหลือสิ้ นรอบระยะเวลา ณ วันที่ 30 มิ ถนุ ายน พ.ศ. 2568,5,องค์ประกอบอื่นของส่วนของเจ้าของ เบ็ดเสร็จอื่น การวัดมูลค่าใหม่ ของภาระผูกพัน ผลประโยชน์ หลังออกจากงาน บาท,False,balance,35823579.0
STANLEY,Thai-Stanley_Q1_June69-T1-1.pdf,8,baht,sep,0,19,ยอดคงเหลือสิ้ นรอบระยะเวลา ณ วันที่ 30 มิ ถนุ ายน พ.ศ. 2568,6,รวม องค์ประกอบอื่น ของส่วนของ เจ้าของ บาท,False,balance,1539335784.0
STANLEY,Thai-Stanley_Q1_June69-T1-1.pdf,8,baht,sep,0,19,ยอดคงเหลือสิ้ นรอบระยะเวลา ณ วันที่ 30 มิ ถนุ ายน พ.ศ. 2568,7,รวมส่วนของ เจ้าของ บาท,True,balance,19475947971.0
STANLEY,Thai-Stanley_Q1_June69-T1-1.pdf,8,baht,sep,1,22,ยอดคงเหลือต้นรอบระยะเวลา ณ วันที่ 1 เมษายน พ.ศ. 2569,0,ทุนที่ออก และชําระแล้ว บาท,False,balance,383125000.0
STANLEY,Thai-Stanley_Q1_June69-T1-1.pdf,8,baht,sep,1,22,ยอดคงเหลือต้นรอบระยะเวลา ณ วันที่ 1 เมษายน พ.ศ. 2569,1,ส่วนเกิ น มูลค่าหุ้น บาท,False,balance,504250000.0
STANLEY,Thai-Stanley_Q1_June69-T1-1.pdf,8,baht,sep,1,22,ยอดคงเหลือต้นรอบระยะเวลา ณ วันที่ 1 เมษายน พ.ศ. 2569,2,ข้อมูลทางการเงิ กําไรสะสม จัดสรรแล้ว - สํารองตามกฎหมาย บาท,False,balance,38312500.0
STANLEY,Thai-Stanley_Q1_June69-T1-1.pdf,8,baht,sep,1,22,ยอดคงเหลือต้นรอบระยะเวลา ณ วันที่ 1 เมษายน พ.ศ. 2569,3,นเฉพาะกิ ยังไม่ได้จดั สรร บาท,False,balance,17734001246.0
STANLEY,Thai-Stanley_Q1_June69-T1-1.pdf,8,baht,sep,1,22,ยอดคงเหลือต้นรอบระยะเวลา ณ วันที่ 1 เมษายน พ.ศ. 2569,4,จการ (ยังไม่ได้ตรวจสอบ) กําไร (ขาดทุน) การวัดมูลค่า เงิ นลงทุนใน ตราสารทุน ผ่านกําไรขาดทุน เบ็ดเสร็จอื่น บาท,False,balance,1451956924.0
STANLEY,Thai-Stanley_Q1_June69-T1-1.pdf,8,baht,sep,1,22,ยอดคงเหลือต้นรอบระยะเวลา ณ วันที่ 1 เมษายน พ.ศ. 2569,5,องค์ประกอบอื่นของส่วนของเจ้าของ เบ็ดเสร็จอื่น การวัดมูลค่าใหม่ ของภาระผูกพัน ผลประโยชน์ หลังออกจากงาน บาท,False,balance,15676660.0
STANLEY,Thai-Stanley_Q1_June69-T1-1.pdf,8,baht,sep,1,22,ยอดคงเหลือต้นรอบระยะเวลา ณ วันที่ 1 เมษายน พ.ศ. 2569,6,รวม องค์ประกอบอื่น ของส่วนของ เจ้าของ บาท,False,balance,1467633584.0
STANLEY,Thai-Stanley_Q1_June69-T1-1.pdf,8,baht,sep,1,22,ยอดคงเหลือต้นรอบระยะเวลา ณ วันที่ 1 เมษายน พ.ศ. 2569,7,รวมส่วนของ เจ้าของ บาท,True,balance,20127322330.0
STANLEY,Thai-Stanley_Q1_June69-T1-1.pdf,8,baht,sep,1,23,กําไร(ขาดทุน)เบ็ดเสร็จรวมสําหรับรอบระยะเวลา,0,ทุนที่ออก และชําระแล้ว บาท,False,movement,
STANLEY,Thai-Stanley_Q1_June69-T1-1.pdf,8,baht,sep,1,23,กําไร(ขาดทุน)เบ็ดเสร็จรวมสําหรับรอบระยะเวลา,1,ส่วนเกิ น มูลค่าหุ้น บาท,False,movement,
STANLEY,Thai-Stanley_Q1_June69-T1-1.pdf,8,baht,sep,1,23,กําไร(ขาดทุน)เบ็ดเสร็จรวมสําหรับรอบระยะเวลา,2,ข้อมูลทางการเงิ กําไรสะสม จัดสรรแล้ว - สํารองตามกฎหมาย บาท,False,movement,
STANLEY,Thai-Stanley_Q1_June69-T1-1.pdf,8,baht,sep,1,23,กําไร(ขาดทุน)เบ็ดเสร็จรวมสําหรับรอบระยะเวลา,3,นเฉพาะกิ ยังไม่ได้จดั สรร บาท,False,movement,635039635.0
STANLEY,Thai-Stanley_Q1_June69-T1-1.pdf,8,baht,sep,1,23,กําไร(ขาดทุน)เบ็ดเสร็จรวมสําหรับรอบระยะเวลา,4,จการ (ยังไม่ได้ตรวจสอบ) กําไร (ขาดทุน) การวัดมูลค่า เงิ นลงทุนใน ตราสารทุน ผ่านกําไรขาดทุน เบ็ดเสร็จอื่น บาท,False,movement,57918030.0
STANLEY,Thai-Stanley_Q1_June69-T1-1.pdf,8,baht,sep,1,23,กําไร(ขาดทุน)เบ็ดเสร็จรวมสําหรับรอบระยะเวลา,5,องค์ประกอบอื่นของส่วนของเจ้าของ เบ็ดเสร็จอื่น การวัดมูลค่าใหม่ ของภาระผูกพัน ผลประโยชน์ หลังออกจากงาน บาท,False,movement,
STANLEY,Thai-Stanley_Q1_June69-T1-1.pdf,8,baht,sep,1,23,กําไร(ขาดทุน)เบ็ดเสร็จรวมสําหรับรอบระยะเวลา,6,รวม องค์ประกอบอื่น ของส่วนของ เจ้าของ บาท,False,movement,57918030.0
STANLEY,Thai-Stanley_Q1_June69-T1-1.pdf,8,baht,sep,1,23,กําไร(ขาดทุน)เบ็ดเสร็จรวมสําหรับรอบระยะเวลา,7,รวมส่วนของ เจ้าของ บาท,True,movement,692957665.0
STANLEY,Thai-Stanley_Q1_June69-T1-1.pdf,8,baht,sep,1,24,เงินปั นผลจ่าย 16,0,ทุนที่ออก และชําระแล้ว บาท,False,movement,
STANLEY,Thai-Stanley_Q1_June69-T1-1.pdf,8,baht,sep,1,24,เงินปั นผลจ่าย 16,1,ส่วนเกิ น มูลค่าหุ้น บาท,False,movement,
STANLEY,Thai-Stanley_Q1_June69-T1-1.pdf,8,baht,sep,1,24,เงินปั นผลจ่าย 16,2,ข้อมูลทางการเงิ กําไรสะสม จัดสรรแล้ว - สํารองตามกฎหมาย บาท,False,movement,
STANLEY,Thai-Stanley_Q1_June69-T1-1.pdf,8,baht,sep,1,24,เงินปั นผลจ่าย 16,3,นเฉพาะกิ ยังไม่ได้จดั สรร บาท,False,movement,-1302625000.0
STANLEY,Thai-Stanley_Q1_June69-T1-1.pdf,8,baht,sep,1,24,เงินปั นผลจ่าย 16,4,จการ (ยังไม่ได้ตรวจสอบ) กําไร (ขาดทุน) การวัดมูลค่า เงิ นลงทุนใน ตราสารทุน ผ่านกําไรขาดทุน เบ็ดเสร็จอื่น บาท,False,movement,
STANLEY,Thai-Stanley_Q1_June69-T1-1.pdf,8,baht,sep,1,24,เงินปั นผลจ่าย 16,5,องค์ประกอบอื่นของส่วนของเจ้าของ เบ็ดเสร็จอื่น การวัดมูลค่าใหม่ ของภาระผูกพัน ผลประโยชน์ หลังออกจากงาน บาท,False,movement,
STANLEY,Thai-Stanley_Q1_June69-T1-1.pdf,8,baht,sep,1,24,เงินปั นผลจ่าย 16,6,รวม องค์ประกอบอื่น ของส่วนของ เจ้าของ บาท,False,movement,
STANLEY,Thai-Stanley_Q1_June69-T1-1.pdf,8,baht,sep,1,24,เงินปั นผลจ่าย 16,7,รวมส่วนของ เจ้าของ บาท,True,movement,-1302625000.0
STANLEY,Thai-Stanley_Q1_June69-T1-1.pdf,8,baht,sep,1,26,ยอดคงเหลือสิ้ นรอบระยะเวลา ณ วันที่ 30 มิ ถนุ ายน พ.ศ. 2569,0,ทุนที่ออก และชําระแล้ว บาท,False,balance,383125000.0
STANLEY,Thai-Stanley_Q1_June69-T1-1.pdf,8,baht,sep,1,26,ยอดคงเหลือสิ้ นรอบระยะเวลา ณ วันที่ 30 มิ ถนุ ายน พ.ศ. 2569,1,ส่วนเกิ น มูลค่าหุ้น บาท,False,balance,504250000.0
STANLEY,Thai-Stanley_Q1_June69-T1-1.pdf,8,baht,sep,1,26,ยอดคงเหลือสิ้ นรอบระยะเวลา ณ วันที่ 30 มิ ถนุ ายน พ.ศ. 2569,2,ข้อมูลทางการเงิ กําไรสะสม จัดสรรแล้ว - สํารองตามกฎหมาย บาท,False,balance,38312500.0
STANLEY,Thai-Stanley_Q1_June69-T1-1.pdf,8,baht,sep,1,26,ยอดคงเหลือสิ้ นรอบระยะเวลา ณ วันที่ 30 มิ ถนุ ายน พ.ศ. 2569,3,นเฉพาะกิ ยังไม่ได้จดั สรร บาท,False,balance,17066415881.0
STANLEY,Thai-Stanley_Q1_June69-T1-1.pdf,8,baht,sep,1,26,ยอดคงเหลือสิ้ นรอบระยะเวลา ณ วันที่ 30 มิ ถนุ ายน พ.ศ. 2569,4,จการ (ยังไม่ได้ตรวจสอบ) กําไร (ขาดทุน) การวัดมูลค่า เงิ นลงทุนใน ตราสารทุน ผ่านกําไรขาดทุน เบ็ดเสร็จอื่น บาท,False,balance,1509874954.0
STANLEY,Thai-Stanley_Q1_June69-T1-1.pdf,8,baht,sep,1,26,ยอดคงเหลือสิ้ นรอบระยะเวลา ณ วันที่ 30 มิ ถนุ ายน พ.ศ. 2569,5,องค์ประกอบอื่นของส่วนของเจ้าของ เบ็ดเสร็จอื่น การวัดมูลค่าใหม่ ของภาระผูกพัน ผลประโยชน์ หลังออกจากงาน บาท,False,balance,15676660.0
STANLEY,Thai-Stanley_Q1_June69-T1-1.pdf,8,baht,sep,1,26,ยอดคงเหลือสิ้ นรอบระยะเวลา ณ วันที่ 30 มิ ถนุ ายน พ.ศ. 2569,6,รวม องค์ประกอบอื่น ของส่วนของ เจ้าของ บาท,False,balance,1525551614.0
STANLEY,Thai-Stanley_Q1_June69-T1-1.pdf,8,baht,sep,1,26,ยอดคงเหลือสิ้ นรอบระยะเวลา ณ วันที่ 30 มิ ถนุ ายน พ.ศ. 2569,7,รวมส่วนของ เจ้าของ บาท,True,balance,19517654995.0
CPF,pdf_th_FINANCIAL_STATEMENTS_CPF.pdf,9,thousand,con,0,13,ยอดคงเหลือ ณ วันที่ 1 มกราคม 2568,0,ทุน ที่ออกและ ชาระแล้ว,False,balance,8413569.0
CPF,pdf_th_FINANCIAL_STATEMENTS_CPF.pdf,9,thousand,con,0,13,ยอดคงเหลือ ณ วันที่ 1 มกราคม 2568,1,ส่วนเกิน มูลค่าหุ้นสามัญ,False,balance,56004025.0
CPF,pdf_th_FINANCIAL_STATEMENTS_CPF.pdf,9,thousand,con,0,13,ยอดคงเหลือ ณ วันที่ 1 มกราคม 2568,2,ส่วนเกินทุนจาก การเปลี่ยนแปลง ส่วนได้เสี ย ในบริ ษทั ย่อย และบริ ษทั ร่ วม,False,balance,3227739.0
CPF,pdf_th_FINANCIAL_STATEMENTS_CPF.pdf,9,thousand,con,0,13,ยอดคงเหลือ ณ วันที่ 1 มกราคม 2568,3,ส่วนต่ากว่าทุน จากการรวม ธุรกิจภายใต้ การควบคุมเดียวกัน,False,balance,-9917.0
CPF,pdf_th_FINANCIAL_STATEMENTS_CPF.pdf,9,thousand,con,0,13,ยอดคงเหลือ ณ วันที่ 1 มกราคม 2568,4,ส่วนเกินทุนอื่ น,False,balance,3621945.0
CPF,pdf_th_FINANCIAL_STATEMENTS_CPF.pdf,9,thousand,con,0,13,ยอดคงเหลือ ณ วันที่ 1 มกราคม 2568,5,ทุนสารอง ตามกฎหมาย,False,balance,929166.0
CPF,pdf_th_FINANCIAL_STATEMENTS_CPF.pdf,9,thousand,con,0,13,ยอดคงเหลือ ณ วันที่ 1 มกราคม 2568,6,กาไรสะสม สารอง หุ้นทุน ซื้ อคืน,False,balance,3666565.0
CPF,pdf_th_FINANCIAL_STATEMENTS_CPF.pdf,9,thousand,con,0,13,ยอดคงเหลือ ณ วันที่ 1 มกราคม 2568,7,ยังไม่ได้ จัดสรร,False,balance,136528023.0
CPF,pdf_th_FINANCIAL_STATEMENTS_CPF.pdf,9,thousand,con,0,13,ยอดคงเหลือ ณ วันที่ 1 มกราคม 2568,8,งบการเงินรวม หุ้นทุน ซื้ อคืน,False,balance,-8290076.0
CPF,pdf_th_FINANCIAL_STATEMENTS_CPF.pdf,9,thousand,con,0,13,ยอดคงเหลือ ณ วันที่ 1 มกราคม 2568,9,หุ้นกูด้ อ้ ยสิ ทธิ ที่มีลกั ษณะ คล้ายทุน,False,balance,26932000.0
CPF,pdf_th_FINANCIAL_STATEMENTS_CPF.pdf,9,thousand,con,0,13,ยอดคงเหลือ ณ วันที่ 1 มกราคม 2568,10,สารอง การแปลงค่า งบการเงิน,False,balance,-47961518.0
CPF,pdf_th_FINANCIAL_STATEMENTS_CPF.pdf,9,thousand,con,0,13,ยอดคงเหลือ ณ วันที่ 1 มกราคม 2568,11,สารองการ ป้ องกัน ความเสี่ ยง กระแสเงินสด,False,balance,1097559.0
CPF,pdf_th_FINANCIAL_STATEMENTS_CPF.pdf,9,thousand,con,0,13,ยอดคงเหลือ ณ วันที่ 1 มกราคม 2568,12,องค์ประกอบอื่นของส่วนของผูถ้ สารอง การเปลี่ยนแปลง ในมูลค่ายุติธรรม,False,balance,4817112.0
CPF,pdf_th_FINANCIAL_STATEMENTS_CPF.pdf,9,thousand,con,0,13,ยอดคงเหลือ ณ วันที่ 1 มกราคม 2568,13,ือหุ้น สารอง การตีราคา สิ นทรัพย์ใหม่,False,balance,57064478.0
CPF,pdf_th_FINANCIAL_STATEMENTS_CPF.pdf,9,thousand,con,0,13,ยอดคงเหลือ ณ วันที่ 1 มกราคม 2568,14,รวม องค์ประกอบอื่น ของ ส่วนของผูถ้ ือหุ้น,False,balance,15017631.0
CPF,pdf_th_FINANCIAL_STATEMENTS_CPF.pdf,9,thousand,con,0,13,ยอดคงเหลือ ณ วันที่ 1 มกราคม 2568,15,รวมส่วนของ บริ ษทั ใหญ่,False,balance,246040670.0
CPF,pdf_th_FINANCIAL_STATEMENTS_CPF.pdf,9,thousand,con,0,13,ยอดคงเหลือ ณ วันที่ 1 มกราคม 2568,16,ส่วนได้เสี ย ที่ไม่มีอานาจ ควบคุม,False,balance,47182872.0
CPF,pdf_th_FINANCIAL_STATEMENTS_CPF.pdf,9,thousand,con,0,13,ยอดคงเหลือ ณ วันที่ 1 มกราคม 2568,17,(หน่ วย: พันบาท) รวมส่ วนของ ผูถ้ ือหุ้น,True,balance,293223542.0
CPF,pdf_th_FINANCIAL_STATEMENTS_CPF.pdf,9,thousand,con,0,16,ซื้ อหุ ้นคืน,0,ทุน ที่ออกและ ชาระแล้ว,False,movement,
CPF,pdf_th_FINANCIAL_STATEMENTS_CPF.pdf,9,thousand,con,0,16,ซื้ อหุ ้นคืน,1,ส่วนเกิน มูลค่าหุ้นสามัญ,False,movement,
CPF,pdf_th_FINANCIAL_STATEMENTS_CPF.pdf,9,thousand,con,0,16,ซื้ อหุ ้นคืน,2,ส่วนเกินทุนจาก การเปลี่ยนแปลง ส่วนได้เสี ย ในบริ ษทั ย่อย และบริ ษทั ร่ วม,False,movement,
CPF,pdf_th_FINANCIAL_STATEMENTS_CPF.pdf,9,thousand,con,0,16,ซื้ อหุ ้นคืน,3,ส่วนต่ากว่าทุน จากการรวม ธุรกิจภายใต้ การควบคุมเดียวกัน,False,movement,
CPF,pdf_th_FINANCIAL_STATEMENTS_CPF.pdf,9,thousand,con,0,16,ซื้ อหุ ้นคืน,4,ส่วนเกินทุนอื่ น,False,movement,
CPF,pdf_th_FINANCIAL_STATEMENTS_CPF.pdf,9,thousand,con,0,16,ซื้ อหุ ้นคืน,5,ทุนสารอง ตามกฎหมาย,False,movement,
CPF,pdf_th_FINANCIAL_STATEMENTS_CPF.pdf,9,thousand,con,0,16,ซื้ อหุ ้นคืน,6,กาไรสะสม สารอง หุ้นทุน ซื้ อคืน,False,movement,
CPF,pdf_th_FINANCIAL_STATEMENTS_CPF.pdf,9,thousand,con,0,16,ซื้ อหุ ้นคืน,7,ยังไม่ได้ จัดสรร,False,movement,
CPF,pdf_th_FINANCIAL_STATEMENTS_CPF.pdf,9,thousand,con,0,16,ซื้ อหุ ้นคืน,8,งบการเงินรวม หุ้นทุน ซื้ อคืน,False,movement,-47439.0
CPF,pdf_th_FINANCIAL_STATEMENTS_CPF.pdf,9,thousand,con,0,16,ซื้ อหุ ้นคืน,9,หุ้นกูด้ อ้ ยสิ ทธิ ที่มีลกั ษณะ คล้ายทุน,False,movement,
CPF,pdf_th_FINANCIAL_STATEMENTS_CPF.pdf,9,thousand,con,0,16,ซื้ อหุ ้นคืน,10,สารอง การแปลงค่า งบการเงิน,False,movement,
CPF,pdf_th_FINANCIAL_STATEMENTS_CPF.pdf,9,thousand,con,0,16,ซื้ อหุ ้นคืน,11,สารองการ ป้ องกัน ความเสี่ ยง กระแสเงินสด,False,movement,
CPF,pdf_th_FINANCIAL_STATEMENTS_CPF.pdf,9,thousand,con,0,16,ซื้ อหุ ้นคืน,12,องค์ประกอบอื่นของส่วนของผูถ้ สารอง การเปลี่ยนแปลง ในมูลค่ายุติธรรม,False,movement,
CPF,pdf_th_FINANCIAL_STATEMENTS_CPF.pdf,9,thousand,con,0,16,ซื้ อหุ ้นคืน,13,ือหุ้น สารอง การตีราคา สิ นทรัพย์ใหม่,False,movement,
CPF,pdf_th_FINANCIAL_STATEMENTS_CPF.pdf,9,thousand,con,0,16,ซื้ อหุ ้นคืน,14,รวม องค์ประกอบอื่น ของ ส่วนของผูถ้ ือหุ้น,False,movement,
CPF,pdf_th_FINANCIAL_STATEMENTS_CPF.pdf,9,thousand,con,0,16,ซื้ อหุ ้นคืน,15,รวมส่วนของ บริ ษทั ใหญ่,False,movement,-47439.0
CPF,pdf_th_FINANCIAL_STATEMENTS_CPF.pdf,9,thousand,con,0,16,ซื้ อหุ ้นคืน,16,ส่วนได้เสี ย ที่ไม่มีอานาจ ควบคุม,False,movement,
CPF,pdf_th_FINANCIAL_STATEMENTS_CPF.pdf,9,thousand,con,0,16,ซื้ อหุ ้นคืน,17,(หน่ วย: พันบาท) รวมส่ วนของ ผูถ้ ือหุ้น,True,movement,-47439.0
CPF,pdf_th_FINANCIAL_STATEMENTS_CPF.pdf,9,thousand,con,0,17,รวมการจัดสรรส่ วนทุนให้ ผ้ ูถอื หุ้น,0,ทุน ที่ออกและ ชาระแล้ว,False,movement,
CPF,pdf_th_FINANCIAL_STATEMENTS_CPF.pdf,9,thousand,con,0,17,รวมการจัดสรรส่ วนทุนให้ ผ้ ูถอื หุ้น,1,ส่วนเกิน มูลค่าหุ้นสามัญ,False,movement,
CPF,pdf_th_FINANCIAL_STATEMENTS_CPF.pdf,9,thousand,con,0,17,รวมการจัดสรรส่ วนทุนให้ ผ้ ูถอื หุ้น,2,ส่วนเกินทุนจาก การเปลี่ยนแปลง ส่วนได้เสี ย ในบริ ษทั ย่อย และบริ ษทั ร่ วม,False,movement,
CPF,pdf_th_FINANCIAL_STATEMENTS_CPF.pdf,9,thousand,con,0,17,รวมการจัดสรรส่ วนทุนให้ ผ้ ูถอื หุ้น,3,ส่วนต่ากว่าทุน จากการรวม ธุรกิจภายใต้ การควบคุมเดียวกัน,False,movement,
CPF,pdf_th_FINANCIAL_STATEMENTS_CPF.pdf,9,thousand,con,0,17,รวมการจัดสรรส่ วนทุนให้ ผ้ ูถอื หุ้น,4,ส่วนเกินทุนอื่ น,False,movement,
CPF,pdf_th_FINANCIAL_STATEMENTS_CPF.pdf,9,thousand,con,0,17,รวมการจัดสรรส่ วนทุนให้ ผ้ ูถอื หุ้น,5,ทุนสารอง ตามกฎหมาย,False,movement,
CPF,pdf_th_FINANCIAL_STATEMENTS_CPF.pdf,9,thousand,con,0,17,รวมการจัดสรรส่ วนทุนให้ ผ้ ูถอื หุ้น,6,กาไรสะสม สารอง หุ้นทุน ซื้ อคืน,False,movement,
CPF,pdf_th_FINANCIAL_STATEMENTS_CPF.pdf,9,thousand,con,0,17,รวมการจัดสรรส่ วนทุนให้ ผ้ ูถอื หุ้น,7,ยังไม่ได้ จัดสรร,False,movement,
CPF,pdf_th_FINANCIAL_STATEMENTS_CPF.pdf,9,thousand,con,0,17,รวมการจัดสรรส่ วนทุนให้ ผ้ ูถอื หุ้น,8,งบการเงินรวม หุ้นทุน ซื้ อคืน,False,movement,-47439.0
CPF,pdf_th_FINANCIAL_STATEMENTS_CPF.pdf,9,thousand,con,0,17,รวมการจัดสรรส่ วนทุนให้ ผ้ ูถอื หุ้น,9,หุ้นกูด้ อ้ ยสิ ทธิ ที่มีลกั ษณะ คล้ายทุน,False,movement,
CPF,pdf_th_FINANCIAL_STATEMENTS_CPF.pdf,9,thousand,con,0,17,รวมการจัดสรรส่ วนทุนให้ ผ้ ูถอื หุ้น,10,สารอง การแปลงค่า งบการเงิน,False,movement,
CPF,pdf_th_FINANCIAL_STATEMENTS_CPF.pdf,9,thousand,con,0,17,รวมการจัดสรรส่ วนทุนให้ ผ้ ูถอื หุ้น,11,สารองการ ป้ องกัน ความเสี่ ยง กระแสเงินสด,False,movement,
CPF,pdf_th_FINANCIAL_STATEMENTS_CPF.pdf,9,thousand,con,0,17,รวมการจัดสรรส่ วนทุนให้ ผ้ ูถอื หุ้น,12,องค์ประกอบอื่นของส่วนของผูถ้ สารอง การเปลี่ยนแปลง ในมูลค่ายุติธรรม,False,movement,
CPF,pdf_th_FINANCIAL_STATEMENTS_CPF.pdf,9,thousand,con,0,17,รวมการจัดสรรส่ วนทุนให้ ผ้ ูถอื หุ้น,13,ือหุ้น สารอง การตีราคา สิ นทรัพย์ใหม่,False,movement,
CPF,pdf_th_FINANCIAL_STATEMENTS_CPF.pdf,9,thousand,con,0,17,รวมการจัดสรรส่ วนทุนให้ ผ้ ูถอื หุ้น,14,รวม องค์ประกอบอื่น ของ ส่วนของผูถ้ ือหุ้น,False,movement,
CPF,pdf_th_FINANCIAL_STATEMENTS_CPF.pdf,9,thousand,con,0,17,รวมการจัดสรรส่ วนทุนให้ ผ้ ูถอื หุ้น,15,รวมส่วนของ บริ ษทั ใหญ่,False,movement,-47439.0
CPF,pdf_th_FINANCIAL_STATEMENTS_CPF.pdf,9,thousand,con,0,17,รวมการจัดสรรส่ วนทุนให้ ผ้ ูถอื หุ้น,16,ส่วนได้เสี ย ที่ไม่มีอานาจ ควบคุม,False,movement,
CPF,pdf_th_FINANCIAL_STATEMENTS_CPF.pdf,9,thousand,con,0,17,รวมการจัดสรรส่ วนทุนให้ ผ้ ูถอื หุ้น,17,(หน่ วย: พันบาท) รวมส่ วนของ ผูถ้ ือหุ้น,True,movement,-47439.0
CPF,pdf_th_FINANCIAL_STATEMENTS_CPF.pdf,9,thousand,con,0,19,สิ ทธิ ในการขายที่ออกให้แก่ส่วนได้เสี ยที่ไม่มีอานาจควบคุม,0,ทุน ที่ออกและ ชาระแล้ว,False,movement,
CPF,pdf_th_FINANCIAL_STATEMENTS_CPF.pdf,9,thousand,con,0,19,สิ ทธิ ในการขายที่ออกให้แก่ส่วนได้เสี ยที่ไม่มีอานาจควบคุม,1,ส่วนเกิน มูลค่าหุ้นสามัญ,False,movement,
CPF,pdf_th_FINANCIAL_STATEMENTS_CPF.pdf,9,thousand,con,0,19,สิ ทธิ ในการขายที่ออกให้แก่ส่วนได้เสี ยที่ไม่มีอานาจควบคุม,2,ส่วนเกินทุนจาก การเปลี่ยนแปลง ส่วนได้เสี ย ในบริ ษทั ย่อย และบริ ษทั ร่ วม,False,movement,253404.0
CPF,pdf_th_FINANCIAL_STATEMENTS_CPF.pdf,9,thousand,con,0,19,สิ ทธิ ในการขายที่ออกให้แก่ส่วนได้เสี ยที่ไม่มีอานาจควบคุม,3,ส่วนต่ากว่าทุน จากการรวม ธุรกิจภายใต้ การควบคุมเดียวกัน,False,movement,
CPF,pdf_th_FINANCIAL_STATEMENTS_CPF.pdf,9,thousand,con,0,19,สิ ทธิ ในการขายที่ออกให้แก่ส่วนได้เสี ยที่ไม่มีอานาจควบคุม,4,ส่วนเกินทุนอื่ น,False,movement,
CPF,pdf_th_FINANCIAL_STATEMENTS_CPF.pdf,9,thousand,con,0,19,สิ ทธิ ในการขายที่ออกให้แก่ส่วนได้เสี ยที่ไม่มีอานาจควบคุม,5,ทุนสารอง ตามกฎหมาย,False,movement,
CPF,pdf_th_FINANCIAL_STATEMENTS_CPF.pdf,9,thousand,con,0,19,สิ ทธิ ในการขายที่ออกให้แก่ส่วนได้เสี ยที่ไม่มีอานาจควบคุม,6,กาไรสะสม สารอง หุ้นทุน ซื้ อคืน,False,movement,
CPF,pdf_th_FINANCIAL_STATEMENTS_CPF.pdf,9,thousand,con,0,19,สิ ทธิ ในการขายที่ออกให้แก่ส่วนได้เสี ยที่ไม่มีอานาจควบคุม,7,ยังไม่ได้ จัดสรร,False,movement,
CPF,pdf_th_FINANCIAL_STATEMENTS_CPF.pdf,9,thousand,con,0,19,สิ ทธิ ในการขายที่ออกให้แก่ส่วนได้เสี ยที่ไม่มีอานาจควบคุม,8,งบการเงินรวม หุ้นทุน ซื้ อคืน,False,movement,
CPF,pdf_th_FINANCIAL_STATEMENTS_CPF.pdf,9,thousand,con,0,19,สิ ทธิ ในการขายที่ออกให้แก่ส่วนได้เสี ยที่ไม่มีอานาจควบคุม,9,หุ้นกูด้ อ้ ยสิ ทธิ ที่มีลกั ษณะ คล้ายทุน,False,movement,
CPF,pdf_th_FINANCIAL_STATEMENTS_CPF.pdf,9,thousand,con,0,19,สิ ทธิ ในการขายที่ออกให้แก่ส่วนได้เสี ยที่ไม่มีอานาจควบคุม,10,สารอง การแปลงค่า งบการเงิน,False,movement,
CPF,pdf_th_FINANCIAL_STATEMENTS_CPF.pdf,9,thousand,con,0,19,สิ ทธิ ในการขายที่ออกให้แก่ส่วนได้เสี ยที่ไม่มีอานาจควบคุม,11,สารองการ ป้ องกัน ความเสี่ ยง กระแสเงินสด,False,movement,
CPF,pdf_th_FINANCIAL_STATEMENTS_CPF.pdf,9,thousand,con,0,19,สิ ทธิ ในการขายที่ออกให้แก่ส่วนได้เสี ยที่ไม่มีอานาจควบคุม,12,องค์ประกอบอื่นของส่วนของผูถ้ สารอง การเปลี่ยนแปลง ในมูลค่ายุติธรรม,False,movement,
CPF,pdf_th_FINANCIAL_STATEMENTS_CPF.pdf,9,thousand,con,0,19,สิ ทธิ ในการขายที่ออกให้แก่ส่วนได้เสี ยที่ไม่มีอานาจควบคุม,13,ือหุ้น สารอง การตีราคา สิ นทรัพย์ใหม่,False,movement,
CPF,pdf_th_FINANCIAL_STATEMENTS_CPF.pdf,9,thousand,con,0,19,สิ ทธิ ในการขายที่ออกให้แก่ส่วนได้เสี ยที่ไม่มีอานาจควบคุม,14,รวม องค์ประกอบอื่น ของ ส่วนของผูถ้ ือหุ้น,False,movement,
CPF,pdf_th_FINANCIAL_STATEMENTS_CPF.pdf,9,thousand,con,0,19,สิ ทธิ ในการขายที่ออกให้แก่ส่วนได้เสี ยที่ไม่มีอานาจควบคุม,15,รวมส่วนของ บริ ษทั ใหญ่,False,movement,253404.0
CPF,pdf_th_FINANCIAL_STATEMENTS_CPF.pdf,9,thousand,con,0,19,สิ ทธิ ในการขายที่ออกให้แก่ส่วนได้เสี ยที่ไม่มีอานาจควบคุม,16,ส่วนได้เสี ย ที่ไม่มีอานาจ ควบคุม,False,movement,-253404.0
CPF,pdf_th_FINANCIAL_STATEMENTS_CPF.pdf,9,thousand,con,0,19,สิ ทธิ ในการขายที่ออกให้แก่ส่วนได้เสี ยที่ไม่มีอานาจควบคุม,17,(หน่ วย: พันบาท) รวมส่ วนของ ผูถ้ ือหุ้น,True,movement,
CPF,pdf_th_FINANCIAL_STATEMENTS_CPF.pdf,9,thousand,con,0,20,รวมการเปลี่ยนแปลงในส่ วนได้ เสียของบริษทั ย่อย,0,ทุน ที่ออกและ ชาระแล้ว,False,movement,
CPF,pdf_th_FINANCIAL_STATEMENTS_CPF.pdf,9,thousand,con,0,20,รวมการเปลี่ยนแปลงในส่ วนได้ เสียของบริษทั ย่อย,1,ส่วนเกิน มูลค่าหุ้นสามัญ,False,movement,
CPF,pdf_th_FINANCIAL_STATEMENTS_CPF.pdf,9,thousand,con,0,20,รวมการเปลี่ยนแปลงในส่ วนได้ เสียของบริษทั ย่อย,2,ส่วนเกินทุนจาก การเปลี่ยนแปลง ส่วนได้เสี ย ในบริ ษทั ย่อย และบริ ษทั ร่ วม,False,movement,253404.0
CPF,pdf_th_FINANCIAL_STATEMENTS_CPF.pdf,9,thousand,con,0,20,รวมการเปลี่ยนแปลงในส่ วนได้ เสียของบริษทั ย่อย,3,ส่วนต่ากว่าทุน จากการรวม ธุรกิจภายใต้ การควบคุมเดียวกัน,False,movement,
CPF,pdf_th_FINANCIAL_STATEMENTS_CPF.pdf,9,thousand,con,0,20,รวมการเปลี่ยนแปลงในส่ วนได้ เสียของบริษทั ย่อย,4,ส่วนเกินทุนอื่ น,False,movement,
CPF,pdf_th_FINANCIAL_STATEMENTS_CPF.pdf,9,thousand,con,0,20,รวมการเปลี่ยนแปลงในส่ วนได้ เสียของบริษทั ย่อย,5,ทุนสารอง ตามกฎหมาย,False,movement,
CPF,pdf_th_FINANCIAL_STATEMENTS_CPF.pdf,9,thousand,con,0,20,รวมการเปลี่ยนแปลงในส่ วนได้ เสียของบริษทั ย่อย,6,กาไรสะสม สารอง หุ้นทุน ซื้ อคืน,False,movement,
CPF,pdf_th_FINANCIAL_STATEMENTS_CPF.pdf,9,thousand,con,0,20,รวมการเปลี่ยนแปลงในส่ วนได้ เสียของบริษทั ย่อย,7,ยังไม่ได้ จัดสรร,False,movement,
CPF,pdf_th_FINANCIAL_STATEMENTS_CPF.pdf,9,thousand,con,0,20,รวมการเปลี่ยนแปลงในส่ วนได้ เสียของบริษทั ย่อย,8,งบการเงินรวม หุ้นทุน ซื้ อคืน,False,movement,
CPF,pdf_th_FINANCIAL_STATEMENTS_CPF.pdf,9,thousand,con,0,20,รวมการเปลี่ยนแปลงในส่ วนได้ เสียของบริษทั ย่อย,9,หุ้นกูด้ อ้ ยสิ ทธิ ที่มีลกั ษณะ คล้ายทุน,False,movement,
CPF,pdf_th_FINANCIAL_STATEMENTS_CPF.pdf,9,thousand,con,0,20,รวมการเปลี่ยนแปลงในส่ วนได้ เสียของบริษทั ย่อย,10,สารอง การแปลงค่า งบการเงิน,False,movement,
CPF,pdf_th_FINANCIAL_STATEMENTS_CPF.pdf,9,thousand,con,0,20,รวมการเปลี่ยนแปลงในส่ วนได้ เสียของบริษทั ย่อย,11,สารองการ ป้ องกัน ความเสี่ ยง กระแสเงินสด,False,movement,
CPF,pdf_th_FINANCIAL_STATEMENTS_CPF.pdf,9,thousand,con,0,20,รวมการเปลี่ยนแปลงในส่ วนได้ เสียของบริษทั ย่อย,12,องค์ประกอบอื่นของส่วนของผูถ้ สารอง การเปลี่ยนแปลง ในมูลค่ายุติธรรม,False,movement,
CPF,pdf_th_FINANCIAL_STATEMENTS_CPF.pdf,9,thousand,con,0,20,รวมการเปลี่ยนแปลงในส่ วนได้ เสียของบริษทั ย่อย,13,ือหุ้น สารอง การตีราคา สิ นทรัพย์ใหม่,False,movement,
CPF,pdf_th_FINANCIAL_STATEMENTS_CPF.pdf,9,thousand,con,0,20,รวมการเปลี่ยนแปลงในส่ วนได้ เสียของบริษทั ย่อย,14,รวม องค์ประกอบอื่น ของ ส่วนของผูถ้ ือหุ้น,False,movement,
CPF,pdf_th_FINANCIAL_STATEMENTS_CPF.pdf,9,thousand,con,0,20,รวมการเปลี่ยนแปลงในส่ วนได้ เสียของบริษทั ย่อย,15,รวมส่วนของ บริ ษทั ใหญ่,False,movement,253404.0
CPF,pdf_th_FINANCIAL_STATEMENTS_CPF.pdf,9,thousand,con,0,20,รวมการเปลี่ยนแปลงในส่ วนได้ เสียของบริษทั ย่อย,16,ส่วนได้เสี ย ที่ไม่มีอานาจ ควบคุม,False,movement,-253404.0
CPF,pdf_th_FINANCIAL_STATEMENTS_CPF.pdf,9,thousand,con,0,20,รวมการเปลี่ยนแปลงในส่ วนได้ เสียของบริษทั ย่อย,17,(หน่ วย: พันบาท) รวมส่ วนของ ผูถ้ ือหุ้น,True,movement,
CPF,pdf_th_FINANCIAL_STATEMENTS_CPF.pdf,9,thousand,con,0,21,รวมรายการกับผู้ถือหุ้นที่บันทึกโดยตรงเข้ าส่ วนของผู้ถือหุ้น,0,ทุน ที่ออกและ ชาระแล้ว,False,movement,
CPF,pdf_th_FINANCIAL_STATEMENTS_CPF.pdf,9,thousand,con,0,21,รวมรายการกับผู้ถือหุ้นที่บันทึกโดยตรงเข้ าส่ วนของผู้ถือหุ้น,1,ส่วนเกิน มูลค่าหุ้นสามัญ,False,movement,
CPF,pdf_th_FINANCIAL_STATEMENTS_CPF.pdf,9,thousand,con,0,21,รวมรายการกับผู้ถือหุ้นที่บันทึกโดยตรงเข้ าส่ วนของผู้ถือหุ้น,2,ส่วนเกินทุนจาก การเปลี่ยนแปลง ส่วนได้เสี ย ในบริ ษทั ย่อย และบริ ษทั ร่ วม,False,movement,253404.0
CPF,pdf_th_FINANCIAL_STATEMENTS_CPF.pdf,9,thousand,con,0,21,รวมรายการกับผู้ถือหุ้นที่บันทึกโดยตรงเข้ าส่ วนของผู้ถือหุ้น,3,ส่วนต่ากว่าทุน จากการรวม ธุรกิจภายใต้ การควบคุมเดียวกัน,False,movement,
CPF,pdf_th_FINANCIAL_STATEMENTS_CPF.pdf,9,thousand,con,0,21,รวมรายการกับผู้ถือหุ้นที่บันทึกโดยตรงเข้ าส่ วนของผู้ถือหุ้น,4,ส่วนเกินทุนอื่ น,False,movement,
CPF,pdf_th_FINANCIAL_STATEMENTS_CPF.pdf,9,thousand,con,0,21,รวมรายการกับผู้ถือหุ้นที่บันทึกโดยตรงเข้ าส่ วนของผู้ถือหุ้น,5,ทุนสารอง ตามกฎหมาย,False,movement,
CPF,pdf_th_FINANCIAL_STATEMENTS_CPF.pdf,9,thousand,con,0,21,รวมรายการกับผู้ถือหุ้นที่บันทึกโดยตรงเข้ าส่ วนของผู้ถือหุ้น,6,กาไรสะสม สารอง หุ้นทุน ซื้ อคืน,False,movement,
CPF,pdf_th_FINANCIAL_STATEMENTS_CPF.pdf,9,thousand,con,0,21,รวมรายการกับผู้ถือหุ้นที่บันทึกโดยตรงเข้ าส่ วนของผู้ถือหุ้น,7,ยังไม่ได้ จัดสรร,False,movement,
CPF,pdf_th_FINANCIAL_STATEMENTS_CPF.pdf,9,thousand,con,0,21,รวมรายการกับผู้ถือหุ้นที่บันทึกโดยตรงเข้ าส่ วนของผู้ถือหุ้น,8,งบการเงินรวม หุ้นทุน ซื้ อคืน,False,movement,-47439.0
CPF,pdf_th_FINANCIAL_STATEMENTS_CPF.pdf,9,thousand,con,0,21,รวมรายการกับผู้ถือหุ้นที่บันทึกโดยตรงเข้ าส่ วนของผู้ถือหุ้น,9,หุ้นกูด้ อ้ ยสิ ทธิ ที่มีลกั ษณะ คล้ายทุน,False,movement,
CPF,pdf_th_FINANCIAL_STATEMENTS_CPF.pdf,9,thousand,con,0,21,รวมรายการกับผู้ถือหุ้นที่บันทึกโดยตรงเข้ าส่ วนของผู้ถือหุ้น,10,สารอง การแปลงค่า งบการเงิน,False,movement,
CPF,pdf_th_FINANCIAL_STATEMENTS_CPF.pdf,9,thousand,con,0,21,รวมรายการกับผู้ถือหุ้นที่บันทึกโดยตรงเข้ าส่ วนของผู้ถือหุ้น,11,สารองการ ป้ องกัน ความเสี่ ยง กระแสเงินสด,False,movement,
CPF,pdf_th_FINANCIAL_STATEMENTS_CPF.pdf,9,thousand,con,0,21,รวมรายการกับผู้ถือหุ้นที่บันทึกโดยตรงเข้ าส่ วนของผู้ถือหุ้น,12,องค์ประกอบอื่นของส่วนของผูถ้ สารอง การเปลี่ยนแปลง ในมูลค่ายุติธรรม,False,movement,
CPF,pdf_th_FINANCIAL_STATEMENTS_CPF.pdf,9,thousand,con,0,21,รวมรายการกับผู้ถือหุ้นที่บันทึกโดยตรงเข้ าส่ วนของผู้ถือหุ้น,13,ือหุ้น สารอง การตีราคา สิ นทรัพย์ใหม่,False,movement,
CPF,pdf_th_FINANCIAL_STATEMENTS_CPF.pdf,9,thousand,con,0,21,รวมรายการกับผู้ถือหุ้นที่บันทึกโดยตรงเข้ าส่ วนของผู้ถือหุ้น,14,รวม องค์ประกอบอื่น ของ ส่วนของผูถ้ ือหุ้น,False,movement,
CPF,pdf_th_FINANCIAL_STATEMENTS_CPF.pdf,9,thousand,con,0,21,รวมรายการกับผู้ถือหุ้นที่บันทึกโดยตรงเข้ าส่ วนของผู้ถือหุ้น,15,รวมส่วนของ บริ ษทั ใหญ่,False,movement,205965.0
CPF,pdf_th_FINANCIAL_STATEMENTS_CPF.pdf,9,thousand,con,0,21,รวมรายการกับผู้ถือหุ้นที่บันทึกโดยตรงเข้ าส่ วนของผู้ถือหุ้น,16,ส่วนได้เสี ย ที่ไม่มีอานาจ ควบคุม,False,movement,-253404.0
CPF,pdf_th_FINANCIAL_STATEMENTS_CPF.pdf,9,thousand,con,0,21,รวมรายการกับผู้ถือหุ้นที่บันทึกโดยตรงเข้ าส่ วนของผู้ถือหุ้น,17,(หน่ วย: พันบาท) รวมส่ วนของ ผูถ้ ือหุ้น,True,movement,-47439.0
CPF,pdf_th_FINANCIAL_STATEMENTS_CPF.pdf,9,thousand,con,0,23,กาไร,0,ทุน ที่ออกและ ชาระแล้ว,False,movement,
CPF,pdf_th_FINANCIAL_STATEMENTS_CPF.pdf,9,thousand,con,0,23,กาไร,1,ส่วนเกิน มูลค่าหุ้นสามัญ,False,movement,
CPF,pdf_th_FINANCIAL_STATEMENTS_CPF.pdf,9,thousand,con,0,23,กาไร,2,ส่วนเกินทุนจาก การเปลี่ยนแปลง ส่วนได้เสี ย ในบริ ษทั ย่อย และบริ ษทั ร่ วม,False,movement,
CPF,pdf_th_FINANCIAL_STATEMENTS_CPF.pdf,9,thousand,con,0,23,กาไร,3,ส่วนต่ากว่าทุน จากการรวม ธุรกิจภายใต้ การควบคุมเดียวกัน,False,movement,
CPF,pdf_th_FINANCIAL_STATEMENTS_CPF.pdf,9,thousand,con,0,23,กาไร,4,ส่วนเกินทุนอื่ น,False,movement,
CPF,pdf_th_FINANCIAL_STATEMENTS_CPF.pdf,9,thousand,con,0,23,กาไร,5,ทุนสารอง ตามกฎหมาย,False,movement,
CPF,pdf_th_FINANCIAL_STATEMENTS_CPF.pdf,9,thousand,con,0,23,กาไร,6,กาไรสะสม สารอง หุ้นทุน ซื้ อคืน,False,movement,
CPF,pdf_th_FINANCIAL_STATEMENTS_CPF.pdf,9,thousand,con,0,23,กาไร,7,ยังไม่ได้ จัดสรร,False,movement,8549183.0
CPF,pdf_th_FINANCIAL_STATEMENTS_CPF.pdf,9,thousand,con,0,23,กาไร,8,งบการเงินรวม หุ้นทุน ซื้ อคืน,False,movement,
CPF,pdf_th_FINANCIAL_STATEMENTS_CPF.pdf,9,thousand,con,0,23,กาไร,9,หุ้นกูด้ อ้ ยสิ ทธิ ที่มีลกั ษณะ คล้ายทุน,False,movement,
CPF,pdf_th_FINANCIAL_STATEMENTS_CPF.pdf,9,thousand,con,0,23,กาไร,10,สารอง การแปลงค่า งบการเงิน,False,movement,
CPF,pdf_th_FINANCIAL_STATEMENTS_CPF.pdf,9,thousand,con,0,23,กาไร,11,สารองการ ป้ องกัน ความเสี่ ยง กระแสเงินสด,False,movement,
CPF,pdf_th_FINANCIAL_STATEMENTS_CPF.pdf,9,thousand,con,0,23,กาไร,12,องค์ประกอบอื่นของส่วนของผูถ้ สารอง การเปลี่ยนแปลง ในมูลค่ายุติธรรม,False,movement,
CPF,pdf_th_FINANCIAL_STATEMENTS_CPF.pdf,9,thousand,con,0,23,กาไร,13,ือหุ้น สารอง การตีราคา สิ นทรัพย์ใหม่,False,movement,
CPF,pdf_th_FINANCIAL_STATEMENTS_CPF.pdf,9,thousand,con,0,23,กาไร,14,รวม องค์ประกอบอื่น ของ ส่วนของผูถ้ ือหุ้น,False,movement,
CPF,pdf_th_FINANCIAL_STATEMENTS_CPF.pdf,9,thousand,con,0,23,กาไร,15,รวมส่วนของ บริ ษทั ใหญ่,False,movement,8549183.0
CPF,pdf_th_FINANCIAL_STATEMENTS_CPF.pdf,9,thousand,con,0,23,กาไร,16,ส่วนได้เสี ย ที่ไม่มีอานาจ ควบคุม,False,movement,1080844.0
CPF,pdf_th_FINANCIAL_STATEMENTS_CPF.pdf,9,thousand,con,0,23,กาไร,17,(หน่ วย: พันบาท) รวมส่ วนของ ผูถ้ ือหุ้น,True,movement,9630027.0
CPF,pdf_th_FINANCIAL_STATEMENTS_CPF.pdf,9,thousand,con,0,25,- ขาดทุนจากการวัดมูลค่าใหม่ของผลประโยชน์พนักงานที่กาหนดไว้,0,ทุน ที่ออกและ ชาระแล้ว,False,movement,
CPF,pdf_th_FINANCIAL_STATEMENTS_CPF.pdf,9,thousand,con,0,25,- ขาดทุนจากการวัดมูลค่าใหม่ของผลประโยชน์พนักงานที่กาหนดไว้,1,ส่วนเกิน มูลค่าหุ้นสามัญ,False,movement,
CPF,pdf_th_FINANCIAL_STATEMENTS_CPF.pdf,9,thousand,con,0,25,- ขาดทุนจากการวัดมูลค่าใหม่ของผลประโยชน์พนักงานที่กาหนดไว้,2,ส่วนเกินทุนจาก การเปลี่ยนแปลง ส่วนได้เสี ย ในบริ ษทั ย่อย และบริ ษทั ร่ วม,False,movement,
CPF,pdf_th_FINANCIAL_STATEMENTS_CPF.pdf,9,thousand,con,0,25,- ขาดทุนจากการวัดมูลค่าใหม่ของผลประโยชน์พนักงานที่กาหนดไว้,3,ส่วนต่ากว่าทุน จากการรวม ธุรกิจภายใต้ การควบคุมเดียวกัน,False,movement,
CPF,pdf_th_FINANCIAL_STATEMENTS_CPF.pdf,9,thousand,con,0,25,- ขาดทุนจากการวัดมูลค่าใหม่ของผลประโยชน์พนักงานที่กาหนดไว้,4,ส่วนเกินทุนอื่ น,False,movement,
CPF,pdf_th_FINANCIAL_STATEMENTS_CPF.pdf,9,thousand,con,0,25,- ขาดทุนจากการวัดมูลค่าใหม่ของผลประโยชน์พนักงานที่กาหนดไว้,5,ทุนสารอง ตามกฎหมาย,False,movement,
CPF,pdf_th_FINANCIAL_STATEMENTS_CPF.pdf,9,thousand,con,0,25,- ขาดทุนจากการวัดมูลค่าใหม่ของผลประโยชน์พนักงานที่กาหนดไว้,6,กาไรสะสม สารอง หุ้นทุน ซื้ อคืน,False,movement,
CPF,pdf_th_FINANCIAL_STATEMENTS_CPF.pdf,9,thousand,con,0,25,- ขาดทุนจากการวัดมูลค่าใหม่ของผลประโยชน์พนักงานที่กาหนดไว้,7,ยังไม่ได้ จัดสรร,False,movement,-129407.0
CPF,pdf_th_FINANCIAL_STATEMENTS_CPF.pdf,9,thousand,con,0,25,- ขาดทุนจากการวัดมูลค่าใหม่ของผลประโยชน์พนักงานที่กาหนดไว้,8,งบการเงินรวม หุ้นทุน ซื้ อคืน,False,movement,
CPF,pdf_th_FINANCIAL_STATEMENTS_CPF.pdf,9,thousand,con,0,25,- ขาดทุนจากการวัดมูลค่าใหม่ของผลประโยชน์พนักงานที่กาหนดไว้,9,หุ้นกูด้ อ้ ยสิ ทธิ ที่มีลกั ษณะ คล้ายทุน,False,movement,
CPF,pdf_th_FINANCIAL_STATEMENTS_CPF.pdf,9,thousand,con,0,25,- ขาดทุนจากการวัดมูลค่าใหม่ของผลประโยชน์พนักงานที่กาหนดไว้,10,สารอง การแปลงค่า งบการเงิน,False,movement,
CPF,pdf_th_FINANCIAL_STATEMENTS_CPF.pdf,9,thousand,con,0,25,- ขาดทุนจากการวัดมูลค่าใหม่ของผลประโยชน์พนักงานที่กาหนดไว้,11,สารองการ ป้ องกัน ความเสี่ ยง กระแสเงินสด,False,movement,
CPF,pdf_th_FINANCIAL_STATEMENTS_CPF.pdf,9,thousand,con,0,25,- ขาดทุนจากการวัดมูลค่าใหม่ของผลประโยชน์พนักงานที่กาหนดไว้,12,องค์ประกอบอื่นของส่วนของผูถ้ สารอง การเปลี่ยนแปลง ในมูลค่ายุติธรรม,False,movement,
CPF,pdf_th_FINANCIAL_STATEMENTS_CPF.pdf,9,thousand,con,0,25,- ขาดทุนจากการวัดมูลค่าใหม่ของผลประโยชน์พนักงานที่กาหนดไว้,13,ือหุ้น สารอง การตีราคา สิ นทรัพย์ใหม่,False,movement,
CPF,pdf_th_FINANCIAL_STATEMENTS_CPF.pdf,9,thousand,con,0,25,- ขาดทุนจากการวัดมูลค่าใหม่ของผลประโยชน์พนักงานที่กาหนดไว้,14,รวม องค์ประกอบอื่น ของ ส่วนของผูถ้ ือหุ้น,False,movement,
CPF,pdf_th_FINANCIAL_STATEMENTS_CPF.pdf,9,thousand,con,0,25,- ขาดทุนจากการวัดมูลค่าใหม่ของผลประโยชน์พนักงานที่กาหนดไว้,15,รวมส่วนของ บริ ษทั ใหญ่,False,movement,-129407.0
CPF,pdf_th_FINANCIAL_STATEMENTS_CPF.pdf,9,thousand,con,0,25,- ขาดทุนจากการวัดมูลค่าใหม่ของผลประโยชน์พนักงานที่กาหนดไว้,16,ส่วนได้เสี ย ที่ไม่มีอานาจ ควบคุม,False,movement,-11.0
CPF,pdf_th_FINANCIAL_STATEMENTS_CPF.pdf,9,thousand,con,0,25,- ขาดทุนจากการวัดมูลค่าใหม่ของผลประโยชน์พนักงานที่กาหนดไว้,17,(หน่ วย: พันบาท) รวมส่ วนของ ผูถ้ ือหุ้น,True,movement,-129418.0
CPF,pdf_th_FINANCIAL_STATEMENTS_CPF.pdf,9,thousand,con,0,26,- อื่ นๆ,0,ทุน ที่ออกและ ชาระแล้ว,False,movement,
CPF,pdf_th_FINANCIAL_STATEMENTS_CPF.pdf,9,thousand,con,0,26,- อื่ นๆ,1,ส่วนเกิน มูลค่าหุ้นสามัญ,False,movement,
CPF,pdf_th_FINANCIAL_STATEMENTS_CPF.pdf,9,thousand,con,0,26,- อื่ นๆ,2,ส่วนเกินทุนจาก การเปลี่ยนแปลง ส่วนได้เสี ย ในบริ ษทั ย่อย และบริ ษทั ร่ วม,False,movement,
CPF,pdf_th_FINANCIAL_STATEMENTS_CPF.pdf,9,thousand,con,0,26,- อื่ นๆ,3,ส่วนต่ากว่าทุน จากการรวม ธุรกิจภายใต้ การควบคุมเดียวกัน,False,movement,
CPF,pdf_th_FINANCIAL_STATEMENTS_CPF.pdf,9,thousand,con,0,26,- อื่ นๆ,4,ส่วนเกินทุนอื่ น,False,movement,
CPF,pdf_th_FINANCIAL_STATEMENTS_CPF.pdf,9,thousand,con,0,26,- อื่ นๆ,5,ทุนสารอง ตามกฎหมาย,False,movement,
CPF,pdf_th_FINANCIAL_STATEMENTS_CPF.pdf,9,thousand,con,0,26,- อื่ นๆ,6,กาไรสะสม สารอง หุ้นทุน ซื้ อคืน,False,movement,
CPF,pdf_th_FINANCIAL_STATEMENTS_CPF.pdf,9,thousand,con,0,26,- อื่ นๆ,7,ยังไม่ได้ จัดสรร,False,movement,
CPF,pdf_th_FINANCIAL_STATEMENTS_CPF.pdf,9,thousand,con,0,26,- อื่ นๆ,8,งบการเงินรวม หุ้นทุน ซื้ อคืน,False,movement,
CPF,pdf_th_FINANCIAL_STATEMENTS_CPF.pdf,9,thousand,con,0,26,- อื่ นๆ,9,หุ้นกูด้ อ้ ยสิ ทธิ ที่มีลกั ษณะ คล้ายทุน,False,movement,
CPF,pdf_th_FINANCIAL_STATEMENTS_CPF.pdf,9,thousand,con,0,26,- อื่ นๆ,10,สารอง การแปลงค่า งบการเงิน,False,movement,8796700.0
CPF,pdf_th_FINANCIAL_STATEMENTS_CPF.pdf,9,thousand,con,0,26,- อื่ นๆ,11,สารองการ ป้ องกัน ความเสี่ ยง กระแสเงินสด,False,movement,-757729.0
CPF,pdf_th_FINANCIAL_STATEMENTS_CPF.pdf,9,thousand,con,0,26,- อื่ นๆ,12,องค์ประกอบอื่นของส่วนของผูถ้ สารอง การเปลี่ยนแปลง ในมูลค่ายุติธรรม,False,movement,-942903.0
CPF,pdf_th_FINANCIAL_STATEMENTS_CPF.pdf,9,thousand,con,0,26,- อื่ นๆ,13,ือหุ้น สารอง การตีราคา สิ นทรัพย์ใหม่,False,movement,-64.0
CPF,pdf_th_FINANCIAL_STATEMENTS_CPF.pdf,9,thousand,con,0,26,- อื่ นๆ,14,รวม องค์ประกอบอื่น ของ ส่วนของผูถ้ ือหุ้น,False,movement,7096004.0
CPF,pdf_th_FINANCIAL_STATEMENTS_CPF.pdf,9,thousand,con,0,26,- อื่ นๆ,15,รวมส่วนของ บริ ษทั ใหญ่,False,movement,7096004.0
CPF,pdf_th_FINANCIAL_STATEMENTS_CPF.pdf,9,thousand,con,0,26,- อื่ นๆ,16,ส่วนได้เสี ย ที่ไม่มีอานาจ ควบคุม,False,movement,260035.0
CPF,pdf_th_FINANCIAL_STATEMENTS_CPF.pdf,9,thousand,con,0,26,- อื่ นๆ,17,(หน่ วย: พันบาท) รวมส่ วนของ ผูถ้ ือหุ้น,True,movement,7356039.0
CPF,pdf_th_FINANCIAL_STATEMENTS_CPF.pdf,9,thousand,con,0,27,รวมกาไร (ขาดทุน) เบ็ดเสร็จสาหรับงวด,0,ทุน ที่ออกและ ชาระแล้ว,False,movement,
CPF,pdf_th_FINANCIAL_STATEMENTS_CPF.pdf,9,thousand,con,0,27,รวมกาไร (ขาดทุน) เบ็ดเสร็จสาหรับงวด,1,ส่วนเกิน มูลค่าหุ้นสามัญ,False,movement,
CPF,pdf_th_FINANCIAL_STATEMENTS_CPF.pdf,9,thousand,con,0,27,รวมกาไร (ขาดทุน) เบ็ดเสร็จสาหรับงวด,2,ส่วนเกินทุนจาก การเปลี่ยนแปลง ส่วนได้เสี ย ในบริ ษทั ย่อย และบริ ษทั ร่ วม,False,movement,
CPF,pdf_th_FINANCIAL_STATEMENTS_CPF.pdf,9,thousand,con,0,27,รวมกาไร (ขาดทุน) เบ็ดเสร็จสาหรับงวด,3,ส่วนต่ากว่าทุน จากการรวม ธุรกิจภายใต้ การควบคุมเดียวกัน,False,movement,
CPF,pdf_th_FINANCIAL_STATEMENTS_CPF.pdf,9,thousand,con,0,27,รวมกาไร (ขาดทุน) เบ็ดเสร็จสาหรับงวด,4,ส่วนเกินทุนอื่ น,False,movement,
CPF,pdf_th_FINANCIAL_STATEMENTS_CPF.pdf,9,thousand,con,0,27,รวมกาไร (ขาดทุน) เบ็ดเสร็จสาหรับงวด,5,ทุนสารอง ตามกฎหมาย,False,movement,
CPF,pdf_th_FINANCIAL_STATEMENTS_CPF.pdf,9,thousand,con,0,27,รวมกาไร (ขาดทุน) เบ็ดเสร็จสาหรับงวด,6,กาไรสะสม สารอง หุ้นทุน ซื้ อคืน,False,movement,
CPF,pdf_th_FINANCIAL_STATEMENTS_CPF.pdf,9,thousand,con,0,27,รวมกาไร (ขาดทุน) เบ็ดเสร็จสาหรับงวด,7,ยังไม่ได้ จัดสรร,False,movement,8419776.0
CPF,pdf_th_FINANCIAL_STATEMENTS_CPF.pdf,9,thousand,con,0,27,รวมกาไร (ขาดทุน) เบ็ดเสร็จสาหรับงวด,8,งบการเงินรวม หุ้นทุน ซื้ อคืน,False,movement,
CPF,pdf_th_FINANCIAL_STATEMENTS_CPF.pdf,9,thousand,con,0,27,รวมกาไร (ขาดทุน) เบ็ดเสร็จสาหรับงวด,9,หุ้นกูด้ อ้ ยสิ ทธิ ที่มีลกั ษณะ คล้ายทุน,False,movement,
CPF,pdf_th_FINANCIAL_STATEMENTS_CPF.pdf,9,thousand,con,0,27,รวมกาไร (ขาดทุน) เบ็ดเสร็จสาหรับงวด,10,สารอง การแปลงค่า งบการเงิน,False,movement,8796700.0
CPF,pdf_th_FINANCIAL_STATEMENTS_CPF.pdf,9,thousand,con,0,27,รวมกาไร (ขาดทุน) เบ็ดเสร็จสาหรับงวด,11,สารองการ ป้ องกัน ความเสี่ ยง กระแสเงินสด,False,movement,-757729.0
CPF,pdf_th_FINANCIAL_STATEMENTS_CPF.pdf,9,thousand,con,0,27,รวมกาไร (ขาดทุน) เบ็ดเสร็จสาหรับงวด,12,องค์ประกอบอื่นของส่วนของผูถ้ สารอง การเปลี่ยนแปลง ในมูลค่ายุติธรรม,False,movement,-942903.0
CPF,pdf_th_FINANCIAL_STATEMENTS_CPF.pdf,9,thousand,con,0,27,รวมกาไร (ขาดทุน) เบ็ดเสร็จสาหรับงวด,13,ือหุ้น สารอง การตีราคา สิ นทรัพย์ใหม่,False,movement,-64.0
CPF,pdf_th_FINANCIAL_STATEMENTS_CPF.pdf,9,thousand,con,0,27,รวมกาไร (ขาดทุน) เบ็ดเสร็จสาหรับงวด,14,รวม องค์ประกอบอื่น ของ ส่วนของผูถ้ ือหุ้น,False,movement,7096004.0
CPF,pdf_th_FINANCIAL_STATEMENTS_CPF.pdf,9,thousand,con,0,27,รวมกาไร (ขาดทุน) เบ็ดเสร็จสาหรับงวด,15,รวมส่วนของ บริ ษทั ใหญ่,False,movement,15515780.0
CPF,pdf_th_FINANCIAL_STATEMENTS_CPF.pdf,9,thousand,con,0,27,รวมกาไร (ขาดทุน) เบ็ดเสร็จสาหรับงวด,16,ส่วนได้เสี ย ที่ไม่มีอานาจ ควบคุม,False,movement,1340868.0
CPF,pdf_th_FINANCIAL_STATEMENTS_CPF.pdf,9,thousand,con,0,27,รวมกาไร (ขาดทุน) เบ็ดเสร็จสาหรับงวด,17,(หน่ วย: พันบาท) รวมส่ วนของ ผูถ้ ือหุ้น,True,movement,16856648.0
CPF,pdf_th_FINANCIAL_STATEMENTS_CPF.pdf,9,thousand,con,0,29,- สุทธิ จากภาษีเงินได้,0,ทุน ที่ออกและ ชาระแล้ว,False,movement,
CPF,pdf_th_FINANCIAL_STATEMENTS_CPF.pdf,9,thousand,con,0,29,- สุทธิ จากภาษีเงินได้,1,ส่วนเกิน มูลค่าหุ้นสามัญ,False,movement,
CPF,pdf_th_FINANCIAL_STATEMENTS_CPF.pdf,9,thousand,con,0,29,- สุทธิ จากภาษีเงินได้,2,ส่วนเกินทุนจาก การเปลี่ยนแปลง ส่วนได้เสี ย ในบริ ษทั ย่อย และบริ ษทั ร่ วม,False,movement,
CPF,pdf_th_FINANCIAL_STATEMENTS_CPF.pdf,9,thousand,con,0,29,- สุทธิ จากภาษีเงินได้,3,ส่วนต่ากว่าทุน จากการรวม ธุรกิจภายใต้ การควบคุมเดียวกัน,False,movement,
CPF,pdf_th_FINANCIAL_STATEMENTS_CPF.pdf,9,thousand,con,0,29,- สุทธิ จากภาษีเงินได้,4,ส่วนเกินทุนอื่ น,False,movement,
CPF,pdf_th_FINANCIAL_STATEMENTS_CPF.pdf,9,thousand,con,0,29,- สุทธิ จากภาษีเงินได้,5,ทุนสารอง ตามกฎหมาย,False,movement,
CPF,pdf_th_FINANCIAL_STATEMENTS_CPF.pdf,9,thousand,con,0,29,- สุทธิ จากภาษีเงินได้,6,กาไรสะสม สารอง หุ้นทุน ซื้ อคืน,False,movement,
CPF,pdf_th_FINANCIAL_STATEMENTS_CPF.pdf,9,thousand,con,0,29,- สุทธิ จากภาษีเงินได้,7,ยังไม่ได้ จัดสรร,False,movement,-336446.0
CPF,pdf_th_FINANCIAL_STATEMENTS_CPF.pdf,9,thousand,con,0,29,- สุทธิ จากภาษีเงินได้,8,งบการเงินรวม หุ้นทุน ซื้ อคืน,False,movement,
CPF,pdf_th_FINANCIAL_STATEMENTS_CPF.pdf,9,thousand,con,0,29,- สุทธิ จากภาษีเงินได้,9,หุ้นกูด้ อ้ ยสิ ทธิ ที่มีลกั ษณะ คล้ายทุน,False,movement,
CPF,pdf_th_FINANCIAL_STATEMENTS_CPF.pdf,9,thousand,con,0,29,- สุทธิ จากภาษีเงินได้,10,สารอง การแปลงค่า งบการเงิน,False,movement,
CPF,pdf_th_FINANCIAL_STATEMENTS_CPF.pdf,9,thousand,con,0,29,- สุทธิ จากภาษีเงินได้,11,สารองการ ป้ องกัน ความเสี่ ยง กระแสเงินสด,False,movement,
CPF,pdf_th_FINANCIAL_STATEMENTS_CPF.pdf,9,thousand,con,0,29,- สุทธิ จากภาษีเงินได้,12,องค์ประกอบอื่นของส่วนของผูถ้ สารอง การเปลี่ยนแปลง ในมูลค่ายุติธรรม,False,movement,
CPF,pdf_th_FINANCIAL_STATEMENTS_CPF.pdf,9,thousand,con,0,29,- สุทธิ จากภาษีเงินได้,13,ือหุ้น สารอง การตีราคา สิ นทรัพย์ใหม่,False,movement,
CPF,pdf_th_FINANCIAL_STATEMENTS_CPF.pdf,9,thousand,con,0,29,- สุทธิ จากภาษีเงินได้,14,รวม องค์ประกอบอื่น ของ ส่วนของผูถ้ ือหุ้น,False,movement,
CPF,pdf_th_FINANCIAL_STATEMENTS_CPF.pdf,9,thousand,con,0,29,- สุทธิ จากภาษีเงินได้,15,รวมส่วนของ บริ ษทั ใหญ่,False,movement,-336446.0
CPF,pdf_th_FINANCIAL_STATEMENTS_CPF.pdf,9,thousand,con,0,29,- สุทธิ จากภาษีเงินได้,16,ส่วนได้เสี ย ที่ไม่มีอานาจ ควบคุม,False,movement,
CPF,pdf_th_FINANCIAL_STATEMENTS_CPF.pdf,9,thousand,con,0,29,- สุทธิ จากภาษีเงินได้,17,(หน่ วย: พันบาท) รวมส่ วนของ ผูถ้ ือหุ้น,True,movement,-336446.0
CPF,pdf_th_FINANCIAL_STATEMENTS_CPF.pdf,9,thousand,con,0,30,โอนไปกาไรสะสม,0,ทุน ที่ออกและ ชาระแล้ว,False,movement,
CPF,pdf_th_FINANCIAL_STATEMENTS_CPF.pdf,9,thousand,con,0,30,โอนไปกาไรสะสม,1,ส่วนเกิน มูลค่าหุ้นสามัญ,False,movement,
CPF,pdf_th_FINANCIAL_STATEMENTS_CPF.pdf,9,thousand,con,0,30,โอนไปกาไรสะสม,2,ส่วนเกินทุนจาก การเปลี่ยนแปลง ส่วนได้เสี ย ในบริ ษทั ย่อย และบริ ษทั ร่ วม,False,movement,
CPF,pdf_th_FINANCIAL_STATEMENTS_CPF.pdf,9,thousand,con,0,30,โอนไปกาไรสะสม,3,ส่วนต่ากว่าทุน จากการรวม ธุรกิจภายใต้ การควบคุมเดียวกัน,False,movement,
CPF,pdf_th_FINANCIAL_STATEMENTS_CPF.pdf,9,thousand,con,0,30,โอนไปกาไรสะสม,4,ส่วนเกินทุนอื่ น,False,movement,
CPF,pdf_th_FINANCIAL_STATEMENTS_CPF.pdf,9,thousand,con,0,30,โอนไปกาไรสะสม,5,ทุนสารอง ตามกฎหมาย,False,movement,
CPF,pdf_th_FINANCIAL_STATEMENTS_CPF.pdf,9,thousand,con,0,30,โอนไปกาไรสะสม,6,กาไรสะสม สารอง หุ้นทุน ซื้ อคืน,False,movement,
CPF,pdf_th_FINANCIAL_STATEMENTS_CPF.pdf,9,thousand,con,0,30,โอนไปกาไรสะสม,7,ยังไม่ได้ จัดสรร,False,movement,697911.0
CPF,pdf_th_FINANCIAL_STATEMENTS_CPF.pdf,9,thousand,con,0,30,โอนไปกาไรสะสม,8,งบการเงินรวม หุ้นทุน ซื้ อคืน,False,movement,
CPF,pdf_th_FINANCIAL_STATEMENTS_CPF.pdf,9,thousand,con,0,30,โอนไปกาไรสะสม,9,หุ้นกูด้ อ้ ยสิ ทธิ ที่มีลกั ษณะ คล้ายทุน,False,movement,
CPF,pdf_th_FINANCIAL_STATEMENTS_CPF.pdf,9,thousand,con,0,30,โอนไปกาไรสะสม,10,สารอง การแปลงค่า งบการเงิน,False,movement,
CPF,pdf_th_FINANCIAL_STATEMENTS_CPF.pdf,9,thousand,con,0,30,โอนไปกาไรสะสม,11,สารองการ ป้ องกัน ความเสี่ ยง กระแสเงินสด,False,movement,
CPF,pdf_th_FINANCIAL_STATEMENTS_CPF.pdf,9,thousand,con,0,30,โอนไปกาไรสะสม,12,องค์ประกอบอื่นของส่วนของผูถ้ สารอง การเปลี่ยนแปลง ในมูลค่ายุติธรรม,False,movement,-575408.0
CPF,pdf_th_FINANCIAL_STATEMENTS_CPF.pdf,9,thousand,con,0,30,โอนไปกาไรสะสม,13,ือหุ้น สารอง การตีราคา สิ นทรัพย์ใหม่,False,movement,-122503.0
CPF,pdf_th_FINANCIAL_STATEMENTS_CPF.pdf,9,thousand,con,0,30,โอนไปกาไรสะสม,14,รวม องค์ประกอบอื่น ของ ส่วนของผูถ้ ือหุ้น,False,movement,-697911.0
CPF,pdf_th_FINANCIAL_STATEMENTS_CPF.pdf,9,thousand,con,0,30,โอนไปกาไรสะสม,15,รวมส่วนของ บริ ษทั ใหญ่,False,movement,
CPF,pdf_th_FINANCIAL_STATEMENTS_CPF.pdf,9,thousand,con,0,30,โอนไปกาไรสะสม,16,ส่วนได้เสี ย ที่ไม่มีอานาจ ควบคุม,False,movement,
CPF,pdf_th_FINANCIAL_STATEMENTS_CPF.pdf,9,thousand,con,0,30,โอนไปกาไรสะสม,17,(หน่ วย: พันบาท) รวมส่ วนของ ผูถ้ ือหุ้น,True,movement,
CPF,pdf_th_FINANCIAL_STATEMENTS_CPF.pdf,9,thousand,con,0,31,ยอดคงเหลือ ณ วันที่ 31 มีนาคม 2568,0,ทุน ที่ออกและ ชาระแล้ว,False,balance,8413569.0
CPF,pdf_th_FINANCIAL_STATEMENTS_CPF.pdf,9,thousand,con,0,31,ยอดคงเหลือ ณ วันที่ 31 มีนาคม 2568,1,ส่วนเกิน มูลค่าหุ้นสามัญ,False,balance,56004025.0
CPF,pdf_th_FINANCIAL_STATEMENTS_CPF.pdf,9,thousand,con,0,31,ยอดคงเหลือ ณ วันที่ 31 มีนาคม 2568,2,ส่วนเกินทุนจาก การเปลี่ยนแปลง ส่วนได้เสี ย ในบริ ษทั ย่อย และบริ ษทั ร่ วม,False,balance,3481143.0
CPF,pdf_th_FINANCIAL_STATEMENTS_CPF.pdf,9,thousand,con,0,31,ยอดคงเหลือ ณ วันที่ 31 มีนาคม 2568,3,ส่วนต่ากว่าทุน จากการรวม ธุรกิจภายใต้ การควบคุมเดียวกัน,False,balance,-9917.0
CPF,pdf_th_FINANCIAL_STATEMENTS_CPF.pdf,9,thousand,con,0,31,ยอดคงเหลือ ณ วันที่ 31 มีนาคม 2568,4,ส่วนเกินทุนอื่ น,False,balance,3621945.0
CPF,pdf_th_FINANCIAL_STATEMENTS_CPF.pdf,9,thousand,con,0,31,ยอดคงเหลือ ณ วันที่ 31 มีนาคม 2568,5,ทุนสารอง ตามกฎหมาย,False,balance,929166.0
CPF,pdf_th_FINANCIAL_STATEMENTS_CPF.pdf,9,thousand,con,0,31,ยอดคงเหลือ ณ วันที่ 31 มีนาคม 2568,6,กาไรสะสม สารอง หุ้นทุน ซื้ อคืน,False,balance,3666565.0
CPF,pdf_th_FINANCIAL_STATEMENTS_CPF.pdf,9,thousand,con,0,31,ยอดคงเหลือ ณ วันที่ 31 มีนาคม 2568,7,ยังไม่ได้ จัดสรร,False,balance,145309264.0
CPF,pdf_th_FINANCIAL_STATEMENTS_CPF.pdf,9,thousand,con,0,31,ยอดคงเหลือ ณ วันที่ 31 มีนาคม 2568,8,งบการเงินรวม หุ้นทุน ซื้ อคืน,False,balance,-8337515.0
CPF,pdf_th_FINANCIAL_STATEMENTS_CPF.pdf,9,thousand,con,0,31,ยอดคงเหลือ ณ วันที่ 31 มีนาคม 2568,9,หุ้นกูด้ อ้ ยสิ ทธิ ที่มีลกั ษณะ คล้ายทุน,False,balance,26932000.0
CPF,pdf_th_FINANCIAL_STATEMENTS_CPF.pdf,9,thousand,con,0,31,ยอดคงเหลือ ณ วันที่ 31 มีนาคม 2568,10,สารอง การแปลงค่า งบการเงิน,False,balance,-39164818.0
CPF,pdf_th_FINANCIAL_STATEMENTS_CPF.pdf,9,thousand,con,0,31,ยอดคงเหลือ ณ วันที่ 31 มีนาคม 2568,11,สารองการ ป้ องกัน ความเสี่ ยง กระแสเงินสด,False,balance,339830.0
CPF,pdf_th_FINANCIAL_STATEMENTS_CPF.pdf,9,thousand,con,0,31,ยอดคงเหลือ ณ วันที่ 31 มีนาคม 2568,12,องค์ประกอบอื่นของส่วนของผูถ้ สารอง การเปลี่ยนแปลง ในมูลค่ายุติธรรม,False,balance,3298801.0
CPF,pdf_th_FINANCIAL_STATEMENTS_CPF.pdf,9,thousand,con,0,31,ยอดคงเหลือ ณ วันที่ 31 มีนาคม 2568,13,ือหุ้น สารอง การตีราคา สิ นทรัพย์ใหม่,False,balance,56941911.0
CPF,pdf_th_FINANCIAL_STATEMENTS_CPF.pdf,9,thousand,con,0,31,ยอดคงเหลือ ณ วันที่ 31 มีนาคม 2568,14,รวม องค์ประกอบอื่น ของ ส่วนของผูถ้ ือหุ้น,False,balance,21415724.0
CPF,pdf_th_FINANCIAL_STATEMENTS_CPF.pdf,9,thousand,con,0,31,ยอดคงเหลือ ณ วันที่ 31 มีนาคม 2568,15,รวมส่วนของ บริ ษทั ใหญ่,False,balance,261425969.0
CPF,pdf_th_FINANCIAL_STATEMENTS_CPF.pdf,9,thousand,con,0,31,ยอดคงเหลือ ณ วันที่ 31 มีนาคม 2568,16,ส่วนได้เสี ย ที่ไม่มีอานาจ ควบคุม,False,balance,48270336.0
CPF,pdf_th_FINANCIAL_STATEMENTS_CPF.pdf,9,thousand,con,0,31,ยอดคงเหลือ ณ วันที่ 31 มีนาคม 2568,17,(หน่ วย: พันบาท) รวมส่ วนของ ผูถ้ ือหุ้น,True,balance,309696305.0
CPF,pdf_th_FINANCIAL_STATEMENTS_CPF.pdf,10,thousand,con,0,13,ยอดคงเหลือ ณ วันที่ 1 มกราคม 2569,0,ทุน ที่ออกและ ชาระแล้ว,False,balance,8406963.0
CPF,pdf_th_FINANCIAL_STATEMENTS_CPF.pdf,10,thousand,con,0,13,ยอดคงเหลือ ณ วันที่ 1 มกราคม 2569,1,ส่วนเกิน มูลค่าหุ้นสามัญ,False,balance,55960752.0
CPF,pdf_th_FINANCIAL_STATEMENTS_CPF.pdf,10,thousand,con,0,13,ยอดคงเหลือ ณ วันที่ 1 มกราคม 2569,2,ส่วนเกิน (ต่ากว่า) ทุนจาก การเปลี่ยนแปลง ส่วนได้เสี ย ในบริ ษทั ย่อย และบริ ษทั ร่ วม,False,balance,-15276934.0
CPF,pdf_th_FINANCIAL_STATEMENTS_CPF.pdf,10,thousand,con,0,13,ยอดคงเหลือ ณ วันที่ 1 มกราคม 2569,3,ส่วนต่ากว่าทุน จากการรวม ธุรกิจภายใต้ การควบคุมเดียวกัน,False,balance,-9917.0
CPF,pdf_th_FINANCIAL_STATEMENTS_CPF.pdf,10,thousand,con,0,13,ยอดคงเหลือ ณ วันที่ 1 มกราคม 2569,4,ส่วนเกินทุนอื่ น,False,balance,3688893.0
CPF,pdf_th_FINANCIAL_STATEMENTS_CPF.pdf,10,thousand,con,0,13,ยอดคงเหลือ ณ วันที่ 1 มกราคม 2569,5,ทุนสารอง ตามกฎหมาย,False,balance,929166.0
CPF,pdf_th_FINANCIAL_STATEMENTS_CPF.pdf,10,thousand,con,0,13,ยอดคงเหลือ ณ วันที่ 1 มกราคม 2569,6,กาไรสะสม สารอง หุ้นทุน ซื้ อคืน,False,balance,4935753.0
CPF,pdf_th_FINANCIAL_STATEMENTS_CPF.pdf,10,thousand,con,0,13,ยอดคงเหลือ ณ วันที่ 1 มกราคม 2569,7,ยังไม่ได้ จัดสรร,False,balance,147667873.0
CPF,pdf_th_FINANCIAL_STATEMENTS_CPF.pdf,10,thousand,con,0,13,ยอดคงเหลือ ณ วันที่ 1 มกราคม 2569,8,งบการเงินรวม หุ้นทุน ซื้ อคืน,False,balance,-10449671.0
CPF,pdf_th_FINANCIAL_STATEMENTS_CPF.pdf,10,thousand,con,0,13,ยอดคงเหลือ ณ วันที่ 1 มกราคม 2569,9,หุ้นกูด้ อ้ ยสิ ทธิ ที่มีลกั ษณะ คล้ายทุน,False,balance,26932000.0
CPF,pdf_th_FINANCIAL_STATEMENTS_CPF.pdf,10,thousand,con,0,13,ยอดคงเหลือ ณ วันที่ 1 มกราคม 2569,10,สารอง การแปลงค่า งบการเงิน,False,balance,-50780457.0
CPF,pdf_th_FINANCIAL_STATEMENTS_CPF.pdf,10,thousand,con,0,13,ยอดคงเหลือ ณ วันที่ 1 มกราคม 2569,11,สารองการ ป้ องกัน ความเสี่ ยง กระแสเงินสด,False,balance,-345827.0
CPF,pdf_th_FINANCIAL_STATEMENTS_CPF.pdf,10,thousand,con,0,13,ยอดคงเหลือ ณ วันที่ 1 มกราคม 2569,12,องค์ประกอบอื่นของส่วนของผูถ้ สารอง การเปลี่ยนแปลง ในมูลค่ายุติธรรม,False,balance,3370477.0
CPF,pdf_th_FINANCIAL_STATEMENTS_CPF.pdf,10,thousand,con,0,13,ยอดคงเหลือ ณ วันที่ 1 มกราคม 2569,13,ือหุ้น สารอง การตีราคา สิ นทรัพย์ใหม่,False,balance,57722457.0
CPF,pdf_th_FINANCIAL_STATEMENTS_CPF.pdf,10,thousand,con,0,13,ยอดคงเหลือ ณ วันที่ 1 มกราคม 2569,14,รวม องค์ประกอบอื่น ของ ส่วนของผูถ้ ือหุ้น,False,balance,9966650.0
CPF,pdf_th_FINANCIAL_STATEMENTS_CPF.pdf,10,thousand,con,0,13,ยอดคงเหลือ ณ วันที่ 1 มกราคม 2569,15,รวมส่วนของ บริ ษทั ใหญ่,False,balance,232751528.0
CPF,pdf_th_FINANCIAL_STATEMENTS_CPF.pdf,10,thousand,con,0,13,ยอดคงเหลือ ณ วันที่ 1 มกราคม 2569,16,ส่วนได้เสี ย ที่ไม่มีอานาจ ควบคุม,False,balance,19107960.0
CPF,pdf_th_FINANCIAL_STATEMENTS_CPF.pdf,10,thousand,con,0,13,ยอดคงเหลือ ณ วันที่ 1 มกราคม 2569,17,(หน่ วย: พันบาท) รวมส่ วนของ ผูถ้ ือหุ้น,True,balance,251859488.0
CPF,pdf_th_FINANCIAL_STATEMENTS_CPF.pdf,10,thousand,con,0,16,ซื้ อหุ ้นคืน 7,0,ทุน ที่ออกและ ชาระแล้ว,False,movement,
CPF,pdf_th_FINANCIAL_STATEMENTS_CPF.pdf,10,thousand,con,0,16,ซื้ อหุ ้นคืน 7,1,ส่วนเกิน มูลค่าหุ้นสามัญ,False,movement,
CPF,pdf_th_FINANCIAL_STATEMENTS_CPF.pdf,10,thousand,con,0,16,ซื้ อหุ ้นคืน 7,2,ส่วนเกิน (ต่ากว่า) ทุนจาก การเปลี่ยนแปลง ส่วนได้เสี ย ในบริ ษทั ย่อย และบริ ษทั ร่ วม,False,movement,
CPF,pdf_th_FINANCIAL_STATEMENTS_CPF.pdf,10,thousand,con,0,16,ซื้ อหุ ้นคืน 7,3,ส่วนต่ากว่าทุน จากการรวม ธุรกิจภายใต้ การควบคุมเดียวกัน,False,movement,
CPF,pdf_th_FINANCIAL_STATEMENTS_CPF.pdf,10,thousand,con,0,16,ซื้ อหุ ้นคืน 7,4,ส่วนเกินทุนอื่ น,False,movement,
CPF,pdf_th_FINANCIAL_STATEMENTS_CPF.pdf,10,thousand,con,0,16,ซื้ อหุ ้นคืน 7,5,ทุนสารอง ตามกฎหมาย,False,movement,
CPF,pdf_th_FINANCIAL_STATEMENTS_CPF.pdf,10,thousand,con,0,16,ซื้ อหุ ้นคืน 7,6,กาไรสะสม สารอง หุ้นทุน ซื้ อคืน,False,movement,320405.0
CPF,pdf_th_FINANCIAL_STATEMENTS_CPF.pdf,10,thousand,con,0,16,ซื้ อหุ ้นคืน 7,7,ยังไม่ได้ จัดสรร,False,movement,-320405.0
CPF,pdf_th_FINANCIAL_STATEMENTS_CPF.pdf,10,thousand,con,0,16,ซื้ อหุ ้นคืน 7,8,งบการเงินรวม หุ้นทุน ซื้ อคืน,False,movement,-644344.0
CPF,pdf_th_FINANCIAL_STATEMENTS_CPF.pdf,10,thousand,con,0,16,ซื้ อหุ ้นคืน 7,9,หุ้นกูด้ อ้ ยสิ ทธิ ที่มีลกั ษณะ คล้ายทุน,False,movement,
CPF,pdf_th_FINANCIAL_STATEMENTS_CPF.pdf,10,thousand,con,0,16,ซื้ อหุ ้นคืน 7,10,สารอง การแปลงค่า งบการเงิน,False,movement,
CPF,pdf_th_FINANCIAL_STATEMENTS_CPF.pdf,10,thousand,con,0,16,ซื้ อหุ ้นคืน 7,11,สารองการ ป้ องกัน ความเสี่ ยง กระแสเงินสด,False,movement,
CPF,pdf_th_FINANCIAL_STATEMENTS_CPF.pdf,10,thousand,con,0,16,ซื้ อหุ ้นคืน 7,12,องค์ประกอบอื่นของส่วนของผูถ้ สารอง การเปลี่ยนแปลง ในมูลค่ายุติธรรม,False,movement,
CPF,pdf_th_FINANCIAL_STATEMENTS_CPF.pdf,10,thousand,con,0,16,ซื้ อหุ ้นคืน 7,13,ือหุ้น สารอง การตีราคา สิ นทรัพย์ใหม่,False,movement,
CPF,pdf_th_FINANCIAL_STATEMENTS_CPF.pdf,10,thousand,con,0,16,ซื้ อหุ ้นคืน 7,14,รวม องค์ประกอบอื่น ของ ส่วนของผูถ้ ือหุ้น,False,movement,
CPF,pdf_th_FINANCIAL_STATEMENTS_CPF.pdf,10,thousand,con,0,16,ซื้ อหุ ้นคืน 7,15,รวมส่วนของ บริ ษทั ใหญ่,False,movement,-644344.0
CPF,pdf_th_FINANCIAL_STATEMENTS_CPF.pdf,10,thousand,con,0,16,ซื้ อหุ ้นคืน 7,16,ส่วนได้เสี ย ที่ไม่มีอานาจ ควบคุม,False,movement,
CPF,pdf_th_FINANCIAL_STATEMENTS_CPF.pdf,10,thousand,con,0,16,ซื้ อหุ ้นคืน 7,17,(หน่ วย: พันบาท) รวมส่ วนของ ผูถ้ ือหุ้น,True,movement,-644344.0
CPF,pdf_th_FINANCIAL_STATEMENTS_CPF.pdf,10,thousand,con,0,17,เงินปั นผลจ่าย,0,ทุน ที่ออกและ ชาระแล้ว,False,movement,
CPF,pdf_th_FINANCIAL_STATEMENTS_CPF.pdf,10,thousand,con,0,17,เงินปั นผลจ่าย,1,ส่วนเกิน มูลค่าหุ้นสามัญ,False,movement,
CPF,pdf_th_FINANCIAL_STATEMENTS_CPF.pdf,10,thousand,con,0,17,เงินปั นผลจ่าย,2,ส่วนเกิน (ต่ากว่า) ทุนจาก การเปลี่ยนแปลง ส่วนได้เสี ย ในบริ ษทั ย่อย และบริ ษทั ร่ วม,False,movement,
CPF,pdf_th_FINANCIAL_STATEMENTS_CPF.pdf,10,thousand,con,0,17,เงินปั นผลจ่าย,3,ส่วนต่ากว่าทุน จากการรวม ธุรกิจภายใต้ การควบคุมเดียวกัน,False,movement,
CPF,pdf_th_FINANCIAL_STATEMENTS_CPF.pdf,10,thousand,con,0,17,เงินปั นผลจ่าย,4,ส่วนเกินทุนอื่ น,False,movement,
CPF,pdf_th_FINANCIAL_STATEMENTS_CPF.pdf,10,thousand,con,0,17,เงินปั นผลจ่าย,5,ทุนสารอง ตามกฎหมาย,False,movement,
CPF,pdf_th_FINANCIAL_STATEMENTS_CPF.pdf,10,thousand,con,0,17,เงินปั นผลจ่าย,6,กาไรสะสม สารอง หุ้นทุน ซื้ อคืน,False,movement,
CPF,pdf_th_FINANCIAL_STATEMENTS_CPF.pdf,10,thousand,con,0,17,เงินปั นผลจ่าย,7,ยังไม่ได้ จัดสรร,False,movement,
CPF,pdf_th_FINANCIAL_STATEMENTS_CPF.pdf,10,thousand,con,0,17,เงินปั นผลจ่าย,8,งบการเงินรวม หุ้นทุน ซื้ อคืน,False,movement,
CPF,pdf_th_FINANCIAL_STATEMENTS_CPF.pdf,10,thousand,con,0,17,เงินปั นผลจ่าย,9,หุ้นกูด้ อ้ ยสิ ทธิ ที่มีลกั ษณะ คล้ายทุน,False,movement,
CPF,pdf_th_FINANCIAL_STATEMENTS_CPF.pdf,10,thousand,con,0,17,เงินปั นผลจ่าย,10,สารอง การแปลงค่า งบการเงิน,False,movement,
CPF,pdf_th_FINANCIAL_STATEMENTS_CPF.pdf,10,thousand,con,0,17,เงินปั นผลจ่าย,11,สารองการ ป้ องกัน ความเสี่ ยง กระแสเงินสด,False,movement,
CPF,pdf_th_FINANCIAL_STATEMENTS_CPF.pdf,10,thousand,con,0,17,เงินปั นผลจ่าย,12,องค์ประกอบอื่นของส่วนของผูถ้ สารอง การเปลี่ยนแปลง ในมูลค่ายุติธรรม,False,movement,
CPF,pdf_th_FINANCIAL_STATEMENTS_CPF.pdf,10,thousand,con,0,17,เงินปั นผลจ่าย,13,ือหุ้น สารอง การตีราคา สิ นทรัพย์ใหม่,False,movement,
CPF,pdf_th_FINANCIAL_STATEMENTS_CPF.pdf,10,thousand,con,0,17,เงินปั นผลจ่าย,14,รวม องค์ประกอบอื่น ของ ส่วนของผูถ้ ือหุ้น,False,movement,
CPF,pdf_th_FINANCIAL_STATEMENTS_CPF.pdf,10,thousand,con,0,17,เงินปั นผลจ่าย,15,รวมส่วนของ บริ ษทั ใหญ่,False,movement,
CPF,pdf_th_FINANCIAL_STATEMENTS_CPF.pdf,10,thousand,con,0,17,เงินปั นผลจ่าย,16,ส่วนได้เสี ย ที่ไม่มีอานาจ ควบคุม,False,movement,-15217.0
CPF,pdf_th_FINANCIAL_STATEMENTS_CPF.pdf,10,thousand,con,0,17,เงินปั นผลจ่าย,17,(หน่ วย: พันบาท) รวมส่ วนของ ผูถ้ ือหุ้น,True,movement,-15217.0
CPF,pdf_th_FINANCIAL_STATEMENTS_CPF.pdf,10,thousand,con,0,18,รวมการจัดสรรส่ วนทุนให้ ผ้ ูถอื หุ้น,0,ทุน ที่ออกและ ชาระแล้ว,False,movement,
CPF,pdf_th_FINANCIAL_STATEMENTS_CPF.pdf,10,thousand,con,0,18,รวมการจัดสรรส่ วนทุนให้ ผ้ ูถอื หุ้น,1,ส่วนเกิน มูลค่าหุ้นสามัญ,False,movement,
CPF,pdf_th_FINANCIAL_STATEMENTS_CPF.pdf,10,thousand,con,0,18,รวมการจัดสรรส่ วนทุนให้ ผ้ ูถอื หุ้น,2,ส่วนเกิน (ต่ากว่า) ทุนจาก การเปลี่ยนแปลง ส่วนได้เสี ย ในบริ ษทั ย่อย และบริ ษทั ร่ วม,False,movement,
CPF,pdf_th_FINANCIAL_STATEMENTS_CPF.pdf,10,thousand,con,0,18,รวมการจัดสรรส่ วนทุนให้ ผ้ ูถอื หุ้น,3,ส่วนต่ากว่าทุน จากการรวม ธุรกิจภายใต้ การควบคุมเดียวกัน,False,movement,
CPF,pdf_th_FINANCIAL_STATEMENTS_CPF.pdf,10,thousand,con,0,18,รวมการจัดสรรส่ วนทุนให้ ผ้ ูถอื หุ้น,4,ส่วนเกินทุนอื่ น,False,movement,
CPF,pdf_th_FINANCIAL_STATEMENTS_CPF.pdf,10,thousand,con,0,18,รวมการจัดสรรส่ วนทุนให้ ผ้ ูถอื หุ้น,5,ทุนสารอง ตามกฎหมาย,False,movement,
CPF,pdf_th_FINANCIAL_STATEMENTS_CPF.pdf,10,thousand,con,0,18,รวมการจัดสรรส่ วนทุนให้ ผ้ ูถอื หุ้น,6,กาไรสะสม สารอง หุ้นทุน ซื้ อคืน,False,movement,320405.0
CPF,pdf_th_FINANCIAL_STATEMENTS_CPF.pdf,10,thousand,con,0,18,รวมการจัดสรรส่ วนทุนให้ ผ้ ูถอื หุ้น,7,ยังไม่ได้ จัดสรร,False,movement,-320405.0
CPF,pdf_th_FINANCIAL_STATEMENTS_CPF.pdf,10,thousand,con,0,18,รวมการจัดสรรส่ วนทุนให้ ผ้ ูถอื หุ้น,8,งบการเงินรวม หุ้นทุน ซื้ อคืน,False,movement,-644344.0
CPF,pdf_th_FINANCIAL_STATEMENTS_CPF.pdf,10,thousand,con,0,18,รวมการจัดสรรส่ วนทุนให้ ผ้ ูถอื หุ้น,9,หุ้นกูด้ อ้ ยสิ ทธิ ที่มีลกั ษณะ คล้ายทุน,False,movement,
CPF,pdf_th_FINANCIAL_STATEMENTS_CPF.pdf,10,thousand,con,0,18,รวมการจัดสรรส่ วนทุนให้ ผ้ ูถอื หุ้น,10,สารอง การแปลงค่า งบการเงิน,False,movement,
CPF,pdf_th_FINANCIAL_STATEMENTS_CPF.pdf,10,thousand,con,0,18,รวมการจัดสรรส่ วนทุนให้ ผ้ ูถอื หุ้น,11,สารองการ ป้ องกัน ความเสี่ ยง กระแสเงินสด,False,movement,
CPF,pdf_th_FINANCIAL_STATEMENTS_CPF.pdf,10,thousand,con,0,18,รวมการจัดสรรส่ วนทุนให้ ผ้ ูถอื หุ้น,12,องค์ประกอบอื่นของส่วนของผูถ้ สารอง การเปลี่ยนแปลง ในมูลค่ายุติธรรม,False,movement,
CPF,pdf_th_FINANCIAL_STATEMENTS_CPF.pdf,10,thousand,con,0,18,รวมการจัดสรรส่ วนทุนให้ ผ้ ูถอื หุ้น,13,ือหุ้น สารอง การตีราคา สิ นทรัพย์ใหม่,False,movement,
CPF,pdf_th_FINANCIAL_STATEMENTS_CPF.pdf,10,thousand,con,0,18,รวมการจัดสรรส่ วนทุนให้ ผ้ ูถอื หุ้น,14,รวม องค์ประกอบอื่น ของ ส่วนของผูถ้ ือหุ้น,False,movement,
CPF,pdf_th_FINANCIAL_STATEMENTS_CPF.pdf,10,thousand,con,0,18,รวมการจัดสรรส่ วนทุนให้ ผ้ ูถอื หุ้น,15,รวมส่วนของ บริ ษทั ใหญ่,False,movement,-644344.0
CPF,pdf_th_FINANCIAL_STATEMENTS_CPF.pdf,10,thousand,con,0,18,รวมการจัดสรรส่ วนทุนให้ ผ้ ูถอื หุ้น,16,ส่วนได้เสี ย ที่ไม่มีอานาจ ควบคุม,False,movement,-15217.0
CPF,pdf_th_FINANCIAL_STATEMENTS_CPF.pdf,10,thousand,con,0,18,รวมการจัดสรรส่ วนทุนให้ ผ้ ูถอื หุ้น,17,(หน่ วย: พันบาท) รวมส่ วนของ ผูถ้ ือหุ้น,True,movement,-659561.0
CPF,pdf_th_FINANCIAL_STATEMENTS_CPF.pdf,10,thousand,con,0,20,สิ ทธิ ในการขายที่ออกให้แก่ส่วนได้เสี ยที่ไม่มีอานาจควบคุม,0,ทุน ที่ออกและ ชาระแล้ว,False,movement,
CPF,pdf_th_FINANCIAL_STATEMENTS_CPF.pdf,10,thousand,con,0,20,สิ ทธิ ในการขายที่ออกให้แก่ส่วนได้เสี ยที่ไม่มีอานาจควบคุม,1,ส่วนเกิน มูลค่าหุ้นสามัญ,False,movement,
CPF,pdf_th_FINANCIAL_STATEMENTS_CPF.pdf,10,thousand,con,0,20,สิ ทธิ ในการขายที่ออกให้แก่ส่วนได้เสี ยที่ไม่มีอานาจควบคุม,2,ส่วนเกิน (ต่ากว่า) ทุนจาก การเปลี่ยนแปลง ส่วนได้เสี ย ในบริ ษทั ย่อย และบริ ษทั ร่ วม,False,movement,35922.0
CPF,pdf_th_FINANCIAL_STATEMENTS_CPF.pdf,10,thousand,con,0,20,สิ ทธิ ในการขายที่ออกให้แก่ส่วนได้เสี ยที่ไม่มีอานาจควบคุม,3,ส่วนต่ากว่าทุน จากการรวม ธุรกิจภายใต้ การควบคุมเดียวกัน,False,movement,
CPF,pdf_th_FINANCIAL_STATEMENTS_CPF.pdf,10,thousand,con,0,20,สิ ทธิ ในการขายที่ออกให้แก่ส่วนได้เสี ยที่ไม่มีอานาจควบคุม,4,ส่วนเกินทุนอื่ น,False,movement,
CPF,pdf_th_FINANCIAL_STATEMENTS_CPF.pdf,10,thousand,con,0,20,สิ ทธิ ในการขายที่ออกให้แก่ส่วนได้เสี ยที่ไม่มีอานาจควบคุม,5,ทุนสารอง ตามกฎหมาย,False,movement,
CPF,pdf_th_FINANCIAL_STATEMENTS_CPF.pdf,10,thousand,con,0,20,สิ ทธิ ในการขายที่ออกให้แก่ส่วนได้เสี ยที่ไม่มีอานาจควบคุม,6,กาไรสะสม สารอง หุ้นทุน ซื้ อคืน,False,movement,
CPF,pdf_th_FINANCIAL_STATEMENTS_CPF.pdf,10,thousand,con,0,20,สิ ทธิ ในการขายที่ออกให้แก่ส่วนได้เสี ยที่ไม่มีอานาจควบคุม,7,ยังไม่ได้ จัดสรร,False,movement,
CPF,pdf_th_FINANCIAL_STATEMENTS_CPF.pdf,10,thousand,con,0,20,สิ ทธิ ในการขายที่ออกให้แก่ส่วนได้เสี ยที่ไม่มีอานาจควบคุม,8,งบการเงินรวม หุ้นทุน ซื้ อคืน,False,movement,
CPF,pdf_th_FINANCIAL_STATEMENTS_CPF.pdf,10,thousand,con,0,20,สิ ทธิ ในการขายที่ออกให้แก่ส่วนได้เสี ยที่ไม่มีอานาจควบคุม,9,หุ้นกูด้ อ้ ยสิ ทธิ ที่มีลกั ษณะ คล้ายทุน,False,movement,
CPF,pdf_th_FINANCIAL_STATEMENTS_CPF.pdf,10,thousand,con,0,20,สิ ทธิ ในการขายที่ออกให้แก่ส่วนได้เสี ยที่ไม่มีอานาจควบคุม,10,สารอง การแปลงค่า งบการเงิน,False,movement,
CPF,pdf_th_FINANCIAL_STATEMENTS_CPF.pdf,10,thousand,con,0,20,สิ ทธิ ในการขายที่ออกให้แก่ส่วนได้เสี ยที่ไม่มีอานาจควบคุม,11,สารองการ ป้ องกัน ความเสี่ ยง กระแสเงินสด,False,movement,
CPF,pdf_th_FINANCIAL_STATEMENTS_CPF.pdf,10,thousand,con,0,20,สิ ทธิ ในการขายที่ออกให้แก่ส่วนได้เสี ยที่ไม่มีอานาจควบคุม,12,องค์ประกอบอื่นของส่วนของผูถ้ สารอง การเปลี่ยนแปลง ในมูลค่ายุติธรรม,False,movement,
CPF,pdf_th_FINANCIAL_STATEMENTS_CPF.pdf,10,thousand,con,0,20,สิ ทธิ ในการขายที่ออกให้แก่ส่วนได้เสี ยที่ไม่มีอานาจควบคุม,13,ือหุ้น สารอง การตีราคา สิ นทรัพย์ใหม่,False,movement,
CPF,pdf_th_FINANCIAL_STATEMENTS_CPF.pdf,10,thousand,con,0,20,สิ ทธิ ในการขายที่ออกให้แก่ส่วนได้เสี ยที่ไม่มีอานาจควบคุม,14,รวม องค์ประกอบอื่น ของ ส่วนของผูถ้ ือหุ้น,False,movement,
CPF,pdf_th_FINANCIAL_STATEMENTS_CPF.pdf,10,thousand,con,0,20,สิ ทธิ ในการขายที่ออกให้แก่ส่วนได้เสี ยที่ไม่มีอานาจควบคุม,15,รวมส่วนของ บริ ษทั ใหญ่,False,movement,35922.0
CPF,pdf_th_FINANCIAL_STATEMENTS_CPF.pdf,10,thousand,con,0,20,สิ ทธิ ในการขายที่ออกให้แก่ส่วนได้เสี ยที่ไม่มีอานาจควบคุม,16,ส่วนได้เสี ย ที่ไม่มีอานาจ ควบคุม,False,movement,-35922.0
CPF,pdf_th_FINANCIAL_STATEMENTS_CPF.pdf,10,thousand,con,0,20,สิ ทธิ ในการขายที่ออกให้แก่ส่วนได้เสี ยที่ไม่มีอานาจควบคุม,17,(หน่ วย: พันบาท) รวมส่ วนของ ผูถ้ ือหุ้น,True,movement,
CPF,pdf_th_FINANCIAL_STATEMENTS_CPF.pdf,10,thousand,con,0,21,บริ ษทั ย่อยออกหุ ้นเพิ่มทุน,0,ทุน ที่ออกและ ชาระแล้ว,False,movement,
CPF,pdf_th_FINANCIAL_STATEMENTS_CPF.pdf,10,thousand,con,0,21,บริ ษทั ย่อยออกหุ ้นเพิ่มทุน,1,ส่วนเกิน มูลค่าหุ้นสามัญ,False,movement,
CPF,pdf_th_FINANCIAL_STATEMENTS_CPF.pdf,10,thousand,con,0,21,บริ ษทั ย่อยออกหุ ้นเพิ่มทุน,2,ส่วนเกิน (ต่ากว่า) ทุนจาก การเปลี่ยนแปลง ส่วนได้เสี ย ในบริ ษทั ย่อย และบริ ษทั ร่ วม,False,movement,
CPF,pdf_th_FINANCIAL_STATEMENTS_CPF.pdf,10,thousand,con,0,21,บริ ษทั ย่อยออกหุ ้นเพิ่มทุน,3,ส่วนต่ากว่าทุน จากการรวม ธุรกิจภายใต้ การควบคุมเดียวกัน,False,movement,
CPF,pdf_th_FINANCIAL_STATEMENTS_CPF.pdf,10,thousand,con,0,21,บริ ษทั ย่อยออกหุ ้นเพิ่มทุน,4,ส่วนเกินทุนอื่ น,False,movement,
CPF,pdf_th_FINANCIAL_STATEMENTS_CPF.pdf,10,thousand,con,0,21,บริ ษทั ย่อยออกหุ ้นเพิ่มทุน,5,ทุนสารอง ตามกฎหมาย,False,movement,
CPF,pdf_th_FINANCIAL_STATEMENTS_CPF.pdf,10,thousand,con,0,21,บริ ษทั ย่อยออกหุ ้นเพิ่มทุน,6,กาไรสะสม สารอง หุ้นทุน ซื้ อคืน,False,movement,
CPF,pdf_th_FINANCIAL_STATEMENTS_CPF.pdf,10,thousand,con,0,21,บริ ษทั ย่อยออกหุ ้นเพิ่มทุน,7,ยังไม่ได้ จัดสรร,False,movement,
CPF,pdf_th_FINANCIAL_STATEMENTS_CPF.pdf,10,thousand,con,0,21,บริ ษทั ย่อยออกหุ ้นเพิ่มทุน,8,งบการเงินรวม หุ้นทุน ซื้ อคืน,False,movement,
CPF,pdf_th_FINANCIAL_STATEMENTS_CPF.pdf,10,thousand,con,0,21,บริ ษทั ย่อยออกหุ ้นเพิ่มทุน,9,หุ้นกูด้ อ้ ยสิ ทธิ ที่มีลกั ษณะ คล้ายทุน,False,movement,
CPF,pdf_th_FINANCIAL_STATEMENTS_CPF.pdf,10,thousand,con,0,21,บริ ษทั ย่อยออกหุ ้นเพิ่มทุน,10,สารอง การแปลงค่า งบการเงิน,False,movement,
CPF,pdf_th_FINANCIAL_STATEMENTS_CPF.pdf,10,thousand,con,0,21,บริ ษทั ย่อยออกหุ ้นเพิ่มทุน,11,สารองการ ป้ องกัน ความเสี่ ยง กระแสเงินสด,False,movement,
CPF,pdf_th_FINANCIAL_STATEMENTS_CPF.pdf,10,thousand,con,0,21,บริ ษทั ย่อยออกหุ ้นเพิ่มทุน,12,องค์ประกอบอื่นของส่วนของผูถ้ สารอง การเปลี่ยนแปลง ในมูลค่ายุติธรรม,False,movement,
CPF,pdf_th_FINANCIAL_STATEMENTS_CPF.pdf,10,thousand,con,0,21,บริ ษทั ย่อยออกหุ ้นเพิ่มทุน,13,ือหุ้น สารอง การตีราคา สิ นทรัพย์ใหม่,False,movement,
CPF,pdf_th_FINANCIAL_STATEMENTS_CPF.pdf,10,thousand,con,0,21,บริ ษทั ย่อยออกหุ ้นเพิ่มทุน,14,รวม องค์ประกอบอื่น ของ ส่วนของผูถ้ ือหุ้น,False,movement,
CPF,pdf_th_FINANCIAL_STATEMENTS_CPF.pdf,10,thousand,con,0,21,บริ ษทั ย่อยออกหุ ้นเพิ่มทุน,15,รวมส่วนของ บริ ษทั ใหญ่,False,movement,
CPF,pdf_th_FINANCIAL_STATEMENTS_CPF.pdf,10,thousand,con,0,21,บริ ษทั ย่อยออกหุ ้นเพิ่มทุน,16,ส่วนได้เสี ย ที่ไม่มีอานาจ ควบคุม,False,movement,740478.0
CPF,pdf_th_FINANCIAL_STATEMENTS_CPF.pdf,10,thousand,con,0,21,บริ ษทั ย่อยออกหุ ้นเพิ่มทุน,17,(หน่ วย: พันบาท) รวมส่ วนของ ผูถ้ ือหุ้น,True,movement,740478.0
CPF,pdf_th_FINANCIAL_STATEMENTS_CPF.pdf,10,thousand,con,0,22,โอนธุรกิจบางส่วนภายใต้การควบคุมเดียวกัน,0,ทุน ที่ออกและ ชาระแล้ว,False,movement,
CPF,pdf_th_FINANCIAL_STATEMENTS_CPF.pdf,10,thousand,con,0,22,โอนธุรกิจบางส่วนภายใต้การควบคุมเดียวกัน,1,ส่วนเกิน มูลค่าหุ้นสามัญ,False,movement,
CPF,pdf_th_FINANCIAL_STATEMENTS_CPF.pdf,10,thousand,con,0,22,โอนธุรกิจบางส่วนภายใต้การควบคุมเดียวกัน,2,ส่วนเกิน (ต่ากว่า) ทุนจาก การเปลี่ยนแปลง ส่วนได้เสี ย ในบริ ษทั ย่อย และบริ ษทั ร่ วม,False,movement,306503.0
CPF,pdf_th_FINANCIAL_STATEMENTS_CPF.pdf,10,thousand,con,0,22,โอนธุรกิจบางส่วนภายใต้การควบคุมเดียวกัน,3,ส่วนต่ากว่าทุน จากการรวม ธุรกิจภายใต้ การควบคุมเดียวกัน,False,movement,
CPF,pdf_th_FINANCIAL_STATEMENTS_CPF.pdf,10,thousand,con,0,22,โอนธุรกิจบางส่วนภายใต้การควบคุมเดียวกัน,4,ส่วนเกินทุนอื่ น,False,movement,
CPF,pdf_th_FINANCIAL_STATEMENTS_CPF.pdf,10,thousand,con,0,22,โอนธุรกิจบางส่วนภายใต้การควบคุมเดียวกัน,5,ทุนสารอง ตามกฎหมาย,False,movement,
CPF,pdf_th_FINANCIAL_STATEMENTS_CPF.pdf,10,thousand,con,0,22,โอนธุรกิจบางส่วนภายใต้การควบคุมเดียวกัน,6,กาไรสะสม สารอง หุ้นทุน ซื้ อคืน,False,movement,
CPF,pdf_th_FINANCIAL_STATEMENTS_CPF.pdf,10,thousand,con,0,22,โอนธุรกิจบางส่วนภายใต้การควบคุมเดียวกัน,7,ยังไม่ได้ จัดสรร,False,movement,
CPF,pdf_th_FINANCIAL_STATEMENTS_CPF.pdf,10,thousand,con,0,22,โอนธุรกิจบางส่วนภายใต้การควบคุมเดียวกัน,8,งบการเงินรวม หุ้นทุน ซื้ อคืน,False,movement,
CPF,pdf_th_FINANCIAL_STATEMENTS_CPF.pdf,10,thousand,con,0,22,โอนธุรกิจบางส่วนภายใต้การควบคุมเดียวกัน,9,หุ้นกูด้ อ้ ยสิ ทธิ ที่มีลกั ษณะ คล้ายทุน,False,movement,
CPF,pdf_th_FINANCIAL_STATEMENTS_CPF.pdf,10,thousand,con,0,22,โอนธุรกิจบางส่วนภายใต้การควบคุมเดียวกัน,10,สารอง การแปลงค่า งบการเงิน,False,movement,
CPF,pdf_th_FINANCIAL_STATEMENTS_CPF.pdf,10,thousand,con,0,22,โอนธุรกิจบางส่วนภายใต้การควบคุมเดียวกัน,11,สารองการ ป้ องกัน ความเสี่ ยง กระแสเงินสด,False,movement,
CPF,pdf_th_FINANCIAL_STATEMENTS_CPF.pdf,10,thousand,con,0,22,โอนธุรกิจบางส่วนภายใต้การควบคุมเดียวกัน,12,องค์ประกอบอื่นของส่วนของผูถ้ สารอง การเปลี่ยนแปลง ในมูลค่ายุติธรรม,False,movement,
CPF,pdf_th_FINANCIAL_STATEMENTS_CPF.pdf,10,thousand,con,0,22,โอนธุรกิจบางส่วนภายใต้การควบคุมเดียวกัน,13,ือหุ้น สารอง การตีราคา สิ นทรัพย์ใหม่,False,movement,-231747.0
CPF,pdf_th_FINANCIAL_STATEMENTS_CPF.pdf,10,thousand,con,0,22,โอนธุรกิจบางส่วนภายใต้การควบคุมเดียวกัน,14,รวม องค์ประกอบอื่น ของ ส่วนของผูถ้ ือหุ้น,False,movement,-231747.0
CPF,pdf_th_FINANCIAL_STATEMENTS_CPF.pdf,10,thousand,con,0,22,โอนธุรกิจบางส่วนภายใต้การควบคุมเดียวกัน,15,รวมส่วนของ บริ ษทั ใหญ่,False,movement,74756.0
CPF,pdf_th_FINANCIAL_STATEMENTS_CPF.pdf,10,thousand,con,0,22,โอนธุรกิจบางส่วนภายใต้การควบคุมเดียวกัน,16,ส่วนได้เสี ย ที่ไม่มีอานาจ ควบคุม,False,movement,-74756.0
CPF,pdf_th_FINANCIAL_STATEMENTS_CPF.pdf,10,thousand,con,0,22,โอนธุรกิจบางส่วนภายใต้การควบคุมเดียวกัน,17,(หน่ วย: พันบาท) รวมส่ วนของ ผูถ้ ือหุ้น,True,movement,
CPF,pdf_th_FINANCIAL_STATEMENTS_CPF.pdf,10,thousand,con,0,23,รวมการเปลี่ยนแปลงในส่ วนได้ เสียของบริษทั ย่อย,0,ทุน ที่ออกและ ชาระแล้ว,False,movement,
CPF,pdf_th_FINANCIAL_STATEMENTS_CPF.pdf,10,thousand,con,0,23,รวมการเปลี่ยนแปลงในส่ วนได้ เสียของบริษทั ย่อย,1,ส่วนเกิน มูลค่าหุ้นสามัญ,False,movement,
CPF,pdf_th_FINANCIAL_STATEMENTS_CPF.pdf,10,thousand,con,0,23,รวมการเปลี่ยนแปลงในส่ วนได้ เสียของบริษทั ย่อย,2,ส่วนเกิน (ต่ากว่า) ทุนจาก การเปลี่ยนแปลง ส่วนได้เสี ย ในบริ ษทั ย่อย และบริ ษทั ร่ วม,False,movement,342425.0
CPF,pdf_th_FINANCIAL_STATEMENTS_CPF.pdf,10,thousand,con,0,23,รวมการเปลี่ยนแปลงในส่ วนได้ เสียของบริษทั ย่อย,3,ส่วนต่ากว่าทุน จากการรวม ธุรกิจภายใต้ การควบคุมเดียวกัน,False,movement,
CPF,pdf_th_FINANCIAL_STATEMENTS_CPF.pdf,10,thousand,con,0,23,รวมการเปลี่ยนแปลงในส่ วนได้ เสียของบริษทั ย่อย,4,ส่วนเกินทุนอื่ น,False,movement,
CPF,pdf_th_FINANCIAL_STATEMENTS_CPF.pdf,10,thousand,con,0,23,รวมการเปลี่ยนแปลงในส่ วนได้ เสียของบริษทั ย่อย,5,ทุนสารอง ตามกฎหมาย,False,movement,
CPF,pdf_th_FINANCIAL_STATEMENTS_CPF.pdf,10,thousand,con,0,23,รวมการเปลี่ยนแปลงในส่ วนได้ เสียของบริษทั ย่อย,6,กาไรสะสม สารอง หุ้นทุน ซื้ อคืน,False,movement,
CPF,pdf_th_FINANCIAL_STATEMENTS_CPF.pdf,10,thousand,con,0,23,รวมการเปลี่ยนแปลงในส่ วนได้ เสียของบริษทั ย่อย,7,ยังไม่ได้ จัดสรร,False,movement,
CPF,pdf_th_FINANCIAL_STATEMENTS_CPF.pdf,10,thousand,con,0,23,รวมการเปลี่ยนแปลงในส่ วนได้ เสียของบริษทั ย่อย,8,งบการเงินรวม หุ้นทุน ซื้ อคืน,False,movement,
CPF,pdf_th_FINANCIAL_STATEMENTS_CPF.pdf,10,thousand,con,0,23,รวมการเปลี่ยนแปลงในส่ วนได้ เสียของบริษทั ย่อย,9,หุ้นกูด้ อ้ ยสิ ทธิ ที่มีลกั ษณะ คล้ายทุน,False,movement,
CPF,pdf_th_FINANCIAL_STATEMENTS_CPF.pdf,10,thousand,con,0,23,รวมการเปลี่ยนแปลงในส่ วนได้ เสียของบริษทั ย่อย,10,สารอง การแปลงค่า งบการเงิน,False,movement,
CPF,pdf_th_FINANCIAL_STATEMENTS_CPF.pdf,10,thousand,con,0,23,รวมการเปลี่ยนแปลงในส่ วนได้ เสียของบริษทั ย่อย,11,สารองการ ป้ องกัน ความเสี่ ยง กระแสเงินสด,False,movement,
CPF,pdf_th_FINANCIAL_STATEMENTS_CPF.pdf,10,thousand,con,0,23,รวมการเปลี่ยนแปลงในส่ วนได้ เสียของบริษทั ย่อย,12,องค์ประกอบอื่นของส่วนของผูถ้ สารอง การเปลี่ยนแปลง ในมูลค่ายุติธรรม,False,movement,
CPF,pdf_th_FINANCIAL_STATEMENTS_CPF.pdf,10,thousand,con,0,23,รวมการเปลี่ยนแปลงในส่ วนได้ เสียของบริษทั ย่อย,13,ือหุ้น สารอง การตีราคา สิ นทรัพย์ใหม่,False,movement,-231747.0
CPF,pdf_th_FINANCIAL_STATEMENTS_CPF.pdf,10,thousand,con,0,23,รวมการเปลี่ยนแปลงในส่ วนได้ เสียของบริษทั ย่อย,14,รวม องค์ประกอบอื่น ของ ส่วนของผูถ้ ือหุ้น,False,movement,-231747.0
CPF,pdf_th_FINANCIAL_STATEMENTS_CPF.pdf,10,thousand,con,0,23,รวมการเปลี่ยนแปลงในส่ วนได้ เสียของบริษทั ย่อย,15,รวมส่วนของ บริ ษทั ใหญ่,False,movement,110678.0
CPF,pdf_th_FINANCIAL_STATEMENTS_CPF.pdf,10,thousand,con,0,23,รวมการเปลี่ยนแปลงในส่ วนได้ เสียของบริษทั ย่อย,16,ส่วนได้เสี ย ที่ไม่มีอานาจ ควบคุม,False,movement,629800.0
CPF,pdf_th_FINANCIAL_STATEMENTS_CPF.pdf,10,thousand,con,0,23,รวมการเปลี่ยนแปลงในส่ วนได้ เสียของบริษทั ย่อย,17,(หน่ วย: พันบาท) รวมส่ วนของ ผูถ้ ือหุ้น,True,movement,740478.0
CPF,pdf_th_FINANCIAL_STATEMENTS_CPF.pdf,10,thousand,con,0,24,รวมรายการกับผู้ถือหุ้นที่บันทึกโดยตรงเข้ าส่ วนของผู้ถือหุ้น,0,ทุน ที่ออกและ ชาระแล้ว,False,movement,
CPF,pdf_th_FINANCIAL_STATEMENTS_CPF.pdf,10,thousand,con,0,24,รวมรายการกับผู้ถือหุ้นที่บันทึกโดยตรงเข้ าส่ วนของผู้ถือหุ้น,1,ส่วนเกิน มูลค่าหุ้นสามัญ,False,movement,
CPF,pdf_th_FINANCIAL_STATEMENTS_CPF.pdf,10,thousand,con,0,24,รวมรายการกับผู้ถือหุ้นที่บันทึกโดยตรงเข้ าส่ วนของผู้ถือหุ้น,2,ส่วนเกิน (ต่ากว่า) ทุนจาก การเปลี่ยนแปลง ส่วนได้เสี ย ในบริ ษทั ย่อย และบริ ษทั ร่ วม,False,movement,342425.0
CPF,pdf_th_FINANCIAL_STATEMENTS_CPF.pdf,10,thousand,con,0,24,รวมรายการกับผู้ถือหุ้นที่บันทึกโดยตรงเข้ าส่ วนของผู้ถือหุ้น,3,ส่วนต่ากว่าทุน จากการรวม ธุรกิจภายใต้ การควบคุมเดียวกัน,False,movement,
CPF,pdf_th_FINANCIAL_STATEMENTS_CPF.pdf,10,thousand,con,0,24,รวมรายการกับผู้ถือหุ้นที่บันทึกโดยตรงเข้ าส่ วนของผู้ถือหุ้น,4,ส่วนเกินทุนอื่ น,False,movement,
CPF,pdf_th_FINANCIAL_STATEMENTS_CPF.pdf,10,thousand,con,0,24,รวมรายการกับผู้ถือหุ้นที่บันทึกโดยตรงเข้ าส่ วนของผู้ถือหุ้น,5,ทุนสารอง ตามกฎหมาย,False,movement,
CPF,pdf_th_FINANCIAL_STATEMENTS_CPF.pdf,10,thousand,con,0,24,รวมรายการกับผู้ถือหุ้นที่บันทึกโดยตรงเข้ าส่ วนของผู้ถือหุ้น,6,กาไรสะสม สารอง หุ้นทุน ซื้ อคืน,False,movement,320405.0
CPF,pdf_th_FINANCIAL_STATEMENTS_CPF.pdf,10,thousand,con,0,24,รวมรายการกับผู้ถือหุ้นที่บันทึกโดยตรงเข้ าส่ วนของผู้ถือหุ้น,7,ยังไม่ได้ จัดสรร,False,movement,-320405.0
CPF,pdf_th_FINANCIAL_STATEMENTS_CPF.pdf,10,thousand,con,0,24,รวมรายการกับผู้ถือหุ้นที่บันทึกโดยตรงเข้ าส่ วนของผู้ถือหุ้น,8,งบการเงินรวม หุ้นทุน ซื้ อคืน,False,movement,-644344.0
CPF,pdf_th_FINANCIAL_STATEMENTS_CPF.pdf,10,thousand,con,0,24,รวมรายการกับผู้ถือหุ้นที่บันทึกโดยตรงเข้ าส่ วนของผู้ถือหุ้น,9,หุ้นกูด้ อ้ ยสิ ทธิ ที่มีลกั ษณะ คล้ายทุน,False,movement,
CPF,pdf_th_FINANCIAL_STATEMENTS_CPF.pdf,10,thousand,con,0,24,รวมรายการกับผู้ถือหุ้นที่บันทึกโดยตรงเข้ าส่ วนของผู้ถือหุ้น,10,สารอง การแปลงค่า งบการเงิน,False,movement,
CPF,pdf_th_FINANCIAL_STATEMENTS_CPF.pdf,10,thousand,con,0,24,รวมรายการกับผู้ถือหุ้นที่บันทึกโดยตรงเข้ าส่ วนของผู้ถือหุ้น,11,สารองการ ป้ องกัน ความเสี่ ยง กระแสเงินสด,False,movement,
CPF,pdf_th_FINANCIAL_STATEMENTS_CPF.pdf,10,thousand,con,0,24,รวมรายการกับผู้ถือหุ้นที่บันทึกโดยตรงเข้ าส่ วนของผู้ถือหุ้น,12,องค์ประกอบอื่นของส่วนของผูถ้ สารอง การเปลี่ยนแปลง ในมูลค่ายุติธรรม,False,movement,
CPF,pdf_th_FINANCIAL_STATEMENTS_CPF.pdf,10,thousand,con,0,24,รวมรายการกับผู้ถือหุ้นที่บันทึกโดยตรงเข้ าส่ วนของผู้ถือหุ้น,13,ือหุ้น สารอง การตีราคา สิ นทรัพย์ใหม่,False,movement,-231747.0
CPF,pdf_th_FINANCIAL_STATEMENTS_CPF.pdf,10,thousand,con,0,24,รวมรายการกับผู้ถือหุ้นที่บันทึกโดยตรงเข้ าส่ วนของผู้ถือหุ้น,14,รวม องค์ประกอบอื่น ของ ส่วนของผูถ้ ือหุ้น,False,movement,-231747.0
CPF,pdf_th_FINANCIAL_STATEMENTS_CPF.pdf,10,thousand,con,0,24,รวมรายการกับผู้ถือหุ้นที่บันทึกโดยตรงเข้ าส่ วนของผู้ถือหุ้น,15,รวมส่วนของ บริ ษทั ใหญ่,False,movement,-533666.0
CPF,pdf_th_FINANCIAL_STATEMENTS_CPF.pdf,10,thousand,con,0,24,รวมรายการกับผู้ถือหุ้นที่บันทึกโดยตรงเข้ าส่ วนของผู้ถือหุ้น,16,ส่วนได้เสี ย ที่ไม่มีอานาจ ควบคุม,False,movement,614583.0
CPF,pdf_th_FINANCIAL_STATEMENTS_CPF.pdf,10,thousand,con,0,24,รวมรายการกับผู้ถือหุ้นที่บันทึกโดยตรงเข้ าส่ วนของผู้ถือหุ้น,17,(หน่ วย: พันบาท) รวมส่ วนของ ผูถ้ ือหุ้น,True,movement,80917.0
CPF,pdf_th_FINANCIAL_STATEMENTS_CPF.pdf,10,thousand,con,0,26,กาไร,0,ทุน ที่ออกและ ชาระแล้ว,False,movement,
CPF,pdf_th_FINANCIAL_STATEMENTS_CPF.pdf,10,thousand,con,0,26,กาไร,1,ส่วนเกิน มูลค่าหุ้นสามัญ,False,movement,
CPF,pdf_th_FINANCIAL_STATEMENTS_CPF.pdf,10,thousand,con,0,26,กาไร,2,ส่วนเกิน (ต่ากว่า) ทุนจาก การเปลี่ยนแปลง ส่วนได้เสี ย ในบริ ษทั ย่อย และบริ ษทั ร่ วม,False,movement,
CPF,pdf_th_FINANCIAL_STATEMENTS_CPF.pdf,10,thousand,con,0,26,กาไร,3,ส่วนต่ากว่าทุน จากการรวม ธุรกิจภายใต้ การควบคุมเดียวกัน,False,movement,
CPF,pdf_th_FINANCIAL_STATEMENTS_CPF.pdf,10,thousand,con,0,26,กาไร,4,ส่วนเกินทุนอื่ น,False,movement,
CPF,pdf_th_FINANCIAL_STATEMENTS_CPF.pdf,10,thousand,con,0,26,กาไร,5,ทุนสารอง ตามกฎหมาย,False,movement,
CPF,pdf_th_FINANCIAL_STATEMENTS_CPF.pdf,10,thousand,con,0,26,กาไร,6,กาไรสะสม สารอง หุ้นทุน ซื้ อคืน,False,movement,
CPF,pdf_th_FINANCIAL_STATEMENTS_CPF.pdf,10,thousand,con,0,26,กาไร,7,ยังไม่ได้ จัดสรร,False,movement,4874798.0
CPF,pdf_th_FINANCIAL_STATEMENTS_CPF.pdf,10,thousand,con,0,26,กาไร,8,งบการเงินรวม หุ้นทุน ซื้ อคืน,False,movement,
CPF,pdf_th_FINANCIAL_STATEMENTS_CPF.pdf,10,thousand,con,0,26,กาไร,9,หุ้นกูด้ อ้ ยสิ ทธิ ที่มีลกั ษณะ คล้ายทุน,False,movement,
CPF,pdf_th_FINANCIAL_STATEMENTS_CPF.pdf,10,thousand,con,0,26,กาไร,10,สารอง การแปลงค่า งบการเงิน,False,movement,
CPF,pdf_th_FINANCIAL_STATEMENTS_CPF.pdf,10,thousand,con,0,26,กาไร,11,สารองการ ป้ องกัน ความเสี่ ยง กระแสเงินสด,False,movement,
CPF,pdf_th_FINANCIAL_STATEMENTS_CPF.pdf,10,thousand,con,0,26,กาไร,12,องค์ประกอบอื่นของส่วนของผูถ้ สารอง การเปลี่ยนแปลง ในมูลค่ายุติธรรม,False,movement,
CPF,pdf_th_FINANCIAL_STATEMENTS_CPF.pdf,10,thousand,con,0,26,กาไร,13,ือหุ้น สารอง การตีราคา สิ นทรัพย์ใหม่,False,movement,
CPF,pdf_th_FINANCIAL_STATEMENTS_CPF.pdf,10,thousand,con,0,26,กาไร,14,รวม องค์ประกอบอื่น ของ ส่วนของผูถ้ ือหุ้น,False,movement,
CPF,pdf_th_FINANCIAL_STATEMENTS_CPF.pdf,10,thousand,con,0,26,กาไร,15,รวมส่วนของ บริ ษทั ใหญ่,False,movement,4874798.0
CPF,pdf_th_FINANCIAL_STATEMENTS_CPF.pdf,10,thousand,con,0,26,กาไร,16,ส่วนได้เสี ย ที่ไม่มีอานาจ ควบคุม,False,movement,460882.0
CPF,pdf_th_FINANCIAL_STATEMENTS_CPF.pdf,10,thousand,con,0,26,กาไร,17,(หน่ วย: พันบาท) รวมส่ วนของ ผูถ้ ือหุ้น,True,movement,5335680.0
CPF,pdf_th_FINANCIAL_STATEMENTS_CPF.pdf,10,thousand,con,0,28,- กาไรจากการวัดมูลค่าใหม่ของผลประโยชน์พนักงานที่กาหนดไว้,0,ทุน ที่ออกและ ชาระแล้ว,False,movement,
CPF,pdf_th_FINANCIAL_STATEMENTS_CPF.pdf,10,thousand,con,0,28,- กาไรจากการวัดมูลค่าใหม่ของผลประโยชน์พนักงานที่กาหนดไว้,1,ส่วนเกิน มูลค่าหุ้นสามัญ,False,movement,
CPF,pdf_th_FINANCIAL_STATEMENTS_CPF.pdf,10,thousand,con,0,28,- กาไรจากการวัดมูลค่าใหม่ของผลประโยชน์พนักงานที่กาหนดไว้,2,ส่วนเกิน (ต่ากว่า) ทุนจาก การเปลี่ยนแปลง ส่วนได้เสี ย ในบริ ษทั ย่อย และบริ ษทั ร่ วม,False,movement,
CPF,pdf_th_FINANCIAL_STATEMENTS_CPF.pdf,10,thousand,con,0,28,- กาไรจากการวัดมูลค่าใหม่ของผลประโยชน์พนักงานที่กาหนดไว้,3,ส่วนต่ากว่าทุน จากการรวม ธุรกิจภายใต้ การควบคุมเดียวกัน,False,movement,
CPF,pdf_th_FINANCIAL_STATEMENTS_CPF.pdf,10,thousand,con,0,28,- กาไรจากการวัดมูลค่าใหม่ของผลประโยชน์พนักงานที่กาหนดไว้,4,ส่วนเกินทุนอื่ น,False,movement,
CPF,pdf_th_FINANCIAL_STATEMENTS_CPF.pdf,10,thousand,con,0,28,- กาไรจากการวัดมูลค่าใหม่ของผลประโยชน์พนักงานที่กาหนดไว้,5,ทุนสารอง ตามกฎหมาย,False,movement,
CPF,pdf_th_FINANCIAL_STATEMENTS_CPF.pdf,10,thousand,con,0,28,- กาไรจากการวัดมูลค่าใหม่ของผลประโยชน์พนักงานที่กาหนดไว้,6,กาไรสะสม สารอง หุ้นทุน ซื้ อคืน,False,movement,
CPF,pdf_th_FINANCIAL_STATEMENTS_CPF.pdf,10,thousand,con,0,28,- กาไรจากการวัดมูลค่าใหม่ของผลประโยชน์พนักงานที่กาหนดไว้,7,ยังไม่ได้ จัดสรร,False,movement,365626.0
CPF,pdf_th_FINANCIAL_STATEMENTS_CPF.pdf,10,thousand,con,0,28,- กาไรจากการวัดมูลค่าใหม่ของผลประโยชน์พนักงานที่กาหนดไว้,8,งบการเงินรวม หุ้นทุน ซื้ อคืน,False,movement,
CPF,pdf_th_FINANCIAL_STATEMENTS_CPF.pdf,10,thousand,con,0,28,- กาไรจากการวัดมูลค่าใหม่ของผลประโยชน์พนักงานที่กาหนดไว้,9,หุ้นกูด้ อ้ ยสิ ทธิ ที่มีลกั ษณะ คล้ายทุน,False,movement,
CPF,pdf_th_FINANCIAL_STATEMENTS_CPF.pdf,10,thousand,con,0,28,- กาไรจากการวัดมูลค่าใหม่ของผลประโยชน์พนักงานที่กาหนดไว้,10,สารอง การแปลงค่า งบการเงิน,False,movement,
CPF,pdf_th_FINANCIAL_STATEMENTS_CPF.pdf,10,thousand,con,0,28,- กาไรจากการวัดมูลค่าใหม่ของผลประโยชน์พนักงานที่กาหนดไว้,11,สารองการ ป้ องกัน ความเสี่ ยง กระแสเงินสด,False,movement,
CPF,pdf_th_FINANCIAL_STATEMENTS_CPF.pdf,10,thousand,con,0,28,- กาไรจากการวัดมูลค่าใหม่ของผลประโยชน์พนักงานที่กาหนดไว้,12,องค์ประกอบอื่นของส่วนของผูถ้ สารอง การเปลี่ยนแปลง ในมูลค่ายุติธรรม,False,movement,
CPF,pdf_th_FINANCIAL_STATEMENTS_CPF.pdf,10,thousand,con,0,28,- กาไรจากการวัดมูลค่าใหม่ของผลประโยชน์พนักงานที่กาหนดไว้,13,ือหุ้น สารอง การตีราคา สิ นทรัพย์ใหม่,False,movement,
CPF,pdf_th_FINANCIAL_STATEMENTS_CPF.pdf,10,thousand,con,0,28,- กาไรจากการวัดมูลค่าใหม่ของผลประโยชน์พนักงานที่กาหนดไว้,14,รวม องค์ประกอบอื่น ของ ส่วนของผูถ้ ือหุ้น,False,movement,
CPF,pdf_th_FINANCIAL_STATEMENTS_CPF.pdf,10,thousand,con,0,28,- กาไรจากการวัดมูลค่าใหม่ของผลประโยชน์พนักงานที่กาหนดไว้,15,รวมส่วนของ บริ ษทั ใหญ่,False,movement,365626.0
CPF,pdf_th_FINANCIAL_STATEMENTS_CPF.pdf,10,thousand,con,0,28,- กาไรจากการวัดมูลค่าใหม่ของผลประโยชน์พนักงานที่กาหนดไว้,16,ส่วนได้เสี ย ที่ไม่มีอานาจ ควบคุม,False,movement,483.0
CPF,pdf_th_FINANCIAL_STATEMENTS_CPF.pdf,10,thousand,con,0,28,- กาไรจากการวัดมูลค่าใหม่ของผลประโยชน์พนักงานที่กาหนดไว้,17,(หน่ วย: พันบาท) รวมส่ วนของ ผูถ้ ือหุ้น,True,movement,366109.0
CPF,pdf_th_FINANCIAL_STATEMENTS_CPF.pdf,10,thousand,con,0,29,- อื่ นๆ,0,ทุน ที่ออกและ ชาระแล้ว,False,movement,
CPF,pdf_th_FINANCIAL_STATEMENTS_CPF.pdf,10,thousand,con,0,29,- อื่ นๆ,1,ส่วนเกิน มูลค่าหุ้นสามัญ,False,movement,
CPF,pdf_th_FINANCIAL_STATEMENTS_CPF.pdf,10,thousand,con,0,29,- อื่ นๆ,2,ส่วนเกิน (ต่ากว่า) ทุนจาก การเปลี่ยนแปลง ส่วนได้เสี ย ในบริ ษทั ย่อย และบริ ษทั ร่ วม,False,movement,
CPF,pdf_th_FINANCIAL_STATEMENTS_CPF.pdf,10,thousand,con,0,29,- อื่ นๆ,3,ส่วนต่ากว่าทุน จากการรวม ธุรกิจภายใต้ การควบคุมเดียวกัน,False,movement,
CPF,pdf_th_FINANCIAL_STATEMENTS_CPF.pdf,10,thousand,con,0,29,- อื่ นๆ,4,ส่วนเกินทุนอื่ น,False,movement,
CPF,pdf_th_FINANCIAL_STATEMENTS_CPF.pdf,10,thousand,con,0,29,- อื่ นๆ,5,ทุนสารอง ตามกฎหมาย,False,movement,
CPF,pdf_th_FINANCIAL_STATEMENTS_CPF.pdf,10,thousand,con,0,29,- อื่ นๆ,6,กาไรสะสม สารอง หุ้นทุน ซื้ อคืน,False,movement,
CPF,pdf_th_FINANCIAL_STATEMENTS_CPF.pdf,10,thousand,con,0,29,- อื่ นๆ,7,ยังไม่ได้ จัดสรร,False,movement,
CPF,pdf_th_FINANCIAL_STATEMENTS_CPF.pdf,10,thousand,con,0,29,- อื่ นๆ,8,งบการเงินรวม หุ้นทุน ซื้ อคืน,False,movement,
CPF,pdf_th_FINANCIAL_STATEMENTS_CPF.pdf,10,thousand,con,0,29,- อื่ นๆ,9,หุ้นกูด้ อ้ ยสิ ทธิ ที่มีลกั ษณะ คล้ายทุน,False,movement,
CPF,pdf_th_FINANCIAL_STATEMENTS_CPF.pdf,10,thousand,con,0,29,- อื่ นๆ,10,สารอง การแปลงค่า งบการเงิน,False,movement,6420353.0
CPF,pdf_th_FINANCIAL_STATEMENTS_CPF.pdf,10,thousand,con,0,29,- อื่ นๆ,11,สารองการ ป้ องกัน ความเสี่ ยง กระแสเงินสด,False,movement,313937.0
CPF,pdf_th_FINANCIAL_STATEMENTS_CPF.pdf,10,thousand,con,0,29,- อื่ นๆ,12,องค์ประกอบอื่นของส่วนของผูถ้ สารอง การเปลี่ยนแปลง ในมูลค่ายุติธรรม,False,movement,448393.0
CPF,pdf_th_FINANCIAL_STATEMENTS_CPF.pdf,10,thousand,con,0,29,- อื่ นๆ,13,ือหุ้น สารอง การตีราคา สิ นทรัพย์ใหม่,False,movement,-35.0
CPF,pdf_th_FINANCIAL_STATEMENTS_CPF.pdf,10,thousand,con,0,29,- อื่ นๆ,14,รวม องค์ประกอบอื่น ของ ส่วนของผูถ้ ือหุ้น,False,movement,7182648.0
CPF,pdf_th_FINANCIAL_STATEMENTS_CPF.pdf,10,thousand,con,0,29,- อื่ นๆ,15,รวมส่วนของ บริ ษทั ใหญ่,False,movement,7182648.0
CPF,pdf_th_FINANCIAL_STATEMENTS_CPF.pdf,10,thousand,con,0,29,- อื่ นๆ,16,ส่วนได้เสี ย ที่ไม่มีอานาจ ควบคุม,False,movement,343329.0
CPF,pdf_th_FINANCIAL_STATEMENTS_CPF.pdf,10,thousand,con,0,29,- อื่ นๆ,17,(หน่ วย: พันบาท) รวมส่ วนของ ผูถ้ ือหุ้น,True,movement,7525977.0
CPF,pdf_th_FINANCIAL_STATEMENTS_CPF.pdf,10,thousand,con,0,30,รวมกาไร (ขาดทุน) เบ็ดเสร็จสาหรับงวด,0,ทุน ที่ออกและ ชาระแล้ว,False,movement,
CPF,pdf_th_FINANCIAL_STATEMENTS_CPF.pdf,10,thousand,con,0,30,รวมกาไร (ขาดทุน) เบ็ดเสร็จสาหรับงวด,1,ส่วนเกิน มูลค่าหุ้นสามัญ,False,movement,
CPF,pdf_th_FINANCIAL_STATEMENTS_CPF.pdf,10,thousand,con,0,30,รวมกาไร (ขาดทุน) เบ็ดเสร็จสาหรับงวด,2,ส่วนเกิน (ต่ากว่า) ทุนจาก การเปลี่ยนแปลง ส่วนได้เสี ย ในบริ ษทั ย่อย และบริ ษทั ร่ วม,False,movement,
CPF,pdf_th_FINANCIAL_STATEMENTS_CPF.pdf,10,thousand,con,0,30,รวมกาไร (ขาดทุน) เบ็ดเสร็จสาหรับงวด,3,ส่วนต่ากว่าทุน จากการรวม ธุรกิจภายใต้ การควบคุมเดียวกัน,False,movement,
CPF,pdf_th_FINANCIAL_STATEMENTS_CPF.pdf,10,thousand,con,0,30,รวมกาไร (ขาดทุน) เบ็ดเสร็จสาหรับงวด,4,ส่วนเกินทุนอื่ น,False,movement,
CPF,pdf_th_FINANCIAL_STATEMENTS_CPF.pdf,10,thousand,con,0,30,รวมกาไร (ขาดทุน) เบ็ดเสร็จสาหรับงวด,5,ทุนสารอง ตามกฎหมาย,False,movement,
CPF,pdf_th_FINANCIAL_STATEMENTS_CPF.pdf,10,thousand,con,0,30,รวมกาไร (ขาดทุน) เบ็ดเสร็จสาหรับงวด,6,กาไรสะสม สารอง หุ้นทุน ซื้ อคืน,False,movement,
CPF,pdf_th_FINANCIAL_STATEMENTS_CPF.pdf,10,thousand,con,0,30,รวมกาไร (ขาดทุน) เบ็ดเสร็จสาหรับงวด,7,ยังไม่ได้ จัดสรร,False,movement,5240424.0
CPF,pdf_th_FINANCIAL_STATEMENTS_CPF.pdf,10,thousand,con,0,30,รวมกาไร (ขาดทุน) เบ็ดเสร็จสาหรับงวด,8,งบการเงินรวม หุ้นทุน ซื้ อคืน,False,movement,
CPF,pdf_th_FINANCIAL_STATEMENTS_CPF.pdf,10,thousand,con,0,30,รวมกาไร (ขาดทุน) เบ็ดเสร็จสาหรับงวด,9,หุ้นกูด้ อ้ ยสิ ทธิ ที่มีลกั ษณะ คล้ายทุน,False,movement,
CPF,pdf_th_FINANCIAL_STATEMENTS_CPF.pdf,10,thousand,con,0,30,รวมกาไร (ขาดทุน) เบ็ดเสร็จสาหรับงวด,10,สารอง การแปลงค่า งบการเงิน,False,movement,6420353.0
CPF,pdf_th_FINANCIAL_STATEMENTS_CPF.pdf,10,thousand,con,0,30,รวมกาไร (ขาดทุน) เบ็ดเสร็จสาหรับงวด,11,สารองการ ป้ องกัน ความเสี่ ยง กระแสเงินสด,False,movement,313937.0
CPF,pdf_th_FINANCIAL_STATEMENTS_CPF.pdf,10,thousand,con,0,30,รวมกาไร (ขาดทุน) เบ็ดเสร็จสาหรับงวด,12,องค์ประกอบอื่นของส่วนของผูถ้ สารอง การเปลี่ยนแปลง ในมูลค่ายุติธรรม,False,movement,448393.0
CPF,pdf_th_FINANCIAL_STATEMENTS_CPF.pdf,10,thousand,con,0,30,รวมกาไร (ขาดทุน) เบ็ดเสร็จสาหรับงวด,13,ือหุ้น สารอง การตีราคา สิ นทรัพย์ใหม่,False,movement,-35.0
CPF,pdf_th_FINANCIAL_STATEMENTS_CPF.pdf,10,thousand,con,0,30,รวมกาไร (ขาดทุน) เบ็ดเสร็จสาหรับงวด,14,รวม องค์ประกอบอื่น ของ ส่วนของผูถ้ ือหุ้น,False,movement,7182648.0
CPF,pdf_th_FINANCIAL_STATEMENTS_CPF.pdf,10,thousand,con,0,30,รวมกาไร (ขาดทุน) เบ็ดเสร็จสาหรับงวด,15,รวมส่วนของ บริ ษทั ใหญ่,False,movement,12423072.0
CPF,pdf_th_FINANCIAL_STATEMENTS_CPF.pdf,10,thousand,con,0,30,รวมกาไร (ขาดทุน) เบ็ดเสร็จสาหรับงวด,16,ส่วนได้เสี ย ที่ไม่มีอานาจ ควบคุม,False,movement,804694.0
CPF,pdf_th_FINANCIAL_STATEMENTS_CPF.pdf,10,thousand,con,0,30,รวมกาไร (ขาดทุน) เบ็ดเสร็จสาหรับงวด,17,(หน่ วย: พันบาท) รวมส่ วนของ ผูถ้ ือหุ้น,True,movement,13227766.0
CPF,pdf_th_FINANCIAL_STATEMENTS_CPF.pdf,10,thousand,con,0,32,- สุทธิ จากภาษีเงินได้,0,ทุน ที่ออกและ ชาระแล้ว,False,movement,
CPF,pdf_th_FINANCIAL_STATEMENTS_CPF.pdf,10,thousand,con,0,32,- สุทธิ จากภาษีเงินได้,1,ส่วนเกิน มูลค่าหุ้นสามัญ,False,movement,
CPF,pdf_th_FINANCIAL_STATEMENTS_CPF.pdf,10,thousand,con,0,32,- สุทธิ จากภาษีเงินได้,2,ส่วนเกิน (ต่ากว่า) ทุนจาก การเปลี่ยนแปลง ส่วนได้เสี ย ในบริ ษทั ย่อย และบริ ษทั ร่ วม,False,movement,
CPF,pdf_th_FINANCIAL_STATEMENTS_CPF.pdf,10,thousand,con,0,32,- สุทธิ จากภาษีเงินได้,3,ส่วนต่ากว่าทุน จากการรวม ธุรกิจภายใต้ การควบคุมเดียวกัน,False,movement,
CPF,pdf_th_FINANCIAL_STATEMENTS_CPF.pdf,10,thousand,con,0,32,- สุทธิ จากภาษีเงินได้,4,ส่วนเกินทุนอื่ น,False,movement,
CPF,pdf_th_FINANCIAL_STATEMENTS_CPF.pdf,10,thousand,con,0,32,- สุทธิ จากภาษีเงินได้,5,ทุนสารอง ตามกฎหมาย,False,movement,
CPF,pdf_th_FINANCIAL_STATEMENTS_CPF.pdf,10,thousand,con,0,32,- สุทธิ จากภาษีเงินได้,6,กาไรสะสม สารอง หุ้นทุน ซื้ อคืน,False,movement,
CPF,pdf_th_FINANCIAL_STATEMENTS_CPF.pdf,10,thousand,con,0,32,- สุทธิ จากภาษีเงินได้,7,ยังไม่ได้ จัดสรร,False,movement,-270881.0
CPF,pdf_th_FINANCIAL_STATEMENTS_CPF.pdf,10,thousand,con,0,32,- สุทธิ จากภาษีเงินได้,8,งบการเงินรวม หุ้นทุน ซื้ อคืน,False,movement,
CPF,pdf_th_FINANCIAL_STATEMENTS_CPF.pdf,10,thousand,con,0,32,- สุทธิ จากภาษีเงินได้,9,หุ้นกูด้ อ้ ยสิ ทธิ ที่มีลกั ษณะ คล้ายทุน,False,movement,
CPF,pdf_th_FINANCIAL_STATEMENTS_CPF.pdf,10,thousand,con,0,32,- สุทธิ จากภาษีเงินได้,10,สารอง การแปลงค่า งบการเงิน,False,movement,
CPF,pdf_th_FINANCIAL_STATEMENTS_CPF.pdf,10,thousand,con,0,32,- สุทธิ จากภาษีเงินได้,11,สารองการ ป้ องกัน ความเสี่ ยง กระแสเงินสด,False,movement,
CPF,pdf_th_FINANCIAL_STATEMENTS_CPF.pdf,10,thousand,con,0,32,- สุทธิ จากภาษีเงินได้,12,องค์ประกอบอื่นของส่วนของผูถ้ สารอง การเปลี่ยนแปลง ในมูลค่ายุติธรรม,False,movement,
CPF,pdf_th_FINANCIAL_STATEMENTS_CPF.pdf,10,thousand,con,0,32,- สุทธิ จากภาษีเงินได้,13,ือหุ้น สารอง การตีราคา สิ นทรัพย์ใหม่,False,movement,
CPF,pdf_th_FINANCIAL_STATEMENTS_CPF.pdf,10,thousand,con,0,32,- สุทธิ จากภาษีเงินได้,14,รวม องค์ประกอบอื่น ของ ส่วนของผูถ้ ือหุ้น,False,movement,
CPF,pdf_th_FINANCIAL_STATEMENTS_CPF.pdf,10,thousand,con,0,32,- สุทธิ จากภาษีเงินได้,15,รวมส่วนของ บริ ษทั ใหญ่,False,movement,-270881.0
CPF,pdf_th_FINANCIAL_STATEMENTS_CPF.pdf,10,thousand,con,0,32,- สุทธิ จากภาษีเงินได้,16,ส่วนได้เสี ย ที่ไม่มีอานาจ ควบคุม,False,movement,
CPF,pdf_th_FINANCIAL_STATEMENTS_CPF.pdf,10,thousand,con,0,32,- สุทธิ จากภาษีเงินได้,17,(หน่ วย: พันบาท) รวมส่ วนของ ผูถ้ ือหุ้น,True,movement,-270881.0
CPF,pdf_th_FINANCIAL_STATEMENTS_CPF.pdf,10,thousand,con,0,33,โอนไปกาไรสะสม,0,ทุน ที่ออกและ ชาระแล้ว,False,movement,
CPF,pdf_th_FINANCIAL_STATEMENTS_CPF.pdf,10,thousand,con,0,33,โอนไปกาไรสะสม,1,ส่วนเกิน มูลค่าหุ้นสามัญ,False,movement,
CPF,pdf_th_FINANCIAL_STATEMENTS_CPF.pdf,10,thousand,con,0,33,โอนไปกาไรสะสม,2,ส่วนเกิน (ต่ากว่า) ทุนจาก การเปลี่ยนแปลง ส่วนได้เสี ย ในบริ ษทั ย่อย และบริ ษทั ร่ วม,False,movement,
CPF,pdf_th_FINANCIAL_STATEMENTS_CPF.pdf,10,thousand,con,0,33,โอนไปกาไรสะสม,3,ส่วนต่ากว่าทุน จากการรวม ธุรกิจภายใต้ การควบคุมเดียวกัน,False,movement,
CPF,pdf_th_FINANCIAL_STATEMENTS_CPF.pdf,10,thousand,con,0,33,โอนไปกาไรสะสม,4,ส่วนเกินทุนอื่ น,False,movement,
CPF,pdf_th_FINANCIAL_STATEMENTS_CPF.pdf,10,thousand,con,0,33,โอนไปกาไรสะสม,5,ทุนสารอง ตามกฎหมาย,False,movement,
CPF,pdf_th_FINANCIAL_STATEMENTS_CPF.pdf,10,thousand,con,0,33,โอนไปกาไรสะสม,6,กาไรสะสม สารอง หุ้นทุน ซื้ อคืน,False,movement,
CPF,pdf_th_FINANCIAL_STATEMENTS_CPF.pdf,10,thousand,con,0,33,โอนไปกาไรสะสม,7,ยังไม่ได้ จัดสรร,False,movement,118589.0
CPF,pdf_th_FINANCIAL_STATEMENTS_CPF.pdf,10,thousand,con,0,33,โอนไปกาไรสะสม,8,งบการเงินรวม หุ้นทุน ซื้ อคืน,False,movement,
CPF,pdf_th_FINANCIAL_STATEMENTS_CPF.pdf,10,thousand,con,0,33,โอนไปกาไรสะสม,9,หุ้นกูด้ อ้ ยสิ ทธิ ที่มีลกั ษณะ คล้ายทุน,False,movement,
CPF,pdf_th_FINANCIAL_STATEMENTS_CPF.pdf,10,thousand,con,0,33,โอนไปกาไรสะสม,10,สารอง การแปลงค่า งบการเงิน,False,movement,
CPF,pdf_th_FINANCIAL_STATEMENTS_CPF.pdf,10,thousand,con,0,33,โอนไปกาไรสะสม,11,สารองการ ป้ องกัน ความเสี่ ยง กระแสเงินสด,False,movement,
CPF,pdf_th_FINANCIAL_STATEMENTS_CPF.pdf,10,thousand,con,0,33,โอนไปกาไรสะสม,12,องค์ประกอบอื่นของส่วนของผูถ้ สารอง การเปลี่ยนแปลง ในมูลค่ายุติธรรม,False,movement,
CPF,pdf_th_FINANCIAL_STATEMENTS_CPF.pdf,10,thousand,con,0,33,โอนไปกาไรสะสม,13,ือหุ้น สารอง การตีราคา สิ นทรัพย์ใหม่,False,movement,-118589.0
CPF,pdf_th_FINANCIAL_STATEMENTS_CPF.pdf,10,thousand,con,0,33,โอนไปกาไรสะสม,14,รวม องค์ประกอบอื่น ของ ส่วนของผูถ้ ือหุ้น,False,movement,-118589.0
CPF,pdf_th_FINANCIAL_STATEMENTS_CPF.pdf,10,thousand,con,0,33,โอนไปกาไรสะสม,15,รวมส่วนของ บริ ษทั ใหญ่,False,movement,
CPF,pdf_th_FINANCIAL_STATEMENTS_CPF.pdf,10,thousand,con,0,33,โอนไปกาไรสะสม,16,ส่วนได้เสี ย ที่ไม่มีอานาจ ควบคุม,False,movement,
CPF,pdf_th_FINANCIAL_STATEMENTS_CPF.pdf,10,thousand,con,0,33,โอนไปกาไรสะสม,17,(หน่ วย: พันบาท) รวมส่ วนของ ผูถ้ ือหุ้น,True,movement,
CPF,pdf_th_FINANCIAL_STATEMENTS_CPF.pdf,10,thousand,con,0,34,ยอดคงเหลือ ณ วันที่ 31 มีนาคม 2569,0,ทุน ที่ออกและ ชาระแล้ว,False,balance,8406963.0
CPF,pdf_th_FINANCIAL_STATEMENTS_CPF.pdf,10,thousand,con,0,34,ยอดคงเหลือ ณ วันที่ 31 มีนาคม 2569,1,ส่วนเกิน มูลค่าหุ้นสามัญ,False,balance,55960752.0
CPF,pdf_th_FINANCIAL_STATEMENTS_CPF.pdf,10,thousand,con,0,34,ยอดคงเหลือ ณ วันที่ 31 มีนาคม 2569,2,ส่วนเกิน (ต่ากว่า) ทุนจาก การเปลี่ยนแปลง ส่วนได้เสี ย ในบริ ษทั ย่อย และบริ ษทั ร่ วม,False,balance,-14934509.0
CPF,pdf_th_FINANCIAL_STATEMENTS_CPF.pdf,10,thousand,con,0,34,ยอดคงเหลือ ณ วันที่ 31 มีนาคม 2569,3,ส่วนต่ากว่าทุน จากการรวม ธุรกิจภายใต้ การควบคุมเดียวกัน,False,balance,-9917.0
CPF,pdf_th_FINANCIAL_STATEMENTS_CPF.pdf,10,thousand,con,0,34,ยอดคงเหลือ ณ วันที่ 31 มีนาคม 2569,4,ส่วนเกินทุนอื่ น,False,balance,3688893.0
CPF,pdf_th_FINANCIAL_STATEMENTS_CPF.pdf,10,thousand,con,0,34,ยอดคงเหลือ ณ วันที่ 31 มีนาคม 2569,5,ทุนสารอง ตามกฎหมาย,False,balance,929166.0
CPF,pdf_th_FINANCIAL_STATEMENTS_CPF.pdf,10,thousand,con,0,34,ยอดคงเหลือ ณ วันที่ 31 มีนาคม 2569,6,กาไรสะสม สารอง หุ้นทุน ซื้ อคืน,False,balance,5256158.0
CPF,pdf_th_FINANCIAL_STATEMENTS_CPF.pdf,10,thousand,con,0,34,ยอดคงเหลือ ณ วันที่ 31 มีนาคม 2569,7,ยังไม่ได้ จัดสรร,False,balance,152435600.0
CPF,pdf_th_FINANCIAL_STATEMENTS_CPF.pdf,10,thousand,con,0,34,ยอดคงเหลือ ณ วันที่ 31 มีนาคม 2569,8,งบการเงินรวม หุ้นทุน ซื้ อคืน,False,balance,-11094015.0
CPF,pdf_th_FINANCIAL_STATEMENTS_CPF.pdf,10,thousand,con,0,34,ยอดคงเหลือ ณ วันที่ 31 มีนาคม 2569,9,หุ้นกูด้ อ้ ยสิ ทธิ ที่มีลกั ษณะ คล้ายทุน,False,balance,26932000.0
CPF,pdf_th_FINANCIAL_STATEMENTS_CPF.pdf,10,thousand,con,0,34,ยอดคงเหลือ ณ วันที่ 31 มีนาคม 2569,10,สารอง การแปลงค่า งบการเงิน,False,balance,-44360104.0
CPF,pdf_th_FINANCIAL_STATEMENTS_CPF.pdf,10,thousand,con,0,34,ยอดคงเหลือ ณ วันที่ 31 มีนาคม 2569,11,สารองการ ป้ องกัน ความเสี่ ยง กระแสเงินสด,False,balance,-31890.0
CPF,pdf_th_FINANCIAL_STATEMENTS_CPF.pdf,10,thousand,con,0,34,ยอดคงเหลือ ณ วันที่ 31 มีนาคม 2569,12,องค์ประกอบอื่นของส่วนของผูถ้ สารอง การเปลี่ยนแปลง ในมูลค่ายุติธรรม,False,balance,3818870.0
CPF,pdf_th_FINANCIAL_STATEMENTS_CPF.pdf,10,thousand,con,0,34,ยอดคงเหลือ ณ วันที่ 31 มีนาคม 2569,13,ือหุ้น สารอง การตีราคา สิ นทรัพย์ใหม่,False,balance,57372086.0
CPF,pdf_th_FINANCIAL_STATEMENTS_CPF.pdf,10,thousand,con,0,34,ยอดคงเหลือ ณ วันที่ 31 มีนาคม 2569,14,รวม องค์ประกอบอื่น ของ ส่วนของผูถ้ ือหุ้น,False,balance,16798962.0
CPF,pdf_th_FINANCIAL_STATEMENTS_CPF.pdf,10,thousand,con,0,34,ยอดคงเหลือ ณ วันที่ 31 มีนาคม 2569,15,รวมส่วนของ บริ ษทั ใหญ่,False,balance,244370053.0
CPF,pdf_th_FINANCIAL_STATEMENTS_CPF.pdf,10,thousand,con,0,34,ยอดคงเหลือ ณ วันที่ 31 มีนาคม 2569,16,ส่วนได้เสี ย ที่ไม่มีอานาจ ควบคุม,False,balance,20527237.0
CPF,pdf_th_FINANCIAL_STATEMENTS_CPF.pdf,10,thousand,con,0,34,ยอดคงเหลือ ณ วันที่ 31 มีนาคม 2569,17,(หน่ วย: พันบาท) รวมส่ วนของ ผูถ้ ือหุ้น,True,balance,264897290.0
CPF,pdf_th_FINANCIAL_STATEMENTS_CPF.pdf,11,thousand,sep,0,11,ยอดคงเหลือ ณ วันที่ 1 มกราคม 2568,0,ทุน ที่ออกและ ชาระแล้ว,False,balance,8413569.0
CPF,pdf_th_FINANCIAL_STATEMENTS_CPF.pdf,11,thousand,sep,0,11,ยอดคงเหลือ ณ วันที่ 1 มกราคม 2568,1,ส่ วนเกิน มูลค่าหุน้ สามัญ,False,balance,55113998.0
CPF,pdf_th_FINANCIAL_STATEMENTS_CPF.pdf,11,thousand,sep,0,11,ยอดคงเหลือ ณ วันที่ 1 มกราคม 2568,2,ส่ วนเกินทุน จากการรวม ธุรกิจภายใต้ การควบคุมเดียวกัน,False,balance,490423.0
CPF,pdf_th_FINANCIAL_STATEMENTS_CPF.pdf,11,thousand,sep,0,11,ยอดคงเหลือ ณ วันที่ 1 มกราคม 2568,3,ส่ วนเกินทุนอื่น,False,balance,3470021.0
CPF,pdf_th_FINANCIAL_STATEMENTS_CPF.pdf,11,thousand,sep,0,11,ยอดคงเหลือ ณ วันที่ 1 มกราคม 2568,4,ทุนสารอง ตามกฎหมาย,False,balance,929166.0
CPF,pdf_th_FINANCIAL_STATEMENTS_CPF.pdf,11,thousand,sep,0,11,ยอดคงเหลือ ณ วันที่ 1 มกราคม 2568,5,กาไรสะสม สารอง หุน้ ทุน ซื้ อคืน,False,balance,3666565.0
CPF,pdf_th_FINANCIAL_STATEMENTS_CPF.pdf,11,thousand,sep,0,11,ยอดคงเหลือ ณ วันที่ 1 มกราคม 2568,6,ยังไม่ได้ จัดสรร,False,balance,50556240.0
CPF,pdf_th_FINANCIAL_STATEMENTS_CPF.pdf,11,thousand,sep,0,11,ยอดคงเหลือ ณ วันที่ 1 มกราคม 2568,7,งบการเงินเฉพาะกิจการ หุน้ ทุน ซื้ อคืน,False,balance,-3666565.0
CPF,pdf_th_FINANCIAL_STATEMENTS_CPF.pdf,11,thousand,sep,0,11,ยอดคงเหลือ ณ วันที่ 1 มกราคม 2568,8,หุน้ กูด้ อ้ ยสิ ทธิ ที่มีลกั ษณะ คล้ายทุน,False,balance,26932000.0
CPF,pdf_th_FINANCIAL_STATEMENTS_CPF.pdf,11,thousand,sep,0,11,ยอดคงเหลือ ณ วันที่ 1 มกราคม 2568,9,สารองการ ป้ องกัน ความเสี่ ยง กระแสเงินสด,False,balance,-4367.0
CPF,pdf_th_FINANCIAL_STATEMENTS_CPF.pdf,11,thousand,sep,0,11,ยอดคงเหลือ ณ วันที่ 1 มกราคม 2568,10,องค์ประกอบอื่นของส่ สารอง การเปลี่ยนแปลง ในมูลค่ายุติธรรม,False,balance,361367.0
CPF,pdf_th_FINANCIAL_STATEMENTS_CPF.pdf,11,thousand,sep,0,11,ยอดคงเหลือ ณ วันที่ 1 มกราคม 2568,11,วนของผูถ้ ือหุน้ สารอง การตีราคา สิ นทรัพย์ใหม่,False,balance,9665957.0
CPF,pdf_th_FINANCIAL_STATEMENTS_CPF.pdf,11,thousand,sep,0,11,ยอดคงเหลือ ณ วันที่ 1 มกราคม 2568,12,รวม องค์ประกอบอื่น ของ ส่ วนของผูถ้ ือหุน้,False,balance,10022957.0
CPF,pdf_th_FINANCIAL_STATEMENTS_CPF.pdf,11,thousand,sep,0,11,ยอดคงเหลือ ณ วันที่ 1 มกราคม 2568,13,(หน่ วย: พันบาท) รวมส่ วนของ ผูถ้ ือหุน้,True,balance,155928374.0
CPF,pdf_th_FINANCIAL_STATEMENTS_CPF.pdf,11,thousand,sep,0,13,ขาดทุน,0,ทุน ที่ออกและ ชาระแล้ว,False,movement,
CPF,pdf_th_FINANCIAL_STATEMENTS_CPF.pdf,11,thousand,sep,0,13,ขาดทุน,1,ส่ วนเกิน มูลค่าหุน้ สามัญ,False,movement,
CPF,pdf_th_FINANCIAL_STATEMENTS_CPF.pdf,11,thousand,sep,0,13,ขาดทุน,2,ส่ วนเกินทุน จากการรวม ธุรกิจภายใต้ การควบคุมเดียวกัน,False,movement,
CPF,pdf_th_FINANCIAL_STATEMENTS_CPF.pdf,11,thousand,sep,0,13,ขาดทุน,3,ส่ วนเกินทุนอื่น,False,movement,
CPF,pdf_th_FINANCIAL_STATEMENTS_CPF.pdf,11,thousand,sep,0,13,ขาดทุน,4,ทุนสารอง ตามกฎหมาย,False,movement,
CPF,pdf_th_FINANCIAL_STATEMENTS_CPF.pdf,11,thousand,sep,0,13,ขาดทุน,5,กาไรสะสม สารอง หุน้ ทุน ซื้ อคืน,False,movement,
CPF,pdf_th_FINANCIAL_STATEMENTS_CPF.pdf,11,thousand,sep,0,13,ขาดทุน,6,ยังไม่ได้ จัดสรร,False,movement,-1637861.0
CPF,pdf_th_FINANCIAL_STATEMENTS_CPF.pdf,11,thousand,sep,0,13,ขาดทุน,7,งบการเงินเฉพาะกิจการ หุน้ ทุน ซื้ อคืน,False,movement,
CPF,pdf_th_FINANCIAL_STATEMENTS_CPF.pdf,11,thousand,sep,0,13,ขาดทุน,8,หุน้ กูด้ อ้ ยสิ ทธิ ที่มีลกั ษณะ คล้ายทุน,False,movement,
CPF,pdf_th_FINANCIAL_STATEMENTS_CPF.pdf,11,thousand,sep,0,13,ขาดทุน,9,สารองการ ป้ องกัน ความเสี่ ยง กระแสเงินสด,False,movement,
CPF,pdf_th_FINANCIAL_STATEMENTS_CPF.pdf,11,thousand,sep,0,13,ขาดทุน,10,องค์ประกอบอื่นของส่ สารอง การเปลี่ยนแปลง ในมูลค่ายุติธรรม,False,movement,
CPF,pdf_th_FINANCIAL_STATEMENTS_CPF.pdf,11,thousand,sep,0,13,ขาดทุน,11,วนของผูถ้ ือหุน้ สารอง การตีราคา สิ นทรัพย์ใหม่,False,movement,
CPF,pdf_th_FINANCIAL_STATEMENTS_CPF.pdf,11,thousand,sep,0,13,ขาดทุน,12,รวม องค์ประกอบอื่น ของ ส่ วนของผูถ้ ือหุน้,False,movement,
CPF,pdf_th_FINANCIAL_STATEMENTS_CPF.pdf,11,thousand,sep,0,13,ขาดทุน,13,(หน่ วย: พันบาท) รวมส่ วนของ ผูถ้ ือหุน้,True,movement,-1637861.0
CPF,pdf_th_FINANCIAL_STATEMENTS_CPF.pdf,11,thousand,sep,0,15,- ขาดทุนจากการวัดมูลค่าใหม่ของผลประโยชน์พนักงานที่กาหนดไว้,0,ทุน ที่ออกและ ชาระแล้ว,False,movement,
CPF,pdf_th_FINANCIAL_STATEMENTS_CPF.pdf,11,thousand,sep,0,15,- ขาดทุนจากการวัดมูลค่าใหม่ของผลประโยชน์พนักงานที่กาหนดไว้,1,ส่ วนเกิน มูลค่าหุน้ สามัญ,False,movement,
CPF,pdf_th_FINANCIAL_STATEMENTS_CPF.pdf,11,thousand,sep,0,15,- ขาดทุนจากการวัดมูลค่าใหม่ของผลประโยชน์พนักงานที่กาหนดไว้,2,ส่ วนเกินทุน จากการรวม ธุรกิจภายใต้ การควบคุมเดียวกัน,False,movement,
CPF,pdf_th_FINANCIAL_STATEMENTS_CPF.pdf,11,thousand,sep,0,15,- ขาดทุนจากการวัดมูลค่าใหม่ของผลประโยชน์พนักงานที่กาหนดไว้,3,ส่ วนเกินทุนอื่น,False,movement,
CPF,pdf_th_FINANCIAL_STATEMENTS_CPF.pdf,11,thousand,sep,0,15,- ขาดทุนจากการวัดมูลค่าใหม่ของผลประโยชน์พนักงานที่กาหนดไว้,4,ทุนสารอง ตามกฎหมาย,False,movement,
CPF,pdf_th_FINANCIAL_STATEMENTS_CPF.pdf,11,thousand,sep,0,15,- ขาดทุนจากการวัดมูลค่าใหม่ของผลประโยชน์พนักงานที่กาหนดไว้,5,กาไรสะสม สารอง หุน้ ทุน ซื้ อคืน,False,movement,
CPF,pdf_th_FINANCIAL_STATEMENTS_CPF.pdf,11,thousand,sep,0,15,- ขาดทุนจากการวัดมูลค่าใหม่ของผลประโยชน์พนักงานที่กาหนดไว้,6,ยังไม่ได้ จัดสรร,False,movement,-41356.0
CPF,pdf_th_FINANCIAL_STATEMENTS_CPF.pdf,11,thousand,sep,0,15,- ขาดทุนจากการวัดมูลค่าใหม่ของผลประโยชน์พนักงานที่กาหนดไว้,7,งบการเงินเฉพาะกิจการ หุน้ ทุน ซื้ อคืน,False,movement,
CPF,pdf_th_FINANCIAL_STATEMENTS_CPF.pdf,11,thousand,sep,0,15,- ขาดทุนจากการวัดมูลค่าใหม่ของผลประโยชน์พนักงานที่กาหนดไว้,8,หุน้ กูด้ อ้ ยสิ ทธิ ที่มีลกั ษณะ คล้ายทุน,False,movement,
CPF,pdf_th_FINANCIAL_STATEMENTS_CPF.pdf,11,thousand,sep,0,15,- ขาดทุนจากการวัดมูลค่าใหม่ของผลประโยชน์พนักงานที่กาหนดไว้,9,สารองการ ป้ องกัน ความเสี่ ยง กระแสเงินสด,False,movement,
CPF,pdf_th_FINANCIAL_STATEMENTS_CPF.pdf,11,thousand,sep,0,15,- ขาดทุนจากการวัดมูลค่าใหม่ของผลประโยชน์พนักงานที่กาหนดไว้,10,องค์ประกอบอื่นของส่ สารอง การเปลี่ยนแปลง ในมูลค่ายุติธรรม,False,movement,
CPF,pdf_th_FINANCIAL_STATEMENTS_CPF.pdf,11,thousand,sep,0,15,- ขาดทุนจากการวัดมูลค่าใหม่ของผลประโยชน์พนักงานที่กาหนดไว้,11,วนของผูถ้ ือหุน้ สารอง การตีราคา สิ นทรัพย์ใหม่,False,movement,
CPF,pdf_th_FINANCIAL_STATEMENTS_CPF.pdf,11,thousand,sep,0,15,- ขาดทุนจากการวัดมูลค่าใหม่ของผลประโยชน์พนักงานที่กาหนดไว้,12,รวม องค์ประกอบอื่น ของ ส่ วนของผูถ้ ือหุน้,False,movement,
CPF,pdf_th_FINANCIAL_STATEMENTS_CPF.pdf,11,thousand,sep,0,15,- ขาดทุนจากการวัดมูลค่าใหม่ของผลประโยชน์พนักงานที่กาหนดไว้,13,(หน่ วย: พันบาท) รวมส่ วนของ ผูถ้ ือหุน้,True,movement,-41356.0
CPF,pdf_th_FINANCIAL_STATEMENTS_CPF.pdf,11,thousand,sep,0,16,- อื่นๆ,0,ทุน ที่ออกและ ชาระแล้ว,False,movement,
CPF,pdf_th_FINANCIAL_STATEMENTS_CPF.pdf,11,thousand,sep,0,16,- อื่นๆ,1,ส่ วนเกิน มูลค่าหุน้ สามัญ,False,movement,
CPF,pdf_th_FINANCIAL_STATEMENTS_CPF.pdf,11,thousand,sep,0,16,- อื่นๆ,2,ส่ วนเกินทุน จากการรวม ธุรกิจภายใต้ การควบคุมเดียวกัน,False,movement,
CPF,pdf_th_FINANCIAL_STATEMENTS_CPF.pdf,11,thousand,sep,0,16,- อื่นๆ,3,ส่ วนเกินทุนอื่น,False,movement,
CPF,pdf_th_FINANCIAL_STATEMENTS_CPF.pdf,11,thousand,sep,0,16,- อื่นๆ,4,ทุนสารอง ตามกฎหมาย,False,movement,
CPF,pdf_th_FINANCIAL_STATEMENTS_CPF.pdf,11,thousand,sep,0,16,- อื่นๆ,5,กาไรสะสม สารอง หุน้ ทุน ซื้ อคืน,False,movement,
CPF,pdf_th_FINANCIAL_STATEMENTS_CPF.pdf,11,thousand,sep,0,16,- อื่นๆ,6,ยังไม่ได้ จัดสรร,False,movement,
CPF,pdf_th_FINANCIAL_STATEMENTS_CPF.pdf,11,thousand,sep,0,16,- อื่นๆ,7,งบการเงินเฉพาะกิจการ หุน้ ทุน ซื้ อคืน,False,movement,
CPF,pdf_th_FINANCIAL_STATEMENTS_CPF.pdf,11,thousand,sep,0,16,- อื่นๆ,8,หุน้ กูด้ อ้ ยสิ ทธิ ที่มีลกั ษณะ คล้ายทุน,False,movement,
CPF,pdf_th_FINANCIAL_STATEMENTS_CPF.pdf,11,thousand,sep,0,16,- อื่นๆ,9,สารองการ ป้ องกัน ความเสี่ ยง กระแสเงินสด,False,movement,61262.0
CPF,pdf_th_FINANCIAL_STATEMENTS_CPF.pdf,11,thousand,sep,0,16,- อื่นๆ,10,องค์ประกอบอื่นของส่ สารอง การเปลี่ยนแปลง ในมูลค่ายุติธรรม,False,movement,-60800.0
CPF,pdf_th_FINANCIAL_STATEMENTS_CPF.pdf,11,thousand,sep,0,16,- อื่นๆ,11,วนของผูถ้ ือหุน้ สารอง การตีราคา สิ นทรัพย์ใหม่,False,movement,
CPF,pdf_th_FINANCIAL_STATEMENTS_CPF.pdf,11,thousand,sep,0,16,- อื่นๆ,12,รวม องค์ประกอบอื่น ของ ส่ วนของผูถ้ ือหุน้,False,movement,462.0
CPF,pdf_th_FINANCIAL_STATEMENTS_CPF.pdf,11,thousand,sep,0,16,- อื่นๆ,13,(หน่ วย: พันบาท) รวมส่ วนของ ผูถ้ ือหุน้,True,movement,462.0
CPF,pdf_th_FINANCIAL_STATEMENTS_CPF.pdf,11,thousand,sep,0,17,รวมกาไร (ขาดทุน) เบ็ดเสร็จสาหรับงวด,0,ทุน ที่ออกและ ชาระแล้ว,False,movement,
CPF,pdf_th_FINANCIAL_STATEMENTS_CPF.pdf,11,thousand,sep,0,17,รวมกาไร (ขาดทุน) เบ็ดเสร็จสาหรับงวด,1,ส่ วนเกิน มูลค่าหุน้ สามัญ,False,movement,
CPF,pdf_th_FINANCIAL_STATEMENTS_CPF.pdf,11,thousand,sep,0,17,รวมกาไร (ขาดทุน) เบ็ดเสร็จสาหรับงวด,2,ส่ วนเกินทุน จากการรวม ธุรกิจภายใต้ การควบคุมเดียวกัน,False,movement,
CPF,pdf_th_FINANCIAL_STATEMENTS_CPF.pdf,11,thousand,sep,0,17,รวมกาไร (ขาดทุน) เบ็ดเสร็จสาหรับงวด,3,ส่ วนเกินทุนอื่น,False,movement,
CPF,pdf_th_FINANCIAL_STATEMENTS_CPF.pdf,11,thousand,sep,0,17,รวมกาไร (ขาดทุน) เบ็ดเสร็จสาหรับงวด,4,ทุนสารอง ตามกฎหมาย,False,movement,
CPF,pdf_th_FINANCIAL_STATEMENTS_CPF.pdf,11,thousand,sep,0,17,รวมกาไร (ขาดทุน) เบ็ดเสร็จสาหรับงวด,5,กาไรสะสม สารอง หุน้ ทุน ซื้ อคืน,False,movement,
CPF,pdf_th_FINANCIAL_STATEMENTS_CPF.pdf,11,thousand,sep,0,17,รวมกาไร (ขาดทุน) เบ็ดเสร็จสาหรับงวด,6,ยังไม่ได้ จัดสรร,False,movement,-1679217.0
CPF,pdf_th_FINANCIAL_STATEMENTS_CPF.pdf,11,thousand,sep,0,17,รวมกาไร (ขาดทุน) เบ็ดเสร็จสาหรับงวด,7,งบการเงินเฉพาะกิจการ หุน้ ทุน ซื้ อคืน,False,movement,
CPF,pdf_th_FINANCIAL_STATEMENTS_CPF.pdf,11,thousand,sep,0,17,รวมกาไร (ขาดทุน) เบ็ดเสร็จสาหรับงวด,8,หุน้ กูด้ อ้ ยสิ ทธิ ที่มีลกั ษณะ คล้ายทุน,False,movement,
CPF,pdf_th_FINANCIAL_STATEMENTS_CPF.pdf,11,thousand,sep,0,17,รวมกาไร (ขาดทุน) เบ็ดเสร็จสาหรับงวด,9,สารองการ ป้ องกัน ความเสี่ ยง กระแสเงินสด,False,movement,61262.0
CPF,pdf_th_FINANCIAL_STATEMENTS_CPF.pdf,11,thousand,sep,0,17,รวมกาไร (ขาดทุน) เบ็ดเสร็จสาหรับงวด,10,องค์ประกอบอื่นของส่ สารอง การเปลี่ยนแปลง ในมูลค่ายุติธรรม,False,movement,-60800.0
CPF,pdf_th_FINANCIAL_STATEMENTS_CPF.pdf,11,thousand,sep,0,17,รวมกาไร (ขาดทุน) เบ็ดเสร็จสาหรับงวด,11,วนของผูถ้ ือหุน้ สารอง การตีราคา สิ นทรัพย์ใหม่,False,movement,
CPF,pdf_th_FINANCIAL_STATEMENTS_CPF.pdf,11,thousand,sep,0,17,รวมกาไร (ขาดทุน) เบ็ดเสร็จสาหรับงวด,12,รวม องค์ประกอบอื่น ของ ส่ วนของผูถ้ ือหุน้,False,movement,462.0
CPF,pdf_th_FINANCIAL_STATEMENTS_CPF.pdf,11,thousand,sep,0,17,รวมกาไร (ขาดทุน) เบ็ดเสร็จสาหรับงวด,13,(หน่ วย: พันบาท) รวมส่ วนของ ผูถ้ ือหุน้,True,movement,-1678755.0
CPF,pdf_th_FINANCIAL_STATEMENTS_CPF.pdf,11,thousand,sep,0,19,- สุทธิ จากภาษีเงินได้,0,ทุน ที่ออกและ ชาระแล้ว,False,movement,
CPF,pdf_th_FINANCIAL_STATEMENTS_CPF.pdf,11,thousand,sep,0,19,- สุทธิ จากภาษีเงินได้,1,ส่ วนเกิน มูลค่าหุน้ สามัญ,False,movement,
CPF,pdf_th_FINANCIAL_STATEMENTS_CPF.pdf,11,thousand,sep,0,19,- สุทธิ จากภาษีเงินได้,2,ส่ วนเกินทุน จากการรวม ธุรกิจภายใต้ การควบคุมเดียวกัน,False,movement,
CPF,pdf_th_FINANCIAL_STATEMENTS_CPF.pdf,11,thousand,sep,0,19,- สุทธิ จากภาษีเงินได้,3,ส่ วนเกินทุนอื่น,False,movement,
CPF,pdf_th_FINANCIAL_STATEMENTS_CPF.pdf,11,thousand,sep,0,19,- สุทธิ จากภาษีเงินได้,4,ทุนสารอง ตามกฎหมาย,False,movement,
CPF,pdf_th_FINANCIAL_STATEMENTS_CPF.pdf,11,thousand,sep,0,19,- สุทธิ จากภาษีเงินได้,5,กาไรสะสม สารอง หุน้ ทุน ซื้ อคืน,False,movement,
CPF,pdf_th_FINANCIAL_STATEMENTS_CPF.pdf,11,thousand,sep,0,19,- สุทธิ จากภาษีเงินได้,6,ยังไม่ได้ จัดสรร,False,movement,-336446.0
CPF,pdf_th_FINANCIAL_STATEMENTS_CPF.pdf,11,thousand,sep,0,19,- สุทธิ จากภาษีเงินได้,7,งบการเงินเฉพาะกิจการ หุน้ ทุน ซื้ อคืน,False,movement,
CPF,pdf_th_FINANCIAL_STATEMENTS_CPF.pdf,11,thousand,sep,0,19,- สุทธิ จากภาษีเงินได้,8,หุน้ กูด้ อ้ ยสิ ทธิ ที่มีลกั ษณะ คล้ายทุน,False,movement,
CPF,pdf_th_FINANCIAL_STATEMENTS_CPF.pdf,11,thousand,sep,0,19,- สุทธิ จากภาษีเงินได้,9,สารองการ ป้ องกัน ความเสี่ ยง กระแสเงินสด,False,movement,
CPF,pdf_th_FINANCIAL_STATEMENTS_CPF.pdf,11,thousand,sep,0,19,- สุทธิ จากภาษีเงินได้,10,องค์ประกอบอื่นของส่ สารอง การเปลี่ยนแปลง ในมูลค่ายุติธรรม,False,movement,
CPF,pdf_th_FINANCIAL_STATEMENTS_CPF.pdf,11,thousand,sep,0,19,- สุทธิ จากภาษีเงินได้,11,วนของผูถ้ ือหุน้ สารอง การตีราคา สิ นทรัพย์ใหม่,False,movement,
CPF,pdf_th_FINANCIAL_STATEMENTS_CPF.pdf,11,thousand,sep,0,19,- สุทธิ จากภาษีเงินได้,12,รวม องค์ประกอบอื่น ของ ส่ วนของผูถ้ ือหุน้,False,movement,
CPF,pdf_th_FINANCIAL_STATEMENTS_CPF.pdf,11,thousand,sep,0,19,- สุทธิ จากภาษีเงินได้,13,(หน่ วย: พันบาท) รวมส่ วนของ ผูถ้ ือหุน้,True,movement,-336446.0
CPF,pdf_th_FINANCIAL_STATEMENTS_CPF.pdf,11,thousand,sep,0,20,โอนไปกาไรสะสม,0,ทุน ที่ออกและ ชาระแล้ว,False,movement,
CPF,pdf_th_FINANCIAL_STATEMENTS_CPF.pdf,11,thousand,sep,0,20,โอนไปกาไรสะสม,1,ส่ วนเกิน มูลค่าหุน้ สามัญ,False,movement,
CPF,pdf_th_FINANCIAL_STATEMENTS_CPF.pdf,11,thousand,sep,0,20,โอนไปกาไรสะสม,2,ส่ วนเกินทุน จากการรวม ธุรกิจภายใต้ การควบคุมเดียวกัน,False,movement,
CPF,pdf_th_FINANCIAL_STATEMENTS_CPF.pdf,11,thousand,sep,0,20,โอนไปกาไรสะสม,3,ส่ วนเกินทุนอื่น,False,movement,
CPF,pdf_th_FINANCIAL_STATEMENTS_CPF.pdf,11,thousand,sep,0,20,โอนไปกาไรสะสม,4,ทุนสารอง ตามกฎหมาย,False,movement,
CPF,pdf_th_FINANCIAL_STATEMENTS_CPF.pdf,11,thousand,sep,0,20,โอนไปกาไรสะสม,5,กาไรสะสม สารอง หุน้ ทุน ซื้ อคืน,False,movement,
CPF,pdf_th_FINANCIAL_STATEMENTS_CPF.pdf,11,thousand,sep,0,20,โอนไปกาไรสะสม,6,ยังไม่ได้ จัดสรร,False,movement,16516.0
CPF,pdf_th_FINANCIAL_STATEMENTS_CPF.pdf,11,thousand,sep,0,20,โอนไปกาไรสะสม,7,งบการเงินเฉพาะกิจการ หุน้ ทุน ซื้ อคืน,False,movement,
CPF,pdf_th_FINANCIAL_STATEMENTS_CPF.pdf,11,thousand,sep,0,20,โอนไปกาไรสะสม,8,หุน้ กูด้ อ้ ยสิ ทธิ ที่มีลกั ษณะ คล้ายทุน,False,movement,
CPF,pdf_th_FINANCIAL_STATEMENTS_CPF.pdf,11,thousand,sep,0,20,โอนไปกาไรสะสม,9,สารองการ ป้ องกัน ความเสี่ ยง กระแสเงินสด,False,movement,
CPF,pdf_th_FINANCIAL_STATEMENTS_CPF.pdf,11,thousand,sep,0,20,โอนไปกาไรสะสม,10,องค์ประกอบอื่นของส่ สารอง การเปลี่ยนแปลง ในมูลค่ายุติธรรม,False,movement,
CPF,pdf_th_FINANCIAL_STATEMENTS_CPF.pdf,11,thousand,sep,0,20,โอนไปกาไรสะสม,11,วนของผูถ้ ือหุน้ สารอง การตีราคา สิ นทรัพย์ใหม่,False,movement,-16516.0
CPF,pdf_th_FINANCIAL_STATEMENTS_CPF.pdf,11,thousand,sep,0,20,โอนไปกาไรสะสม,12,รวม องค์ประกอบอื่น ของ ส่ วนของผูถ้ ือหุน้,False,movement,-16516.0
CPF,pdf_th_FINANCIAL_STATEMENTS_CPF.pdf,11,thousand,sep,0,20,โอนไปกาไรสะสม,13,(หน่ วย: พันบาท) รวมส่ วนของ ผูถ้ ือหุน้,True,movement,
CPF,pdf_th_FINANCIAL_STATEMENTS_CPF.pdf,11,thousand,sep,0,21,ยอดคงเหลือ ณ วันที่ 31 มีนาคม 2568,0,ทุน ที่ออกและ ชาระแล้ว,False,balance,8413569.0
CPF,pdf_th_FINANCIAL_STATEMENTS_CPF.pdf,11,thousand,sep,0,21,ยอดคงเหลือ ณ วันที่ 31 มีนาคม 2568,1,ส่ วนเกิน มูลค่าหุน้ สามัญ,False,balance,55113998.0
CPF,pdf_th_FINANCIAL_STATEMENTS_CPF.pdf,11,thousand,sep,0,21,ยอดคงเหลือ ณ วันที่ 31 มีนาคม 2568,2,ส่ วนเกินทุน จากการรวม ธุรกิจภายใต้ การควบคุมเดียวกัน,False,balance,490423.0
CPF,pdf_th_FINANCIAL_STATEMENTS_CPF.pdf,11,thousand,sep,0,21,ยอดคงเหลือ ณ วันที่ 31 มีนาคม 2568,3,ส่ วนเกินทุนอื่น,False,balance,3470021.0
CPF,pdf_th_FINANCIAL_STATEMENTS_CPF.pdf,11,thousand,sep,0,21,ยอดคงเหลือ ณ วันที่ 31 มีนาคม 2568,4,ทุนสารอง ตามกฎหมาย,False,balance,929166.0
CPF,pdf_th_FINANCIAL_STATEMENTS_CPF.pdf,11,thousand,sep,0,21,ยอดคงเหลือ ณ วันที่ 31 มีนาคม 2568,5,กาไรสะสม สารอง หุน้ ทุน ซื้ อคืน,False,balance,3666565.0
CPF,pdf_th_FINANCIAL_STATEMENTS_CPF.pdf,11,thousand,sep,0,21,ยอดคงเหลือ ณ วันที่ 31 มีนาคม 2568,6,ยังไม่ได้ จัดสรร,False,balance,48557093.0
CPF,pdf_th_FINANCIAL_STATEMENTS_CPF.pdf,11,thousand,sep,0,21,ยอดคงเหลือ ณ วันที่ 31 มีนาคม 2568,7,งบการเงินเฉพาะกิจการ หุน้ ทุน ซื้ อคืน,False,balance,-3666565.0
CPF,pdf_th_FINANCIAL_STATEMENTS_CPF.pdf,11,thousand,sep,0,21,ยอดคงเหลือ ณ วันที่ 31 มีนาคม 2568,8,หุน้ กูด้ อ้ ยสิ ทธิ ที่มีลกั ษณะ คล้ายทุน,False,balance,26932000.0
CPF,pdf_th_FINANCIAL_STATEMENTS_CPF.pdf,11,thousand,sep,0,21,ยอดคงเหลือ ณ วันที่ 31 มีนาคม 2568,9,สารองการ ป้ องกัน ความเสี่ ยง กระแสเงินสด,False,balance,56895.0
CPF,pdf_th_FINANCIAL_STATEMENTS_CPF.pdf,11,thousand,sep,0,21,ยอดคงเหลือ ณ วันที่ 31 มีนาคม 2568,10,องค์ประกอบอื่นของส่ สารอง การเปลี่ยนแปลง ในมูลค่ายุติธรรม,False,balance,300567.0
CPF,pdf_th_FINANCIAL_STATEMENTS_CPF.pdf,11,thousand,sep,0,21,ยอดคงเหลือ ณ วันที่ 31 มีนาคม 2568,11,วนของผูถ้ ือหุน้ สารอง การตีราคา สิ นทรัพย์ใหม่,False,balance,9649441.0
CPF,pdf_th_FINANCIAL_STATEMENTS_CPF.pdf,11,thousand,sep,0,21,ยอดคงเหลือ ณ วันที่ 31 มีนาคม 2568,12,รวม องค์ประกอบอื่น ของ ส่ วนของผูถ้ ือหุน้,False,balance,10006903.0
CPF,pdf_th_FINANCIAL_STATEMENTS_CPF.pdf,11,thousand,sep,0,21,ยอดคงเหลือ ณ วันที่ 31 มีนาคม 2568,13,(หน่ วย: พันบาท) รวมส่ วนของ ผูถ้ ือหุน้,True,balance,153913173.0
CPF,pdf_th_FINANCIAL_STATEMENTS_CPF.pdf,11,thousand,sep,1,25,ยอดคงเหลือ ณ วันที่ 1 มกราคม 2569,0,ทุน ที่ออกและ ชาระแล้ว,False,balance,8406963.0
CPF,pdf_th_FINANCIAL_STATEMENTS_CPF.pdf,11,thousand,sep,1,25,ยอดคงเหลือ ณ วันที่ 1 มกราคม 2569,1,ส่ วนเกิน มูลค่าหุน้ สามัญ,False,balance,55070725.0
CPF,pdf_th_FINANCIAL_STATEMENTS_CPF.pdf,11,thousand,sep,1,25,ยอดคงเหลือ ณ วันที่ 1 มกราคม 2569,2,ส่ วนเกินทุน จากการรวม ธุรกิจภายใต้ การควบคุมเดียวกัน,False,balance,490423.0
CPF,pdf_th_FINANCIAL_STATEMENTS_CPF.pdf,11,thousand,sep,1,25,ยอดคงเหลือ ณ วันที่ 1 มกราคม 2569,3,ส่ วนเกินทุนอื่น,False,balance,3470021.0
CPF,pdf_th_FINANCIAL_STATEMENTS_CPF.pdf,11,thousand,sep,1,25,ยอดคงเหลือ ณ วันที่ 1 มกราคม 2569,4,ทุนสารอง ตามกฎหมาย,False,balance,929166.0
CPF,pdf_th_FINANCIAL_STATEMENTS_CPF.pdf,11,thousand,sep,1,25,ยอดคงเหลือ ณ วันที่ 1 มกราคม 2569,5,กาไรสะสม สารอง หุน้ ทุน ซื้ อคืน,False,balance,4935753.0
CPF,pdf_th_FINANCIAL_STATEMENTS_CPF.pdf,11,thousand,sep,1,25,ยอดคงเหลือ ณ วันที่ 1 มกราคม 2569,6,ยังไม่ได้ จัดสรร,False,balance,48067473.0
CPF,pdf_th_FINANCIAL_STATEMENTS_CPF.pdf,11,thousand,sep,1,25,ยอดคงเหลือ ณ วันที่ 1 มกราคม 2569,7,งบการเงินเฉพาะกิจการ หุน้ ทุน ซื้ อคืน,False,balance,-4935753.0
CPF,pdf_th_FINANCIAL_STATEMENTS_CPF.pdf,11,thousand,sep,1,25,ยอดคงเหลือ ณ วันที่ 1 มกราคม 2569,8,หุน้ กูด้ อ้ ยสิ ทธิ ที่มีลกั ษณะ คล้ายทุน,False,balance,26932000.0
CPF,pdf_th_FINANCIAL_STATEMENTS_CPF.pdf,11,thousand,sep,1,25,ยอดคงเหลือ ณ วันที่ 1 มกราคม 2569,9,สารองการ ป้ องกัน ความเสี่ ยง กระแสเงินสด,False,balance,-56714.0
CPF,pdf_th_FINANCIAL_STATEMENTS_CPF.pdf,11,thousand,sep,1,25,ยอดคงเหลือ ณ วันที่ 1 มกราคม 2569,10,องค์ประกอบอื่นของส่ สารอง การเปลี่ยนแปลง ในมูลค่ายุติธรรม,False,balance,282967.0
CPF,pdf_th_FINANCIAL_STATEMENTS_CPF.pdf,11,thousand,sep,1,25,ยอดคงเหลือ ณ วันที่ 1 มกราคม 2569,11,วนของผูถ้ ือหุน้ สารอง การตีราคา สิ นทรัพย์ใหม่,False,balance,9598976.0
CPF,pdf_th_FINANCIAL_STATEMENTS_CPF.pdf,11,thousand,sep,1,25,ยอดคงเหลือ ณ วันที่ 1 มกราคม 2569,12,รวม องค์ประกอบอื่น ของ ส่ วนของผูถ้ ือหุน้,False,balance,9825229.0
CPF,pdf_th_FINANCIAL_STATEMENTS_CPF.pdf,11,thousand,sep,1,25,ยอดคงเหลือ ณ วันที่ 1 มกราคม 2569,13,(หน่ วย: พันบาท) รวมส่ วนของ ผูถ้ ือหุน้,True,balance,153192000.0
CPF,pdf_th_FINANCIAL_STATEMENTS_CPF.pdf,11,thousand,sep,1,28,ซื้ อหุน้ คืน 7,0,ทุน ที่ออกและ ชาระแล้ว,False,movement,
CPF,pdf_th_FINANCIAL_STATEMENTS_CPF.pdf,11,thousand,sep,1,28,ซื้ อหุน้ คืน 7,1,ส่ วนเกิน มูลค่าหุน้ สามัญ,False,movement,
CPF,pdf_th_FINANCIAL_STATEMENTS_CPF.pdf,11,thousand,sep,1,28,ซื้ อหุน้ คืน 7,2,ส่ วนเกินทุน จากการรวม ธุรกิจภายใต้ การควบคุมเดียวกัน,False,movement,
CPF,pdf_th_FINANCIAL_STATEMENTS_CPF.pdf,11,thousand,sep,1,28,ซื้ อหุน้ คืน 7,3,ส่ วนเกินทุนอื่น,False,movement,
CPF,pdf_th_FINANCIAL_STATEMENTS_CPF.pdf,11,thousand,sep,1,28,ซื้ อหุน้ คืน 7,4,ทุนสารอง ตามกฎหมาย,False,movement,
CPF,pdf_th_FINANCIAL_STATEMENTS_CPF.pdf,11,thousand,sep,1,28,ซื้ อหุน้ คืน 7,5,กาไรสะสม สารอง หุน้ ทุน ซื้ อคืน,False,movement,320405.0
CPF,pdf_th_FINANCIAL_STATEMENTS_CPF.pdf,11,thousand,sep,1,28,ซื้ อหุน้ คืน 7,6,ยังไม่ได้ จัดสรร,False,movement,-320405.0
CPF,pdf_th_FINANCIAL_STATEMENTS_CPF.pdf,11,thousand,sep,1,28,ซื้ อหุน้ คืน 7,7,งบการเงินเฉพาะกิจการ หุน้ ทุน ซื้ อคืน,False,movement,-320405.0
CPF,pdf_th_FINANCIAL_STATEMENTS_CPF.pdf,11,thousand,sep,1,28,ซื้ อหุน้ คืน 7,8,หุน้ กูด้ อ้ ยสิ ทธิ ที่มีลกั ษณะ คล้ายทุน,False,movement,
CPF,pdf_th_FINANCIAL_STATEMENTS_CPF.pdf,11,thousand,sep,1,28,ซื้ อหุน้ คืน 7,9,สารองการ ป้ องกัน ความเสี่ ยง กระแสเงินสด,False,movement,
CPF,pdf_th_FINANCIAL_STATEMENTS_CPF.pdf,11,thousand,sep,1,28,ซื้ อหุน้ คืน 7,10,องค์ประกอบอื่นของส่ สารอง การเปลี่ยนแปลง ในมูลค่ายุติธรรม,False,movement,
CPF,pdf_th_FINANCIAL_STATEMENTS_CPF.pdf,11,thousand,sep,1,28,ซื้ อหุน้ คืน 7,11,วนของผูถ้ ือหุน้ สารอง การตีราคา สิ นทรัพย์ใหม่,False,movement,
CPF,pdf_th_FINANCIAL_STATEMENTS_CPF.pdf,11,thousand,sep,1,28,ซื้ อหุน้ คืน 7,12,รวม องค์ประกอบอื่น ของ ส่ วนของผูถ้ ือหุน้,False,movement,
CPF,pdf_th_FINANCIAL_STATEMENTS_CPF.pdf,11,thousand,sep,1,28,ซื้ อหุน้ คืน 7,13,(หน่ วย: พันบาท) รวมส่ วนของ ผูถ้ ือหุน้,True,movement,-320405.0
CPF,pdf_th_FINANCIAL_STATEMENTS_CPF.pdf,11,thousand,sep,1,29,รวมการจัดสรรส่ วนทุนให้ ผ้ถู อื หุ้น,0,ทุน ที่ออกและ ชาระแล้ว,False,movement,
CPF,pdf_th_FINANCIAL_STATEMENTS_CPF.pdf,11,thousand,sep,1,29,รวมการจัดสรรส่ วนทุนให้ ผ้ถู อื หุ้น,1,ส่ วนเกิน มูลค่าหุน้ สามัญ,False,movement,
CPF,pdf_th_FINANCIAL_STATEMENTS_CPF.pdf,11,thousand,sep,1,29,รวมการจัดสรรส่ วนทุนให้ ผ้ถู อื หุ้น,2,ส่ วนเกินทุน จากการรวม ธุรกิจภายใต้ การควบคุมเดียวกัน,False,movement,
CPF,pdf_th_FINANCIAL_STATEMENTS_CPF.pdf,11,thousand,sep,1,29,รวมการจัดสรรส่ วนทุนให้ ผ้ถู อื หุ้น,3,ส่ วนเกินทุนอื่น,False,movement,
CPF,pdf_th_FINANCIAL_STATEMENTS_CPF.pdf,11,thousand,sep,1,29,รวมการจัดสรรส่ วนทุนให้ ผ้ถู อื หุ้น,4,ทุนสารอง ตามกฎหมาย,False,movement,
CPF,pdf_th_FINANCIAL_STATEMENTS_CPF.pdf,11,thousand,sep,1,29,รวมการจัดสรรส่ วนทุนให้ ผ้ถู อื หุ้น,5,กาไรสะสม สารอง หุน้ ทุน ซื้ อคืน,False,movement,320405.0
CPF,pdf_th_FINANCIAL_STATEMENTS_CPF.pdf,11,thousand,sep,1,29,รวมการจัดสรรส่ วนทุนให้ ผ้ถู อื หุ้น,6,ยังไม่ได้ จัดสรร,False,movement,-320405.0
CPF,pdf_th_FINANCIAL_STATEMENTS_CPF.pdf,11,thousand,sep,1,29,รวมการจัดสรรส่ วนทุนให้ ผ้ถู อื หุ้น,7,งบการเงินเฉพาะกิจการ หุน้ ทุน ซื้ อคืน,False,movement,-320405.0
CPF,pdf_th_FINANCIAL_STATEMENTS_CPF.pdf,11,thousand,sep,1,29,รวมการจัดสรรส่ วนทุนให้ ผ้ถู อื หุ้น,8,หุน้ กูด้ อ้ ยสิ ทธิ ที่มีลกั ษณะ คล้ายทุน,False,movement,
CPF,pdf_th_FINANCIAL_STATEMENTS_CPF.pdf,11,thousand,sep,1,29,รวมการจัดสรรส่ วนทุนให้ ผ้ถู อื หุ้น,9,สารองการ ป้ องกัน ความเสี่ ยง กระแสเงินสด,False,movement,
CPF,pdf_th_FINANCIAL_STATEMENTS_CPF.pdf,11,thousand,sep,1,29,รวมการจัดสรรส่ วนทุนให้ ผ้ถู อื หุ้น,10,องค์ประกอบอื่นของส่ สารอง การเปลี่ยนแปลง ในมูลค่ายุติธรรม,False,movement,
CPF,pdf_th_FINANCIAL_STATEMENTS_CPF.pdf,11,thousand,sep,1,29,รวมการจัดสรรส่ วนทุนให้ ผ้ถู อื หุ้น,11,วนของผูถ้ ือหุน้ สารอง การตีราคา สิ นทรัพย์ใหม่,False,movement,
CPF,pdf_th_FINANCIAL_STATEMENTS_CPF.pdf,11,thousand,sep,1,29,รวมการจัดสรรส่ วนทุนให้ ผ้ถู อื หุ้น,12,รวม องค์ประกอบอื่น ของ ส่ วนของผูถ้ ือหุน้,False,movement,
CPF,pdf_th_FINANCIAL_STATEMENTS_CPF.pdf,11,thousand,sep,1,29,รวมการจัดสรรส่ วนทุนให้ ผ้ถู อื หุ้น,13,(หน่ วย: พันบาท) รวมส่ วนของ ผูถ้ ือหุน้,True,movement,-320405.0
CPF,pdf_th_FINANCIAL_STATEMENTS_CPF.pdf,11,thousand,sep,1,30,รวมรายการกับผู้ถือหุ้นที่บันทึกโดยตรงเข้าส่ วนของผู้ถือหุ้น,0,ทุน ที่ออกและ ชาระแล้ว,False,movement,
CPF,pdf_th_FINANCIAL_STATEMENTS_CPF.pdf,11,thousand,sep,1,30,รวมรายการกับผู้ถือหุ้นที่บันทึกโดยตรงเข้าส่ วนของผู้ถือหุ้น,1,ส่ วนเกิน มูลค่าหุน้ สามัญ,False,movement,
CPF,pdf_th_FINANCIAL_STATEMENTS_CPF.pdf,11,thousand,sep,1,30,รวมรายการกับผู้ถือหุ้นที่บันทึกโดยตรงเข้าส่ วนของผู้ถือหุ้น,2,ส่ วนเกินทุน จากการรวม ธุรกิจภายใต้ การควบคุมเดียวกัน,False,movement,
CPF,pdf_th_FINANCIAL_STATEMENTS_CPF.pdf,11,thousand,sep,1,30,รวมรายการกับผู้ถือหุ้นที่บันทึกโดยตรงเข้าส่ วนของผู้ถือหุ้น,3,ส่ วนเกินทุนอื่น,False,movement,
CPF,pdf_th_FINANCIAL_STATEMENTS_CPF.pdf,11,thousand,sep,1,30,รวมรายการกับผู้ถือหุ้นที่บันทึกโดยตรงเข้าส่ วนของผู้ถือหุ้น,4,ทุนสารอง ตามกฎหมาย,False,movement,
CPF,pdf_th_FINANCIAL_STATEMENTS_CPF.pdf,11,thousand,sep,1,30,รวมรายการกับผู้ถือหุ้นที่บันทึกโดยตรงเข้าส่ วนของผู้ถือหุ้น,5,กาไรสะสม สารอง หุน้ ทุน ซื้ อคืน,False,movement,320405.0
CPF,pdf_th_FINANCIAL_STATEMENTS_CPF.pdf,11,thousand,sep,1,30,รวมรายการกับผู้ถือหุ้นที่บันทึกโดยตรงเข้าส่ วนของผู้ถือหุ้น,6,ยังไม่ได้ จัดสรร,False,movement,-320405.0
CPF,pdf_th_FINANCIAL_STATEMENTS_CPF.pdf,11,thousand,sep,1,30,รวมรายการกับผู้ถือหุ้นที่บันทึกโดยตรงเข้าส่ วนของผู้ถือหุ้น,7,งบการเงินเฉพาะกิจการ หุน้ ทุน ซื้ อคืน,False,movement,-320405.0
CPF,pdf_th_FINANCIAL_STATEMENTS_CPF.pdf,11,thousand,sep,1,30,รวมรายการกับผู้ถือหุ้นที่บันทึกโดยตรงเข้าส่ วนของผู้ถือหุ้น,8,หุน้ กูด้ อ้ ยสิ ทธิ ที่มีลกั ษณะ คล้ายทุน,False,movement,
CPF,pdf_th_FINANCIAL_STATEMENTS_CPF.pdf,11,thousand,sep,1,30,รวมรายการกับผู้ถือหุ้นที่บันทึกโดยตรงเข้าส่ วนของผู้ถือหุ้น,9,สารองการ ป้ องกัน ความเสี่ ยง กระแสเงินสด,False,movement,
CPF,pdf_th_FINANCIAL_STATEMENTS_CPF.pdf,11,thousand,sep,1,30,รวมรายการกับผู้ถือหุ้นที่บันทึกโดยตรงเข้าส่ วนของผู้ถือหุ้น,10,องค์ประกอบอื่นของส่ สารอง การเปลี่ยนแปลง ในมูลค่ายุติธรรม,False,movement,
CPF,pdf_th_FINANCIAL_STATEMENTS_CPF.pdf,11,thousand,sep,1,30,รวมรายการกับผู้ถือหุ้นที่บันทึกโดยตรงเข้าส่ วนของผู้ถือหุ้น,11,วนของผูถ้ ือหุน้ สารอง การตีราคา สิ นทรัพย์ใหม่,False,movement,
CPF,pdf_th_FINANCIAL_STATEMENTS_CPF.pdf,11,thousand,sep,1,30,รวมรายการกับผู้ถือหุ้นที่บันทึกโดยตรงเข้าส่ วนของผู้ถือหุ้น,12,รวม องค์ประกอบอื่น ของ ส่ วนของผูถ้ ือหุน้,False,movement,
CPF,pdf_th_FINANCIAL_STATEMENTS_CPF.pdf,11,thousand,sep,1,30,รวมรายการกับผู้ถือหุ้นที่บันทึกโดยตรงเข้าส่ วนของผู้ถือหุ้น,13,(หน่ วย: พันบาท) รวมส่ วนของ ผูถ้ ือหุน้,True,movement,-320405.0
CPF,pdf_th_FINANCIAL_STATEMENTS_CPF.pdf,11,thousand,sep,1,32,กาไร,0,ทุน ที่ออกและ ชาระแล้ว,False,movement,
CPF,pdf_th_FINANCIAL_STATEMENTS_CPF.pdf,11,thousand,sep,1,32,กาไร,1,ส่ วนเกิน มูลค่าหุน้ สามัญ,False,movement,
CPF,pdf_th_FINANCIAL_STATEMENTS_CPF.pdf,11,thousand,sep,1,32,กาไร,2,ส่ วนเกินทุน จากการรวม ธุรกิจภายใต้ การควบคุมเดียวกัน,False,movement,
CPF,pdf_th_FINANCIAL_STATEMENTS_CPF.pdf,11,thousand,sep,1,32,กาไร,3,ส่ วนเกินทุนอื่น,False,movement,
CPF,pdf_th_FINANCIAL_STATEMENTS_CPF.pdf,11,thousand,sep,1,32,กาไร,4,ทุนสารอง ตามกฎหมาย,False,movement,
CPF,pdf_th_FINANCIAL_STATEMENTS_CPF.pdf,11,thousand,sep,1,32,กาไร,5,กาไรสะสม สารอง หุน้ ทุน ซื้ อคืน,False,movement,
CPF,pdf_th_FINANCIAL_STATEMENTS_CPF.pdf,11,thousand,sep,1,32,กาไร,6,ยังไม่ได้ จัดสรร,False,movement,312814.0
CPF,pdf_th_FINANCIAL_STATEMENTS_CPF.pdf,11,thousand,sep,1,32,กาไร,7,งบการเงินเฉพาะกิจการ หุน้ ทุน ซื้ อคืน,False,movement,
CPF,pdf_th_FINANCIAL_STATEMENTS_CPF.pdf,11,thousand,sep,1,32,กาไร,8,หุน้ กูด้ อ้ ยสิ ทธิ ที่มีลกั ษณะ คล้ายทุน,False,movement,
CPF,pdf_th_FINANCIAL_STATEMENTS_CPF.pdf,11,thousand,sep,1,32,กาไร,9,สารองการ ป้ องกัน ความเสี่ ยง กระแสเงินสด,False,movement,
CPF,pdf_th_FINANCIAL_STATEMENTS_CPF.pdf,11,thousand,sep,1,32,กาไร,10,องค์ประกอบอื่นของส่ สารอง การเปลี่ยนแปลง ในมูลค่ายุติธรรม,False,movement,
CPF,pdf_th_FINANCIAL_STATEMENTS_CPF.pdf,11,thousand,sep,1,32,กาไร,11,วนของผูถ้ ือหุน้ สารอง การตีราคา สิ นทรัพย์ใหม่,False,movement,
CPF,pdf_th_FINANCIAL_STATEMENTS_CPF.pdf,11,thousand,sep,1,32,กาไร,12,รวม องค์ประกอบอื่น ของ ส่ วนของผูถ้ ือหุน้,False,movement,
CPF,pdf_th_FINANCIAL_STATEMENTS_CPF.pdf,11,thousand,sep,1,32,กาไร,13,(หน่ วย: พันบาท) รวมส่ วนของ ผูถ้ ือหุน้,True,movement,312814.0
CPF,pdf_th_FINANCIAL_STATEMENTS_CPF.pdf,11,thousand,sep,1,34,- กาไรจากการวัดมูลค่าใหม่ของผลประโยชน์พนักงานที่กาหนดไว้,0,ทุน ที่ออกและ ชาระแล้ว,False,movement,
CPF,pdf_th_FINANCIAL_STATEMENTS_CPF.pdf,11,thousand,sep,1,34,- กาไรจากการวัดมูลค่าใหม่ของผลประโยชน์พนักงานที่กาหนดไว้,1,ส่ วนเกิน มูลค่าหุน้ สามัญ,False,movement,
CPF,pdf_th_FINANCIAL_STATEMENTS_CPF.pdf,11,thousand,sep,1,34,- กาไรจากการวัดมูลค่าใหม่ของผลประโยชน์พนักงานที่กาหนดไว้,2,ส่ วนเกินทุน จากการรวม ธุรกิจภายใต้ การควบคุมเดียวกัน,False,movement,
CPF,pdf_th_FINANCIAL_STATEMENTS_CPF.pdf,11,thousand,sep,1,34,- กาไรจากการวัดมูลค่าใหม่ของผลประโยชน์พนักงานที่กาหนดไว้,3,ส่ วนเกินทุนอื่น,False,movement,
CPF,pdf_th_FINANCIAL_STATEMENTS_CPF.pdf,11,thousand,sep,1,34,- กาไรจากการวัดมูลค่าใหม่ของผลประโยชน์พนักงานที่กาหนดไว้,4,ทุนสารอง ตามกฎหมาย,False,movement,
CPF,pdf_th_FINANCIAL_STATEMENTS_CPF.pdf,11,thousand,sep,1,34,- กาไรจากการวัดมูลค่าใหม่ของผลประโยชน์พนักงานที่กาหนดไว้,5,กาไรสะสม สารอง หุน้ ทุน ซื้ อคืน,False,movement,
CPF,pdf_th_FINANCIAL_STATEMENTS_CPF.pdf,11,thousand,sep,1,34,- กาไรจากการวัดมูลค่าใหม่ของผลประโยชน์พนักงานที่กาหนดไว้,6,ยังไม่ได้ จัดสรร,False,movement,95045.0
CPF,pdf_th_FINANCIAL_STATEMENTS_CPF.pdf,11,thousand,sep,1,34,- กาไรจากการวัดมูลค่าใหม่ของผลประโยชน์พนักงานที่กาหนดไว้,7,งบการเงินเฉพาะกิจการ หุน้ ทุน ซื้ อคืน,False,movement,
CPF,pdf_th_FINANCIAL_STATEMENTS_CPF.pdf,11,thousand,sep,1,34,- กาไรจากการวัดมูลค่าใหม่ของผลประโยชน์พนักงานที่กาหนดไว้,8,หุน้ กูด้ อ้ ยสิ ทธิ ที่มีลกั ษณะ คล้ายทุน,False,movement,
CPF,pdf_th_FINANCIAL_STATEMENTS_CPF.pdf,11,thousand,sep,1,34,- กาไรจากการวัดมูลค่าใหม่ของผลประโยชน์พนักงานที่กาหนดไว้,9,สารองการ ป้ องกัน ความเสี่ ยง กระแสเงินสด,False,movement,
CPF,pdf_th_FINANCIAL_STATEMENTS_CPF.pdf,11,thousand,sep,1,34,- กาไรจากการวัดมูลค่าใหม่ของผลประโยชน์พนักงานที่กาหนดไว้,10,องค์ประกอบอื่นของส่ สารอง การเปลี่ยนแปลง ในมูลค่ายุติธรรม,False,movement,
CPF,pdf_th_FINANCIAL_STATEMENTS_CPF.pdf,11,thousand,sep,1,34,- กาไรจากการวัดมูลค่าใหม่ของผลประโยชน์พนักงานที่กาหนดไว้,11,วนของผูถ้ ือหุน้ สารอง การตีราคา สิ นทรัพย์ใหม่,False,movement,
CPF,pdf_th_FINANCIAL_STATEMENTS_CPF.pdf,11,thousand,sep,1,34,- กาไรจากการวัดมูลค่าใหม่ของผลประโยชน์พนักงานที่กาหนดไว้,12,รวม องค์ประกอบอื่น ของ ส่ วนของผูถ้ ือหุน้,False,movement,
CPF,pdf_th_FINANCIAL_STATEMENTS_CPF.pdf,11,thousand,sep,1,34,- กาไรจากการวัดมูลค่าใหม่ของผลประโยชน์พนักงานที่กาหนดไว้,13,(หน่ วย: พันบาท) รวมส่ วนของ ผูถ้ ือหุน้,True,movement,95045.0
CPF,pdf_th_FINANCIAL_STATEMENTS_CPF.pdf,11,thousand,sep,1,35,- อื่นๆ,0,ทุน ที่ออกและ ชาระแล้ว,False,movement,
CPF,pdf_th_FINANCIAL_STATEMENTS_CPF.pdf,11,thousand,sep,1,35,- อื่นๆ,1,ส่ วนเกิน มูลค่าหุน้ สามัญ,False,movement,
CPF,pdf_th_FINANCIAL_STATEMENTS_CPF.pdf,11,thousand,sep,1,35,- อื่นๆ,2,ส่ วนเกินทุน จากการรวม ธุรกิจภายใต้ การควบคุมเดียวกัน,False,movement,
CPF,pdf_th_FINANCIAL_STATEMENTS_CPF.pdf,11,thousand,sep,1,35,- อื่นๆ,3,ส่ วนเกินทุนอื่น,False,movement,
CPF,pdf_th_FINANCIAL_STATEMENTS_CPF.pdf,11,thousand,sep,1,35,- อื่นๆ,4,ทุนสารอง ตามกฎหมาย,False,movement,
CPF,pdf_th_FINANCIAL_STATEMENTS_CPF.pdf,11,thousand,sep,1,35,- อื่นๆ,5,กาไรสะสม สารอง หุน้ ทุน ซื้ อคืน,False,movement,
CPF,pdf_th_FINANCIAL_STATEMENTS_CPF.pdf,11,thousand,sep,1,35,- อื่นๆ,6,ยังไม่ได้ จัดสรร,False,movement,
CPF,pdf_th_FINANCIAL_STATEMENTS_CPF.pdf,11,thousand,sep,1,35,- อื่นๆ,7,งบการเงินเฉพาะกิจการ หุน้ ทุน ซื้ อคืน,False,movement,
CPF,pdf_th_FINANCIAL_STATEMENTS_CPF.pdf,11,thousand,sep,1,35,- อื่นๆ,8,หุน้ กูด้ อ้ ยสิ ทธิ ที่มีลกั ษณะ คล้ายทุน,False,movement,
CPF,pdf_th_FINANCIAL_STATEMENTS_CPF.pdf,11,thousand,sep,1,35,- อื่นๆ,9,สารองการ ป้ องกัน ความเสี่ ยง กระแสเงินสด,False,movement,62403.0
CPF,pdf_th_FINANCIAL_STATEMENTS_CPF.pdf,11,thousand,sep,1,35,- อื่นๆ,10,องค์ประกอบอื่นของส่ สารอง การเปลี่ยนแปลง ในมูลค่ายุติธรรม,False,movement,-103744.0
CPF,pdf_th_FINANCIAL_STATEMENTS_CPF.pdf,11,thousand,sep,1,35,- อื่นๆ,11,วนของผูถ้ ือหุน้ สารอง การตีราคา สิ นทรัพย์ใหม่,False,movement,
CPF,pdf_th_FINANCIAL_STATEMENTS_CPF.pdf,11,thousand,sep,1,35,- อื่นๆ,12,รวม องค์ประกอบอื่น ของ ส่ วนของผูถ้ ือหุน้,False,movement,-41341.0
CPF,pdf_th_FINANCIAL_STATEMENTS_CPF.pdf,11,thousand,sep,1,35,- อื่นๆ,13,(หน่ วย: พันบาท) รวมส่ วนของ ผูถ้ ือหุน้,True,movement,-41341.0
CPF,pdf_th_FINANCIAL_STATEMENTS_CPF.pdf,11,thousand,sep,1,36,รวมกาไร (ขาดทุน) เบ็ดเสร็จสาหรับงวด,0,ทุน ที่ออกและ ชาระแล้ว,False,movement,
CPF,pdf_th_FINANCIAL_STATEMENTS_CPF.pdf,11,thousand,sep,1,36,รวมกาไร (ขาดทุน) เบ็ดเสร็จสาหรับงวด,1,ส่ วนเกิน มูลค่าหุน้ สามัญ,False,movement,
CPF,pdf_th_FINANCIAL_STATEMENTS_CPF.pdf,11,thousand,sep,1,36,รวมกาไร (ขาดทุน) เบ็ดเสร็จสาหรับงวด,2,ส่ วนเกินทุน จากการรวม ธุรกิจภายใต้ การควบคุมเดียวกัน,False,movement,
CPF,pdf_th_FINANCIAL_STATEMENTS_CPF.pdf,11,thousand,sep,1,36,รวมกาไร (ขาดทุน) เบ็ดเสร็จสาหรับงวด,3,ส่ วนเกินทุนอื่น,False,movement,
CPF,pdf_th_FINANCIAL_STATEMENTS_CPF.pdf,11,thousand,sep,1,36,รวมกาไร (ขาดทุน) เบ็ดเสร็จสาหรับงวด,4,ทุนสารอง ตามกฎหมาย,False,movement,
CPF,pdf_th_FINANCIAL_STATEMENTS_CPF.pdf,11,thousand,sep,1,36,รวมกาไร (ขาดทุน) เบ็ดเสร็จสาหรับงวด,5,กาไรสะสม สารอง หุน้ ทุน ซื้ อคืน,False,movement,
CPF,pdf_th_FINANCIAL_STATEMENTS_CPF.pdf,11,thousand,sep,1,36,รวมกาไร (ขาดทุน) เบ็ดเสร็จสาหรับงวด,6,ยังไม่ได้ จัดสรร,False,movement,407859.0
CPF,pdf_th_FINANCIAL_STATEMENTS_CPF.pdf,11,thousand,sep,1,36,รวมกาไร (ขาดทุน) เบ็ดเสร็จสาหรับงวด,7,งบการเงินเฉพาะกิจการ หุน้ ทุน ซื้ อคืน,False,movement,
CPF,pdf_th_FINANCIAL_STATEMENTS_CPF.pdf,11,thousand,sep,1,36,รวมกาไร (ขาดทุน) เบ็ดเสร็จสาหรับงวด,8,หุน้ กูด้ อ้ ยสิ ทธิ ที่มีลกั ษณะ คล้ายทุน,False,movement,
CPF,pdf_th_FINANCIAL_STATEMENTS_CPF.pdf,11,thousand,sep,1,36,รวมกาไร (ขาดทุน) เบ็ดเสร็จสาหรับงวด,9,สารองการ ป้ องกัน ความเสี่ ยง กระแสเงินสด,False,movement,62403.0
CPF,pdf_th_FINANCIAL_STATEMENTS_CPF.pdf,11,thousand,sep,1,36,รวมกาไร (ขาดทุน) เบ็ดเสร็จสาหรับงวด,10,องค์ประกอบอื่นของส่ สารอง การเปลี่ยนแปลง ในมูลค่ายุติธรรม,False,movement,-103744.0
CPF,pdf_th_FINANCIAL_STATEMENTS_CPF.pdf,11,thousand,sep,1,36,รวมกาไร (ขาดทุน) เบ็ดเสร็จสาหรับงวด,11,วนของผูถ้ ือหุน้ สารอง การตีราคา สิ นทรัพย์ใหม่,False,movement,
CPF,pdf_th_FINANCIAL_STATEMENTS_CPF.pdf,11,thousand,sep,1,36,รวมกาไร (ขาดทุน) เบ็ดเสร็จสาหรับงวด,12,รวม องค์ประกอบอื่น ของ ส่ วนของผูถ้ ือหุน้,False,movement,-41341.0
CPF,pdf_th_FINANCIAL_STATEMENTS_CPF.pdf,11,thousand,sep,1,36,รวมกาไร (ขาดทุน) เบ็ดเสร็จสาหรับงวด,13,(หน่ วย: พันบาท) รวมส่ วนของ ผูถ้ ือหุน้,True,movement,366518.0
CPF,pdf_th_FINANCIAL_STATEMENTS_CPF.pdf,11,thousand,sep,1,38,- สุทธิ จากภาษีเงินได้,0,ทุน ที่ออกและ ชาระแล้ว,False,movement,
CPF,pdf_th_FINANCIAL_STATEMENTS_CPF.pdf,11,thousand,sep,1,38,- สุทธิ จากภาษีเงินได้,1,ส่ วนเกิน มูลค่าหุน้ สามัญ,False,movement,
CPF,pdf_th_FINANCIAL_STATEMENTS_CPF.pdf,11,thousand,sep,1,38,- สุทธิ จากภาษีเงินได้,2,ส่ วนเกินทุน จากการรวม ธุรกิจภายใต้ การควบคุมเดียวกัน,False,movement,
CPF,pdf_th_FINANCIAL_STATEMENTS_CPF.pdf,11,thousand,sep,1,38,- สุทธิ จากภาษีเงินได้,3,ส่ วนเกินทุนอื่น,False,movement,
CPF,pdf_th_FINANCIAL_STATEMENTS_CPF.pdf,11,thousand,sep,1,38,- สุทธิ จากภาษีเงินได้,4,ทุนสารอง ตามกฎหมาย,False,movement,
CPF,pdf_th_FINANCIAL_STATEMENTS_CPF.pdf,11,thousand,sep,1,38,- สุทธิ จากภาษีเงินได้,5,กาไรสะสม สารอง หุน้ ทุน ซื้ อคืน,False,movement,
CPF,pdf_th_FINANCIAL_STATEMENTS_CPF.pdf,11,thousand,sep,1,38,- สุทธิ จากภาษีเงินได้,6,ยังไม่ได้ จัดสรร,False,movement,-270881.0
CPF,pdf_th_FINANCIAL_STATEMENTS_CPF.pdf,11,thousand,sep,1,38,- สุทธิ จากภาษีเงินได้,7,งบการเงินเฉพาะกิจการ หุน้ ทุน ซื้ อคืน,False,movement,
CPF,pdf_th_FINANCIAL_STATEMENTS_CPF.pdf,11,thousand,sep,1,38,- สุทธิ จากภาษีเงินได้,8,หุน้ กูด้ อ้ ยสิ ทธิ ที่มีลกั ษณะ คล้ายทุน,False,movement,
CPF,pdf_th_FINANCIAL_STATEMENTS_CPF.pdf,11,thousand,sep,1,38,- สุทธิ จากภาษีเงินได้,9,สารองการ ป้ องกัน ความเสี่ ยง กระแสเงินสด,False,movement,
CPF,pdf_th_FINANCIAL_STATEMENTS_CPF.pdf,11,thousand,sep,1,38,- สุทธิ จากภาษีเงินได้,10,องค์ประกอบอื่นของส่ สารอง การเปลี่ยนแปลง ในมูลค่ายุติธรรม,False,movement,
CPF,pdf_th_FINANCIAL_STATEMENTS_CPF.pdf,11,thousand,sep,1,38,- สุทธิ จากภาษีเงินได้,11,วนของผูถ้ ือหุน้ สารอง การตีราคา สิ นทรัพย์ใหม่,False,movement,
CPF,pdf_th_FINANCIAL_STATEMENTS_CPF.pdf,11,thousand,sep,1,38,- สุทธิ จากภาษีเงินได้,12,รวม องค์ประกอบอื่น ของ ส่ วนของผูถ้ ือหุน้,False,movement,
CPF,pdf_th_FINANCIAL_STATEMENTS_CPF.pdf,11,thousand,sep,1,38,- สุทธิ จากภาษีเงินได้,13,(หน่ วย: พันบาท) รวมส่ วนของ ผูถ้ ือหุน้,True,movement,-270881.0
CPF,pdf_th_FINANCIAL_STATEMENTS_CPF.pdf,11,thousand,sep,1,39,โอนไปกาไรสะสม,0,ทุน ที่ออกและ ชาระแล้ว,False,movement,
CPF,pdf_th_FINANCIAL_STATEMENTS_CPF.pdf,11,thousand,sep,1,39,โอนไปกาไรสะสม,1,ส่ วนเกิน มูลค่าหุน้ สามัญ,False,movement,
CPF,pdf_th_FINANCIAL_STATEMENTS_CPF.pdf,11,thousand,sep,1,39,โอนไปกาไรสะสม,2,ส่ วนเกินทุน จากการรวม ธุรกิจภายใต้ การควบคุมเดียวกัน,False,movement,
CPF,pdf_th_FINANCIAL_STATEMENTS_CPF.pdf,11,thousand,sep,1,39,โอนไปกาไรสะสม,3,ส่ วนเกินทุนอื่น,False,movement,
CPF,pdf_th_FINANCIAL_STATEMENTS_CPF.pdf,11,thousand,sep,1,39,โอนไปกาไรสะสม,4,ทุนสารอง ตามกฎหมาย,False,movement,
CPF,pdf_th_FINANCIAL_STATEMENTS_CPF.pdf,11,thousand,sep,1,39,โอนไปกาไรสะสม,5,กาไรสะสม สารอง หุน้ ทุน ซื้ อคืน,False,movement,
CPF,pdf_th_FINANCIAL_STATEMENTS_CPF.pdf,11,thousand,sep,1,39,โอนไปกาไรสะสม,6,ยังไม่ได้ จัดสรร,False,movement,16516.0
CPF,pdf_th_FINANCIAL_STATEMENTS_CPF.pdf,11,thousand,sep,1,39,โอนไปกาไรสะสม,7,งบการเงินเฉพาะกิจการ หุน้ ทุน ซื้ อคืน,False,movement,
CPF,pdf_th_FINANCIAL_STATEMENTS_CPF.pdf,11,thousand,sep,1,39,โอนไปกาไรสะสม,8,หุน้ กูด้ อ้ ยสิ ทธิ ที่มีลกั ษณะ คล้ายทุน,False,movement,
CPF,pdf_th_FINANCIAL_STATEMENTS_CPF.pdf,11,thousand,sep,1,39,โอนไปกาไรสะสม,9,สารองการ ป้ องกัน ความเสี่ ยง กระแสเงินสด,False,movement,
CPF,pdf_th_FINANCIAL_STATEMENTS_CPF.pdf,11,thousand,sep,1,39,โอนไปกาไรสะสม,10,องค์ประกอบอื่นของส่ สารอง การเปลี่ยนแปลง ในมูลค่ายุติธรรม,False,movement,
CPF,pdf_th_FINANCIAL_STATEMENTS_CPF.pdf,11,thousand,sep,1,39,โอนไปกาไรสะสม,11,วนของผูถ้ ือหุน้ สารอง การตีราคา สิ นทรัพย์ใหม่,False,movement,-16516.0
CPF,pdf_th_FINANCIAL_STATEMENTS_CPF.pdf,11,thousand,sep,1,39,โอนไปกาไรสะสม,12,รวม องค์ประกอบอื่น ของ ส่ วนของผูถ้ ือหุน้,False,movement,-16516.0
CPF,pdf_th_FINANCIAL_STATEMENTS_CPF.pdf,11,thousand,sep,1,39,โอนไปกาไรสะสม,13,(หน่ วย: พันบาท) รวมส่ วนของ ผูถ้ ือหุน้,True,movement,
CPF,pdf_th_FINANCIAL_STATEMENTS_CPF.pdf,11,thousand,sep,1,40,ยอดคงเหลือ ณ วันที่ 31 มีนาคม 2569,0,ทุน ที่ออกและ ชาระแล้ว,False,balance,8406963.0
CPF,pdf_th_FINANCIAL_STATEMENTS_CPF.pdf,11,thousand,sep,1,40,ยอดคงเหลือ ณ วันที่ 31 มีนาคม 2569,1,ส่ วนเกิน มูลค่าหุน้ สามัญ,False,balance,55070725.0
CPF,pdf_th_FINANCIAL_STATEMENTS_CPF.pdf,11,thousand,sep,1,40,ยอดคงเหลือ ณ วันที่ 31 มีนาคม 2569,2,ส่ วนเกินทุน จากการรวม ธุรกิจภายใต้ การควบคุมเดียวกัน,False,balance,490423.0
CPF,pdf_th_FINANCIAL_STATEMENTS_CPF.pdf,11,thousand,sep,1,40,ยอดคงเหลือ ณ วันที่ 31 มีนาคม 2569,3,ส่ วนเกินทุนอื่น,False,balance,3470021.0
CPF,pdf_th_FINANCIAL_STATEMENTS_CPF.pdf,11,thousand,sep,1,40,ยอดคงเหลือ ณ วันที่ 31 มีนาคม 2569,4,ทุนสารอง ตามกฎหมาย,False,balance,929166.0
CPF,pdf_th_FINANCIAL_STATEMENTS_CPF.pdf,11,thousand,sep,1,40,ยอดคงเหลือ ณ วันที่ 31 มีนาคม 2569,5,กาไรสะสม สารอง หุน้ ทุน ซื้ อคืน,False,balance,5256158.0
CPF,pdf_th_FINANCIAL_STATEMENTS_CPF.pdf,11,thousand,sep,1,40,ยอดคงเหลือ ณ วันที่ 31 มีนาคม 2569,6,ยังไม่ได้ จัดสรร,False,balance,47900562.0
CPF,pdf_th_FINANCIAL_STATEMENTS_CPF.pdf,11,thousand,sep,1,40,ยอดคงเหลือ ณ วันที่ 31 มีนาคม 2569,7,งบการเงินเฉพาะกิจการ หุน้ ทุน ซื้ อคืน,False,balance,-5256158.0
CPF,pdf_th_FINANCIAL_STATEMENTS_CPF.pdf,11,thousand,sep,1,40,ยอดคงเหลือ ณ วันที่ 31 มีนาคม 2569,8,หุน้ กูด้ อ้ ยสิ ทธิ ที่มีลกั ษณะ คล้ายทุน,False,balance,26932000.0
CPF,pdf_th_FINANCIAL_STATEMENTS_CPF.pdf,11,thousand,sep,1,40,ยอดคงเหลือ ณ วันที่ 31 มีนาคม 2569,9,สารองการ ป้ องกัน ความเสี่ ยง กระแสเงินสด,False,balance,5689.0
CPF,pdf_th_FINANCIAL_STATEMENTS_CPF.pdf,11,thousand,sep,1,40,ยอดคงเหลือ ณ วันที่ 31 มีนาคม 2569,10,องค์ประกอบอื่นของส่ สารอง การเปลี่ยนแปลง ในมูลค่ายุติธรรม,False,balance,179223.0
CPF,pdf_th_FINANCIAL_STATEMENTS_CPF.pdf,11,thousand,sep,1,40,ยอดคงเหลือ ณ วันที่ 31 มีนาคม 2569,11,วนของผูถ้ ือหุน้ สารอง การตีราคา สิ นทรัพย์ใหม่,False,balance,9582460.0
CPF,pdf_th_FINANCIAL_STATEMENTS_CPF.pdf,11,thousand,sep,1,40,ยอดคงเหลือ ณ วันที่ 31 มีนาคม 2569,12,รวม องค์ประกอบอื่น ของ ส่ วนของผูถ้ ือหุน้,False,balance,9767372.0
CPF,pdf_th_FINANCIAL_STATEMENTS_CPF.pdf,11,thousand,sep,1,40,ยอดคงเหลือ ณ วันที่ 31 มีนาคม 2569,13,(หน่ วย: พันบาท) รวมส่ วนของ ผูถ้ ือหุน้,True,balance,152967232.0
